
CH32V00X_APP.elf:     file format elf32-littleriscv
CH32V00X_APP.elf
architecture: riscv:rv32, flags 0x00000112:
EXEC_P, HAS_SYMS, D_PAGED
start address 0x00000000

Program Header:
0x70000003 off    0x000467b0 vaddr 0x00000000 paddr 0x00000000 align 2**0
         filesz 0x00000030 memsz 0x00000000 flags r--
    LOAD off    0x00001000 vaddr 0x00000000 paddr 0x00000000 align 2**12
         filesz 0x00006fbc memsz 0x00006fbc flags r-x
    LOAD off    0x00008000 vaddr 0x20000000 paddr 0x00006fbc align 2**12
         filesz 0x00000090 memsz 0x00000440 flags rw-
    LOAD off    0x00000800 vaddr 0x20001800 paddr 0x20001800 align 2**12
         filesz 0x00000000 memsz 0x00000800 flags rw-

Sections:
Idx Name          Size      VMA       LMA       File off  Algn
  0 .init         000000a8  00000000  00000000  00001000  2**2
                  CONTENTS, ALLOC, LOAD, READONLY, CODE
  1 .text         00006f14  000000a8  000000a8  000010a8  2**2
                  CONTENTS, ALLOC, LOAD, READONLY, CODE
  2 .fini         00000000  00006fbc  00006fbc  00008090  2**0
                  CONTENTS, ALLOC, LOAD, CODE
  3 .dalign       00000000  20000000  20000000  00008090  2**0
                  CONTENTS
  4 .dlalign      00000000  00006fbc  00006fbc  00008090  2**0
                  CONTENTS
  5 .data         00000090  20000000  00006fbc  00008000  2**2
                  CONTENTS, ALLOC, LOAD, DATA
  6 .bss          000003b0  20000090  0000704c  00008090  2**2
                  ALLOC
  7 .stack        00000800  20001800  20001800  00008800  2**0
                  ALLOC
  8 .debug_info   00016153  00000000  00000000  00008090  2**0
                  CONTENTS, READONLY, DEBUGGING, OCTETS
  9 .debug_abbrev 000055fb  00000000  00000000  0001e1e3  2**0
                  CONTENTS, READONLY, DEBUGGING, OCTETS
 10 .debug_aranges 00001400  00000000  00000000  000237e0  2**3
                  CONTENTS, READONLY, DEBUGGING, OCTETS
 11 .debug_rnglists 00001b1e  00000000  00000000  00024be0  2**0
                  CONTENTS, READONLY, DEBUGGING, OCTETS
 12 .debug_line   00019e8e  00000000  00000000  000266fe  2**0
                  CONTENTS, READONLY, DEBUGGING, OCTETS
 13 .debug_str    000056f8  00000000  00000000  0004058c  2**0
                  CONTENTS, READONLY, DEBUGGING, OCTETS
 14 .debug_line_str 00000afb  00000000  00000000  00045c84  2**0
                  CONTENTS, READONLY, DEBUGGING, OCTETS
 15 .comment      00000031  00000000  00000000  0004677f  2**0
                  CONTENTS, READONLY
 16 .riscv.attributes 00000030  00000000  00000000  000467b0  2**0
                  CONTENTS, READONLY
 17 .debug_frame  00002bf4  00000000  00000000  000467e0  2**2
                  CONTENTS, READONLY, DEBUGGING, OCTETS
 18 .debug_loclists 00008d7c  00000000  00000000  000493d4  2**0
                  CONTENTS, READONLY, DEBUGGING, OCTETS
SYMBOL TABLE:
00000000 l    d  .init	00000000 .init
000000a8 l    d  .text	00000000 .text
00006fbc l    d  .fini	00000000 .fini
20000000 l    d  .dalign	00000000 .dalign
00006fbc l    d  .dlalign	00000000 .dlalign
20000000 l    d  .data	00000000 .data
20000090 l    d  .bss	00000000 .bss
20001800 l    d  .stack	00000000 .stack
00000000 l    d  .debug_info	00000000 .debug_info
00000000 l    d  .debug_abbrev	00000000 .debug_abbrev
00000000 l    d  .debug_aranges	00000000 .debug_aranges
00000000 l    d  .debug_rnglists	00000000 .debug_rnglists
00000000 l    d  .debug_line	00000000 .debug_line
00000000 l    d  .debug_str	00000000 .debug_str
00000000 l    d  .debug_line_str	00000000 .debug_line_str
00000000 l    d  .comment	00000000 .comment
00000000 l    d  .riscv.attributes	00000000 .riscv.attributes
00000000 l    d  .debug_frame	00000000 .debug_frame
00000000 l    d  .debug_loclists	00000000 .debug_loclists
00000000 l    df *ABS*	00000000 startup_ch32v00X.o
00000000 l    df *ABS*	00000000 save-restore.o
00000000 l    df *ABS*	00000000 div.o
00000000 l    df *ABS*	00000000 lib_a-memcpy-asm.o
00000000 l    df *ABS*	00000000 lib_a-memset.o
00000000 l    df *ABS*	00000000 ch32v00X_it.c
20000090 l     O .bss	00000001 tick_cnt.0
00000000 l    df *ABS*	00000000 main.c
00000000 l    df *ABS*	00000000 flash.c
0000023c l     F .text	00000046 Flash_Crc16
00000282 l     F .text	00000052 Flash_RecordValid
00000000 l    df *ABS*	00000000 iap.c
20000095 l     O .bss	00000001 rx_state
20000092 l     O .bss	00000002 rx_cksum
20000094 l     O .bss	00000001 rx_idx
00000000 l    df *ABS*	00000000 system_ch32v00X.c
00000000 l    df *ABS*	00000000 ch32v00X_adc.c
00000000 l    df *ABS*	00000000 ch32v00X_dma.c
00000000 l    df *ABS*	00000000 ch32v00X_flash.c
00000aee l     F .text	000000ae ROM_ERASE
00000000 l    df *ABS*	00000000 ch32v00X_gpio.c
00000000 l    df *ABS*	00000000 ch32v00X_i2c.c
00000000 l    df *ABS*	00000000 ch32v00X_iwdg.c
00000000 l    df *ABS*	00000000 ch32v00X_misc.c
00000000 l    df *ABS*	00000000 ch32v00X_opa.c
00000000 l    df *ABS*	00000000 ch32v00X_rcc.c
20000028 l     O .data	00000010 PBHBPrescTable
20000014 l     O .data	00000014 ADCPrescTable
00000000 l    df *ABS*	00000000 ch32v00X_spi.c
00000000 l    df *ABS*	00000000 ch32v00X_tim.c
000017ec l     F .text	00000056 TI1_Config
00001842 l     F .text	00000066 TI2_Config
00000000 l    df *ABS*	00000000 ch32v00X_usart.c
00000000 l    df *ABS*	00000000 debug.c
200000e2 l     O .bss	00000001 p_us
200000e0 l     O .bss	00000002 p_ms
00000000 l    df *ABS*	00000000 core_riscv.c
00000000 l    df *ABS*	00000000 D_adc.c
200000e5 l     O .bss	00000001 s_current_valid
200000e8 l     O .bss	00000002 s_current_filtered
200000f0 l     O .bss	00000028 s_adc_dma_buffer
200000ec l     O .bss	00000004 s_current_half_sum
200000e3 l     O .bss	00000001 s_current_window_off
200000e4 l     O .bss	00000001 s_discard_dma_block
200000e6 l     O .bss	00000002 s_current_offset
00000000 l    df *ABS*	00000000 D_i2c.c
00002578 l     F .text	0000001c I2C_BusDelay
00002594 l     F .text	0000002a I2C_ConfigPins
000025be l     F .text	0000002a I2C_WaitStar1.constprop.0
000025e8 l     F .text	0000004c I2C_ApplyConfig.constprop.0
00002634 l     F .text	0000007e I2C_SoftReset.constprop.0
20000118 l     O .bss	00000001 s_i2c_initialized
00000000 l    df *ABS*	00000000 D_iwdg.c
00000000 l    df *ABS*	00000000 D_motor.c
20000038 l     O .data	00000002 s_motor_pwm
2000011a l     O .bss	00000001 s_motor_direction
20000119 l     O .bss	00000001 s_adc_window
00000000 l    df *ABS*	00000000 D_mt6701.c
00000000 l    df *ABS*	00000000 D_opa.c
00000000 l    df *ABS*	00000000 D_spi.c
00002d80 l     F .text	0000001c SPI1_Recover
00000000 l    df *ABS*	00000000 D_tim.c
00002e74 l     F .text	0000001e PWM_ResetCaptureState
2000012d l     O .bss	00000001 s_ic_wait_falling
2000012c l     O .bss	00000001 s_ic_have_rise
20000128 l     O .bss	00000004 s_ic_rise_time
20000124 l     O .bss	00000001 s_ic_period_valid
2000011c l     O .bss	00000002 s_pulse_us
20000120 l     O .bss	00000004 s_ic_overflow
00000000 l    df *ABS*	00000000 D_tmp112.c
00000000 l    df *ABS*	00000000 D_uart.c
000033c0 l     F .text	00000044 Uart_ApplyParams
00003404 l     F .text	00000038 Uart_TxDone
20000135 l     O .bss	00000001 s_tx_busy
200001bc l     O .bss	00000082 s_rx_rb
20000138 l     O .bss	00000082 s_tx_rb
20000130 l     O .bss	00000004 s_pending_baud
20000134 l     O .bss	00000001 s_enabled
00000000 l    df *ABS*	00000000 D_ws2812.c
00003720 l     F .text	0000002a WS2812_Encode
20000240 l     O .bss	00000018 s_frame
00000000 l    df *ABS*	00000000 C_Pos_Ctrl.c
20000258 l     O .bss	00000014 s_ctl
00000000 l    df *ABS*	00000000 C_Ring_Buf.c
00000000 l    df *ABS*	00000000 C_Speed_Observer.c
2000026c l     O .bss	0000002c s_obs
00000000 l    df *ABS*	00000000 C_Task_Scheduler.c
2000029c l     O .bss	00000004 s_tasks
20000298 l     O .bss	00000001 s_task_count
00000000 l    df *ABS*	00000000 C_Traj_Planner.c
000040c6 l     F .text	0000002c Traj_Sqrt_Ceil
000040f2 l     F .text	00000068 Traj_Div_U64
0000415a l     F .text	00000076 Traj_Acc_Coef
000041d0 l     F .text	0000003e Traj_Emit
200002a0 l     O .bss	00000098 s_tj
0000420e l     F .text	0000016c Traj_SCurve
0000437a l     F .text	0000006e Traj_TblLerp
00006d80 l     O .text	00000030 TRAJ_F_Q15
00006d50 l     O .text	00000030 TRAJ_H_Q12
00006d20 l     O .text	00000030 TRAJ_G_Q15
00000000 l    df *ABS*	00000000 A_Config.c
2000033c l     O .bss	00000001 s_dirty
20000338 l     O .bss	00000004 s_save_event
20000340 l     O .bss	00000004 s_sequence
00006db0 l     O .text	00000020 baud.0
00000000 l    df *ABS*	00000000 A_Protect.c
00005044 l     F .text	00000066 Protect_ApplyTorqueSetting
20000354 l     O .bss	0000000e s_prot
00000000 l    df *ABS*	00000000 A_Sensor.c
00000000 l    df *ABS*	00000000 A_Servo.c
0000532e l     F .text	00000014 Servo_IsPosition
20000364 l     O .bss	00000084 s_servo
00005342 l     F .text	00000036 Servo_WrapAngle
00005378 l     F .text	00000016 Servo_Offset
0000538e l     F .text	00000040 Servo_PositionToPwm
000053ce l     F .text	0000005a Servo_ReadPosition
00005428 l     F .text	00000016 Servo_SetTrajRange
0000543e l     F .text	0000003a Servo_ResyncLoops
00005478 l     F .text	00000050 Servo_SetModeFields
00006dd0 l     O .text	00000006 span.0
000054c8 l     F .text	0000002c Servo_ApplyTorqueOutput
000059b4 l     F .text	00000046 Servo_ApplyBootAction
00000000 l    df *ABS*	00000000 A_Tasks.c
00005f92 l     F .text	0000004e Task_State
200003e9 l     O .bss	00000001 led_div.1
200003e8 l     O .bss	00000001 led_on.0
00005fe0 l     F .text	00000004 Task_Protect
00005fe4 l     F .text	00000002 Task_Uart
00005fe6 l     F .text	00000004 Task_ServoControl
2000003c l     O .data	00000050 s_tasks
00000000 l    df *ABS*	00000000 A_UartCmd.c
0000600c l     F .text	00000058 Reply_Begin
200003ec l     O .bss	00000031 s_reply
00006064 l     F .text	0000001e Reply_Char
00006082 l     F .text	00000028 Reply_Text
000060aa l     F .text	00000098 Reply_UInt
00006142 l     F .text	00000032 Uart_BodyIs
00006174 l     F .text	00000020 Reply_Send
00006194 l     F .text	00000028 Reply_Value
000061bc l     F .text	0000001a Reply_OK
000061d6 l     F .text	00000040 Uart_ParseDigits.part.0
2000041d l     O .bss	00000001 s_framing
2000041e l     O .bss	00000001 s_frame_idx
20000420 l     O .bss	00000020 s_frame
00000000 l    df *ABS*	00000000 _divdi3.o
00000000 l    df *ABS*	00000000 lib_a-memcmp.o
00000000 l    df *ABS*	00000000 lib_a-strlen.o
0000070e  w      .text	00000000 OPCM_IRQHandler
00002278 g     F .text	0000002a D_ADC_Current_Filter_Reset
000055da g     F .text	0000005c A_Servo_ApplyConfig
00002fe0 g     F .text	00000146 D_TIM1_PWM_IC_Init
000052c4 g     F .text	00000024 A_Voltage_Read
00001dae g     F .text	00000028 TIM_SetCompare2
00000aa6 g     F .text	00000014 DMA_Cmd
000067f6 g     F .text	000004cc .hidden __divdi3
000050aa g     F .text	00000022 A_Protect_SetTorque
00001cfa g     F .text	00000020 TIM_CCxCmd
20000890 g       .data	00000000 __global_pointer$
00001e44 g     F .text	0000001a TIM_SetIC4Prescaler
00000ae4 g     F .text	00000002 DMA_GetITStatus
00000188 g     F .text	00000008 TIM1_CC_IRQHandler
00001408 g     F .text	00000008 I2C_ReceiveData
00005fea g     F .text	00000022 A_Tasks_Init
000017de g     F .text	00000004 SPI_I2S_SendData
00000170 g     F .text	00000010 HardFault_Handler
00003fba g     F .text	0000002e C_Task_Init
00000822 g     F .text	00000012 ADC_DMACmd
00002cc6 g     F .text	00000034 D_MT6701_Read_Raw
000024aa g     F .text	00000058 D_ADC_Current_Read
00001c1a g     F .text	0000003e TIM_OC1PreloadConfig
00005636 g     F .text	00000050 A_Servo_Pause
0000070e  w      .text	00000000 SysTick_Handler
000014de g     F .text	00000062 NVIC_Init
0000070e  w      .text	00000000 PVD_IRQHandler
00003150 g     F .text	000000c4 D_PWM_Input_Enable
00000160 g     F .text	00000010 NMI_Handler
0000551c g     F .text	0000000a A_Servo_TorqueOn
000052ec g     F .text	00000042 A_Current_Read
000021aa g     F .text	00000006 __get_MSTATUS
000037c8 g     F .text	0000001c C_PosCtrl_Set_Output_Limit
0000374a g     F .text	00000040 D_WS2812_Send
0000041e g     F .text	0000003c RecData_Deal
00005c4c g     F .text	00000346 A_Servo_Control
00001e2e g     F .text	00000016 TIM_SetIC3Prescaler
000020d8 g     F .text	0000000a USART_GetFlagStatus
00002af8 g     F .text	00000044 D_IWDG_Init
0000343c g     F .text	00000088 D_USART1_Cfg
20000090 g       .bss	00000000 _sbss
00000800 g       *ABS*	00000000 __stack_size
000009a2 g     F .text	0000000c ADC_GetFlagStatus
000008c0 g     F .text	00000018 ADC_ExternalTrigConvCmd
00000a6e g     F .text	00000038 DMA_Init
00002b40 g     F .text	00000110 D_Motor_Set
00003642 g     F .text	00000006 D_UART_SetBaud_Deferred
00004f3a g     F .text	00000012 A_Config_BindSaveEvent
000000b2 g     F .text	0000000a .hidden __riscv_restore_2
000045be g     F .text	00000794 C_Traj_Plan
0000456e g     F .text	00000050 C_Traj_Hold
0000045a g     F .text	00000190 IAP_Rx_Deal
000052e8 g     F .text	00000004 A_Temperature_Read
00002cfa g     F .text	00000022 D_MT6701_Read_Angle
000014aa g     F .text	00000008 IWDG_SetReload
00004038 g     F .text	0000008e C_Task_Run
00001b8a g     F .text	00000016 TIM_CtrlPWMOutputs
00003d00 g     F .text	0000000c C_Ring_Buf_Init
0000013a g     F .text	00000016 memcpy
00000812 g     F .text	00000010 ADC_Cmd
00005af8 g     F .text	00000070 A_Servo_CalibrateMid
00000f40 g     F .text	000000a2 GPIO_PinRemapConfig
000050cc g     F .text	00000006 A_Protect_GetTorque
00001742 g     F .text	0000001e RCC_PB2PeriphResetCmd
00001780 g     F .text	00000010 RCC_ClearFlag
00001b34 g     F .text	00000056 TIM_Cmd
000043e8 g     F .text	0000013c C_Traj_Init
00001c9e g     F .text	00000046 TIM_OC4PreloadConfig
000000c4 g     F .text	0000002c .hidden __hidden___udivsi3
20000010 g     O .data	00000004 SystemCoreClock
000020b8 g     F .text	00000008 USART_ReceiveData
00001f98 g     F .text	0000000c TIM_ClearFlag
000000c4 g     F .text	0000002c .hidden __udivsi3
00005738 g     F .text	00000018 A_Servo_HoldHere
000000a8 g       .init	00000000 _einit
00001fbc g     F .text	0000000c TIM_ClearITPendingBit
00000b9c g     F .text	0000001e FLASH_Unlock_Fast
000002d4 g     F .text	00000066 FLASH_Config_Load
00000eba g     F .text	00000076 GPIO_Init
0000161c g     F .text	00000016 RCC_ADCCLKConfig
200000dc g     O .bss	00000004 NVIC_Priority_Group
0000070e  w      .text	00000000 SPI1_IRQHandler
00003648 g     F .text	00000028 D_UART_Service
00002064 g     F .text	00000014 USART_Cmd
000000a8 g     F .text	0000000a .hidden __riscv_save_1
000000b2 g     F .text	0000000a .hidden __riscv_restore_0
0000070e  w      .text	00000000 AWU_IRQHandler
0000070e  w      .text	00000000 EXTI7_0_IRQHandler
00000924 g     F .text	0000004e ADC_InjectedChannelConfig
00005ae2 g     F .text	00000016 A_Servo_GetPositionPwm
00000ae6 g     F .text	00000008 DMA_ClearITPendingBit
00001602 g     F .text	0000001a OPA_Cmd
000050d8 g     F .text	00000018 A_Protect_Init
20001800 g       .stack	00000000 _heap_end
00003798 g     F .text	0000001a C_PosCtrl_Reset
0000214e g     F .text	0000002e Delay_Us
000017e2 g     F .text	0000000a SPI_I2S_GetFlagStatus
0000070e  w      .text	00000000 DMA1_Channel4_IRQHandler
00000834 g     F .text	0000008c ADC_RegularChannelConfig
00001404 g     F .text	00000004 I2C_SendData
00003346 g     F .text	00000036 D_TMP112_Init
0000070e  w      .text	00000000 ADC1_IRQHandler
00004efa g     F .text	00000010 A_Config_MarkDirty
000014b2 g     F .text	0000000e IWDG_ReloadCounter
000012c0 g     F .text	000000de I2C_Init
00002c50 g     F .text	0000005e D_Motor_Release
00000ace g     F .text	0000000e DMA_GetFlagStatus
20000440 g       .bss	00000000 _ebss
000020e2 g     F .text	0000003c USART_GetITStatus
0000070e  w      .text	00000000 DMA1_Channel7_IRQHandler
00001914 g     F .text	000000a8 TIM_OC1Init
0000285e g     F .text	0000029a D_I2C_Read
00002b3c g     F .text	00000004 D_IWDG_Feed
0000211e g     F .text	00000030 Delay_Init
00001760 g     F .text	00000020 RCC_GetFlagStatus
00001706 g     F .text	0000001e RCC_PB2PeriphClockCmd
00000fe2 g     F .text	000002de GPIO_IPD_Unused
00000f3c g     F .text	00000004 GPIO_SetBits
000008ea g     F .text	0000000e ADC_ExternalTrigInjectedConvConfig
00001bc2 g     F .text	00000058 TIM_ARRPreloadConfig
00004ed0 g     F .text	00000016 C_Traj_Is_Done
000008d8 g     F .text	00000012 ADC_AutoInjectedConvCmd
0000090c g     F .text	00000018 ADC_SoftwareStartInjectedConvCmd
00003302 g     F .text	00000044 D_TIM1_UP_ISR
000000f0 g     F .text	00000008 .hidden __umodsi3
000013b6 g     F .text	0000001a I2C_GenerateSTART
00003d6a g     F .text	00000034 C_Ring_Buf_Get_Count
00004f4c g     F .text	0000002e A_Config_SaveTask
0000070e  w      .text	00000000 I2C1_EV_IRQHandler
00005ab4 g     F .text	0000002e A_Servo_SetMode
00001fa4 g     F .text	00000018 TIM_GetITStatus
00005686 g     F .text	00000070 A_Servo_Resume
00001646 g     F .text	000000a2 RCC_GetClocksFreq
00005798 g     F .text	0000021c A_Servo_Submit
0000070e  w      .text	00000000 DMA1_Channel6_IRQHandler
00001430 g     F .text	00000022 I2C_NACKPositionConfig
00003d9e g     F .text	0000003e C_SpeedObs_Init
00001fc8 g     F .text	0000009c USART_Init
0000070e  w      .text	00000000 RCC_IRQHandler
00005c26 g     F .text	00000026 A_Servo_SaveStartup
0000070e  w      .text	00000000 TIM1_TRG_COM_IRQHandler
00002502 g     F .text	00000076 D_ADC_Voltage_Read
00003fe8 g     F .text	00000050 C_Task_Tick_Update
000001ca g     F .text	00000008 DMA1_Channel1_IRQHandler
0000149a g     F .text	00000008 IWDG_WriteAccessCmd
00002cae g     F .text	00000018 D_MT6701_Init
00000000 g       .init	00000000 _start
000021b0 g     F .text	00000006 __set_MSTATUS
000020c0 g     F .text	00000018 USART_HalfDuplexCmd
00001468 g     F .text	00000032 I2C_GetFlagStatus
000016e8 g     F .text	0000001e RCC_HBPeriphClockCmd
0000378a g     F .text	0000000a D_WS2812_Off
00001c58 g     F .text	00000046 TIM_OC2PreloadConfig
00001bb2 g     F .text	00000010 TIM_SelectInputTrigger
000034c4 g     F .text	000000ba D_UART_Enable
00001724 g     F .text	0000001e RCC_PB1PeriphClockCmd
00003126 g     F .text	0000002a D_PWM_Read
00001ba0 g     F .text	00000012 TIM_ITConfig
000019bc g     F .text	000000d8 TIM_OC2Init
00006216 g     F .text	000005e0 A_Uart_Process
000014c0 g     F .text	00000018 IWDG_Enable
000056f6 g     F .text	00000042 A_Servo_Stop
00002078 g     F .text	00000038 USART_ITConfig
00002f8c g     F .text	00000054 D_TIM2_ADC_Trigger_Set
000021b6 g     F .text	000000c2 D_ADC_DMA_ISR
00005b68 g     F .text	000000be A_Servo_SetTravelEnd
0000139e g     F .text	00000018 I2C_Cmd
00001d1a g     F .text	00000018 TIM_SelectOutputTrigger
00000bba g     F .text	00000046 FLASH_ErasePage_Fast
20000000 g       .dalign	00000000 _data_vma
00003214 g     F .text	000000ee D_TIM1_CC_ISR
00006cc2 g     F .text	00000024 memcmp
00001a94 g     F .text	00000068 TIM_OC4Init
00002e16 g     F .text	0000005e D_SPI1_Send_Buf
00003ddc g     F .text	000001de C_SpeedObs_Update
00003670 g     F .text	000000b0 D_UART1_ISR
0000156a g     F .text	00000098 OPA_Init
00002e92 g     F .text	000000fa D_TIM2_PWM_Init
00001410 g     F .text	0000000e I2C_Send7bitAddress
00001dfe g     F .text	00000016 TIM_SetIC1Prescaler
00004d52 g     F .text	0000017e C_Traj_Step
00000150 g     F .text	00000010 memset
000001d2 g     F .text	0000006a main
00004ee6 g     F .text	00000014 C_Traj_Get_Ticks
00003d0c g     F .text	0000002c C_Ring_Buf_Put
0000070e  w      .text	00000000 DMA1_Channel5_IRQHandler
0000033a g     F .text	000000e4 FLASH_Config_Save
000000bc g     F .text	00000058 .hidden __divsi3
0000217c g     F .text	0000002e Delay_Ms
00001dd6 g     F .text	00000028 TIM_SetCompare4
000009b6 g     F .text	00000018 ADC_BufferCmd
00001f68 g     F .text	00000030 TIM_GetCapture2
000017c4 g     F .text	0000001a SPI_Cmd
000050d2 g     F .text	00000006 A_Protect_Fault
00001540 g     F .text	0000001a OPA_Unlock
0000141e g     F .text	00000012 I2C_SoftwareResetCmd
000005ea g     F .text	000000c2 SystemInit
00001e5e g     F .text	0000010a TIM_ICInit
00000972 g     F .text	00000014 ADC_InjectedSequencerLengthConfig
0000337c g     F .text	00000044 D_TMP112_Read_Temp
00005526 g     F .text	000000b4 A_Servo_SampleMotion
00006ebc g     O .text	00000100 .hidden __clz_tab
00000000 g       .init	00000000 _sinit
00001b1e g     F .text	00000016 TIM_ICStructInit
00003588 g     F .text	000000ba D_UART1_Tx_Write
0000070e  w      .text	00000000 DMA1_Channel3_IRQHandler
00000190 g     F .text	0000003a TIM1_UP_IRQHandler
0000070e  w      .text	00000000 WWDG_IRQHandler
00005022 g     F .text	00000022 A_Config_Baudrate
000009ae g     F .text	00000008 ADC_ClearFlag
000026f8 g     F .text	00000166 D_I2C_Write
00000aba g     F .text	00000014 DMA_ITConfig
000009ce g     F .text	0000000e ADC_Sample_ModeConfig
000054f4 g     F .text	00000028 A_Servo_SetOutputLimit
0000357e g     F .text	0000000a D_UART1_Rx_Get
0000070e  w      .text	00000000 TIM2_IRQHandler
20002000 g       .stack	00000000 _eusrstack
000000a8 g     F .text	0000000a .hidden __riscv_save_2
0000070e  w      .text	00000000 SW_Handler
0000079a g     F .text	0000002a ADC_DeInit
00001afc g     F .text	00000022 TIM_OCStructInit
000008f8 g     F .text	00000014 ADC_ExternalTrigInjectedConvCmd
0000070e  w      .text	00000000 TIM1_BRK_IRQHandler
000007c4 g     F .text	0000004e ADC_Init
000020b0 g     F .text	00000008 USART_SendData
0000575e g     F .text	0000003a A_Servo_RestoreTorque
000059fa g     F .text	000000ba A_Servo_Init
20000090 g       .data	00000000 _edata
20000440 g       .bss	00000000 _end
000018a8 g     F .text	0000006c TIM_TimeBaseInit
00005750 g     F .text	0000000e A_Servo_Release
20000344 g     O .bss	0000000e g_config
00000986 g     F .text	0000001c ADC_GetInjectedConversionValue
00006fbc g       .dlalign	00000000 _data_lma
000050f0 g     F .text	000001d0 A_Protect_Task
00002d9c g     F .text	0000007a D_SPI1_Init
0000070e  w      .text	00000000 USART2_IRQHandler
000026b2 g     F .text	00000046 D_Bus_I2C_Init
000006ac g     F .text	00000062 SystemCoreClockUpdate
00000114 g     F .text	00000024 .hidden __modsi3
0000155a g     F .text	00000010 OPA_Lock
00000dbc g     F .text	000000fe FLASH_ROM_WRITE
00004f0a g     F .text	00000030 A_Config_Default
0000070e  w      .text	00000000 DMA1_Channel2_IRQHandler
20000000 g     O .data	00000010 HBPrescTable
00000adc g     F .text	00000008 DMA_ClearFlag
00000710  w      .text	00000000 handle_reset
000014a2 g     F .text	00000008 IWDG_SetPrescaler
0000070e  w      .text	00000000 FLASH_IRQHandler
000000a8 g     F .text	0000000a .hidden __riscv_save_0
00000180 g     F .text	00000008 USART1_IRQHandler
00001632 g     F .text	00000014 RCC_LSICmd
000013ea g     F .text	0000001a I2C_AcknowledgeConfig
00006ce6 g     F .text	00000010 strlen
00001e14 g     F .text	0000001a TIM_SetIC2Prescaler
00001452 g     F .text	00000016 I2C_CheckEvent
00001d32 g     F .text	00000054 TIM_SelectSlaveMode
000013d0 g     F .text	0000001a I2C_GenerateSTOP
0000070e  w      .text	00000000 I2C1_ER_IRQHandler
00001790 g     F .text	00000034 SPI_Init
000014d8 g     F .text	00000006 NVIC_PriorityGroupConfig
000009dc g     F .text	00000092 DMA_DeInit
000022a2 g     F .text	00000034 D_ADC_Current_Window_Set
000037e4 g     F .text	0000051c C_PosCtrl_Update
000000b2 g     F .text	0000000a .hidden __riscv_restore_1
00003794 g     F .text	00000004 D_WS2812_Init
00000c00 g     F .text	000001bc FLASH_ROM_ERASE
00001d86 g     F .text	00000028 TIM_SetCompare1
00001ce4 g     F .text	00000016 TIM_OC2PolarityConfig
00004f7a g     F .text	000000a8 A_Config_Init
20000098 g     O .bss	00000044 EP2_Rx_Buffer
00000f30 g     F .text	0000000c GPIO_ReadInputDataBit
000052c0 g     F .text	00000004 A_Encoder_Read
00003d38 g     F .text	00000032 C_Ring_Buf_Get
000037b2 g     F .text	00000016 C_PosCtrl_Init
000022d6 g     F .text	000001d4 D_ADC_DMA_Init
00002d1c g     F .text	00000064 D_OPA1_Init
00004524 g     F .text	0000004a C_Traj_Set_Range



Disassembly of section .init:

00000000 <_sinit>:
   0:	7100006f          	j	710 <handle_reset>
   4:	00000000          	.word	0x00000000
   8:	00000160          	.word	0x00000160
   c:	00000170          	.word	0x00000170
	...
  30:	0000070e          	.word	0x0000070e
  34:	00000000          	.word	0x00000000
  38:	0000070e          	.word	0x0000070e
  3c:	00000000          	.word	0x00000000
  40:	0000070e          	.word	0x0000070e
  44:	0000070e          	.word	0x0000070e
  48:	0000070e          	.word	0x0000070e
  4c:	0000070e          	.word	0x0000070e
  50:	0000070e          	.word	0x0000070e
  54:	0000070e          	.word	0x0000070e
  58:	000001ca          	.word	0x000001ca
  5c:	0000070e          	.word	0x0000070e
  60:	0000070e          	.word	0x0000070e
  64:	0000070e          	.word	0x0000070e
  68:	0000070e          	.word	0x0000070e
  6c:	0000070e          	.word	0x0000070e
  70:	0000070e          	.word	0x0000070e
  74:	0000070e          	.word	0x0000070e
  78:	0000070e          	.word	0x0000070e
  7c:	0000070e          	.word	0x0000070e
  80:	00000180          	.word	0x00000180
  84:	0000070e          	.word	0x0000070e
  88:	0000070e          	.word	0x0000070e
  8c:	00000190          	.word	0x00000190
  90:	0000070e          	.word	0x0000070e
  94:	00000188          	.word	0x00000188
  98:	0000070e          	.word	0x0000070e
  9c:	0000070e          	.word	0x0000070e
  a0:	0000070e          	.word	0x0000070e
  a4:	0000                	unimp
	...

Disassembly of section .text:

000000a8 <__riscv_save_0>:
      a8:	1151                	addi	sp,sp,-12
      aa:	c026                	sw	s1,0(sp)
      ac:	c222                	sw	s0,4(sp)
      ae:	c406                	sw	ra,8(sp)
      b0:	8282                	jr	t0

000000b2 <__riscv_restore_0>:
      b2:	4482                	lw	s1,0(sp)
      b4:	4412                	lw	s0,4(sp)
      b6:	40a2                	lw	ra,8(sp)
      b8:	0131                	addi	sp,sp,12
      ba:	8082                	ret

000000bc <__divsi3>:
      bc:	02054e63          	bltz	a0,f8 <__umodsi3+0x8>
      c0:	0405c363          	bltz	a1,106 <__umodsi3+0x16>

000000c4 <__hidden___udivsi3>:
      c4:	862e                	mv	a2,a1
      c6:	85aa                	mv	a1,a0
      c8:	557d                	li	a0,-1
      ca:	c215                	beqz	a2,ee <__hidden___udivsi3+0x2a>
      cc:	4685                	li	a3,1
      ce:	00b67863          	bgeu	a2,a1,de <__hidden___udivsi3+0x1a>
      d2:	00c05663          	blez	a2,de <__hidden___udivsi3+0x1a>
      d6:	0606                	slli	a2,a2,0x1
      d8:	0686                	slli	a3,a3,0x1
      da:	feb66ce3          	bltu	a2,a1,d2 <__hidden___udivsi3+0xe>
      de:	4501                	li	a0,0
      e0:	00c5e463          	bltu	a1,a2,e8 <__hidden___udivsi3+0x24>
      e4:	8d91                	sub	a1,a1,a2
      e6:	8d55                	or	a0,a0,a3
      e8:	8285                	srli	a3,a3,0x1
      ea:	8205                	srli	a2,a2,0x1
      ec:	faf5                	bnez	a3,e0 <__hidden___udivsi3+0x1c>
      ee:	8082                	ret

000000f0 <__umodsi3>:
      f0:	8286                	mv	t0,ra
      f2:	3fc9                	jal	c4 <__hidden___udivsi3>
      f4:	852e                	mv	a0,a1
      f6:	8282                	jr	t0
      f8:	40a00533          	neg	a0,a0
      fc:	00b04763          	bgtz	a1,10a <__umodsi3+0x1a>
     100:	40b005b3          	neg	a1,a1
     104:	b7c1                	j	c4 <__hidden___udivsi3>
     106:	40b005b3          	neg	a1,a1
     10a:	8286                	mv	t0,ra
     10c:	3f65                	jal	c4 <__hidden___udivsi3>
     10e:	40a00533          	neg	a0,a0
     112:	8282                	jr	t0

00000114 <__modsi3>:
     114:	8286                	mv	t0,ra
     116:	0005c763          	bltz	a1,124 <__modsi3+0x10>
     11a:	00054963          	bltz	a0,12c <__modsi3+0x18>
     11e:	375d                	jal	c4 <__hidden___udivsi3>
     120:	852e                	mv	a0,a1
     122:	8282                	jr	t0
     124:	40b005b3          	neg	a1,a1
     128:	fe055be3          	bgez	a0,11e <__modsi3+0xa>
     12c:	40a00533          	neg	a0,a0
     130:	3f51                	jal	c4 <__hidden___udivsi3>
     132:	40b00533          	neg	a0,a1
     136:	8282                	jr	t0
	...

0000013a <memcpy>:
     13a:	832a                	mv	t1,a0
     13c:	ca09                	beqz	a2,14e <memcpy+0x14>
     13e:	00058383          	lb	t2,0(a1)
     142:	00730023          	sb	t2,0(t1)
     146:	167d                	addi	a2,a2,-1
     148:	0305                	addi	t1,t1,1
     14a:	0585                	addi	a1,a1,1
     14c:	fa6d                	bnez	a2,13e <memcpy+0x4>
     14e:	8082                	ret

00000150 <memset>:
     150:	832a                	mv	t1,a0
     152:	c611                	beqz	a2,15e <memset+0xe>
     154:	00b30023          	sb	a1,0(t1)
     158:	167d                	addi	a2,a2,-1
     15a:	0305                	addi	t1,t1,1
     15c:	fe65                	bnez	a2,154 <memset+0x4>
     15e:	8082                	ret

00000160 <NMI_Handler>:
     160:	beef07b7          	lui	a5,0xbeef0
     164:	e000e737          	lui	a4,0xe000e
     168:	08078793          	addi	a5,a5,128 # beef0080 <_eusrstack+0x9eeee080>
     16c:	c73c                	sw	a5,72(a4)
     16e:	a001                	j	16e <NMI_Handler+0xe>

00000170 <HardFault_Handler>:
     170:	beef07b7          	lui	a5,0xbeef0
     174:	e000e737          	lui	a4,0xe000e
     178:	08078793          	addi	a5,a5,128 # beef0080 <_eusrstack+0x9eeee080>
     17c:	c73c                	sw	a5,72(a4)
     17e:	a001                	j	17e <HardFault_Handler+0xe>

00000180 <USART1_IRQHandler>:
     180:	4f0030ef          	jal	ra,3670 <D_UART1_ISR>
     184:	30200073          	mret

00000188 <TIM1_CC_IRQHandler>:
     188:	08c030ef          	jal	ra,3214 <D_TIM1_CC_ISR>
     18c:	30200073          	mret

00000190 <TIM1_UP_IRQHandler>:
     190:	40013537          	lui	a0,0x40013
     194:	4585                	li	a1,1
     196:	c0050513          	addi	a0,a0,-1024 # 40012c00 <_eusrstack+0x20010c00>
     19a:	60b010ef          	jal	ra,1fa4 <TIM_GetITStatus>
     19e:	cd19                	beqz	a0,1bc <TIM1_UP_IRQHandler+0x2c>
     1a0:	162030ef          	jal	ra,3302 <D_TIM1_UP_ISR>
     1a4:	20000737          	lui	a4,0x20000
     1a8:	09074783          	lbu	a5,144(a4) # 20000090 <tick_cnt.0>
     1ac:	46cd                	li	a3,19
     1ae:	0785                	addi	a5,a5,1
     1b0:	0ff7f793          	zext.b	a5,a5
     1b4:	00f6e663          	bltu	a3,a5,1c0 <TIM1_UP_IRQHandler+0x30>
     1b8:	08f70823          	sb	a5,144(a4)
     1bc:	30200073          	mret
     1c0:	08070823          	sb	zero,144(a4)
     1c4:	625030ef          	jal	ra,3fe8 <C_Task_Tick_Update>
     1c8:	bfd5                	j	1bc <TIM1_UP_IRQHandler+0x2c>

000001ca <DMA1_Channel1_IRQHandler>:
     1ca:	7ed010ef          	jal	ra,21b6 <D_ADC_DMA_ISR>
     1ce:	30200073          	mret

000001d2 <main>:
     1d2:	ed7ff2ef          	jal	t0,a8 <__riscv_save_0>
     1d6:	4505                	li	a0,1
     1d8:	300010ef          	jal	ra,14d8 <NVIC_PriorityGroupConfig>
     1dc:	29c1                	jal	6ac <SystemCoreClockUpdate>
     1de:	741010ef          	jal	ra,211e <Delay_Init>
     1e2:	59e010ef          	jal	ra,1780 <RCC_ClearFlag>
     1e6:	06400513          	li	a0,100
     1ea:	793010ef          	jal	ra,217c <Delay_Ms>
     1ee:	58d040ef          	jal	ra,4f7a <A_Config_Init>
     1f2:	4c0020ef          	jal	ra,26b2 <D_Bus_I2C_Init>
     1f6:	3a7020ef          	jal	ra,2d9c <D_SPI1_Init>
     1fa:	629040ef          	jal	ra,5022 <A_Config_Baudrate>
     1fe:	23e030ef          	jal	ra,343c <D_USART1_Cfg>
     202:	491020ef          	jal	ra,2e92 <D_TIM2_PWM_Init>
     206:	5db020ef          	jal	ra,2fe0 <D_TIM1_PWM_IC_Init>
     20a:	313020ef          	jal	ra,2d1c <D_OPA1_Init>
     20e:	0c8020ef          	jal	ra,22d6 <D_ADC_DMA_Init>
     212:	29d020ef          	jal	ra,2cae <D_MT6701_Init>
     216:	130030ef          	jal	ra,3346 <D_TMP112_Init>
     21a:	57a030ef          	jal	ra,3794 <D_WS2812_Init>
     21e:	0c800513          	li	a0,200
     222:	75b010ef          	jal	ra,217c <Delay_Ms>
     226:	7d4050ef          	jal	ra,59fa <A_Servo_Init>
     22a:	6af040ef          	jal	ra,50d8 <A_Protect_Init>
     22e:	5bd050ef          	jal	ra,5fea <A_Tasks_Init>
     232:	0c7020ef          	jal	ra,2af8 <D_IWDG_Init>
     236:	603030ef          	jal	ra,4038 <C_Task_Run>
     23a:	bff5                	j	236 <main+0x64>

0000023c <Flash_Crc16>:
     23c:	87aa                	mv	a5,a0
     23e:	00b78733          	add	a4,a5,a1
     242:	6541                	lui	a0,0x10
     244:	0742                	slli	a4,a4,0x10
     246:	6605                	lui	a2,0x1
     248:	157d                	addi	a0,a0,-1 # ffff <_data_lma+0x9043>
     24a:	8341                	srli	a4,a4,0x10
     24c:	02160613          	addi	a2,a2,33 # 1021 <GPIO_IPD_Unused+0x3f>
     250:	01079693          	slli	a3,a5,0x10
     254:	82c1                	srli	a3,a3,0x10
     256:	00d71363          	bne	a4,a3,25c <Flash_Crc16+0x20>
     25a:	8082                	ret
     25c:	2394                	lbu	a3,0(a5)
     25e:	0785                	addi	a5,a5,1
     260:	06a2                	slli	a3,a3,0x8
     262:	8d35                	xor	a0,a0,a3
     264:	46a1                	li	a3,8
     266:	01051593          	slli	a1,a0,0x10
     26a:	0506                	slli	a0,a0,0x1
     26c:	0542                	slli	a0,a0,0x10
     26e:	85c1                	srai	a1,a1,0x10
     270:	8141                	srli	a0,a0,0x10
     272:	0005d363          	bgez	a1,278 <Flash_Crc16+0x3c>
     276:	8d31                	xor	a0,a0,a2
     278:	16fd                	addi	a3,a3,-1
     27a:	0ff6f693          	zext.b	a3,a3
     27e:	f6e5                	bnez	a3,266 <Flash_Crc16+0x2a>
     280:	bfc1                	j	250 <Flash_Crc16+0x14>

00000282 <Flash_RecordValid>:
     282:	4110                	lw	a2,0(a0)
     284:	434646b7          	lui	a3,0x43464
     288:	73168693          	addi	a3,a3,1841 # 43464731 <_eusrstack+0x23462731>
     28c:	04d61163          	bne	a2,a3,2ce <Flash_RecordValid+0x4c>
     290:	2512                	lhu	a2,8(a0)
     292:	4689                	li	a3,2
     294:	87aa                	mv	a5,a0
     296:	4501                	li	a0,0
     298:	02d61d63          	bne	a2,a3,2d2 <Flash_RecordValid+0x50>
     29c:	27b6                	lhu	a3,10(a5)
     29e:	02b69a63          	bne	a3,a1,2d2 <Flash_RecordValid+0x50>
     2a2:	02000713          	li	a4,32
     2a6:	02d76663          	bltu	a4,a3,2d2 <Flash_RecordValid+0x50>
     2aa:	5b94                	lw	a3,48(a5)
     2ac:	5aa56737          	lui	a4,0x5aa56
     2b0:	aa570713          	addi	a4,a4,-1371 # 5aa55aa5 <_eusrstack+0x3aa53aa5>
     2b4:	00e69f63          	bne	a3,a4,2d2 <Flash_RecordValid+0x50>
     2b8:	df1ff2ef          	jal	t0,a8 <__riscv_save_0>
     2bc:	37c2                	lhu	s0,44(a5)
     2be:	00c78513          	addi	a0,a5,12
     2c2:	3fad                	jal	23c <Flash_Crc16>
     2c4:	40a40533          	sub	a0,s0,a0
     2c8:	00153513          	seqz	a0,a0
     2cc:	b3dd                	j	b2 <__riscv_restore_0>
     2ce:	4501                	li	a0,0
     2d0:	8082                	ret
     2d2:	8082                	ret

000002d4 <FLASH_Config_Load>:
     2d4:	dd5ff2ef          	jal	t0,a8 <__riscv_save_0>
     2d8:	1151                	addi	sp,sp,-12
     2da:	c02e                	sw	a1,0(sp)
     2dc:	c232                	sw	a2,4(sp)
     2de:	c42a                	sw	a0,8(sp)
     2e0:	c939                	beqz	a0,336 <FLASH_Config_Load+0x62>
     2e2:	4501                	li	a0,0
     2e4:	ca0d                	beqz	a2,316 <FLASH_Config_Load+0x42>
     2e6:	0800f437          	lui	s0,0x800f
     2ea:	50040513          	addi	a0,s0,1280 # 800f500 <_data_lma+0x8008544>
     2ee:	3f51                	jal	282 <Flash_RecordValid>
     2f0:	4582                	lw	a1,0(sp)
     2f2:	84aa                	mv	s1,a0
     2f4:	60040513          	addi	a0,s0,1536
     2f8:	3769                	jal	282 <Flash_RecordValid>
     2fa:	4322                	lw	t1,8(sp)
     2fc:	ec99                	bnez	s1,31a <FLASH_Config_Load+0x46>
     2fe:	cd01                	beqz	a0,316 <FLASH_Config_Load+0x42>
     300:	60040493          	addi	s1,s0,1536
     304:	4602                	lw	a2,0(sp)
     306:	00c48593          	addi	a1,s1,12
     30a:	851a                	mv	a0,t1
     30c:	353d                	jal	13a <memcpy>
     30e:	40dc                	lw	a5,4(s1)
     310:	4712                	lw	a4,4(sp)
     312:	4505                	li	a0,1
     314:	c31c                	sw	a5,0(a4)
     316:	0131                	addi	sp,sp,12
     318:	bb69                	j	b2 <__riscv_restore_0>
     31a:	50040493          	addi	s1,s0,1280
     31e:	8626                	mv	a2,s1
     320:	d175                	beqz	a0,304 <FLASH_Config_Load+0x30>
     322:	60040793          	addi	a5,s0,1536
     326:	40d4                	lw	a3,4(s1)
     328:	43d8                	lw	a4,4(a5)
     32a:	84be                	mv	s1,a5
     32c:	8e99                	sub	a3,a3,a4
     32e:	fcd05be3          	blez	a3,304 <FLASH_Config_Load+0x30>
     332:	84b2                	mv	s1,a2
     334:	bfc1                	j	304 <FLASH_Config_Load+0x30>
     336:	4501                	li	a0,0
     338:	bff9                	j	316 <FLASH_Config_Load+0x42>

0000033a <FLASH_Config_Save>:
     33a:	d6fff2ef          	jal	t0,a8 <__riscv_save_0>
     33e:	ebc10113          	addi	sp,sp,-324
     342:	0800f437          	lui	s0,0x800f
     346:	c22a                	sw	a0,4(sp)
     348:	50040513          	addi	a0,s0,1280 # 800f500 <_data_lma+0x8008544>
     34c:	c02e                	sw	a1,0(sp)
     34e:	c432                	sw	a2,8(sp)
     350:	3f0d                	jal	282 <Flash_RecordValid>
     352:	4582                	lw	a1,0(sp)
     354:	c62a                	sw	a0,12(sp)
     356:	60040513          	addi	a0,s0,1536
     35a:	3725                	jal	282 <Flash_RecordValid>
     35c:	4792                	lw	a5,4(sp)
     35e:	4732                	lw	a4,12(sp)
     360:	e789                	bnez	a5,36a <FLASH_Config_Save+0x30>
     362:	4501                	li	a0,0
     364:	14410113          	addi	sp,sp,324
     368:	b3a9                	j	b2 <__riscv_restore_0>
     36a:	4782                	lw	a5,0(sp)
     36c:	467d                	li	a2,31
     36e:	fff78693          	addi	a3,a5,-1
     372:	06c2                	slli	a3,a3,0x10
     374:	82c1                	srli	a3,a3,0x10
     376:	fed666e3          	bltu	a2,a3,362 <FLASH_Config_Save+0x28>
     37a:	50040493          	addi	s1,s0,1280
     37e:	cf01                	beqz	a4,396 <FLASH_Config_Save+0x5c>
     380:	60040493          	addi	s1,s0,1536
     384:	c909                	beqz	a0,396 <FLASH_Config_Save+0x5c>
     386:	50040793          	addi	a5,s0,1280
     38a:	40d8                	lw	a4,4(s1)
     38c:	43d4                	lw	a3,4(a5)
     38e:	8f15                	sub	a4,a4,a3
     390:	00e05363          	blez	a4,396 <FLASH_Config_Save+0x5c>
     394:	84be                	mv	s1,a5
     396:	02800613          	li	a2,40
     39a:	0ff00593          	li	a1,255
     39e:	0868                	addi	a0,sp,28
     3a0:	3b45                	jal	150 <memset>
     3a2:	434647b7          	lui	a5,0x43464
     3a6:	73178793          	addi	a5,a5,1841 # 43464731 <_eusrstack+0x23462731>
     3aa:	c83e                	sw	a5,16(sp)
     3ac:	47a2                	lw	a5,8(sp)
     3ae:	4592                	lw	a1,4(sp)
     3b0:	0868                	addi	a0,sp,28
     3b2:	ca3e                	sw	a5,20(sp)
     3b4:	4789                	li	a5,2
     3b6:	84fc                	sh	a5,24(sp)
     3b8:	4782                	lw	a5,0(sp)
     3ba:	863e                	mv	a2,a5
     3bc:	85fc                	sh	a5,26(sp)
     3be:	3bb5                	jal	13a <memcpy>
     3c0:	4582                	lw	a1,0(sp)
     3c2:	0868                	addi	a0,sp,28
     3c4:	3da5                	jal	23c <Flash_Crc16>
     3c6:	5aa567b7          	lui	a5,0x5aa56
     3ca:	aa578793          	addi	a5,a5,-1371 # 5aa55aa5 <_eusrstack+0x3aa53aa5>
     3ce:	02a11e23          	sh	a0,60(sp)
     3d2:	0cc00613          	li	a2,204
     3d6:	0ff00593          	li	a1,255
     3da:	18a8                	addi	a0,sp,120
     3dc:	c0be                	sw	a5,64(sp)
     3de:	3b8d                	jal	150 <memset>
     3e0:	03400613          	li	a2,52
     3e4:	080c                	addi	a1,sp,16
     3e6:	00c8                	addi	a0,sp,68
     3e8:	3b89                	jal	13a <memcpy>
     3ea:	10000593          	li	a1,256
     3ee:	8526                	mv	a0,s1
     3f0:	011000ef          	jal	ra,c00 <FLASH_ROM_ERASE>
     3f4:	4791                	li	a5,4
     3f6:	842a                	mv	s0,a0
     3f8:	f6f515e3          	bne	a0,a5,362 <FLASH_Config_Save+0x28>
     3fc:	10000613          	li	a2,256
     400:	00cc                	addi	a1,sp,68
     402:	8526                	mv	a0,s1
     404:	1b9000ef          	jal	ra,dbc <FLASH_ROM_WRITE>
     408:	f4851de3          	bne	a0,s0,362 <FLASH_Config_Save+0x28>
     40c:	10000613          	li	a2,256
     410:	00cc                	addi	a1,sp,68
     412:	8526                	mv	a0,s1
     414:	0af060ef          	jal	ra,6cc2 <memcmp>
     418:	00153513          	seqz	a0,a0
     41c:	b7a1                	j	364 <FLASH_Config_Save+0x2a>

0000041e <RecData_Deal>:
     41e:	200007b7          	lui	a5,0x20000
     422:	0987c703          	lbu	a4,152(a5) # 20000098 <EP2_Rx_Buffer>
     426:	08400793          	li	a5,132
     42a:	02f71663          	bne	a4,a5,456 <RecData_Deal+0x38>
     42e:	c7bff2ef          	jal	t0,a8 <__riscv_save_0>
     432:	27ad                	jal	b9c <FLASH_Unlock_Fast>
     434:	0800f537          	lui	a0,0x800f
     438:	70050513          	addi	a0,a0,1792 # 800f700 <_data_lma+0x8008744>
     43c:	2fbd                	jal	bba <FLASH_ErasePage_Fast>
     43e:	400227b7          	lui	a5,0x40022
     442:	4b98                	lw	a4,16(a5)
     444:	66a1                	lui	a3,0x8
     446:	4501                	li	a0,0
     448:	8f55                	or	a4,a4,a3
     44a:	cb98                	sw	a4,16(a5)
     44c:	4b98                	lw	a4,16(a5)
     44e:	08076713          	ori	a4,a4,128
     452:	cb98                	sw	a4,16(a5)
     454:	b9b9                	j	b2 <__riscv_restore_0>
     456:	4505                	li	a0,1
     458:	8082                	ret

0000045a <IAP_Rx_Deal>:
     45a:	c4fff2ef          	jal	t0,a8 <__riscv_save_0>
     45e:	20000437          	lui	s0,0x20000
     462:	09544783          	lbu	a5,149(s0) # 20000095 <rx_state>
     466:	4725                	li	a4,9
     468:	1161                	addi	sp,sp,-8
     46a:	16f76d63          	bltu	a4,a5,5e4 <IAP_Rx_Deal+0x18a>
     46e:	671d                	lui	a4,0x7
     470:	078a                	slli	a5,a5,0x2
     472:	cf870713          	addi	a4,a4,-776 # 6cf8 <strlen+0x12>
     476:	97ba                	add	a5,a5,a4
     478:	439c                	lw	a5,0(a5)
     47a:	8782                	jr	a5
     47c:	0aa00793          	li	a5,170
     480:	02f51163          	bne	a0,a5,4a2 <IAP_Rx_Deal+0x48>
     484:	4785                	li	a5,1
     486:	08f40aa3          	sb	a5,149(s0)
     48a:	a821                	j	4a2 <IAP_Rx_Deal+0x48>
     48c:	05500793          	li	a5,85
     490:	14f51a63          	bne	a0,a5,5e4 <IAP_Rx_Deal+0x18a>
     494:	4789                	li	a5,2
     496:	08f40aa3          	sb	a5,149(s0)
     49a:	200007b7          	lui	a5,0x20000
     49e:	08079923          	sh	zero,146(a5) # 20000092 <rx_cksum>
     4a2:	0121                	addi	sp,sp,8
     4a4:	b139                	j	b2 <__riscv_restore_0>
     4a6:	200007b7          	lui	a5,0x20000
     4aa:	20000737          	lui	a4,0x20000
     4ae:	08a78c23          	sb	a0,152(a5) # 20000098 <EP2_Rx_Buffer>
     4b2:	09275783          	lhu	a5,146(a4) # 20000092 <rx_cksum>
     4b6:	97aa                	add	a5,a5,a0
     4b8:	08f71923          	sh	a5,146(a4)
     4bc:	478d                	li	a5,3
     4be:	b7e1                	j	486 <IAP_Rx_Deal+0x2c>
     4c0:	200006b7          	lui	a3,0x20000
     4c4:	0926d703          	lhu	a4,146(a3) # 20000092 <rx_cksum>
     4c8:	200007b7          	lui	a5,0x20000
     4cc:	09878793          	addi	a5,a5,152 # 20000098 <EP2_Rx_Buffer>
     4d0:	972a                	add	a4,a4,a0
     4d2:	08e69923          	sh	a4,146(a3)
     4d6:	2398                	lbu	a4,0(a5)
     4d8:	b388                	sb	a0,1(a5)
     4da:	4685                	li	a3,1
     4dc:	07f70793          	addi	a5,a4,127
     4e0:	0ff7f793          	zext.b	a5,a5
     4e4:	00f6ea63          	bltu	a3,a5,4f8 <IAP_Rx_Deal+0x9e>
     4e8:	4791                	li	a5,4
     4ea:	08f40aa3          	sb	a5,149(s0)
     4ee:	200007b7          	lui	a5,0x20000
     4f2:	08078a23          	sb	zero,148(a5) # 20000094 <rx_idx>
     4f6:	b775                	j	4a2 <IAP_Rx_Deal+0x48>
     4f8:	08000793          	li	a5,128
     4fc:	04f71663          	bne	a4,a5,548 <IAP_Rx_Deal+0xee>
     500:	c521                	beqz	a0,548 <IAP_Rx_Deal+0xee>
     502:	4795                	li	a5,5
     504:	b7dd                	j	4ea <IAP_Rx_Deal+0x90>
     506:	20000637          	lui	a2,0x20000
     50a:	09464783          	lbu	a5,148(a2) # 20000094 <rx_idx>
     50e:	20000737          	lui	a4,0x20000
     512:	09870713          	addi	a4,a4,152 # 20000098 <EP2_Rx_Buffer>
     516:	00f706b3          	add	a3,a4,a5
     51a:	200005b7          	lui	a1,0x20000
     51e:	a2a8                	sb	a0,2(a3)
     520:	0925d683          	lhu	a3,146(a1) # 20000092 <rx_cksum>
     524:	0785                	addi	a5,a5,1
     526:	0ff7f793          	zext.b	a5,a5
     52a:	96aa                	add	a3,a3,a0
     52c:	08d59923          	sh	a3,146(a1)
     530:	08f60a23          	sb	a5,148(a2)
     534:	468d                	li	a3,3
     536:	f6f6f6e3          	bgeu	a3,a5,4a2 <IAP_Rx_Deal+0x48>
     53a:	2314                	lbu	a3,0(a4)
     53c:	08200793          	li	a5,130
     540:	00f69463          	bne	a3,a5,548 <IAP_Rx_Deal+0xee>
     544:	331c                	lbu	a5,1(a4)
     546:	ffd5                	bnez	a5,502 <IAP_Rx_Deal+0xa8>
     548:	4799                	li	a5,6
     54a:	bf35                	j	486 <IAP_Rx_Deal+0x2c>
     54c:	20000637          	lui	a2,0x20000
     550:	09464783          	lbu	a5,148(a2) # 20000094 <rx_idx>
     554:	20000737          	lui	a4,0x20000
     558:	09870713          	addi	a4,a4,152 # 20000098 <EP2_Rx_Buffer>
     55c:	00f706b3          	add	a3,a4,a5
     560:	200005b7          	lui	a1,0x20000
     564:	a2a8                	sb	a0,2(a3)
     566:	0925d683          	lhu	a3,146(a1) # 20000092 <rx_cksum>
     56a:	0785                	addi	a5,a5,1
     56c:	3318                	lbu	a4,1(a4)
     56e:	96aa                	add	a3,a3,a0
     570:	0ff7f793          	zext.b	a5,a5
     574:	08d59923          	sh	a3,146(a1)
     578:	08f60a23          	sb	a5,148(a2)
     57c:	fce7f6e3          	bgeu	a5,a4,548 <IAP_Rx_Deal+0xee>
     580:	b70d                	j	4a2 <IAP_Rx_Deal+0x48>
     582:	200007b7          	lui	a5,0x20000
     586:	0927c783          	lbu	a5,146(a5) # 20000092 <rx_cksum>
     58a:	04a79d63          	bne	a5,a0,5e4 <IAP_Rx_Deal+0x18a>
     58e:	479d                	li	a5,7
     590:	bddd                	j	486 <IAP_Rx_Deal+0x2c>
     592:	200007b7          	lui	a5,0x20000
     596:	0927d783          	lhu	a5,146(a5) # 20000092 <rx_cksum>
     59a:	83a1                	srli	a5,a5,0x8
     59c:	04a79463          	bne	a5,a0,5e4 <IAP_Rx_Deal+0x18a>
     5a0:	47a1                	li	a5,8
     5a2:	b5d5                	j	486 <IAP_Rx_Deal+0x2c>
     5a4:	05500793          	li	a5,85
     5a8:	02f51e63          	bne	a0,a5,5e4 <IAP_Rx_Deal+0x18a>
     5ac:	47a5                	li	a5,9
     5ae:	bde1                	j	486 <IAP_Rx_Deal+0x2c>
     5b0:	0aa00793          	li	a5,170
     5b4:	02f51863          	bne	a0,a5,5e4 <IAP_Rx_Deal+0x18a>
     5b8:	359d                	jal	41e <RecData_Deal>
     5ba:	4789                	li	a5,2
     5bc:	02f50463          	beq	a0,a5,5e4 <IAP_Rx_Deal+0x18a>
     5c0:	6795                	lui	a5,0x5
     5c2:	5aa78793          	addi	a5,a5,1450 # 55aa <A_Servo_SampleMotion+0x84>
     5c6:	157d                	addi	a0,a0,-1
     5c8:	00153513          	seqz	a0,a0
     5cc:	807c                	sh	a5,0(sp)
     5ce:	77ed                	lui	a5,0xffffb
     5d0:	81c8                	sb	a0,3(sp)
     5d2:	a5578793          	addi	a5,a5,-1451 # ffffaa55 <_eusrstack+0xdfff8a55>
     5d6:	4599                	li	a1,6
     5d8:	850a                	mv	a0,sp
     5da:	00010123          	sb	zero,2(sp)
     5de:	827c                	sh	a5,4(sp)
     5e0:	7a9020ef          	jal	ra,3588 <D_UART1_Tx_Write>
     5e4:	08040aa3          	sb	zero,149(s0)
     5e8:	bd6d                	j	4a2 <IAP_Rx_Deal+0x48>

000005ea <SystemInit>:
     5ea:	abfff2ef          	jal	t0,a8 <__riscv_save_0>
     5ee:	4689                	li	a3,2
     5f0:	400227b7          	lui	a5,0x40022
     5f4:	40021437          	lui	s0,0x40021
     5f8:	c394                	sw	a3,0(a5)
     5fa:	401c                	lw	a5,0(s0)
     5fc:	68ff0737          	lui	a4,0x68ff0
     600:	74c1                	lui	s1,0xffff0
     602:	0017e793          	ori	a5,a5,1
     606:	c01c                	sw	a5,0(s0)
     608:	405c                	lw	a5,4(s0)
     60a:	14fd                	addi	s1,s1,-1 # fffeffff <_eusrstack+0xdffedfff>
     60c:	8ff9                	and	a5,a5,a4
     60e:	c05c                	sw	a5,4(s0)
     610:	401c                	lw	a5,0(s0)
     612:	fed70737          	lui	a4,0xfed70
     616:	176d                	addi	a4,a4,-5 # fed6fffb <_eusrstack+0xded6dffb>
     618:	8ff9                	and	a5,a5,a4
     61a:	00100737          	lui	a4,0x100
     61e:	8fd9                	or	a5,a5,a4
     620:	c01c                	sw	a5,0(s0)
     622:	401c                	lw	a5,0(s0)
     624:	fffc0737          	lui	a4,0xfffc0
     628:	177d                	addi	a4,a4,-1 # fffbffff <_eusrstack+0xdffbdfff>
     62a:	8ff9                	and	a5,a5,a4
     62c:	c01c                	sw	a5,0(s0)
     62e:	405c                	lw	a5,4(s0)
     630:	8fe5                	and	a5,a5,s1
     632:	c05c                	sw	a5,4(s0)
     634:	009d07b7          	lui	a5,0x9d0
     638:	c41c                	sw	a5,8(s0)
     63a:	4c1c                	lw	a5,24(s0)
     63c:	0207e793          	ori	a5,a5,32
     640:	cc1c                	sw	a5,24(s0)
     642:	400117b7          	lui	a5,0x40011
     646:	40078793          	addi	a5,a5,1024 # 40011400 <_eusrstack+0x2000f400>
     64a:	4398                	lw	a4,0(a5)
     64c:	f0f77713          	andi	a4,a4,-241
     650:	c398                	sw	a4,0(a5)
     652:	4398                	lw	a4,0(a5)
     654:	08076713          	ori	a4,a4,128
     658:	c398                	sw	a4,0(a5)
     65a:	cb94                	sw	a3,16(a5)
     65c:	187000ef          	jal	ra,fe2 <GPIO_IPD_Unused>
     660:	405c                	lw	a5,4(s0)
     662:	01000737          	lui	a4,0x1000
     666:	020006b7          	lui	a3,0x2000
     66a:	c05c                	sw	a5,4(s0)
     66c:	405c                	lw	a5,4(s0)
     66e:	8fe5                	and	a5,a5,s1
     670:	c05c                	sw	a5,4(s0)
     672:	405c                	lw	a5,4(s0)
     674:	c05c                	sw	a5,4(s0)
     676:	401c                	lw	a5,0(s0)
     678:	8fd9                	or	a5,a5,a4
     67a:	c01c                	sw	a5,0(s0)
     67c:	400217b7          	lui	a5,0x40021
     680:	4398                	lw	a4,0(a5)
     682:	8f75                	and	a4,a4,a3
     684:	df75                	beqz	a4,680 <SystemInit+0x96>
     686:	43d8                	lw	a4,4(a5)
     688:	400216b7          	lui	a3,0x40021
     68c:	9b71                	andi	a4,a4,-4
     68e:	c3d8                	sw	a4,4(a5)
     690:	43d8                	lw	a4,4(a5)
     692:	00276713          	ori	a4,a4,2
     696:	c3d8                	sw	a4,4(a5)
     698:	4721                	li	a4,8
     69a:	42dc                	lw	a5,4(a3)
     69c:	8bb1                	andi	a5,a5,12
     69e:	fee79ee3          	bne	a5,a4,69a <SystemInit+0xb0>
     6a2:	400227b7          	lui	a5,0x40022
     6a6:	4709                	li	a4,2
     6a8:	c398                	sw	a4,0(a5)
     6aa:	b421                	j	b2 <__riscv_restore_0>

000006ac <SystemCoreClockUpdate>:
     6ac:	40021737          	lui	a4,0x40021
     6b0:	435c                	lw	a5,4(a4)
     6b2:	46a1                	li	a3,8
     6b4:	8bb1                	andi	a5,a5,12
     6b6:	04d79263          	bne	a5,a3,6fa <SystemCoreClockUpdate+0x4e>
     6ba:	435c                	lw	a5,4(a4)
     6bc:	02dc7537          	lui	a0,0x2dc7
     6c0:	c0050513          	addi	a0,a0,-1024 # 2dc6c00 <_data_lma+0x2dbfc44>
     6c4:	400216b7          	lui	a3,0x40021
     6c8:	42d8                	lw	a4,4(a3)
     6ca:	200007b7          	lui	a5,0x20000
     6ce:	00078793          	mv	a5,a5
     6d2:	8311                	srli	a4,a4,0x4
     6d4:	8b3d                	andi	a4,a4,15
     6d6:	97ba                	add	a5,a5,a4
     6d8:	239c                	lbu	a5,0(a5)
     6da:	42d8                	lw	a4,4(a3)
     6dc:	0ff7f593          	zext.b	a1,a5
     6e0:	08077713          	andi	a4,a4,128
     6e4:	00f557b3          	srl	a5,a0,a5
     6e8:	ef11                	bnez	a4,704 <SystemCoreClockUpdate+0x58>
     6ea:	9bfff2ef          	jal	t0,a8 <__riscv_save_0>
     6ee:	3ad9                	jal	c4 <__hidden___udivsi3>
     6f0:	20000737          	lui	a4,0x20000
     6f4:	00a72823          	sw	a0,16(a4) # 20000010 <SystemCoreClock>
     6f8:	ba6d                	j	b2 <__riscv_restore_0>
     6fa:	016e3537          	lui	a0,0x16e3
     6fe:	60050513          	addi	a0,a0,1536 # 16e3600 <_data_lma+0x16dc644>
     702:	b7c9                	j	6c4 <SystemCoreClockUpdate+0x18>
     704:	20000737          	lui	a4,0x20000
     708:	00f72823          	sw	a5,16(a4) # 20000010 <SystemCoreClock>
     70c:	8082                	ret

0000070e <ADC1_IRQHandler>:
     70e:	a001                	j	70e <ADC1_IRQHandler>

00000710 <handle_reset>:
     710:	20000197          	auipc	gp,0x20000
     714:	18018193          	addi	gp,gp,384 # 20000890 <__global_pointer$>
     718:	20002117          	auipc	sp,0x20002
     71c:	8e810113          	addi	sp,sp,-1816 # 20002000 <_eusrstack>
     720:	00007517          	auipc	a0,0x7
     724:	89c50513          	addi	a0,a0,-1892 # 6fbc <_data_lma>
     728:	20000597          	auipc	a1,0x20000
     72c:	8d858593          	addi	a1,a1,-1832 # 20000000 <HBPrescTable>
     730:	20000617          	auipc	a2,0x20000
     734:	96060613          	addi	a2,a2,-1696 # 20000090 <tick_cnt.0>
     738:	00c5fa63          	bgeu	a1,a2,74c <handle_reset+0x3c>
     73c:	00052283          	lw	t0,0(a0)
     740:	0055a023          	sw	t0,0(a1)
     744:	0511                	addi	a0,a0,4
     746:	0591                	addi	a1,a1,4
     748:	fec5eae3          	bltu	a1,a2,73c <handle_reset+0x2c>
     74c:	20000517          	auipc	a0,0x20000
     750:	94450513          	addi	a0,a0,-1724 # 20000090 <tick_cnt.0>
     754:	bb018593          	addi	a1,gp,-1104 # 20000440 <_ebss>
     758:	00b57763          	bgeu	a0,a1,766 <handle_reset+0x56>
     75c:	00052023          	sw	zero,0(a0)
     760:	0511                	addi	a0,a0,4
     762:	feb56de3          	bltu	a0,a1,75c <handle_reset+0x4c>
     766:	6289                	lui	t0,0x2
     768:	88028293          	addi	t0,t0,-1920 # 1880 <TI2_Config+0x3e>
     76c:	30029073          	.4byte	0x30029073
     770:	428d                	li	t0,3
     772:	80429073          	.4byte	0x80429073
     776:	00000297          	auipc	t0,0x0
     77a:	88a28293          	addi	t0,t0,-1910 # 0 <_sinit>
     77e:	0032e293          	ori	t0,t0,3
     782:	30529073          	.4byte	0x30529073
     786:	e65ff0ef          	jal	ra,5ea <SystemInit>
     78a:	00000297          	auipc	t0,0x0
     78e:	a4828293          	addi	t0,t0,-1464 # 1d2 <main>
     792:	34129073          	.4byte	0x34129073
     796:	30200073          	mret

0000079a <ADC_DeInit>:
     79a:	400127b7          	lui	a5,0x40012
     79e:	40078793          	addi	a5,a5,1024 # 40012400 <_eusrstack+0x20010400>
     7a2:	02f51063          	bne	a0,a5,7c2 <ADC_DeInit+0x28>
     7a6:	903ff2ef          	jal	t0,a8 <__riscv_save_0>
     7aa:	4585                	li	a1,1
     7ac:	20000513          	li	a0,512
     7b0:	793000ef          	jal	ra,1742 <RCC_PB2PeriphResetCmd>
     7b4:	4581                	li	a1,0
     7b6:	20000513          	li	a0,512
     7ba:	789000ef          	jal	ra,1742 <RCC_PB2PeriphResetCmd>
     7be:	8f5ff06f          	j	b2 <__riscv_restore_0>
     7c2:	8082                	ret

000007c4 <ADC_Init>:
     7c4:	4158                	lw	a4,4(a0)
     7c6:	fff107b7          	lui	a5,0xfff10
     7ca:	eff78793          	addi	a5,a5,-257 # fff0feff <_eusrstack+0xdff0deff>
     7ce:	8f7d                	and	a4,a4,a5
     7d0:	41dc                	lw	a5,4(a1)
     7d2:	4194                	lw	a3,0(a1)
     7d4:	07a2                	slli	a5,a5,0x8
     7d6:	8fd5                	or	a5,a5,a3
     7d8:	8fd9                	or	a5,a5,a4
     7da:	c15c                	sw	a5,4(a0)
     7dc:	4518                	lw	a4,8(a0)
     7de:	fff1f7b7          	lui	a5,0xfff1f
     7e2:	7fd78793          	addi	a5,a5,2045 # fff1f7fd <_eusrstack+0xdff1d7fd>
     7e6:	45d4                	lw	a3,12(a1)
     7e8:	8f7d                	and	a4,a4,a5
     7ea:	499c                	lw	a5,16(a1)
     7ec:	8fd5                	or	a5,a5,a3
     7ee:	4594                	lw	a3,8(a1)
     7f0:	0686                	slli	a3,a3,0x1
     7f2:	8fd5                	or	a5,a5,a3
     7f4:	8fd9                	or	a5,a5,a4
     7f6:	c51c                	sw	a5,8(a0)
     7f8:	5558                	lw	a4,44(a0)
     7fa:	ff1007b7          	lui	a5,0xff100
     7fe:	17fd                	addi	a5,a5,-1 # ff0fffff <_eusrstack+0xdf0fdfff>
     800:	8f7d                	and	a4,a4,a5
     802:	29dc                	lbu	a5,20(a1)
     804:	17fd                	addi	a5,a5,-1
     806:	0ff7f793          	zext.b	a5,a5
     80a:	07d2                	slli	a5,a5,0x14
     80c:	8fd9                	or	a5,a5,a4
     80e:	d55c                	sw	a5,44(a0)
     810:	8082                	ret

00000812 <ADC_Cmd>:
     812:	451c                	lw	a5,8(a0)
     814:	c589                	beqz	a1,81e <ADC_Cmd+0xc>
     816:	0017e793          	ori	a5,a5,1
     81a:	c51c                	sw	a5,8(a0)
     81c:	8082                	ret
     81e:	9bf9                	andi	a5,a5,-2
     820:	bfed                	j	81a <ADC_Cmd+0x8>

00000822 <ADC_DMACmd>:
     822:	451c                	lw	a5,8(a0)
     824:	c589                	beqz	a1,82e <ADC_DMACmd+0xc>
     826:	1007e793          	ori	a5,a5,256
     82a:	c51c                	sw	a5,8(a0)
     82c:	8082                	ret
     82e:	eff7f793          	andi	a5,a5,-257
     832:	bfe5                	j	82a <ADC_DMACmd+0x8>

00000834 <ADC_RegularChannelConfig>:
     834:	470d                	li	a4,3
     836:	02e58733          	mul	a4,a1,a4
     83a:	01052303          	lw	t1,16(a0)
     83e:	479d                	li	a5,7
     840:	00e797b3          	sll	a5,a5,a4
     844:	fff7c793          	not	a5,a5
     848:	0067f7b3          	and	a5,a5,t1
     84c:	00e696b3          	sll	a3,a3,a4
     850:	8edd                	or	a3,a3,a5
     852:	c914                	sw	a3,16(a0)
     854:	4799                	li	a5,6
     856:	02c7e263          	bltu	a5,a2,87a <ADC_RegularChannelConfig+0x46>
     85a:	4795                	li	a5,5
     85c:	167d                	addi	a2,a2,-1
     85e:	02f60633          	mul	a2,a2,a5
     862:	5958                	lw	a4,52(a0)
     864:	47fd                	li	a5,31
     866:	00c797b3          	sll	a5,a5,a2
     86a:	fff7c793          	not	a5,a5
     86e:	8ff9                	and	a5,a5,a4
     870:	00c59633          	sll	a2,a1,a2
     874:	8e5d                	or	a2,a2,a5
     876:	d950                	sw	a2,52(a0)
     878:	8082                	ret
     87a:	47b1                	li	a5,12
     87c:	02c7e263          	bltu	a5,a2,8a0 <ADC_RegularChannelConfig+0x6c>
     880:	4795                	li	a5,5
     882:	1665                	addi	a2,a2,-7
     884:	02f60633          	mul	a2,a2,a5
     888:	5918                	lw	a4,48(a0)
     88a:	47fd                	li	a5,31
     88c:	00c797b3          	sll	a5,a5,a2
     890:	fff7c793          	not	a5,a5
     894:	8ff9                	and	a5,a5,a4
     896:	00c59633          	sll	a2,a1,a2
     89a:	8e5d                	or	a2,a2,a5
     89c:	d910                	sw	a2,48(a0)
     89e:	8082                	ret
     8a0:	4795                	li	a5,5
     8a2:	164d                	addi	a2,a2,-13
     8a4:	02f60633          	mul	a2,a2,a5
     8a8:	5558                	lw	a4,44(a0)
     8aa:	47fd                	li	a5,31
     8ac:	00c797b3          	sll	a5,a5,a2
     8b0:	fff7c793          	not	a5,a5
     8b4:	8ff9                	and	a5,a5,a4
     8b6:	00c595b3          	sll	a1,a1,a2
     8ba:	8ddd                	or	a1,a1,a5
     8bc:	d54c                	sw	a1,44(a0)
     8be:	8082                	ret

000008c0 <ADC_ExternalTrigConvCmd>:
     8c0:	451c                	lw	a5,8(a0)
     8c2:	c591                	beqz	a1,8ce <ADC_ExternalTrigConvCmd+0xe>
     8c4:	00100737          	lui	a4,0x100
     8c8:	8fd9                	or	a5,a5,a4
     8ca:	c51c                	sw	a5,8(a0)
     8cc:	8082                	ret
     8ce:	fff00737          	lui	a4,0xfff00
     8d2:	177d                	addi	a4,a4,-1 # ffefffff <_eusrstack+0xdfefdfff>
     8d4:	8ff9                	and	a5,a5,a4
     8d6:	bfd5                	j	8ca <ADC_ExternalTrigConvCmd+0xa>

000008d8 <ADC_AutoInjectedConvCmd>:
     8d8:	415c                	lw	a5,4(a0)
     8da:	c589                	beqz	a1,8e4 <ADC_AutoInjectedConvCmd+0xc>
     8dc:	4007e793          	ori	a5,a5,1024
     8e0:	c15c                	sw	a5,4(a0)
     8e2:	8082                	ret
     8e4:	bff7f793          	andi	a5,a5,-1025
     8e8:	bfe5                	j	8e0 <ADC_AutoInjectedConvCmd+0x8>

000008ea <ADC_ExternalTrigInjectedConvConfig>:
     8ea:	451c                	lw	a5,8(a0)
     8ec:	7765                	lui	a4,0xffff9
     8ee:	177d                	addi	a4,a4,-1 # ffff8fff <_eusrstack+0xdfff6fff>
     8f0:	8ff9                	and	a5,a5,a4
     8f2:	8fcd                	or	a5,a5,a1
     8f4:	c51c                	sw	a5,8(a0)
     8f6:	8082                	ret

000008f8 <ADC_ExternalTrigInjectedConvCmd>:
     8f8:	451c                	lw	a5,8(a0)
     8fa:	c589                	beqz	a1,904 <ADC_ExternalTrigInjectedConvCmd+0xc>
     8fc:	6721                	lui	a4,0x8
     8fe:	8fd9                	or	a5,a5,a4
     900:	c51c                	sw	a5,8(a0)
     902:	8082                	ret
     904:	7761                	lui	a4,0xffff8
     906:	177d                	addi	a4,a4,-1 # ffff7fff <_eusrstack+0xdfff5fff>
     908:	8ff9                	and	a5,a5,a4
     90a:	bfdd                	j	900 <ADC_ExternalTrigInjectedConvCmd+0x8>

0000090c <ADC_SoftwareStartInjectedConvCmd>:
     90c:	451c                	lw	a5,8(a0)
     90e:	c591                	beqz	a1,91a <ADC_SoftwareStartInjectedConvCmd+0xe>
     910:	00208737          	lui	a4,0x208
     914:	8fd9                	or	a5,a5,a4
     916:	c51c                	sw	a5,8(a0)
     918:	8082                	ret
     91a:	ffdf8737          	lui	a4,0xffdf8
     91e:	177d                	addi	a4,a4,-1 # ffdf7fff <_eusrstack+0xdfdf5fff>
     920:	8ff9                	and	a5,a5,a4
     922:	bfd5                	j	916 <ADC_SoftwareStartInjectedConvCmd+0xa>

00000924 <ADC_InjectedChannelConfig>:
     924:	470d                	li	a4,3
     926:	02e58733          	mul	a4,a1,a4
     92a:	01052303          	lw	t1,16(a0)
     92e:	479d                	li	a5,7
     930:	00e797b3          	sll	a5,a5,a4
     934:	fff7c793          	not	a5,a5
     938:	0067f7b3          	and	a5,a5,t1
     93c:	00e696b3          	sll	a3,a3,a4
     940:	8edd                	or	a3,a3,a5
     942:	c914                	sw	a3,16(a0)
     944:	5d14                	lw	a3,56(a0)
     946:	00260793          	addi	a5,a2,2
     94a:	0146d713          	srli	a4,a3,0x14
     94e:	8b0d                	andi	a4,a4,3
     950:	8f99                	sub	a5,a5,a4
     952:	0ff7f793          	zext.b	a5,a5
     956:	4715                	li	a4,5
     958:	02e787b3          	mul	a5,a5,a4
     95c:	477d                	li	a4,31
     95e:	00f71733          	sll	a4,a4,a5
     962:	fff74713          	not	a4,a4
     966:	8f75                	and	a4,a4,a3
     968:	00f595b3          	sll	a1,a1,a5
     96c:	8dd9                	or	a1,a1,a4
     96e:	dd0c                	sw	a1,56(a0)
     970:	8082                	ret

00000972 <ADC_InjectedSequencerLengthConfig>:
     972:	5d1c                	lw	a5,56(a0)
     974:	ffd00737          	lui	a4,0xffd00
     978:	177d                	addi	a4,a4,-1 # ffcfffff <_eusrstack+0xdfcfdfff>
     97a:	15fd                	addi	a1,a1,-1
     97c:	8ff9                	and	a5,a5,a4
     97e:	05d2                	slli	a1,a1,0x14
     980:	8ddd                	or	a1,a1,a5
     982:	dd0c                	sw	a1,56(a0)
     984:	8082                	ret

00000986 <ADC_GetInjectedConversionValue>:
     986:	1171                	addi	sp,sp,-4
     988:	c002                	sw	zero,0(sp)
     98a:	c02a                	sw	a0,0(sp)
     98c:	4782                	lw	a5,0(sp)
     98e:	02878793          	addi	a5,a5,40
     992:	97ae                	add	a5,a5,a1
     994:	c03e                	sw	a5,0(sp)
     996:	4782                	lw	a5,0(sp)
     998:	4388                	lw	a0,0(a5)
     99a:	0111                	addi	sp,sp,4
     99c:	0542                	slli	a0,a0,0x10
     99e:	8141                	srli	a0,a0,0x10
     9a0:	8082                	ret

000009a2 <ADC_GetFlagStatus>:
     9a2:	411c                	lw	a5,0(a0)
     9a4:	00f5f533          	and	a0,a1,a5
     9a8:	00a03533          	snez	a0,a0
     9ac:	8082                	ret

000009ae <ADC_ClearFlag>:
     9ae:	fff5c593          	not	a1,a1
     9b2:	c10c                	sw	a1,0(a0)
     9b4:	8082                	ret

000009b6 <ADC_BufferCmd>:
     9b6:	415c                	lw	a5,4(a0)
     9b8:	c591                	beqz	a1,9c4 <ADC_BufferCmd+0xe>
     9ba:	04000737          	lui	a4,0x4000
     9be:	8fd9                	or	a5,a5,a4
     9c0:	c15c                	sw	a5,4(a0)
     9c2:	8082                	ret
     9c4:	fc000737          	lui	a4,0xfc000
     9c8:	177d                	addi	a4,a4,-1 # fbffffff <_eusrstack+0xdbffdfff>
     9ca:	8ff9                	and	a5,a5,a4
     9cc:	bfd5                	j	9c0 <ADC_BufferCmd+0xa>

000009ce <ADC_Sample_ModeConfig>:
     9ce:	493c                	lw	a5,80(a0)
     9d0:	9bf9                	andi	a5,a5,-2
     9d2:	c93c                	sw	a5,80(a0)
     9d4:	493c                	lw	a5,80(a0)
     9d6:	8fcd                	or	a5,a5,a1
     9d8:	c93c                	sw	a5,80(a0)
     9da:	8082                	ret

000009dc <DMA_DeInit>:
     9dc:	411c                	lw	a5,0(a0)
     9de:	6741                	lui	a4,0x10
     9e0:	1779                	addi	a4,a4,-2 # fffe <_data_lma+0x9042>
     9e2:	8ff9                	and	a5,a5,a4
     9e4:	c11c                	sw	a5,0(a0)
     9e6:	00052023          	sw	zero,0(a0)
     9ea:	00052223          	sw	zero,4(a0)
     9ee:	00052423          	sw	zero,8(a0)
     9f2:	400207b7          	lui	a5,0x40020
     9f6:	00052623          	sw	zero,12(a0)
     9fa:	00878713          	addi	a4,a5,8 # 40020008 <_eusrstack+0x2001e008>
     9fe:	00e51763          	bne	a0,a4,a0c <DMA_DeInit+0x30>
     a02:	43d8                	lw	a4,4(a5)
     a04:	00f76713          	ori	a4,a4,15
     a08:	c3d8                	sw	a4,4(a5)
     a0a:	8082                	ret
     a0c:	01c78713          	addi	a4,a5,28
     a10:	00e51663          	bne	a0,a4,a1c <DMA_DeInit+0x40>
     a14:	43d8                	lw	a4,4(a5)
     a16:	0f076713          	ori	a4,a4,240
     a1a:	b7fd                	j	a08 <DMA_DeInit+0x2c>
     a1c:	03078713          	addi	a4,a5,48
     a20:	00e51863          	bne	a0,a4,a30 <DMA_DeInit+0x54>
     a24:	43d8                	lw	a4,4(a5)
     a26:	6685                	lui	a3,0x1
     a28:	f0068693          	addi	a3,a3,-256 # f00 <GPIO_Init+0x46>
     a2c:	8f55                	or	a4,a4,a3
     a2e:	bfe9                	j	a08 <DMA_DeInit+0x2c>
     a30:	04478713          	addi	a4,a5,68
     a34:	00e51563          	bne	a0,a4,a3e <DMA_DeInit+0x62>
     a38:	43d8                	lw	a4,4(a5)
     a3a:	66bd                	lui	a3,0xf
     a3c:	bfc5                	j	a2c <DMA_DeInit+0x50>
     a3e:	05878713          	addi	a4,a5,88
     a42:	00e51663          	bne	a0,a4,a4e <DMA_DeInit+0x72>
     a46:	43d8                	lw	a4,4(a5)
     a48:	000f06b7          	lui	a3,0xf0
     a4c:	b7c5                	j	a2c <DMA_DeInit+0x50>
     a4e:	06c78713          	addi	a4,a5,108
     a52:	00e51663          	bne	a0,a4,a5e <DMA_DeInit+0x82>
     a56:	43d8                	lw	a4,4(a5)
     a58:	00f006b7          	lui	a3,0xf00
     a5c:	bfc1                	j	a2c <DMA_DeInit+0x50>
     a5e:	08078713          	addi	a4,a5,128
     a62:	fae514e3          	bne	a0,a4,a0a <DMA_DeInit+0x2e>
     a66:	43d8                	lw	a4,4(a5)
     a68:	0f0006b7          	lui	a3,0xf000
     a6c:	b7c1                	j	a2c <DMA_DeInit+0x50>

00000a6e <DMA_Init>:
     a6e:	4118                	lw	a4,0(a0)
     a70:	77e1                	lui	a5,0xffff8
     a72:	07bd                	addi	a5,a5,15 # ffff800f <_eusrstack+0xdfff600f>
     a74:	5194                	lw	a3,32(a1)
     a76:	8f7d                	and	a4,a4,a5
     a78:	459c                	lw	a5,8(a1)
     a7a:	8fd5                	or	a5,a5,a3
     a7c:	4994                	lw	a3,16(a1)
     a7e:	8fd5                	or	a5,a5,a3
     a80:	49d4                	lw	a3,20(a1)
     a82:	8fd5                	or	a5,a5,a3
     a84:	4d94                	lw	a3,24(a1)
     a86:	8fd5                	or	a5,a5,a3
     a88:	4dd4                	lw	a3,28(a1)
     a8a:	8fd5                	or	a5,a5,a3
     a8c:	51d4                	lw	a3,36(a1)
     a8e:	8fd5                	or	a5,a5,a3
     a90:	5594                	lw	a3,40(a1)
     a92:	8fd5                	or	a5,a5,a3
     a94:	8fd9                	or	a5,a5,a4
     a96:	c11c                	sw	a5,0(a0)
     a98:	45dc                	lw	a5,12(a1)
     a9a:	c15c                	sw	a5,4(a0)
     a9c:	419c                	lw	a5,0(a1)
     a9e:	c51c                	sw	a5,8(a0)
     aa0:	41dc                	lw	a5,4(a1)
     aa2:	c55c                	sw	a5,12(a0)
     aa4:	8082                	ret

00000aa6 <DMA_Cmd>:
     aa6:	411c                	lw	a5,0(a0)
     aa8:	c589                	beqz	a1,ab2 <DMA_Cmd+0xc>
     aaa:	0017e793          	ori	a5,a5,1
     aae:	c11c                	sw	a5,0(a0)
     ab0:	8082                	ret
     ab2:	6741                	lui	a4,0x10
     ab4:	1779                	addi	a4,a4,-2 # fffe <_data_lma+0x9042>
     ab6:	8ff9                	and	a5,a5,a4
     ab8:	bfdd                	j	aae <DMA_Cmd+0x8>

00000aba <DMA_ITConfig>:
     aba:	411c                	lw	a5,0(a0)
     abc:	c601                	beqz	a2,ac4 <DMA_ITConfig+0xa>
     abe:	8fcd                	or	a5,a5,a1
     ac0:	c11c                	sw	a5,0(a0)
     ac2:	8082                	ret
     ac4:	fff5c593          	not	a1,a1
     ac8:	8dfd                	and	a1,a1,a5
     aca:	c10c                	sw	a1,0(a0)
     acc:	8082                	ret

00000ace <DMA_GetFlagStatus>:
     ace:	400207b7          	lui	a5,0x40020
     ad2:	439c                	lw	a5,0(a5)
     ad4:	8d7d                	and	a0,a0,a5
     ad6:	00a03533          	snez	a0,a0
     ada:	8082                	ret

00000adc <DMA_ClearFlag>:
     adc:	400207b7          	lui	a5,0x40020
     ae0:	c3c8                	sw	a0,4(a5)
     ae2:	8082                	ret

00000ae4 <DMA_GetITStatus>:
     ae4:	b7ed                	j	ace <DMA_GetFlagStatus>

00000ae6 <DMA_ClearITPendingBit>:
     ae6:	400207b7          	lui	a5,0x40020
     aea:	c3c8                	sw	a0,4(a5)
     aec:	8082                	ret

00000aee <ROM_ERASE>:
     aee:	400226b7          	lui	a3,0x40022
     af2:	4a9c                	lw	a5,16(a3)
     af4:	7701                	lui	a4,0xfffe0
     af6:	fdf70713          	addi	a4,a4,-33 # fffdffdf <_eusrstack+0xdffddfdf>
     afa:	8ff9                	and	a5,a5,a4
     afc:	ca9c                	sw	a5,16(a3)
     afe:	67a1                	lui	a5,0x8
     b00:	00f61963          	bne	a2,a5,b12 <ROM_ERASE+0x24>
     b04:	40022737          	lui	a4,0x40022
     b08:	4b1c                	lw	a5,16(a4)
     b0a:	008006b7          	lui	a3,0x800
     b0e:	8fd5                	or	a5,a5,a3
     b10:	a811                	j	b24 <ROM_ERASE+0x36>
     b12:	40000793          	li	a5,1024
     b16:	02f61f63          	bne	a2,a5,b54 <ROM_ERASE+0x66>
     b1a:	40022737          	lui	a4,0x40022
     b1e:	4b1c                	lw	a5,16(a4)
     b20:	0027e793          	ori	a5,a5,2
     b24:	cb1c                	sw	a5,16(a4)
     b26:	400227b7          	lui	a5,0x40022
     b2a:	cbc8                	sw	a0,20(a5)
     b2c:	4b98                	lw	a4,16(a5)
     b2e:	04076713          	ori	a4,a4,64
     b32:	cb98                	sw	a4,16(a5)
     b34:	47d8                	lw	a4,12(a5)
     b36:	8b05                	andi	a4,a4,1
     b38:	ff75                	bnez	a4,b34 <ROM_ERASE+0x46>
     b3a:	6721                	lui	a4,0x8
     b3c:	15fd                	addi	a1,a1,-1
     b3e:	02e61563          	bne	a2,a4,b68 <ROM_ERASE+0x7a>
     b42:	4b98                	lw	a4,16(a5)
     b44:	ff8006b7          	lui	a3,0xff800
     b48:	16fd                	addi	a3,a3,-1 # ff7fffff <_eusrstack+0xdf7fdfff>
     b4a:	8f75                	and	a4,a4,a3
     b4c:	cb98                	sw	a4,16(a5)
     b4e:	9532                	add	a0,a0,a2
     b50:	f9d5                	bnez	a1,b04 <ROM_ERASE+0x16>
     b52:	8082                	ret
     b54:	10000793          	li	a5,256
     b58:	fcf617e3          	bne	a2,a5,b26 <ROM_ERASE+0x38>
     b5c:	40022737          	lui	a4,0x40022
     b60:	4b1c                	lw	a5,16(a4)
     b62:	000206b7          	lui	a3,0x20
     b66:	b765                	j	b0e <ROM_ERASE+0x20>
     b68:	40000713          	li	a4,1024
     b6c:	00e61963          	bne	a2,a4,b7e <ROM_ERASE+0x90>
     b70:	4b98                	lw	a4,16(a5)
     b72:	40050513          	addi	a0,a0,1024
     b76:	9b75                	andi	a4,a4,-3
     b78:	cb98                	sw	a4,16(a5)
     b7a:	fdc1                	bnez	a1,b12 <ROM_ERASE+0x24>
     b7c:	8082                	ret
     b7e:	10000713          	li	a4,256
     b82:	00e61b63          	bne	a2,a4,b98 <ROM_ERASE+0xaa>
     b86:	4b98                	lw	a4,16(a5)
     b88:	7681                	lui	a3,0xfffe0
     b8a:	16fd                	addi	a3,a3,-1 # fffdffff <_eusrstack+0xdffddfff>
     b8c:	8f75                	and	a4,a4,a3
     b8e:	cb98                	sw	a4,16(a5)
     b90:	10050513          	addi	a0,a0,256
     b94:	fdbd                	bnez	a1,b12 <ROM_ERASE+0x24>
     b96:	8082                	ret
     b98:	fdad                	bnez	a1,b12 <ROM_ERASE+0x24>
     b9a:	8082                	ret

00000b9c <FLASH_Unlock_Fast>:
     b9c:	456706b7          	lui	a3,0x45670
     ba0:	400227b7          	lui	a5,0x40022
     ba4:	12368693          	addi	a3,a3,291 # 45670123 <_eusrstack+0x2566e123>
     ba8:	cdef9737          	lui	a4,0xcdef9
     bac:	c3d4                	sw	a3,4(a5)
     bae:	9ab70713          	addi	a4,a4,-1621 # cdef89ab <_eusrstack+0xadef69ab>
     bb2:	c3d8                	sw	a4,4(a5)
     bb4:	d3d4                	sw	a3,36(a5)
     bb6:	d3d8                	sw	a4,36(a5)
     bb8:	8082                	ret

00000bba <FLASH_ErasePage_Fast>:
     bba:	f8000737          	lui	a4,0xf8000
     bbe:	67bd                	lui	a5,0xf
     bc0:	972a                	add	a4,a4,a0
     bc2:	7ff78793          	addi	a5,a5,2047 # f7ff <_data_lma+0x8843>
     bc6:	02e7ec63          	bltu	a5,a4,bfe <FLASH_ErasePage_Fast+0x44>
     bca:	400227b7          	lui	a5,0x40022
     bce:	4b98                	lw	a4,16(a5)
     bd0:	7681                	lui	a3,0xfffe0
     bd2:	fdf68693          	addi	a3,a3,-33 # fffdffdf <_eusrstack+0xdffddfdf>
     bd6:	8f75                	and	a4,a4,a3
     bd8:	cb98                	sw	a4,16(a5)
     bda:	4b98                	lw	a4,16(a5)
     bdc:	000206b7          	lui	a3,0x20
     be0:	8f55                	or	a4,a4,a3
     be2:	cb98                	sw	a4,16(a5)
     be4:	cbc8                	sw	a0,20(a5)
     be6:	4b98                	lw	a4,16(a5)
     be8:	04076713          	ori	a4,a4,64
     bec:	cb98                	sw	a4,16(a5)
     bee:	47d8                	lw	a4,12(a5)
     bf0:	8b05                	andi	a4,a4,1
     bf2:	ff75                	bnez	a4,bee <FLASH_ErasePage_Fast+0x34>
     bf4:	4b98                	lw	a4,16(a5)
     bf6:	7681                	lui	a3,0xfffe0
     bf8:	16fd                	addi	a3,a3,-1 # fffdffff <_eusrstack+0xdffddfff>
     bfa:	8f75                	and	a4,a4,a3
     bfc:	cb98                	sw	a4,16(a5)
     bfe:	8082                	ret

00000c00 <FLASH_ROM_ERASE>:
     c00:	f80006b7          	lui	a3,0xf8000
     c04:	673d                	lui	a4,0xf
     c06:	96aa                	add	a3,a3,a0
     c08:	7ff70713          	addi	a4,a4,2047 # f7ff <_data_lma+0x8843>
     c0c:	1ad76463          	bltu	a4,a3,db4 <FLASH_ROM_ERASE+0x1b4>
     c10:	080106b7          	lui	a3,0x8010
     c14:	00b50633          	add	a2,a0,a1
     c18:	80068693          	addi	a3,a3,-2048 # 800f800 <_data_lma+0x8008844>
     c1c:	87aa                	mv	a5,a0
     c1e:	0fd00713          	li	a4,253
     c22:	18c6eb63          	bltu	a3,a2,db8 <FLASH_ROM_ERASE+0x1b8>
     c26:	c82ff2ef          	jal	t0,a8 <__riscv_save_0>
     c2a:	00b564b3          	or	s1,a0,a1
     c2e:	0ff4f493          	zext.b	s1,s1
     c32:	1141                	addi	sp,sp,-16
     c34:	0fe00713          	li	a4,254
     c38:	14049263          	bnez	s1,d7c <FLASH_ROM_ERASE+0x17c>
     c3c:	14058063          	beqz	a1,d7c <FLASH_ROM_ERASE+0x17c>
     c40:	45670637          	lui	a2,0x45670
     c44:	40022737          	lui	a4,0x40022
     c48:	12360613          	addi	a2,a2,291 # 45670123 <_eusrstack+0x2566e123>
     c4c:	cdef96b7          	lui	a3,0xcdef9
     c50:	c350                	sw	a2,4(a4)
     c52:	9ab68693          	addi	a3,a3,-1621 # cdef89ab <_eusrstack+0xadef69ab>
     c56:	c354                	sw	a3,4(a4)
     c58:	d350                	sw	a2,36(a4)
     c5a:	d354                	sw	a3,36(a4)
     c5c:	6621                	lui	a2,0x8
     c5e:	04c5ef63          	bltu	a1,a2,cbc <FLASH_ROM_ERASE+0xbc>
     c62:	fff60313          	addi	t1,a2,-1 # 7fff <_data_lma+0x1043>
     c66:	00657333          	and	t1,a0,t1
     c6a:	406606b3          	sub	a3,a2,t1
     c6e:	40c58433          	sub	s0,a1,a2
     c72:	00d50733          	add	a4,a0,a3
     c76:	941a                	add	s0,s0,t1
     c78:	10c68663          	beq	a3,a2,d84 <FLASH_ROM_ERASE+0x184>
     c7c:	84b6                	mv	s1,a3
     c7e:	04c46d63          	bltu	s0,a2,cd8 <FLASH_ROM_ERASE+0xd8>
     c82:	00870633          	add	a2,a4,s0
     c86:	01161593          	slli	a1,a2,0x11
     c8a:	0115d293          	srli	t0,a1,0x11
     c8e:	833a                	mv	t1,a4
     c90:	c581                	beqz	a1,c98 <FLASH_ROM_ERASE+0x98>
     c92:	7361                	lui	t1,0xffff8
     c94:	00667333          	and	t1,a2,t1
     c98:	405405b3          	sub	a1,s0,t0
     c9c:	853a                	mv	a0,a4
     c9e:	6621                	lui	a2,0x8
     ca0:	81bd                	srli	a1,a1,0xf
     ca2:	c63e                	sw	a5,12(sp)
     ca4:	c436                	sw	a3,8(sp)
     ca6:	c21a                	sw	t1,4(sp)
     ca8:	c016                	sw	t0,0(sp)
     caa:	3591                	jal	aee <ROM_ERASE>
     cac:	46a2                	lw	a3,8(sp)
     cae:	4282                	lw	t0,0(sp)
     cb0:	4312                	lw	t1,4(sp)
     cb2:	47b2                	lw	a5,12(sp)
     cb4:	84b6                	mv	s1,a3
     cb6:	8416                	mv	s0,t0
     cb8:	871a                	mv	a4,t1
     cba:	a839                	j	cd8 <FLASH_ROM_ERASE+0xd8>
     cbc:	3ff00713          	li	a4,1023
     cc0:	08b77b63          	bgeu	a4,a1,d56 <FLASH_ROM_ERASE+0x156>
     cc4:	3ff57693          	andi	a3,a0,1023
     cc8:	40000493          	li	s1,1024
     ccc:	8c95                	sub	s1,s1,a3
     cce:	c0058413          	addi	s0,a1,-1024
     cd2:	00950733          	add	a4,a0,s1
     cd6:	9436                	add	s0,s0,a3
     cd8:	3ff00693          	li	a3,1023
     cdc:	0296f863          	bgeu	a3,s1,d0c <FLASH_ROM_ERASE+0x10c>
     ce0:	3ff7f693          	andi	a3,a5,1023
     ce4:	c689                	beqz	a3,cee <FLASH_ROM_ERASE+0xee>
     ce6:	40000613          	li	a2,1024
     cea:	40d606b3          	sub	a3,a2,a3
     cee:	40d485b3          	sub	a1,s1,a3
     cf2:	00f68533          	add	a0,a3,a5
     cf6:	40000613          	li	a2,1024
     cfa:	81a9                	srli	a1,a1,0xa
     cfc:	c43a                	sw	a4,8(sp)
     cfe:	c23e                	sw	a5,4(sp)
     d00:	c036                	sw	a3,0(sp)
     d02:	33f5                	jal	aee <ROM_ERASE>
     d04:	4682                	lw	a3,0(sp)
     d06:	4722                	lw	a4,8(sp)
     d08:	4792                	lw	a5,4(sp)
     d0a:	84b6                	mv	s1,a3
     d0c:	3ff00693          	li	a3,1023
     d10:	0286f963          	bgeu	a3,s0,d42 <FLASH_ROM_ERASE+0x142>
     d14:	00e40633          	add	a2,s0,a4
     d18:	3ff67693          	andi	a3,a2,1023
     d1c:	833a                	mv	t1,a4
     d1e:	c299                	beqz	a3,d24 <FLASH_ROM_ERASE+0x124>
     d20:	c0067313          	andi	t1,a2,-1024
     d24:	40d405b3          	sub	a1,s0,a3
     d28:	853a                	mv	a0,a4
     d2a:	40000613          	li	a2,1024
     d2e:	81a9                	srli	a1,a1,0xa
     d30:	c43e                	sw	a5,8(sp)
     d32:	c21a                	sw	t1,4(sp)
     d34:	c036                	sw	a3,0(sp)
     d36:	3b65                	jal	aee <ROM_ERASE>
     d38:	4682                	lw	a3,0(sp)
     d3a:	4312                	lw	t1,4(sp)
     d3c:	47a2                	lw	a5,8(sp)
     d3e:	8436                	mv	s0,a3
     d40:	871a                	mv	a4,t1
     d42:	c0a5                	beqz	s1,da2 <FLASH_ROM_ERASE+0x1a2>
     d44:	10000613          	li	a2,256
     d48:	0084d593          	srli	a1,s1,0x8
     d4c:	853e                	mv	a0,a5
     d4e:	c03a                	sw	a4,0(sp)
     d50:	3b79                	jal	aee <ROM_ERASE>
     d52:	4702                	lw	a4,0(sp)
     d54:	a0b9                	j	da2 <FLASH_ROM_ERASE+0x1a2>
     d56:	0ff00793          	li	a5,255
     d5a:	00b7f663          	bgeu	a5,a1,d66 <FLASH_ROM_ERASE+0x166>
     d5e:	10000613          	li	a2,256
     d62:	81a1                	srli	a1,a1,0x8
     d64:	3369                	jal	aee <ROM_ERASE>
     d66:	400227b7          	lui	a5,0x40022
     d6a:	4b98                	lw	a4,16(a5)
     d6c:	66a1                	lui	a3,0x8
     d6e:	8f55                	or	a4,a4,a3
     d70:	cb98                	sw	a4,16(a5)
     d72:	4b98                	lw	a4,16(a5)
     d74:	08076713          	ori	a4,a4,128
     d78:	cb98                	sw	a4,16(a5)
     d7a:	4711                	li	a4,4
     d7c:	853a                	mv	a0,a4
     d7e:	0141                	addi	sp,sp,16
     d80:	b32ff06f          	j	b2 <__riscv_restore_0>
     d84:	6621                	lui	a2,0x8
     d86:	4585                	li	a1,1
     d88:	c236                	sw	a3,4(sp)
     d8a:	c03a                	sw	a4,0(sp)
     d8c:	c42a                	sw	a0,8(sp)
     d8e:	3385                	jal	aee <ROM_ERASE>
     d90:	4692                	lw	a3,4(sp)
     d92:	4702                	lw	a4,0(sp)
     d94:	47a2                	lw	a5,8(sp)
     d96:	00d47d63          	bgeu	s0,a3,db0 <FLASH_ROM_ERASE+0x1b0>
     d9a:	3ff00693          	li	a3,1023
     d9e:	f686ebe3          	bltu	a3,s0,d14 <FLASH_ROM_ERASE+0x114>
     da2:	d071                	beqz	s0,d66 <FLASH_ROM_ERASE+0x166>
     da4:	10000613          	li	a2,256
     da8:	00845593          	srli	a1,s0,0x8
     dac:	853a                	mv	a0,a4
     dae:	bf5d                	j	d64 <FLASH_ROM_ERASE+0x164>
     db0:	4681                	li	a3,0
     db2:	bdc1                	j	c82 <FLASH_ROM_ERASE+0x82>
     db4:	0ff00713          	li	a4,255
     db8:	853a                	mv	a0,a4
     dba:	8082                	ret

00000dbc <FLASH_ROM_WRITE>:
     dbc:	f80006b7          	lui	a3,0xf8000
     dc0:	673d                	lui	a4,0xf
     dc2:	96aa                	add	a3,a3,a0
     dc4:	7ff70713          	addi	a4,a4,2047 # f7ff <_data_lma+0x8843>
     dc8:	0ed76563          	bltu	a4,a3,eb2 <FLASH_ROM_WRITE+0xf6>
     dcc:	08010737          	lui	a4,0x8010
     dd0:	00c506b3          	add	a3,a0,a2
     dd4:	80070713          	addi	a4,a4,-2048 # 800f800 <_data_lma+0x8008844>
     dd8:	87aa                	mv	a5,a0
     dda:	0fd00513          	li	a0,253
     dde:	0cd76d63          	bltu	a4,a3,eb8 <FLASH_ROM_WRITE+0xfc>
     de2:	00c7e733          	or	a4,a5,a2
     de6:	0ff77713          	zext.b	a4,a4
     dea:	0fe00513          	li	a0,254
     dee:	e769                	bnez	a4,eb8 <FLASH_ROM_WRITE+0xfc>
     df0:	c661                	beqz	a2,eb8 <FLASH_ROM_WRITE+0xfc>
     df2:	1151                	addi	sp,sp,-12
     df4:	45670537          	lui	a0,0x45670
     df8:	40022737          	lui	a4,0x40022
     dfc:	c422                	sw	s0,8(sp)
     dfe:	c226                	sw	s1,4(sp)
     e00:	12350513          	addi	a0,a0,291 # 45670123 <_eusrstack+0x2566e123>
     e04:	cdef96b7          	lui	a3,0xcdef9
     e08:	c348                	sw	a0,4(a4)
     e0a:	9ab68693          	addi	a3,a3,-1621 # cdef89ab <_eusrstack+0xadef69ab>
     e0e:	c354                	sw	a3,4(a4)
     e10:	d348                	sw	a0,36(a4)
     e12:	d354                	sw	a3,36(a4)
     e14:	4b14                	lw	a3,16(a4)
     e16:	7501                	lui	a0,0xfffe0
     e18:	fdf50513          	addi	a0,a0,-33 # fffdffdf <_eusrstack+0xdffddfdf>
     e1c:	8ee9                	and	a3,a3,a0
     e1e:	cb14                	sw	a3,16(a4)
     e20:	7741                	lui	a4,0xffff0
     e22:	177d                	addi	a4,a4,-1 # fffeffff <_eusrstack+0xdffedfff>
     e24:	853e                	mv	a0,a5
     e26:	8d9d                	sub	a1,a1,a5
     e28:	8221                	srli	a2,a2,0x8
     e2a:	400227b7          	lui	a5,0x40022
     e2e:	66c1                	lui	a3,0x10
     e30:	00040337          	lui	t1,0x40
     e34:	c03a                	sw	a4,0(sp)
     e36:	4b98                	lw	a4,16(a5)
     e38:	00080437          	lui	s0,0x80
     e3c:	00a583b3          	add	t2,a1,a0
     e40:	8f55                	or	a4,a4,a3
     e42:	cb98                	sw	a4,16(a5)
     e44:	4b98                	lw	a4,16(a5)
     e46:	8f41                	or	a4,a4,s0
     e48:	cb98                	sw	a4,16(a5)
     e4a:	47d8                	lw	a4,12(a5)
     e4c:	8b05                	andi	a4,a4,1
     e4e:	ff75                	bnez	a4,e4a <FLASH_ROM_WRITE+0x8e>
     e50:	10000293          	li	t0,256
     e54:	00e38433          	add	s0,t2,a4
     e58:	4004                	lw	s1,0(s0)
     e5a:	00e50433          	add	s0,a0,a4
     e5e:	c004                	sw	s1,0(s0)
     e60:	4b80                	lw	s0,16(a5)
     e62:	00646433          	or	s0,s0,t1
     e66:	cb80                	sw	s0,16(a5)
     e68:	47c0                	lw	s0,12(a5)
     e6a:	8805                	andi	s0,s0,1
     e6c:	fc75                	bnez	s0,e68 <FLASH_ROM_WRITE+0xac>
     e6e:	0711                	addi	a4,a4,4
     e70:	fe5712e3          	bne	a4,t0,e54 <FLASH_ROM_WRITE+0x98>
     e74:	cbc8                	sw	a0,20(a5)
     e76:	4b98                	lw	a4,16(a5)
     e78:	10050293          	addi	t0,a0,256
     e7c:	04076713          	ori	a4,a4,64
     e80:	cb98                	sw	a4,16(a5)
     e82:	47d8                	lw	a4,12(a5)
     e84:	8b05                	andi	a4,a4,1
     e86:	ff75                	bnez	a4,e82 <FLASH_ROM_WRITE+0xc6>
     e88:	4b98                	lw	a4,16(a5)
     e8a:	4502                	lw	a0,0(sp)
     e8c:	167d                	addi	a2,a2,-1 # 7fff <_data_lma+0x1043>
     e8e:	8f69                	and	a4,a4,a0
     e90:	cb98                	sw	a4,16(a5)
     e92:	ee11                	bnez	a2,eae <FLASH_ROM_WRITE+0xf2>
     e94:	4b98                	lw	a4,16(a5)
     e96:	66a1                	lui	a3,0x8
     e98:	4422                	lw	s0,8(sp)
     e9a:	8f55                	or	a4,a4,a3
     e9c:	cb98                	sw	a4,16(a5)
     e9e:	4b98                	lw	a4,16(a5)
     ea0:	4492                	lw	s1,4(sp)
     ea2:	4511                	li	a0,4
     ea4:	08076713          	ori	a4,a4,128
     ea8:	cb98                	sw	a4,16(a5)
     eaa:	0131                	addi	sp,sp,12
     eac:	8082                	ret
     eae:	8516                	mv	a0,t0
     eb0:	b759                	j	e36 <FLASH_ROM_WRITE+0x7a>
     eb2:	0ff00513          	li	a0,255
     eb6:	8082                	ret
     eb8:	8082                	ret

00000eba <GPIO_Init>:
     eba:	4594                	lw	a3,8(a1)
     ebc:	0106f793          	andi	a5,a3,16
     ec0:	00f6f313          	andi	t1,a3,15
     ec4:	c781                	beqz	a5,ecc <GPIO_Init+0x12>
     ec6:	41dc                	lw	a5,4(a1)
     ec8:	00f36333          	or	t1,t1,a5
     ecc:	0005d283          	lhu	t0,0(a1)
     ed0:	0ff2f793          	zext.b	a5,t0
     ed4:	cfa9                	beqz	a5,f2e <GPIO_Init+0x74>
     ed6:	410c                	lw	a1,0(a0)
     ed8:	1161                	addi	sp,sp,-8
     eda:	c222                	sw	s0,4(sp)
     edc:	c026                	sw	s1,0(sp)
     ede:	4781                	li	a5,0
     ee0:	02800393          	li	t2,40
     ee4:	443d                	li	s0,15
     ee6:	04800493          	li	s1,72
     eea:	4705                	li	a4,1
     eec:	00f71733          	sll	a4,a4,a5
     ef0:	00e2f633          	and	a2,t0,a4
     ef4:	02c71063          	bne	a4,a2,f14 <GPIO_Init+0x5a>
     ef8:	02769763          	bne	a3,t2,f26 <GPIO_Init+0x6c>
     efc:	c958                	sw	a4,20(a0)
     efe:	00279613          	slli	a2,a5,0x2
     f02:	00c41733          	sll	a4,s0,a2
     f06:	fff74713          	not	a4,a4
     f0a:	8f6d                	and	a4,a4,a1
     f0c:	00c31633          	sll	a2,t1,a2
     f10:	00e665b3          	or	a1,a2,a4
     f14:	0785                	addi	a5,a5,1 # 40022001 <_eusrstack+0x20020001>
     f16:	4721                	li	a4,8
     f18:	fce799e3          	bne	a5,a4,eea <GPIO_Init+0x30>
     f1c:	4412                	lw	s0,4(sp)
     f1e:	c10c                	sw	a1,0(a0)
     f20:	4482                	lw	s1,0(sp)
     f22:	0121                	addi	sp,sp,8
     f24:	8082                	ret
     f26:	fc969ce3          	bne	a3,s1,efe <GPIO_Init+0x44>
     f2a:	c918                	sw	a4,16(a0)
     f2c:	bfc9                	j	efe <GPIO_Init+0x44>
     f2e:	8082                	ret

00000f30 <GPIO_ReadInputDataBit>:
     f30:	451c                	lw	a5,8(a0)
     f32:	00f5f533          	and	a0,a1,a5
     f36:	00a03533          	snez	a0,a0
     f3a:	8082                	ret

00000f3c <GPIO_SetBits>:
     f3c:	c90c                	sw	a1,16(a0)
     f3e:	8082                	ret

00000f40 <GPIO_PinRemapConfig>:
     f40:	40010337          	lui	t1,0x40010
     f44:	080007b7          	lui	a5,0x8000
     f48:	00c32683          	lw	a3,12(t1) # 4001000c <_eusrstack+0x2000e00c>
     f4c:	01055613          	srli	a2,a0,0x10
     f50:	01051713          	slli	a4,a0,0x10
     f54:	8fe9                	and	a5,a5,a0
     f56:	8a3d                	andi	a2,a2,15
     f58:	8341                	srli	a4,a4,0x10
     f5a:	c7bd                	beqz	a5,fc8 <GPIO_PinRemapConfig+0x88>
     f5c:	003007b7          	lui	a5,0x300
     f60:	00f572b3          	and	t0,a0,a5
     f64:	02f29463          	bne	t0,a5,f8c <GPIO_PinRemapConfig+0x4c>
     f68:	f9000637          	lui	a2,0xf9000
     f6c:	167d                	addi	a2,a2,-1 # f8ffffff <_eusrstack+0xd8ffdfff>
     f6e:	00c6f7b3          	and	a5,a3,a2
     f72:	00c32683          	lw	a3,12(t1)
     f76:	8ef1                	and	a3,a3,a2
     f78:	00d32623          	sw	a3,12(t1)
     f7c:	c595                	beqz	a1,fa8 <GPIO_PinRemapConfig+0x68>
     f7e:	8145                	srli	a0,a0,0x11
     f80:	07057513          	andi	a0,a0,112
     f84:	00a71733          	sll	a4,a4,a0
     f88:	8fd9                	or	a5,a5,a4
     f8a:	a839                	j	fa8 <GPIO_PinRemapConfig+0x68>
     f8c:	004007b7          	lui	a5,0x400
     f90:	8fe9                	and	a5,a5,a0
     f92:	cf99                	beqz	a5,fb0 <GPIO_PinRemapConfig+0x70>
     f94:	479d                	li	a5,7
     f96:	00c797b3          	sll	a5,a5,a2
     f9a:	fff7c793          	not	a5,a5
     f9e:	8ff5                	and	a5,a5,a3
     fa0:	c581                	beqz	a1,fa8 <GPIO_PinRemapConfig+0x68>
     fa2:	00c71633          	sll	a2,a4,a2
     fa6:	8fd1                	or	a5,a5,a2
     fa8:	40010737          	lui	a4,0x40010
     fac:	c75c                	sw	a5,12(a4)
     fae:	8082                	ret
     fb0:	002007b7          	lui	a5,0x200
     fb4:	00f29363          	bne	t0,a5,fba <GPIO_PinRemapConfig+0x7a>
     fb8:	0641                	addi	a2,a2,16
     fba:	479d                	li	a5,7
     fbc:	00c797b3          	sll	a5,a5,a2
     fc0:	fff7c793          	not	a5,a5
     fc4:	8ff5                	and	a5,a5,a3
     fc6:	bf5d                	j	f7c <GPIO_PinRemapConfig+0x3c>
     fc8:	001007b7          	lui	a5,0x100
     fcc:	8fe9                	and	a5,a5,a0
     fce:	c399                	beqz	a5,fd4 <GPIO_PinRemapConfig+0x94>
     fd0:	47bd                	li	a5,15
     fd2:	b7ed                	j	fbc <GPIO_PinRemapConfig+0x7c>
     fd4:	01155793          	srli	a5,a0,0x11
     fd8:	0707f793          	andi	a5,a5,112
     fdc:	00f717b3          	sll	a5,a4,a5
     fe0:	b7c5                	j	fc0 <GPIO_PinRemapConfig+0x80>

00000fe2 <GPIO_IPD_Unused>:
     fe2:	8c6ff2ef          	jal	t0,a8 <__riscv_save_0>
     fe6:	1151                	addi	sp,sp,-12
     fe8:	4585                	li	a1,1
     fea:	03c00513          	li	a0,60
     fee:	c002                	sw	zero,0(sp)
     ff0:	c202                	sw	zero,4(sp)
     ff2:	c402                	sw	zero,8(sp)
     ff4:	2f09                	jal	1706 <RCC_PB2PeriphClockCmd>
     ff6:	1ffff7b7          	lui	a5,0x1ffff
     ffa:	7047a703          	lw	a4,1796(a5) # 1ffff704 <_data_lma+0x1fff8748>
     ffe:	005206b7          	lui	a3,0x520
    1002:	60068693          	addi	a3,a3,1536 # 520600 <_data_lma+0x519644>
    1006:	f0f77793          	andi	a5,a4,-241
    100a:	0ad78663          	beq	a5,a3,10b6 <GPIO_IPD_Unused+0xd4>
    100e:	0cf6e263          	bltu	a3,a5,10d2 <GPIO_IPD_Unused+0xf0>
    1012:	002406b7          	lui	a3,0x240
    1016:	60068693          	addi	a3,a3,1536 # 240600 <_data_lma+0x239644>
    101a:	20d78063          	beq	a5,a3,121a <GPIO_IPD_Unused+0x238>
    101e:	04f6e063          	bltu	a3,a5,105e <GPIO_IPD_Unused+0x7c>
    1022:	002206b7          	lui	a3,0x220
    1026:	60068693          	addi	a3,a3,1536 # 220600 <_data_lma+0x219644>
    102a:	24d78f63          	beq	a5,a3,1288 <GPIO_IPD_Unused+0x2a6>
    102e:	00f6ef63          	bltu	a3,a5,104c <GPIO_IPD_Unused+0x6a>
    1032:	77c1                	lui	a5,0xffff0
    1034:	f0f78793          	addi	a5,a5,-241 # fffeff0f <_eusrstack+0xdffedf0f>
    1038:	8ff9                	and	a5,a5,a4
    103a:	00200737          	lui	a4,0x200
    103e:	60070713          	addi	a4,a4,1536 # 200600 <_data_lma+0x1f9644>
    1042:	00e79b63          	bne	a5,a4,1058 <GPIO_IPD_Unused+0x76>
    1046:	0f900793          	li	a5,249
    104a:	a835                	j	1086 <GPIO_IPD_Unused+0xa4>
    104c:	00230737          	lui	a4,0x230
    1050:	60070713          	addi	a4,a4,1536 # 230600 <_data_lma+0x229644>
    1054:	20e78463          	beq	a5,a4,125c <GPIO_IPD_Unused+0x27a>
    1058:	0131                	addi	sp,sp,12
    105a:	858ff06f          	j	b2 <__riscv_restore_0>
    105e:	005006b7          	lui	a3,0x500
    1062:	60068693          	addi	a3,a3,1536 # 500600 <_data_lma+0x4f9644>
    1066:	1ad78363          	beq	a5,a3,120c <GPIO_IPD_Unused+0x22a>
    106a:	04f6e063          	bltu	a3,a5,10aa <GPIO_IPD_Unused+0xc8>
    106e:	77c1                	lui	a5,0xffff0
    1070:	f0f78793          	addi	a5,a5,-241 # fffeff0f <_eusrstack+0xdffedf0f>
    1074:	8f7d                	and	a4,a4,a5
    1076:	004007b7          	lui	a5,0x400
    107a:	60078793          	addi	a5,a5,1536 # 400600 <_data_lma+0x3f9644>
    107e:	fce79de3          	bne	a5,a4,1058 <GPIO_IPD_Unused+0x76>
    1082:	0e900793          	li	a5,233
    1086:	40011437          	lui	s0,0x40011
    108a:	807c                	sh	a5,0(sp)
    108c:	858a                	mv	a1,sp
    108e:	02800793          	li	a5,40
    1092:	80040513          	addi	a0,s0,-2048 # 40010800 <_eusrstack+0x2000e800>
    1096:	c43e                	sw	a5,8(sp)
    1098:	350d                	jal	eba <GPIO_Init>
    109a:	07f00793          	li	a5,127
    109e:	807c                	sh	a5,0(sp)
    10a0:	858a                	mv	a1,sp
    10a2:	c0040513          	addi	a0,s0,-1024
    10a6:	3d11                	jal	eba <GPIO_Init>
    10a8:	bf45                	j	1058 <GPIO_IPD_Unused+0x76>
    10aa:	00510737          	lui	a4,0x510
    10ae:	60070713          	addi	a4,a4,1536 # 510600 <_data_lma+0x509644>
    10b2:	fae793e3          	bne	a5,a4,1058 <GPIO_IPD_Unused+0x76>
    10b6:	06900793          	li	a5,105
    10ba:	40011437          	lui	s0,0x40011
    10be:	807c                	sh	a5,0(sp)
    10c0:	858a                	mv	a1,sp
    10c2:	02800793          	li	a5,40
    10c6:	80040513          	addi	a0,s0,-2048 # 40010800 <_eusrstack+0x2000e800>
    10ca:	c43e                	sw	a5,8(sp)
    10cc:	33fd                	jal	eba <GPIO_Init>
    10ce:	47ad                	li	a5,11
    10d0:	b7f9                	j	109e <GPIO_IPD_Unused+0xbc>
    10d2:	00640737          	lui	a4,0x640
    10d6:	60070713          	addi	a4,a4,1536 # 640600 <_data_lma+0x639644>
    10da:	f6e786e3          	beq	a5,a4,1046 <GPIO_IPD_Unused+0x64>
    10de:	06f76163          	bltu	a4,a5,1140 <GPIO_IPD_Unused+0x15e>
    10e2:	00620737          	lui	a4,0x620
    10e6:	60070713          	addi	a4,a4,1536 # 620600 <_data_lma+0x619644>
    10ea:	f8e78ce3          	beq	a5,a4,1082 <GPIO_IPD_Unused+0xa0>
    10ee:	04f76463          	bltu	a4,a5,1136 <GPIO_IPD_Unused+0x154>
    10f2:	00530737          	lui	a4,0x530
    10f6:	60070713          	addi	a4,a4,1536 # 530600 <_data_lma+0x529644>
    10fa:	0ce78d63          	beq	a5,a4,11d4 <GPIO_IPD_Unused+0x1f2>
    10fe:	00610737          	lui	a4,0x610
    1102:	60070713          	addi	a4,a4,1536 # 610600 <_data_lma+0x609644>
    1106:	f4e799e3          	bne	a5,a4,1058 <GPIO_IPD_Unused+0x76>
    110a:	08000793          	li	a5,128
    110e:	40011437          	lui	s0,0x40011
    1112:	807c                	sh	a5,0(sp)
    1114:	858a                	mv	a1,sp
    1116:	02800793          	li	a5,40
    111a:	80040513          	addi	a0,s0,-2048 # 40010800 <_eusrstack+0x2000e800>
    111e:	c43e                	sw	a5,8(sp)
    1120:	3b69                	jal	eba <GPIO_Init>
    1122:	07400793          	li	a5,116
    1126:	858a                	mv	a1,sp
    1128:	c0040513          	addi	a0,s0,-1024
    112c:	807c                	sh	a5,0(sp)
    112e:	3371                	jal	eba <GPIO_Init>
    1130:	0c800793          	li	a5,200
    1134:	a0ad                	j	119e <GPIO_IPD_Unused+0x1bc>
    1136:	00630737          	lui	a4,0x630
    113a:	60070713          	addi	a4,a4,1536 # 630600 <_data_lma+0x629644>
    113e:	b781                	j	107e <GPIO_IPD_Unused+0x9c>
    1140:	00731737          	lui	a4,0x731
    1144:	80070713          	addi	a4,a4,-2048 # 730800 <_data_lma+0x729844>
    1148:	02e78663          	beq	a5,a4,1174 <GPIO_IPD_Unused+0x192>
    114c:	00f76b63          	bltu	a4,a5,1162 <GPIO_IPD_Unused+0x180>
    1150:	00701737          	lui	a4,0x701
    1154:	80070713          	addi	a4,a4,-2048 # 700800 <_data_lma+0x6f9844>
    1158:	04e78863          	beq	a5,a4,11a8 <GPIO_IPD_Unused+0x1c6>
    115c:	00710737          	lui	a4,0x710
    1160:	b74d                	j	1102 <GPIO_IPD_Unused+0x120>
    1162:	00741737          	lui	a4,0x741
    1166:	80070713          	addi	a4,a4,-2048 # 740800 <_data_lma+0x739844>
    116a:	eee797e3          	bne	a5,a4,1058 <GPIO_IPD_Unused+0x76>
    116e:	0c000793          	li	a5,192
    1172:	bf71                	j	110e <GPIO_IPD_Unused+0x12c>
    1174:	0c000793          	li	a5,192
    1178:	40011437          	lui	s0,0x40011
    117c:	807c                	sh	a5,0(sp)
    117e:	858a                	mv	a1,sp
    1180:	02800793          	li	a5,40
    1184:	80040513          	addi	a0,s0,-2048 # 40010800 <_eusrstack+0x2000e800>
    1188:	c43e                	sw	a5,8(sp)
    118a:	3b05                	jal	eba <GPIO_Init>
    118c:	07400793          	li	a5,116
    1190:	858a                	mv	a1,sp
    1192:	c0040513          	addi	a0,s0,-1024
    1196:	807c                	sh	a5,0(sp)
    1198:	330d                	jal	eba <GPIO_Init>
    119a:	0c900793          	li	a5,201
    119e:	807c                	sh	a5,0(sp)
    11a0:	858a                	mv	a1,sp
    11a2:	40011537          	lui	a0,0x40011
    11a6:	b701                	j	10a6 <GPIO_IPD_Unused+0xc4>
    11a8:	0c000793          	li	a5,192
    11ac:	40011437          	lui	s0,0x40011
    11b0:	807c                	sh	a5,0(sp)
    11b2:	858a                	mv	a1,sp
    11b4:	02800793          	li	a5,40
    11b8:	80040513          	addi	a0,s0,-2048 # 40010800 <_eusrstack+0x2000e800>
    11bc:	c43e                	sw	a5,8(sp)
    11be:	39f5                	jal	eba <GPIO_Init>
    11c0:	07400793          	li	a5,116
    11c4:	858a                	mv	a1,sp
    11c6:	c0040513          	addi	a0,s0,-1024
    11ca:	807c                	sh	a5,0(sp)
    11cc:	31fd                	jal	eba <GPIO_Init>
    11ce:	0cb00793          	li	a5,203
    11d2:	b7f1                	j	119e <GPIO_IPD_Unused+0x1bc>
    11d4:	06900793          	li	a5,105
    11d8:	40011437          	lui	s0,0x40011
    11dc:	807c                	sh	a5,0(sp)
    11de:	858a                	mv	a1,sp
    11e0:	02800793          	li	a5,40
    11e4:	80040513          	addi	a0,s0,-2048 # 40010800 <_eusrstack+0x2000e800>
    11e8:	c43e                	sw	a5,8(sp)
    11ea:	39c1                	jal	eba <GPIO_Init>
    11ec:	47ad                	li	a5,11
    11ee:	858a                	mv	a1,sp
    11f0:	c0040513          	addi	a0,s0,-1024
    11f4:	807c                	sh	a5,0(sp)
    11f6:	31d1                	jal	eba <GPIO_Init>
    11f8:	02c00793          	li	a5,44
    11fc:	858a                	mv	a1,sp
    11fe:	40011537          	lui	a0,0x40011
    1202:	807c                	sh	a5,0(sp)
    1204:	395d                	jal	eba <GPIO_Init>
    1206:	06c00793          	li	a5,108
    120a:	a0a1                	j	1252 <GPIO_IPD_Unused+0x270>
    120c:	0c800793          	li	a5,200
    1210:	807c                	sh	a5,0(sp)
    1212:	02800793          	li	a5,40
    1216:	c43e                	sw	a5,8(sp)
    1218:	b761                	j	11a0 <GPIO_IPD_Unused+0x1be>
    121a:	0f900793          	li	a5,249
    121e:	40011437          	lui	s0,0x40011
    1222:	807c                	sh	a5,0(sp)
    1224:	858a                	mv	a1,sp
    1226:	02800793          	li	a5,40
    122a:	80040513          	addi	a0,s0,-2048 # 40010800 <_eusrstack+0x2000e800>
    122e:	c43e                	sw	a5,8(sp)
    1230:	3169                	jal	eba <GPIO_Init>
    1232:	07f00793          	li	a5,127
    1236:	858a                	mv	a1,sp
    1238:	c0040513          	addi	a0,s0,-1024
    123c:	807c                	sh	a5,0(sp)
    123e:	39b5                	jal	eba <GPIO_Init>
    1240:	0e900793          	li	a5,233
    1244:	858a                	mv	a1,sp
    1246:	40011537          	lui	a0,0x40011
    124a:	807c                	sh	a5,0(sp)
    124c:	31bd                	jal	eba <GPIO_Init>
    124e:	08d00793          	li	a5,141
    1252:	807c                	sh	a5,0(sp)
    1254:	858a                	mv	a1,sp
    1256:	40040513          	addi	a0,s0,1024
    125a:	b5b1                	j	10a6 <GPIO_IPD_Unused+0xc4>
    125c:	0f900793          	li	a5,249
    1260:	40011437          	lui	s0,0x40011
    1264:	807c                	sh	a5,0(sp)
    1266:	858a                	mv	a1,sp
    1268:	02800793          	li	a5,40
    126c:	80040513          	addi	a0,s0,-2048 # 40010800 <_eusrstack+0x2000e800>
    1270:	c43e                	sw	a5,8(sp)
    1272:	31a1                	jal	eba <GPIO_Init>
    1274:	07f00793          	li	a5,127
    1278:	858a                	mv	a1,sp
    127a:	c0040513          	addi	a0,s0,-1024
    127e:	807c                	sh	a5,0(sp)
    1280:	392d                	jal	eba <GPIO_Init>
    1282:	02600793          	li	a5,38
    1286:	bf9d                	j	11fc <GPIO_IPD_Unused+0x21a>
    1288:	0f900793          	li	a5,249
    128c:	40011437          	lui	s0,0x40011
    1290:	807c                	sh	a5,0(sp)
    1292:	858a                	mv	a1,sp
    1294:	02800793          	li	a5,40
    1298:	80040513          	addi	a0,s0,-2048 # 40010800 <_eusrstack+0x2000e800>
    129c:	c43e                	sw	a5,8(sp)
    129e:	3931                	jal	eba <GPIO_Init>
    12a0:	07f00793          	li	a5,127
    12a4:	858a                	mv	a1,sp
    12a6:	c0040513          	addi	a0,s0,-1024
    12aa:	807c                	sh	a5,0(sp)
    12ac:	3139                	jal	eba <GPIO_Init>
    12ae:	02000793          	li	a5,32
    12b2:	858a                	mv	a1,sp
    12b4:	40011537          	lui	a0,0x40011
    12b8:	807c                	sh	a5,0(sp)
    12ba:	3101                	jal	eba <GPIO_Init>
    12bc:	47b5                	li	a5,13
    12be:	bf51                	j	1252 <GPIO_IPD_Unused+0x270>

000012c0 <I2C_Init>:
    12c0:	de9fe2ef          	jal	t0,a8 <__riscv_save_0>
    12c4:	215e                	lhu	a5,4(a0)
    12c6:	1111                	addi	sp,sp,-28
    12c8:	84aa                	mv	s1,a0
    12ca:	07c2                	slli	a5,a5,0x10
    12cc:	83c1                	srli	a5,a5,0x10
    12ce:	fc07f793          	andi	a5,a5,-64
    12d2:	07c2                	slli	a5,a5,0x10
    12d4:	83c1                	srli	a5,a5,0x10
    12d6:	0028                	addi	a0,sp,8
    12d8:	842e                	mv	s0,a1
    12da:	c23e                	sw	a5,4(sp)
    12dc:	26ad                	jal	1646 <RCC_GetClocksFreq>
    12de:	47c2                	lw	a5,16(sp)
    12e0:	000f45b7          	lui	a1,0xf4
    12e4:	24058593          	addi	a1,a1,576 # f4240 <_data_lma+0xed284>
    12e8:	853e                	mv	a0,a5
    12ea:	c03e                	sw	a5,0(sp)
    12ec:	dd9fe0ef          	jal	ra,c4 <__hidden___udivsi3>
    12f0:	4792                	lw	a5,4(sp)
    12f2:	400c                	lw	a1,0(s0)
    12f4:	8fc9                	or	a5,a5,a0
    12f6:	07c2                	slli	a5,a5,0x10
    12f8:	83c1                	srli	a5,a5,0x10
    12fa:	a0de                	sh	a5,4(s1)
    12fc:	209e                	lhu	a5,0(s1)
    12fe:	07c2                	slli	a5,a5,0x10
    1300:	83c1                	srli	a5,a5,0x10
    1302:	9bf9                	andi	a5,a5,-2
    1304:	07c2                	slli	a5,a5,0x10
    1306:	83c1                	srli	a5,a5,0x10
    1308:	a09e                	sh	a5,0(s1)
    130a:	67e1                	lui	a5,0x18
    130c:	6a078793          	addi	a5,a5,1696 # 186a0 <_data_lma+0x116e4>
    1310:	04b7e563          	bltu	a5,a1,135a <I2C_Init+0x9a>
    1314:	4502                	lw	a0,0(sp)
    1316:	0586                	slli	a1,a1,0x1
    1318:	dadfe0ef          	jal	ra,c4 <__hidden___udivsi3>
    131c:	87aa                	mv	a5,a0
    131e:	0542                	slli	a0,a0,0x10
    1320:	8141                	srli	a0,a0,0x10
    1322:	4691                	li	a3,4
    1324:	00d57363          	bgeu	a0,a3,132a <I2C_Init+0x6a>
    1328:	4791                	li	a5,4
    132a:	07c2                	slli	a5,a5,0x10
    132c:	83c1                	srli	a5,a5,0x10
    132e:	acde                	sh	a5,28(s1)
    1330:	209e                	lhu	a5,0(s1)
    1332:	2056                	lhu	a3,4(s0)
    1334:	2432                	lhu	a2,10(s0)
    1336:	0017e793          	ori	a5,a5,1
    133a:	a09e                	sh	a5,0(s1)
    133c:	209e                	lhu	a5,0(s1)
    133e:	8ed1                	or	a3,a3,a2
    1340:	07c2                	slli	a5,a5,0x10
    1342:	83c1                	srli	a5,a5,0x10
    1344:	bf57f793          	andi	a5,a5,-1035
    1348:	8fd5                	or	a5,a5,a3
    134a:	a09e                	sh	a5,0(s1)
    134c:	2416                	lhu	a3,8(s0)
    134e:	245e                	lhu	a5,12(s0)
    1350:	8fd5                	or	a5,a5,a3
    1352:	a49e                	sh	a5,8(s1)
    1354:	0171                	addi	sp,sp,28
    1356:	d5dfe06f          	j	b2 <__riscv_restore_0>
    135a:	2076                	lhu	a3,6(s0)
    135c:	67b1                	lui	a5,0xc
    135e:	17fd                	addi	a5,a5,-1 # bfff <_data_lma+0x5043>
    1360:	02f69363          	bne	a3,a5,1386 <I2C_Init+0xc6>
    1364:	478d                	li	a5,3
    1366:	02f585b3          	mul	a1,a1,a5
    136a:	4502                	lw	a0,0(sp)
    136c:	d59fe0ef          	jal	ra,c4 <__hidden___udivsi3>
    1370:	01051793          	slli	a5,a0,0x10
    1374:	83c1                	srli	a5,a5,0x10
    1376:	01479693          	slli	a3,a5,0x14
    137a:	e299                	bnez	a3,1380 <I2C_Init+0xc0>
    137c:	0017e793          	ori	a5,a5,1
    1380:	66a1                	lui	a3,0x8
    1382:	8fd5                	or	a5,a5,a3
    1384:	b76d                	j	132e <I2C_Init+0x6e>
    1386:	47e5                	li	a5,25
    1388:	02f585b3          	mul	a1,a1,a5
    138c:	4502                	lw	a0,0(sp)
    138e:	d37fe0ef          	jal	ra,c4 <__hidden___udivsi3>
    1392:	01051793          	slli	a5,a0,0x10
    1396:	83c1                	srli	a5,a5,0x10
    1398:	6691                	lui	a3,0x4
    139a:	8fd5                	or	a5,a5,a3
    139c:	bfe9                	j	1376 <I2C_Init+0xb6>

0000139e <I2C_Cmd>:
    139e:	211e                	lhu	a5,0(a0)
    13a0:	c589                	beqz	a1,13aa <I2C_Cmd+0xc>
    13a2:	0017e793          	ori	a5,a5,1
    13a6:	a11e                	sh	a5,0(a0)
    13a8:	8082                	ret
    13aa:	07c2                	slli	a5,a5,0x10
    13ac:	83c1                	srli	a5,a5,0x10
    13ae:	9bf9                	andi	a5,a5,-2
    13b0:	07c2                	slli	a5,a5,0x10
    13b2:	83c1                	srli	a5,a5,0x10
    13b4:	bfcd                	j	13a6 <I2C_Cmd+0x8>

000013b6 <I2C_GenerateSTART>:
    13b6:	211e                	lhu	a5,0(a0)
    13b8:	c589                	beqz	a1,13c2 <I2C_GenerateSTART+0xc>
    13ba:	1007e793          	ori	a5,a5,256
    13be:	a11e                	sh	a5,0(a0)
    13c0:	8082                	ret
    13c2:	07c2                	slli	a5,a5,0x10
    13c4:	83c1                	srli	a5,a5,0x10
    13c6:	eff7f793          	andi	a5,a5,-257
    13ca:	07c2                	slli	a5,a5,0x10
    13cc:	83c1                	srli	a5,a5,0x10
    13ce:	bfc5                	j	13be <I2C_GenerateSTART+0x8>

000013d0 <I2C_GenerateSTOP>:
    13d0:	211e                	lhu	a5,0(a0)
    13d2:	c589                	beqz	a1,13dc <I2C_GenerateSTOP+0xc>
    13d4:	2007e793          	ori	a5,a5,512
    13d8:	a11e                	sh	a5,0(a0)
    13da:	8082                	ret
    13dc:	07c2                	slli	a5,a5,0x10
    13de:	83c1                	srli	a5,a5,0x10
    13e0:	dff7f793          	andi	a5,a5,-513
    13e4:	07c2                	slli	a5,a5,0x10
    13e6:	83c1                	srli	a5,a5,0x10
    13e8:	bfc5                	j	13d8 <I2C_GenerateSTOP+0x8>

000013ea <I2C_AcknowledgeConfig>:
    13ea:	211e                	lhu	a5,0(a0)
    13ec:	c589                	beqz	a1,13f6 <I2C_AcknowledgeConfig+0xc>
    13ee:	4007e793          	ori	a5,a5,1024
    13f2:	a11e                	sh	a5,0(a0)
    13f4:	8082                	ret
    13f6:	07c2                	slli	a5,a5,0x10
    13f8:	83c1                	srli	a5,a5,0x10
    13fa:	bff7f793          	andi	a5,a5,-1025
    13fe:	07c2                	slli	a5,a5,0x10
    1400:	83c1                	srli	a5,a5,0x10
    1402:	bfc5                	j	13f2 <I2C_AcknowledgeConfig+0x8>

00001404 <I2C_SendData>:
    1404:	a90e                	sh	a1,16(a0)
    1406:	8082                	ret

00001408 <I2C_ReceiveData>:
    1408:	290a                	lhu	a0,16(a0)
    140a:	0ff57513          	zext.b	a0,a0
    140e:	8082                	ret

00001410 <I2C_Send7bitAddress>:
    1410:	0fe5f793          	andi	a5,a1,254
    1414:	c219                	beqz	a2,141a <I2C_Send7bitAddress+0xa>
    1416:	0015e793          	ori	a5,a1,1
    141a:	a91e                	sh	a5,16(a0)
    141c:	8082                	ret

0000141e <I2C_SoftwareResetCmd>:
    141e:	211e                	lhu	a5,0(a0)
    1420:	c589                	beqz	a1,142a <I2C_SoftwareResetCmd+0xc>
    1422:	6721                	lui	a4,0x8
    1424:	8fd9                	or	a5,a5,a4
    1426:	a11e                	sh	a5,0(a0)
    1428:	8082                	ret
    142a:	07c6                	slli	a5,a5,0x11
    142c:	83c5                	srli	a5,a5,0x11
    142e:	bfe5                	j	1426 <I2C_SoftwareResetCmd+0x8>

00001430 <I2C_NACKPositionConfig>:
    1430:	211e                	lhu	a5,0(a0)
    1432:	80058593          	addi	a1,a1,-2048
    1436:	e989                	bnez	a1,1448 <I2C_NACKPositionConfig+0x18>
    1438:	6705                	lui	a4,0x1
    143a:	80070713          	addi	a4,a4,-2048 # 800 <__stack_size>
    143e:	8fd9                	or	a5,a5,a4
    1440:	07c2                	slli	a5,a5,0x10
    1442:	83c1                	srli	a5,a5,0x10
    1444:	a11e                	sh	a5,0(a0)
    1446:	8082                	ret
    1448:	777d                	lui	a4,0xfffff
    144a:	7ff70713          	addi	a4,a4,2047 # fffff7ff <_eusrstack+0xdfffd7ff>
    144e:	8ff9                	and	a5,a5,a4
    1450:	bfd5                	j	1444 <I2C_NACKPositionConfig+0x14>

00001452 <I2C_CheckEvent>:
    1452:	295e                	lhu	a5,20(a0)
    1454:	2d0a                	lhu	a0,24(a0)
    1456:	0542                	slli	a0,a0,0x10
    1458:	8d5d                	or	a0,a0,a5
    145a:	8d6d                	and	a0,a0,a1
    145c:	0522                	slli	a0,a0,0x8
    145e:	8121                	srli	a0,a0,0x8
    1460:	8d0d                	sub	a0,a0,a1
    1462:	00153513          	seqz	a0,a0
    1466:	8082                	ret

00001468 <I2C_GetFlagStatus>:
    1468:	1161                	addi	sp,sp,-8
    146a:	c002                	sw	zero,0(sp)
    146c:	c202                	sw	zero,4(sp)
    146e:	01c5d793          	srli	a5,a1,0x1c
    1472:	c22a                	sw	a0,4(sp)
    1474:	c03e                	sw	a5,0(sp)
    1476:	4782                	lw	a5,0(sp)
    1478:	05a2                	slli	a1,a1,0x8
    147a:	81a1                	srli	a1,a1,0x8
    147c:	cb99                	beqz	a5,1492 <I2C_GetFlagStatus+0x2a>
    147e:	4792                	lw	a5,4(sp)
    1480:	07d1                	addi	a5,a5,20
    1482:	c23e                	sw	a5,4(sp)
    1484:	4792                	lw	a5,4(sp)
    1486:	4388                	lw	a0,0(a5)
    1488:	0121                	addi	sp,sp,8
    148a:	8d6d                	and	a0,a0,a1
    148c:	00a03533          	snez	a0,a0
    1490:	8082                	ret
    1492:	4792                	lw	a5,4(sp)
    1494:	81c1                	srli	a1,a1,0x10
    1496:	07e1                	addi	a5,a5,24
    1498:	b7ed                	j	1482 <I2C_GetFlagStatus+0x1a>

0000149a <IWDG_WriteAccessCmd>:
    149a:	400037b7          	lui	a5,0x40003
    149e:	c388                	sw	a0,0(a5)
    14a0:	8082                	ret

000014a2 <IWDG_SetPrescaler>:
    14a2:	400037b7          	lui	a5,0x40003
    14a6:	c3c8                	sw	a0,4(a5)
    14a8:	8082                	ret

000014aa <IWDG_SetReload>:
    14aa:	400037b7          	lui	a5,0x40003
    14ae:	c788                	sw	a0,8(a5)
    14b0:	8082                	ret

000014b2 <IWDG_ReloadCounter>:
    14b2:	67ad                	lui	a5,0xb
    14b4:	40003737          	lui	a4,0x40003
    14b8:	aaa78793          	addi	a5,a5,-1366 # aaaa <_data_lma+0x3aee>
    14bc:	c31c                	sw	a5,0(a4)
    14be:	8082                	ret

000014c0 <IWDG_Enable>:
    14c0:	67b5                	lui	a5,0xd
    14c2:	40003737          	lui	a4,0x40003
    14c6:	ccc78793          	addi	a5,a5,-820 # cccc <_data_lma+0x5d10>
    14ca:	c31c                	sw	a5,0(a4)
    14cc:	40021737          	lui	a4,0x40021
    14d0:	535c                	lw	a5,36(a4)
    14d2:	8b89                	andi	a5,a5,2
    14d4:	dff5                	beqz	a5,14d0 <IWDG_Enable+0x10>
    14d6:	8082                	ret

000014d8 <NVIC_PriorityGroupConfig>:
    14d8:	84a1a623          	sw	a0,-1972(gp) # 200000dc <NVIC_Priority_Group>
    14dc:	8082                	ret

000014de <NVIC_Init>:
    14de:	84c1a703          	lw	a4,-1972(gp) # 200000dc <NVIC_Priority_Group>
    14e2:	4785                	li	a5,1
    14e4:	2114                	lbu	a3,0(a0)
    14e6:	02f71063          	bne	a4,a5,1506 <NVIC_Init+0x28>
    14ea:	311c                	lbu	a5,1(a0)
    14ec:	02e79c63          	bne	a5,a4,1524 <NVIC_Init+0x46>
    14f0:	213c                	lbu	a5,2(a0)
    14f2:	079a                	slli	a5,a5,0x6
    14f4:	f807e793          	ori	a5,a5,-128
    14f8:	e000e737          	lui	a4,0xe000e
    14fc:	0ff7f793          	zext.b	a5,a5
    1500:	9736                	add	a4,a4,a3
    1502:	40f70023          	sb	a5,1024(a4) # e000e400 <_eusrstack+0xc000c400>
    1506:	4705                	li	a4,1
    1508:	0056d793          	srli	a5,a3,0x5
    150c:	00d71733          	sll	a4,a4,a3
    1510:	4154                	lw	a3,4(a0)
    1512:	ce89                	beqz	a3,152c <NVIC_Init+0x4e>
    1514:	04078793          	addi	a5,a5,64
    1518:	078a                	slli	a5,a5,0x2
    151a:	e000e6b7          	lui	a3,0xe000e
    151e:	97b6                	add	a5,a5,a3
    1520:	c398                	sw	a4,0(a5)
    1522:	8082                	ret
    1524:	f3ed                	bnez	a5,1506 <NVIC_Init+0x28>
    1526:	213c                	lbu	a5,2(a0)
    1528:	079a                	slli	a5,a5,0x6
    152a:	b7f9                	j	14f8 <NVIC_Init+0x1a>
    152c:	06078793          	addi	a5,a5,96
    1530:	e000e6b7          	lui	a3,0xe000e
    1534:	078a                	slli	a5,a5,0x2
    1536:	97b6                	add	a5,a5,a3
    1538:	c398                	sw	a4,0(a5)
    153a:	0000100f          	.4byte	0x100f
    153e:	8082                	ret

00001540 <OPA_Unlock>:
    1540:	456707b7          	lui	a5,0x45670
    1544:	40024737          	lui	a4,0x40024
    1548:	12378793          	addi	a5,a5,291 # 45670123 <_eusrstack+0x2566e123>
    154c:	cb1c                	sw	a5,16(a4)
    154e:	cdef97b7          	lui	a5,0xcdef9
    1552:	9ab78793          	addi	a5,a5,-1621 # cdef89ab <_eusrstack+0xadef69ab>
    1556:	cb1c                	sw	a5,16(a4)
    1558:	8082                	ret

0000155a <OPA_Lock>:
    155a:	40024737          	lui	a4,0x40024
    155e:	435c                	lw	a5,4(a4)
    1560:	800006b7          	lui	a3,0x80000
    1564:	8fd5                	or	a5,a5,a3
    1566:	c35c                	sw	a5,4(a4)
    1568:	8082                	ret

0000156a <OPA_Init>:
    156a:	40024737          	lui	a4,0x40024
    156e:	431c                	lw	a5,0(a4)
    1570:	f1c10637          	lui	a2,0xf1c10
    1574:	a0260613          	addi	a2,a2,-1534 # f1c0fa02 <_eusrstack+0xd1c0da02>
    1578:	8ff1                	and	a5,a5,a2
    157a:	4110                	lw	a2,0(a0)
    157c:	590c                	lw	a1,48(a0)
    157e:	4354                	lw	a3,4(a4)
    1580:	8fd1                	or	a5,a5,a2
    1582:	4150                	lw	a2,4(a0)
    1584:	0592                	slli	a1,a1,0x4
    1586:	060a                	slli	a2,a2,0x2
    1588:	8fd1                	or	a5,a5,a2
    158a:	4510                	lw	a2,8(a0)
    158c:	0612                	slli	a2,a2,0x4
    158e:	8fd1                	or	a5,a5,a2
    1590:	4550                	lw	a2,12(a0)
    1592:	0616                	slli	a2,a2,0x5
    1594:	8fd1                	or	a5,a5,a2
    1596:	4910                	lw	a2,16(a0)
    1598:	061e                	slli	a2,a2,0x7
    159a:	8fd1                	or	a5,a5,a2
    159c:	4950                	lw	a2,20(a0)
    159e:	0622                	slli	a2,a2,0x8
    15a0:	8fd1                	or	a5,a5,a2
    15a2:	4d10                	lw	a2,24(a0)
    15a4:	062a                	slli	a2,a2,0xa
    15a6:	8fd1                	or	a5,a5,a2
    15a8:	4d50                	lw	a2,28(a0)
    15aa:	0642                	slli	a2,a2,0x10
    15ac:	8fd1                	or	a5,a5,a2
    15ae:	5110                	lw	a2,32(a0)
    15b0:	064a                	slli	a2,a2,0x12
    15b2:	8fd1                	or	a5,a5,a2
    15b4:	5150                	lw	a2,36(a0)
    15b6:	0652                	slli	a2,a2,0x14
    15b8:	8fd1                	or	a5,a5,a2
    15ba:	5510                	lw	a2,40(a0)
    15bc:	0666                	slli	a2,a2,0x19
    15be:	8e5d                	or	a2,a2,a5
    15c0:	555c                	lw	a5,44(a0)
    15c2:	0786                	slli	a5,a5,0x1
    15c4:	8fcd                	or	a5,a5,a1
    15c6:	ffe0e5b7          	lui	a1,0xffe0e
    15ca:	0c958593          	addi	a1,a1,201 # ffe0e0c9 <_eusrstack+0xdfe0c0c9>
    15ce:	8eed                	and	a3,a3,a1
    15d0:	8fd5                	or	a5,a5,a3
    15d2:	5954                	lw	a3,52(a0)
    15d4:	06a2                	slli	a3,a3,0x8
    15d6:	8fd5                	or	a5,a5,a3
    15d8:	5d14                	lw	a3,56(a0)
    15da:	06ae                	slli	a3,a3,0xb
    15dc:	8fd5                	or	a5,a5,a3
    15de:	5d54                	lw	a3,60(a0)
    15e0:	06b2                	slli	a3,a3,0xc
    15e2:	8fd5                	or	a5,a5,a3
    15e4:	4134                	lw	a3,64(a0)
    15e6:	06c2                	slli	a3,a3,0x10
    15e8:	8fd5                	or	a5,a5,a3
    15ea:	4174                	lw	a3,68(a0)
    15ec:	06c6                	slli	a3,a3,0x11
    15ee:	8fd5                	or	a5,a5,a3
    15f0:	4534                	lw	a3,72(a0)
    15f2:	06ca                	slli	a3,a3,0x12
    15f4:	8fd5                	or	a5,a5,a3
    15f6:	4574                	lw	a3,76(a0)
    15f8:	c310                	sw	a2,0(a4)
    15fa:	06d2                	slli	a3,a3,0x14
    15fc:	8fd5                	or	a5,a5,a3
    15fe:	c35c                	sw	a5,4(a4)
    1600:	8082                	ret

00001602 <OPA_Cmd>:
    1602:	4785                	li	a5,1
    1604:	40024737          	lui	a4,0x40024
    1608:	00f51763          	bne	a0,a5,1616 <OPA_Cmd+0x14>
    160c:	435c                	lw	a5,4(a4)
    160e:	0017e793          	ori	a5,a5,1
    1612:	c35c                	sw	a5,4(a4)
    1614:	8082                	ret
    1616:	435c                	lw	a5,4(a4)
    1618:	9bf9                	andi	a5,a5,-2
    161a:	bfe5                	j	1612 <OPA_Cmd+0x10>

0000161c <RCC_ADCCLKConfig>:
    161c:	400216b7          	lui	a3,0x40021
    1620:	42dc                	lw	a5,4(a3)
    1622:	7fff0737          	lui	a4,0x7fff0
    1626:	7ff70713          	addi	a4,a4,2047 # 7fff07ff <_eusrstack+0x5ffee7ff>
    162a:	8ff9                	and	a5,a5,a4
    162c:	8fc9                	or	a5,a5,a0
    162e:	c2dc                	sw	a5,4(a3)
    1630:	8082                	ret

00001632 <RCC_LSICmd>:
    1632:	40021737          	lui	a4,0x40021
    1636:	535c                	lw	a5,36(a4)
    1638:	c509                	beqz	a0,1642 <RCC_LSICmd+0x10>
    163a:	0017e793          	ori	a5,a5,1
    163e:	d35c                	sw	a5,36(a4)
    1640:	8082                	ret
    1642:	9bf9                	andi	a5,a5,-2
    1644:	bfed                	j	163e <RCC_LSICmd+0xc>

00001646 <RCC_GetClocksFreq>:
    1646:	a63fe2ef          	jal	t0,a8 <__riscv_save_0>
    164a:	40021737          	lui	a4,0x40021
    164e:	435c                	lw	a5,4(a4)
    1650:	46a1                	li	a3,8
    1652:	842a                	mv	s0,a0
    1654:	8bb1                	andi	a5,a5,12
    1656:	08d79463          	bne	a5,a3,16de <RCC_GetClocksFreq+0x98>
    165a:	435c                	lw	a5,4(a4)
    165c:	02dc77b7          	lui	a5,0x2dc7
    1660:	c0078793          	addi	a5,a5,-1024 # 2dc6c00 <_data_lma+0x2dbfc44>
    1664:	c01c                	sw	a5,0(s0)
    1666:	40021637          	lui	a2,0x40021
    166a:	4254                	lw	a3,4(a2)
    166c:	20000737          	lui	a4,0x20000
    1670:	02870713          	addi	a4,a4,40 # 20000028 <PBHBPrescTable>
    1674:	8291                	srli	a3,a3,0x4
    1676:	8abd                	andi	a3,a3,15
    1678:	9736                	add	a4,a4,a3
    167a:	2308                	lbu	a0,0(a4)
    167c:	4258                	lw	a4,4(a2)
    167e:	0ff57593          	zext.b	a1,a0
    1682:	08077713          	andi	a4,a4,128
    1686:	00a7d533          	srl	a0,a5,a0
    168a:	e701                	bnez	a4,1692 <RCC_GetClocksFreq+0x4c>
    168c:	853e                	mv	a0,a5
    168e:	a37fe0ef          	jal	ra,c4 <__hidden___udivsi3>
    1692:	c048                	sw	a0,4(s0)
    1694:	c408                	sw	a0,8(s0)
    1696:	c448                	sw	a0,12(s0)
    1698:	400217b7          	lui	a5,0x40021
    169c:	43dc                	lw	a5,4(a5)
    169e:	468d                	li	a3,3
    16a0:	83ad                	srli	a5,a5,0xb
    16a2:	8bfd                	andi	a5,a5,31
    16a4:	0037d713          	srli	a4,a5,0x3
    16a8:	078a                	slli	a5,a5,0x2
    16aa:	8bf1                	andi	a5,a5,28
    16ac:	8fd9                	or	a5,a5,a4
    16ae:	0137f613          	andi	a2,a5,19
    16b2:	0037f713          	andi	a4,a5,3
    16b6:	00c6f463          	bgeu	a3,a2,16be <RCC_GetClocksFreq+0x78>
    16ba:	ff478713          	addi	a4,a5,-12 # 40020ff4 <_eusrstack+0x2001eff4>
    16be:	400217b7          	lui	a5,0x40021
    16c2:	43dc                	lw	a5,4(a5)
    16c4:	0007ca63          	bltz	a5,16d8 <RCC_GetClocksFreq+0x92>
    16c8:	200007b7          	lui	a5,0x20000
    16cc:	01478793          	addi	a5,a5,20 # 20000014 <ADCPrescTable>
    16d0:	97ba                	add	a5,a5,a4
    16d2:	238c                	lbu	a1,0(a5)
    16d4:	9f1fe0ef          	jal	ra,c4 <__hidden___udivsi3>
    16d8:	c808                	sw	a0,16(s0)
    16da:	9d9fe06f          	j	b2 <__riscv_restore_0>
    16de:	016e37b7          	lui	a5,0x16e3
    16e2:	60078793          	addi	a5,a5,1536 # 16e3600 <_data_lma+0x16dc644>
    16e6:	bfbd                	j	1664 <RCC_GetClocksFreq+0x1e>

000016e8 <RCC_HBPeriphClockCmd>:
    16e8:	c599                	beqz	a1,16f6 <RCC_HBPeriphClockCmd+0xe>
    16ea:	40021737          	lui	a4,0x40021
    16ee:	4b5c                	lw	a5,20(a4)
    16f0:	8fc9                	or	a5,a5,a0
    16f2:	cb5c                	sw	a5,20(a4)
    16f4:	8082                	ret
    16f6:	400217b7          	lui	a5,0x40021
    16fa:	4bd8                	lw	a4,20(a5)
    16fc:	fff54513          	not	a0,a0
    1700:	8d79                	and	a0,a0,a4
    1702:	cbc8                	sw	a0,20(a5)
    1704:	8082                	ret

00001706 <RCC_PB2PeriphClockCmd>:
    1706:	c599                	beqz	a1,1714 <RCC_PB2PeriphClockCmd+0xe>
    1708:	40021737          	lui	a4,0x40021
    170c:	4f1c                	lw	a5,24(a4)
    170e:	8fc9                	or	a5,a5,a0
    1710:	cf1c                	sw	a5,24(a4)
    1712:	8082                	ret
    1714:	400217b7          	lui	a5,0x40021
    1718:	4f98                	lw	a4,24(a5)
    171a:	fff54513          	not	a0,a0
    171e:	8d79                	and	a0,a0,a4
    1720:	cf88                	sw	a0,24(a5)
    1722:	8082                	ret

00001724 <RCC_PB1PeriphClockCmd>:
    1724:	c599                	beqz	a1,1732 <RCC_PB1PeriphClockCmd+0xe>
    1726:	40021737          	lui	a4,0x40021
    172a:	4f5c                	lw	a5,28(a4)
    172c:	8fc9                	or	a5,a5,a0
    172e:	cf5c                	sw	a5,28(a4)
    1730:	8082                	ret
    1732:	400217b7          	lui	a5,0x40021
    1736:	4fd8                	lw	a4,28(a5)
    1738:	fff54513          	not	a0,a0
    173c:	8d79                	and	a0,a0,a4
    173e:	cfc8                	sw	a0,28(a5)
    1740:	8082                	ret

00001742 <RCC_PB2PeriphResetCmd>:
    1742:	c599                	beqz	a1,1750 <RCC_PB2PeriphResetCmd+0xe>
    1744:	40021737          	lui	a4,0x40021
    1748:	475c                	lw	a5,12(a4)
    174a:	8fc9                	or	a5,a5,a0
    174c:	c75c                	sw	a5,12(a4)
    174e:	8082                	ret
    1750:	400217b7          	lui	a5,0x40021
    1754:	47d8                	lw	a4,12(a5)
    1756:	fff54513          	not	a0,a0
    175a:	8d79                	and	a0,a0,a4
    175c:	c7c8                	sw	a0,12(a5)
    175e:	8082                	ret

00001760 <RCC_GetFlagStatus>:
    1760:	00555713          	srli	a4,a0,0x5
    1764:	4785                	li	a5,1
    1766:	00f71963          	bne	a4,a5,1778 <RCC_GetFlagStatus+0x18>
    176a:	400217b7          	lui	a5,0x40021
    176e:	439c                	lw	a5,0(a5)
    1770:	00a7d533          	srl	a0,a5,a0
    1774:	8905                	andi	a0,a0,1
    1776:	8082                	ret
    1778:	400217b7          	lui	a5,0x40021
    177c:	53dc                	lw	a5,36(a5)
    177e:	bfcd                	j	1770 <RCC_GetFlagStatus+0x10>

00001780 <RCC_ClearFlag>:
    1780:	40021737          	lui	a4,0x40021
    1784:	535c                	lw	a5,36(a4)
    1786:	010006b7          	lui	a3,0x1000
    178a:	8fd5                	or	a5,a5,a3
    178c:	d35c                	sw	a5,36(a4)
    178e:	8082                	ret

00001790 <SPI_Init>:
    1790:	211e                	lhu	a5,0(a0)
    1792:	668d                	lui	a3,0x3
    1794:	04068693          	addi	a3,a3,64 # 3040 <D_TIM1_PWM_IC_Init+0x60>
    1798:	00d7f733          	and	a4,a5,a3
    179c:	21b6                	lhu	a3,2(a1)
    179e:	219e                	lhu	a5,0(a1)
    17a0:	8fd5                	or	a5,a5,a3
    17a2:	21d6                	lhu	a3,4(a1)
    17a4:	8fd5                	or	a5,a5,a3
    17a6:	21f6                	lhu	a3,6(a1)
    17a8:	8fd5                	or	a5,a5,a3
    17aa:	2596                	lhu	a3,8(a1)
    17ac:	8fd5                	or	a5,a5,a3
    17ae:	25b6                	lhu	a3,10(a1)
    17b0:	8fd5                	or	a5,a5,a3
    17b2:	25d6                	lhu	a3,12(a1)
    17b4:	8fd5                	or	a5,a5,a3
    17b6:	25f6                	lhu	a3,14(a1)
    17b8:	8fd5                	or	a5,a5,a3
    17ba:	8fd9                	or	a5,a5,a4
    17bc:	a11e                	sh	a5,0(a0)
    17be:	299e                	lhu	a5,16(a1)
    17c0:	a91e                	sh	a5,16(a0)
    17c2:	8082                	ret

000017c4 <SPI_Cmd>:
    17c4:	211e                	lhu	a5,0(a0)
    17c6:	c589                	beqz	a1,17d0 <SPI_Cmd+0xc>
    17c8:	0407e793          	ori	a5,a5,64
    17cc:	a11e                	sh	a5,0(a0)
    17ce:	8082                	ret
    17d0:	07c2                	slli	a5,a5,0x10
    17d2:	83c1                	srli	a5,a5,0x10
    17d4:	fbf7f793          	andi	a5,a5,-65
    17d8:	07c2                	slli	a5,a5,0x10
    17da:	83c1                	srli	a5,a5,0x10
    17dc:	bfc5                	j	17cc <SPI_Cmd+0x8>

000017de <SPI_I2S_SendData>:
    17de:	a54e                	sh	a1,12(a0)
    17e0:	8082                	ret

000017e2 <SPI_I2S_GetFlagStatus>:
    17e2:	250a                	lhu	a0,8(a0)
    17e4:	8d6d                	and	a0,a0,a1
    17e6:	00a03533          	snez	a0,a0
    17ea:	8082                	ret

000017ec <TI1_Config>:
    17ec:	311e                	lhu	a5,32(a0)
    17ee:	0692                	slli	a3,a3,0x4
    17f0:	07c2                	slli	a5,a5,0x10
    17f2:	83c1                	srli	a5,a5,0x10
    17f4:	9bf9                	andi	a5,a5,-2
    17f6:	07c2                	slli	a5,a5,0x10
    17f8:	83c1                	srli	a5,a5,0x10
    17fa:	b11e                	sh	a5,32(a0)
    17fc:	2d1e                	lhu	a5,24(a0)
    17fe:	311a                	lhu	a4,32(a0)
    1800:	01855303          	lhu	t1,24(a0) # 40011018 <_eusrstack+0x2000f018>
    1804:	07c2                	slli	a5,a5,0x10
    1806:	83c1                	srli	a5,a5,0x10
    1808:	00c36333          	or	t1,t1,a2
    180c:	f0c7f793          	andi	a5,a5,-244
    1810:	8e55                	or	a2,a2,a3
    1812:	8fd1                	or	a5,a5,a2
    1814:	400136b7          	lui	a3,0x40013
    1818:	0742                	slli	a4,a4,0x10
    181a:	07c2                	slli	a5,a5,0x10
    181c:	00651c23          	sh	t1,24(a0)
    1820:	c0068693          	addi	a3,a3,-1024 # 40012c00 <_eusrstack+0x20010c00>
    1824:	8341                	srli	a4,a4,0x10
    1826:	83c1                	srli	a5,a5,0x10
    1828:	00d50663          	beq	a0,a3,1834 <TI1_Config+0x48>
    182c:	400006b7          	lui	a3,0x40000
    1830:	00d51663          	bne	a0,a3,183c <TI1_Config+0x50>
    1834:	9b75                	andi	a4,a4,-3
    1836:	8dd9                	or	a1,a1,a4
    1838:	0015e713          	ori	a4,a1,1
    183c:	ad1e                	sh	a5,24(a0)
    183e:	b11a                	sh	a4,32(a0)
    1840:	8082                	ret

00001842 <TI2_Config>:
    1842:	311e                	lhu	a5,32(a0)
    1844:	6305                	lui	t1,0x1
    1846:	cff30313          	addi	t1,t1,-769 # cff <FLASH_ROM_ERASE+0xff>
    184a:	07c2                	slli	a5,a5,0x10
    184c:	83c1                	srli	a5,a5,0x10
    184e:	9bbd                	andi	a5,a5,-17
    1850:	07c2                	slli	a5,a5,0x10
    1852:	83c1                	srli	a5,a5,0x10
    1854:	b11e                	sh	a5,32(a0)
    1856:	2d1a                	lhu	a4,24(a0)
    1858:	0622                	slli	a2,a2,0x8
    185a:	311e                	lhu	a5,32(a0)
    185c:	00677733          	and	a4,a4,t1
    1860:	01855303          	lhu	t1,24(a0)
    1864:	0642                	slli	a2,a2,0x10
    1866:	8241                	srli	a2,a2,0x10
    1868:	06b2                	slli	a3,a3,0xc
    186a:	00c36333          	or	t1,t1,a2
    186e:	8e55                	or	a2,a2,a3
    1870:	8f51                	or	a4,a4,a2
    1872:	400136b7          	lui	a3,0x40013
    1876:	07c2                	slli	a5,a5,0x10
    1878:	0742                	slli	a4,a4,0x10
    187a:	00651c23          	sh	t1,24(a0)
    187e:	c0068693          	addi	a3,a3,-1024 # 40012c00 <_eusrstack+0x20010c00>
    1882:	83c1                	srli	a5,a5,0x10
    1884:	8341                	srli	a4,a4,0x10
    1886:	00d50663          	beq	a0,a3,1892 <TI2_Config+0x50>
    188a:	400006b7          	lui	a3,0x40000
    188e:	00d51a63          	bne	a0,a3,18a2 <TI2_Config+0x60>
    1892:	fdf7f793          	andi	a5,a5,-33
    1896:	0592                	slli	a1,a1,0x4
    1898:	8ddd                	or	a1,a1,a5
    189a:	05c2                	slli	a1,a1,0x10
    189c:	81c1                	srli	a1,a1,0x10
    189e:	0105e793          	ori	a5,a1,16
    18a2:	ad1a                	sh	a4,24(a0)
    18a4:	b11e                	sh	a5,32(a0)
    18a6:	8082                	ret

000018a8 <TIM_TimeBaseInit>:
    18a8:	400137b7          	lui	a5,0x40013
    18ac:	c0078793          	addi	a5,a5,-1024 # 40012c00 <_eusrstack+0x20010c00>
    18b0:	00f50663          	beq	a0,a5,18bc <TIM_TimeBaseInit+0x14>
    18b4:	400007b7          	lui	a5,0x40000
    18b8:	02f51d63          	bne	a0,a5,18f2 <TIM_TimeBaseInit+0x4a>
    18bc:	211e                	lhu	a5,0(a0)
    18be:	21ba                	lhu	a4,2(a1)
    18c0:	07c2                	slli	a5,a5,0x10
    18c2:	83c1                	srli	a5,a5,0x10
    18c4:	f8f7f793          	andi	a5,a5,-113
    18c8:	8fd9                	or	a5,a5,a4
    18ca:	21fa                	lhu	a4,6(a1)
    18cc:	cff7f793          	andi	a5,a5,-769
    18d0:	8fd9                	or	a5,a5,a4
    18d2:	a11e                	sh	a5,0(a0)
    18d4:	21de                	lhu	a5,4(a1)
    18d6:	b55e                	sh	a5,44(a0)
    18d8:	219e                	lhu	a5,0(a1)
    18da:	b51e                	sh	a5,40(a0)
    18dc:	400137b7          	lui	a5,0x40013
    18e0:	c0078793          	addi	a5,a5,-1024 # 40012c00 <_eusrstack+0x20010c00>
    18e4:	00f51463          	bne	a0,a5,18ec <TIM_TimeBaseInit+0x44>
    18e8:	259c                	lbu	a5,8(a1)
    18ea:	b91e                	sh	a5,48(a0)
    18ec:	4785                	li	a5,1
    18ee:	a95e                	sh	a5,20(a0)
    18f0:	8082                	ret
    18f2:	400017b7          	lui	a5,0x40001
    18f6:	80078793          	addi	a5,a5,-2048 # 40000800 <_eusrstack+0x1fffe800>
    18fa:	00f51c63          	bne	a0,a5,1912 <TIM_TimeBaseInit+0x6a>
    18fe:	211e                	lhu	a5,0(a0)
    1900:	21ba                	lhu	a4,2(a1)
    1902:	07c2                	slli	a5,a5,0x10
    1904:	83c1                	srli	a5,a5,0x10
    1906:	f8f7f793          	andi	a5,a5,-113
    190a:	8fd9                	or	a5,a5,a4
    190c:	a11e                	sh	a5,0(a0)
    190e:	21de                	lhu	a5,4(a1)
    1910:	a55e                	sh	a5,12(a0)
    1912:	8082                	ret

00001914 <TIM_OC1Init>:
    1914:	311e                	lhu	a5,32(a0)
    1916:	219a                	lhu	a4,0(a1)
    1918:	0085d303          	lhu	t1,8(a1)
    191c:	07c2                	slli	a5,a5,0x10
    191e:	83c1                	srli	a5,a5,0x10
    1920:	9bf9                	andi	a5,a5,-2
    1922:	07c2                	slli	a5,a5,0x10
    1924:	83c1                	srli	a5,a5,0x10
    1926:	b11e                	sh	a5,32(a0)
    1928:	311e                	lhu	a5,32(a0)
    192a:	2152                	lhu	a2,4(a0)
    192c:	2d16                	lhu	a3,24(a0)
    192e:	07c2                	slli	a5,a5,0x10
    1930:	83c1                	srli	a5,a5,0x10
    1932:	06c2                	slli	a3,a3,0x10
    1934:	82c1                	srli	a3,a3,0x10
    1936:	f8c6f693          	andi	a3,a3,-116
    193a:	8ed9                	or	a3,a3,a4
    193c:	21ba                	lhu	a4,2(a1)
    193e:	9bf5                	andi	a5,a5,-3
    1940:	0642                	slli	a2,a2,0x10
    1942:	00e36733          	or	a4,t1,a4
    1946:	8fd9                	or	a5,a5,a4
    1948:	40013737          	lui	a4,0x40013
    194c:	c0070713          	addi	a4,a4,-1024 # 40012c00 <_eusrstack+0x20010c00>
    1950:	8241                	srli	a2,a2,0x10
    1952:	02e51663          	bne	a0,a4,197e <TIM_OC1Init+0x6a>
    1956:	25ba                	lhu	a4,10(a1)
    1958:	9bdd                	andi	a5,a5,-9
    195a:	00e5d303          	lhu	t1,14(a1)
    195e:	8fd9                	or	a5,a5,a4
    1960:	21da                	lhu	a4,4(a1)
    1962:	9bed                	andi	a5,a5,-5
    1964:	cff67613          	andi	a2,a2,-769
    1968:	8fd9                	or	a5,a5,a4
    196a:	25da                	lhu	a4,12(a1)
    196c:	00676733          	or	a4,a4,t1
    1970:	8e59                	or	a2,a2,a4
    1972:	21fa                	lhu	a4,6(a1)
    1974:	a152                	sh	a2,4(a0)
    1976:	ad16                	sh	a3,24(a0)
    1978:	d958                	sw	a4,52(a0)
    197a:	b11e                	sh	a5,32(a0)
    197c:	8082                	ret
    197e:	40000737          	lui	a4,0x40000
    1982:	fee518e3          	bne	a0,a4,1972 <TIM_OC1Init+0x5e>
    1986:	04455703          	lhu	a4,68(a0)
    198a:	0306                	slli	t1,t1,0x1
    198c:	0742                	slli	a4,a4,0x10
    198e:	8341                	srli	a4,a4,0x10
    1990:	9b49                	andi	a4,a4,-14
    1992:	0742                	slli	a4,a4,0x10
    1994:	8341                	srli	a4,a4,0x10
    1996:	04e51223          	sh	a4,68(a0)
    199a:	04455283          	lhu	t0,68(a0)
    199e:	21da                	lhu	a4,4(a1)
    19a0:	00a5d383          	lhu	t2,10(a1)
    19a4:	8309                	srli	a4,a4,0x2
    19a6:	0072e2b3          	or	t0,t0,t2
    19aa:	00576733          	or	a4,a4,t0
    19ae:	00676733          	or	a4,a4,t1
    19b2:	0742                	slli	a4,a4,0x10
    19b4:	8341                	srli	a4,a4,0x10
    19b6:	04e51223          	sh	a4,68(a0)
    19ba:	bf65                	j	1972 <TIM_OC1Init+0x5e>

000019bc <TIM_OC2Init>:
    19bc:	311e                	lhu	a5,32(a0)
    19be:	7765                	lui	a4,0xffff9
    19c0:	cff70713          	addi	a4,a4,-769 # ffff8cff <_eusrstack+0xdfff6cff>
    19c4:	07c2                	slli	a5,a5,0x10
    19c6:	83c1                	srli	a5,a5,0x10
    19c8:	9bbd                	andi	a5,a5,-17
    19ca:	07c2                	slli	a5,a5,0x10
    19cc:	83c1                	srli	a5,a5,0x10
    19ce:	b11e                	sh	a5,32(a0)
    19d0:	311e                	lhu	a5,32(a0)
    19d2:	2152                	lhu	a2,4(a0)
    19d4:	2d16                	lhu	a3,24(a0)
    19d6:	0085d303          	lhu	t1,8(a1)
    19da:	07c2                	slli	a5,a5,0x10
    19dc:	8ef9                	and	a3,a3,a4
    19de:	219a                	lhu	a4,0(a1)
    19e0:	83c1                	srli	a5,a5,0x10
    19e2:	fdf7f793          	andi	a5,a5,-33
    19e6:	0722                	slli	a4,a4,0x8
    19e8:	8ed9                	or	a3,a3,a4
    19ea:	21ba                	lhu	a4,2(a1)
    19ec:	0642                	slli	a2,a2,0x10
    19ee:	06c2                	slli	a3,a3,0x10
    19f0:	00e36733          	or	a4,t1,a4
    19f4:	0712                	slli	a4,a4,0x4
    19f6:	8fd9                	or	a5,a5,a4
    19f8:	40013737          	lui	a4,0x40013
    19fc:	07c2                	slli	a5,a5,0x10
    19fe:	c0070713          	addi	a4,a4,-1024 # 40012c00 <_eusrstack+0x20010c00>
    1a02:	8241                	srli	a2,a2,0x10
    1a04:	82c1                	srli	a3,a3,0x10
    1a06:	83c1                	srli	a5,a5,0x10
    1a08:	04e51463          	bne	a0,a4,1a50 <TIM_OC2Init+0x94>
    1a0c:	25ba                	lhu	a4,10(a1)
    1a0e:	f7f7f793          	andi	a5,a5,-129
    1a12:	00c5d303          	lhu	t1,12(a1)
    1a16:	0712                	slli	a4,a4,0x4
    1a18:	8fd9                	or	a5,a5,a4
    1a1a:	21da                	lhu	a4,4(a1)
    1a1c:	07c2                	slli	a5,a5,0x10
    1a1e:	83c1                	srli	a5,a5,0x10
    1a20:	0712                	slli	a4,a4,0x4
    1a22:	fbf7f793          	andi	a5,a5,-65
    1a26:	8fd9                	or	a5,a5,a4
    1a28:	777d                	lui	a4,0xfffff
    1a2a:	3ff70713          	addi	a4,a4,1023 # fffff3ff <_eusrstack+0xdfffd3ff>
    1a2e:	8f71                	and	a4,a4,a2
    1a30:	25f2                	lhu	a2,14(a1)
    1a32:	07c2                	slli	a5,a5,0x10
    1a34:	83c1                	srli	a5,a5,0x10
    1a36:	00666633          	or	a2,a2,t1
    1a3a:	060a                	slli	a2,a2,0x2
    1a3c:	8f51                	or	a4,a4,a2
    1a3e:	01071613          	slli	a2,a4,0x10
    1a42:	8241                	srli	a2,a2,0x10
    1a44:	21fa                	lhu	a4,6(a1)
    1a46:	a152                	sh	a2,4(a0)
    1a48:	ad16                	sh	a3,24(a0)
    1a4a:	dd18                	sw	a4,56(a0)
    1a4c:	b11e                	sh	a5,32(a0)
    1a4e:	8082                	ret
    1a50:	40000737          	lui	a4,0x40000
    1a54:	fee518e3          	bne	a0,a4,1a44 <TIM_OC2Init+0x88>
    1a58:	04455703          	lhu	a4,68(a0)
    1a5c:	030e                	slli	t1,t1,0x3
    1a5e:	0742                	slli	a4,a4,0x10
    1a60:	8341                	srli	a4,a4,0x10
    1a62:	fcd77713          	andi	a4,a4,-51
    1a66:	0742                	slli	a4,a4,0x10
    1a68:	8341                	srli	a4,a4,0x10
    1a6a:	04e51223          	sh	a4,68(a0)
    1a6e:	25ba                	lhu	a4,10(a1)
    1a70:	04455283          	lhu	t0,68(a0)
    1a74:	070a                	slli	a4,a4,0x2
    1a76:	00676733          	or	a4,a4,t1
    1a7a:	0045d303          	lhu	t1,4(a1)
    1a7e:	00135313          	srli	t1,t1,0x1
    1a82:	0062e333          	or	t1,t0,t1
    1a86:	00676733          	or	a4,a4,t1
    1a8a:	0742                	slli	a4,a4,0x10
    1a8c:	8341                	srli	a4,a4,0x10
    1a8e:	04e51223          	sh	a4,68(a0)
    1a92:	bf4d                	j	1a44 <TIM_OC2Init+0x88>

00001a94 <TIM_OC4Init>:
    1a94:	311e                	lhu	a5,32(a0)
    1a96:	777d                	lui	a4,0xfffff
    1a98:	177d                	addi	a4,a4,-1 # ffffefff <_eusrstack+0xdfffcfff>
    1a9a:	8ff9                	and	a5,a5,a4
    1a9c:	b11e                	sh	a5,32(a0)
    1a9e:	311e                	lhu	a5,32(a0)
    1aa0:	2152                	lhu	a2,4(a0)
    1aa2:	2d56                	lhu	a3,28(a0)
    1aa4:	7765                	lui	a4,0xffff9
    1aa6:	cff70713          	addi	a4,a4,-769 # ffff8cff <_eusrstack+0xdfff6cff>
    1aaa:	8ef9                	and	a3,a3,a4
    1aac:	219a                	lhu	a4,0(a1)
    1aae:	0085d303          	lhu	t1,8(a1)
    1ab2:	0642                	slli	a2,a2,0x10
    1ab4:	0722                	slli	a4,a4,0x8
    1ab6:	8ed9                	or	a3,a3,a4
    1ab8:	7779                	lui	a4,0xffffe
    1aba:	177d                	addi	a4,a4,-1 # ffffdfff <_eusrstack+0xdfffbfff>
    1abc:	8ff9                	and	a5,a5,a4
    1abe:	21ba                	lhu	a4,2(a1)
    1ac0:	06c2                	slli	a3,a3,0x10
    1ac2:	8241                	srli	a2,a2,0x10
    1ac4:	00676733          	or	a4,a4,t1
    1ac8:	0732                	slli	a4,a4,0xc
    1aca:	8fd9                	or	a5,a5,a4
    1acc:	40013737          	lui	a4,0x40013
    1ad0:	07c2                	slli	a5,a5,0x10
    1ad2:	c0070713          	addi	a4,a4,-1024 # 40012c00 <_eusrstack+0x20010c00>
    1ad6:	82c1                	srli	a3,a3,0x10
    1ad8:	83c1                	srli	a5,a5,0x10
    1ada:	00e51b63          	bne	a0,a4,1af0 <TIM_OC4Init+0x5c>
    1ade:	7771                	lui	a4,0xffffc
    1ae0:	177d                	addi	a4,a4,-1 # ffffbfff <_eusrstack+0xdfff9fff>
    1ae2:	8f71                	and	a4,a4,a2
    1ae4:	25d2                	lhu	a2,12(a1)
    1ae6:	061a                	slli	a2,a2,0x6
    1ae8:	8f51                	or	a4,a4,a2
    1aea:	01071613          	slli	a2,a4,0x10
    1aee:	8241                	srli	a2,a2,0x10
    1af0:	21fa                	lhu	a4,6(a1)
    1af2:	a152                	sh	a2,4(a0)
    1af4:	ad56                	sh	a3,28(a0)
    1af6:	c138                	sw	a4,64(a0)
    1af8:	b11e                	sh	a5,32(a0)
    1afa:	8082                	ret

00001afc <TIM_OCStructInit>:
    1afc:	00051023          	sh	zero,0(a0)
    1b00:	00051123          	sh	zero,2(a0)
    1b04:	00051223          	sh	zero,4(a0)
    1b08:	00051323          	sh	zero,6(a0)
    1b0c:	00051423          	sh	zero,8(a0)
    1b10:	00051523          	sh	zero,10(a0)
    1b14:	00051623          	sh	zero,12(a0)
    1b18:	00051723          	sh	zero,14(a0)
    1b1c:	8082                	ret

00001b1e <TIM_ICStructInit>:
    1b1e:	4785                	li	a5,1
    1b20:	00051023          	sh	zero,0(a0)
    1b24:	00051123          	sh	zero,2(a0)
    1b28:	a15e                	sh	a5,4(a0)
    1b2a:	00051323          	sh	zero,6(a0)
    1b2e:	00051423          	sh	zero,8(a0)
    1b32:	8082                	ret

00001b34 <TIM_Cmd>:
    1b34:	400137b7          	lui	a5,0x40013
    1b38:	c0078793          	addi	a5,a5,-1024 # 40012c00 <_eusrstack+0x20010c00>
    1b3c:	c19d                	beqz	a1,1b62 <TIM_Cmd+0x2e>
    1b3e:	00f50663          	beq	a0,a5,1b4a <TIM_Cmd+0x16>
    1b42:	400007b7          	lui	a5,0x40000
    1b46:	00f51763          	bne	a0,a5,1b54 <TIM_Cmd+0x20>
    1b4a:	211e                	lhu	a5,0(a0)
    1b4c:	0017e793          	ori	a5,a5,1
    1b50:	a11e                	sh	a5,0(a0)
    1b52:	a039                	j	1b60 <TIM_Cmd+0x2c>
    1b54:	400017b7          	lui	a5,0x40001
    1b58:	80078793          	addi	a5,a5,-2048 # 40000800 <_eusrstack+0x1fffe800>
    1b5c:	fef507e3          	beq	a0,a5,1b4a <TIM_Cmd+0x16>
    1b60:	8082                	ret
    1b62:	00f50663          	beq	a0,a5,1b6e <TIM_Cmd+0x3a>
    1b66:	400007b7          	lui	a5,0x40000
    1b6a:	00f51963          	bne	a0,a5,1b7c <TIM_Cmd+0x48>
    1b6e:	211e                	lhu	a5,0(a0)
    1b70:	07c2                	slli	a5,a5,0x10
    1b72:	83c1                	srli	a5,a5,0x10
    1b74:	9bf9                	andi	a5,a5,-2
    1b76:	07c2                	slli	a5,a5,0x10
    1b78:	83c1                	srli	a5,a5,0x10
    1b7a:	bfd9                	j	1b50 <TIM_Cmd+0x1c>
    1b7c:	400017b7          	lui	a5,0x40001
    1b80:	80078793          	addi	a5,a5,-2048 # 40000800 <_eusrstack+0x1fffe800>
    1b84:	fcf51ee3          	bne	a0,a5,1b60 <TIM_Cmd+0x2c>
    1b88:	b7dd                	j	1b6e <TIM_Cmd+0x3a>

00001b8a <TIM_CtrlPWMOutputs>:
    1b8a:	04455783          	lhu	a5,68(a0)
    1b8e:	c591                	beqz	a1,1b9a <TIM_CtrlPWMOutputs+0x10>
    1b90:	6721                	lui	a4,0x8
    1b92:	8fd9                	or	a5,a5,a4
    1b94:	04f51223          	sh	a5,68(a0)
    1b98:	8082                	ret
    1b9a:	07c6                	slli	a5,a5,0x11
    1b9c:	83c5                	srli	a5,a5,0x11
    1b9e:	bfdd                	j	1b94 <TIM_CtrlPWMOutputs+0xa>

00001ba0 <TIM_ITConfig>:
    1ba0:	255e                	lhu	a5,12(a0)
    1ba2:	c601                	beqz	a2,1baa <TIM_ITConfig+0xa>
    1ba4:	8fcd                	or	a5,a5,a1
    1ba6:	a55e                	sh	a5,12(a0)
    1ba8:	8082                	ret
    1baa:	fff5c593          	not	a1,a1
    1bae:	8fed                	and	a5,a5,a1
    1bb0:	bfdd                	j	1ba6 <TIM_ITConfig+0x6>

00001bb2 <TIM_SelectInputTrigger>:
    1bb2:	251e                	lhu	a5,8(a0)
    1bb4:	07c2                	slli	a5,a5,0x10
    1bb6:	83c1                	srli	a5,a5,0x10
    1bb8:	f8f7f793          	andi	a5,a5,-113
    1bbc:	8fcd                	or	a5,a5,a1
    1bbe:	a51e                	sh	a5,8(a0)
    1bc0:	8082                	ret

00001bc2 <TIM_ARRPreloadConfig>:
    1bc2:	400137b7          	lui	a5,0x40013
    1bc6:	c0078793          	addi	a5,a5,-1024 # 40012c00 <_eusrstack+0x20010c00>
    1bca:	c19d                	beqz	a1,1bf0 <TIM_ARRPreloadConfig+0x2e>
    1bcc:	00f50663          	beq	a0,a5,1bd8 <TIM_ARRPreloadConfig+0x16>
    1bd0:	400007b7          	lui	a5,0x40000
    1bd4:	00f51763          	bne	a0,a5,1be2 <TIM_ARRPreloadConfig+0x20>
    1bd8:	211e                	lhu	a5,0(a0)
    1bda:	0807e793          	ori	a5,a5,128
    1bde:	a11e                	sh	a5,0(a0)
    1be0:	a039                	j	1bee <TIM_ARRPreloadConfig+0x2c>
    1be2:	400017b7          	lui	a5,0x40001
    1be6:	80078793          	addi	a5,a5,-2048 # 40000800 <_eusrstack+0x1fffe800>
    1bea:	fef507e3          	beq	a0,a5,1bd8 <TIM_ARRPreloadConfig+0x16>
    1bee:	8082                	ret
    1bf0:	00f50663          	beq	a0,a5,1bfc <TIM_ARRPreloadConfig+0x3a>
    1bf4:	400007b7          	lui	a5,0x40000
    1bf8:	00f51a63          	bne	a0,a5,1c0c <TIM_ARRPreloadConfig+0x4a>
    1bfc:	211e                	lhu	a5,0(a0)
    1bfe:	07c2                	slli	a5,a5,0x10
    1c00:	83c1                	srli	a5,a5,0x10
    1c02:	f7f7f793          	andi	a5,a5,-129
    1c06:	07c2                	slli	a5,a5,0x10
    1c08:	83c1                	srli	a5,a5,0x10
    1c0a:	bfd1                	j	1bde <TIM_ARRPreloadConfig+0x1c>
    1c0c:	400017b7          	lui	a5,0x40001
    1c10:	80078793          	addi	a5,a5,-2048 # 40000800 <_eusrstack+0x1fffe800>
    1c14:	fcf51de3          	bne	a0,a5,1bee <TIM_ARRPreloadConfig+0x2c>
    1c18:	b7d5                	j	1bfc <TIM_ARRPreloadConfig+0x3a>

00001c1a <TIM_OC1PreloadConfig>:
    1c1a:	400137b7          	lui	a5,0x40013
    1c1e:	c0078793          	addi	a5,a5,-1024 # 40012c00 <_eusrstack+0x20010c00>
    1c22:	00f50663          	beq	a0,a5,1c2e <TIM_OC1PreloadConfig+0x14>
    1c26:	400007b7          	lui	a5,0x40000
    1c2a:	00f51963          	bne	a0,a5,1c3c <TIM_OC1PreloadConfig+0x22>
    1c2e:	2d1e                	lhu	a5,24(a0)
    1c30:	07c2                	slli	a5,a5,0x10
    1c32:	83c1                	srli	a5,a5,0x10
    1c34:	9bdd                	andi	a5,a5,-9
    1c36:	8ddd                	or	a1,a1,a5
    1c38:	ad0e                	sh	a1,24(a0)
    1c3a:	8082                	ret
    1c3c:	400017b7          	lui	a5,0x40001
    1c40:	80078793          	addi	a5,a5,-2048 # 40000800 <_eusrstack+0x1fffe800>
    1c44:	00f51963          	bne	a0,a5,1c56 <TIM_OC1PreloadConfig+0x3c>
    1c48:	215e                	lhu	a5,4(a0)
    1c4a:	818d                	srli	a1,a1,0x3
    1c4c:	07c2                	slli	a5,a5,0x10
    1c4e:	83c1                	srli	a5,a5,0x10
    1c50:	9bf9                	andi	a5,a5,-2
    1c52:	8ddd                	or	a1,a1,a5
    1c54:	a14e                	sh	a1,4(a0)
    1c56:	8082                	ret

00001c58 <TIM_OC2PreloadConfig>:
    1c58:	400137b7          	lui	a5,0x40013
    1c5c:	c0078793          	addi	a5,a5,-1024 # 40012c00 <_eusrstack+0x20010c00>
    1c60:	00f50663          	beq	a0,a5,1c6c <TIM_OC2PreloadConfig+0x14>
    1c64:	400007b7          	lui	a5,0x40000
    1c68:	00f51d63          	bne	a0,a5,1c82 <TIM_OC2PreloadConfig+0x2a>
    1c6c:	2d1e                	lhu	a5,24(a0)
    1c6e:	777d                	lui	a4,0xfffff
    1c70:	7ff70713          	addi	a4,a4,2047 # fffff7ff <_eusrstack+0xdfffd7ff>
    1c74:	8ff9                	and	a5,a5,a4
    1c76:	05a2                	slli	a1,a1,0x8
    1c78:	8fcd                	or	a5,a5,a1
    1c7a:	07c2                	slli	a5,a5,0x10
    1c7c:	83c1                	srli	a5,a5,0x10
    1c7e:	ad1e                	sh	a5,24(a0)
    1c80:	8082                	ret
    1c82:	400017b7          	lui	a5,0x40001
    1c86:	80078793          	addi	a5,a5,-2048 # 40000800 <_eusrstack+0x1fffe800>
    1c8a:	00f51963          	bne	a0,a5,1c9c <TIM_OC2PreloadConfig+0x44>
    1c8e:	215e                	lhu	a5,4(a0)
    1c90:	8189                	srli	a1,a1,0x2
    1c92:	07c2                	slli	a5,a5,0x10
    1c94:	83c1                	srli	a5,a5,0x10
    1c96:	9bf5                	andi	a5,a5,-3
    1c98:	8ddd                	or	a1,a1,a5
    1c9a:	a14e                	sh	a1,4(a0)
    1c9c:	8082                	ret

00001c9e <TIM_OC4PreloadConfig>:
    1c9e:	400137b7          	lui	a5,0x40013
    1ca2:	c0078793          	addi	a5,a5,-1024 # 40012c00 <_eusrstack+0x20010c00>
    1ca6:	872e                	mv	a4,a1
    1ca8:	00f50663          	beq	a0,a5,1cb4 <TIM_OC4PreloadConfig+0x16>
    1cac:	400007b7          	lui	a5,0x40000
    1cb0:	00f51d63          	bne	a0,a5,1cca <TIM_OC4PreloadConfig+0x2c>
    1cb4:	2d4e                	lhu	a1,28(a0)
    1cb6:	77fd                	lui	a5,0xfffff
    1cb8:	7ff78793          	addi	a5,a5,2047 # fffff7ff <_eusrstack+0xdfffd7ff>
    1cbc:	8dfd                	and	a1,a1,a5
    1cbe:	0722                	slli	a4,a4,0x8
    1cc0:	8dd9                	or	a1,a1,a4
    1cc2:	05c2                	slli	a1,a1,0x10
    1cc4:	81c1                	srli	a1,a1,0x10
    1cc6:	ad4e                	sh	a1,28(a0)
    1cc8:	8082                	ret
    1cca:	400017b7          	lui	a5,0x40001
    1cce:	80078793          	addi	a5,a5,-2048 # 40000800 <_eusrstack+0x1fffe800>
    1cd2:	00f51863          	bne	a0,a5,1ce2 <TIM_OC4PreloadConfig+0x44>
    1cd6:	215e                	lhu	a5,4(a0)
    1cd8:	07c2                	slli	a5,a5,0x10
    1cda:	83c1                	srli	a5,a5,0x10
    1cdc:	9bdd                	andi	a5,a5,-9
    1cde:	8ddd                	or	a1,a1,a5
    1ce0:	a14e                	sh	a1,4(a0)
    1ce2:	8082                	ret

00001ce4 <TIM_OC2PolarityConfig>:
    1ce4:	311e                	lhu	a5,32(a0)
    1ce6:	0592                	slli	a1,a1,0x4
    1ce8:	07c2                	slli	a5,a5,0x10
    1cea:	83c1                	srli	a5,a5,0x10
    1cec:	fdf7f793          	andi	a5,a5,-33
    1cf0:	8fcd                	or	a5,a5,a1
    1cf2:	07c2                	slli	a5,a5,0x10
    1cf4:	83c1                	srli	a5,a5,0x10
    1cf6:	b11e                	sh	a5,32(a0)
    1cf8:	8082                	ret

00001cfa <TIM_CCxCmd>:
    1cfa:	311a                	lhu	a4,32(a0)
    1cfc:	4785                	li	a5,1
    1cfe:	00b797b3          	sll	a5,a5,a1
    1d02:	fff7c793          	not	a5,a5
    1d06:	8ff9                	and	a5,a5,a4
    1d08:	b11e                	sh	a5,32(a0)
    1d0a:	311e                	lhu	a5,32(a0)
    1d0c:	00b61633          	sll	a2,a2,a1
    1d10:	8fd1                	or	a5,a5,a2
    1d12:	07c2                	slli	a5,a5,0x10
    1d14:	83c1                	srli	a5,a5,0x10
    1d16:	b11e                	sh	a5,32(a0)
    1d18:	8082                	ret

00001d1a <TIM_SelectOutputTrigger>:
    1d1a:	215e                	lhu	a5,4(a0)
    1d1c:	07c2                	slli	a5,a5,0x10
    1d1e:	83c1                	srli	a5,a5,0x10
    1d20:	f8f7f793          	andi	a5,a5,-113
    1d24:	07c2                	slli	a5,a5,0x10
    1d26:	83c1                	srli	a5,a5,0x10
    1d28:	a15e                	sh	a5,4(a0)
    1d2a:	215e                	lhu	a5,4(a0)
    1d2c:	8fcd                	or	a5,a5,a1
    1d2e:	a15e                	sh	a5,4(a0)
    1d30:	8082                	ret

00001d32 <TIM_SelectSlaveMode>:
    1d32:	400137b7          	lui	a5,0x40013
    1d36:	c0078793          	addi	a5,a5,-1024 # 40012c00 <_eusrstack+0x20010c00>
    1d3a:	00f50663          	beq	a0,a5,1d46 <TIM_SelectSlaveMode+0x14>
    1d3e:	400007b7          	lui	a5,0x40000
    1d42:	00f51d63          	bne	a0,a5,1d5c <TIM_SelectSlaveMode+0x2a>
    1d46:	251e                	lhu	a5,8(a0)
    1d48:	07c2                	slli	a5,a5,0x10
    1d4a:	83c1                	srli	a5,a5,0x10
    1d4c:	9be1                	andi	a5,a5,-8
    1d4e:	07c2                	slli	a5,a5,0x10
    1d50:	83c1                	srli	a5,a5,0x10
    1d52:	a51e                	sh	a5,8(a0)
    1d54:	251e                	lhu	a5,8(a0)
    1d56:	8fcd                	or	a5,a5,a1
    1d58:	a51e                	sh	a5,8(a0)
    1d5a:	8082                	ret
    1d5c:	400017b7          	lui	a5,0x40001
    1d60:	80078793          	addi	a5,a5,-2048 # 40000800 <_eusrstack+0x1fffe800>
    1d64:	02f51063          	bne	a0,a5,1d84 <TIM_SelectSlaveMode+0x52>
    1d68:	211e                	lhu	a5,0(a0)
    1d6a:	05a2                	slli	a1,a1,0x8
    1d6c:	07c2                	slli	a5,a5,0x10
    1d6e:	83c1                	srli	a5,a5,0x10
    1d70:	8ff7f793          	andi	a5,a5,-1793
    1d74:	07c2                	slli	a5,a5,0x10
    1d76:	83c1                	srli	a5,a5,0x10
    1d78:	a11e                	sh	a5,0(a0)
    1d7a:	211e                	lhu	a5,0(a0)
    1d7c:	8fcd                	or	a5,a5,a1
    1d7e:	07c2                	slli	a5,a5,0x10
    1d80:	83c1                	srli	a5,a5,0x10
    1d82:	a11e                	sh	a5,0(a0)
    1d84:	8082                	ret

00001d86 <TIM_SetCompare1>:
    1d86:	400137b7          	lui	a5,0x40013
    1d8a:	c0078793          	addi	a5,a5,-1024 # 40012c00 <_eusrstack+0x20010c00>
    1d8e:	00f50663          	beq	a0,a5,1d9a <TIM_SetCompare1+0x14>
    1d92:	400007b7          	lui	a5,0x40000
    1d96:	00f51463          	bne	a0,a5,1d9e <TIM_SetCompare1+0x18>
    1d9a:	d94c                	sw	a1,52(a0)
    1d9c:	8082                	ret
    1d9e:	400017b7          	lui	a5,0x40001
    1da2:	80078793          	addi	a5,a5,-2048 # 40000800 <_eusrstack+0x1fffe800>
    1da6:	00f51363          	bne	a0,a5,1dac <TIM_SetCompare1+0x26>
    1daa:	a90e                	sh	a1,16(a0)
    1dac:	8082                	ret

00001dae <TIM_SetCompare2>:
    1dae:	400137b7          	lui	a5,0x40013
    1db2:	c0078793          	addi	a5,a5,-1024 # 40012c00 <_eusrstack+0x20010c00>
    1db6:	00f50663          	beq	a0,a5,1dc2 <TIM_SetCompare2+0x14>
    1dba:	400007b7          	lui	a5,0x40000
    1dbe:	00f51463          	bne	a0,a5,1dc6 <TIM_SetCompare2+0x18>
    1dc2:	dd0c                	sw	a1,56(a0)
    1dc4:	8082                	ret
    1dc6:	400017b7          	lui	a5,0x40001
    1dca:	80078793          	addi	a5,a5,-2048 # 40000800 <_eusrstack+0x1fffe800>
    1dce:	00f51363          	bne	a0,a5,1dd4 <TIM_SetCompare2+0x26>
    1dd2:	a94e                	sh	a1,20(a0)
    1dd4:	8082                	ret

00001dd6 <TIM_SetCompare4>:
    1dd6:	400137b7          	lui	a5,0x40013
    1dda:	c0078793          	addi	a5,a5,-1024 # 40012c00 <_eusrstack+0x20010c00>
    1dde:	00f50663          	beq	a0,a5,1dea <TIM_SetCompare4+0x14>
    1de2:	400007b7          	lui	a5,0x40000
    1de6:	00f51463          	bne	a0,a5,1dee <TIM_SetCompare4+0x18>
    1dea:	c12c                	sw	a1,64(a0)
    1dec:	8082                	ret
    1dee:	400017b7          	lui	a5,0x40001
    1df2:	80078793          	addi	a5,a5,-2048 # 40000800 <_eusrstack+0x1fffe800>
    1df6:	00f51363          	bne	a0,a5,1dfc <TIM_SetCompare4+0x26>
    1dfa:	ad4e                	sh	a1,28(a0)
    1dfc:	8082                	ret

00001dfe <TIM_SetIC1Prescaler>:
    1dfe:	2d1e                	lhu	a5,24(a0)
    1e00:	07c2                	slli	a5,a5,0x10
    1e02:	83c1                	srli	a5,a5,0x10
    1e04:	9bcd                	andi	a5,a5,-13
    1e06:	07c2                	slli	a5,a5,0x10
    1e08:	83c1                	srli	a5,a5,0x10
    1e0a:	ad1e                	sh	a5,24(a0)
    1e0c:	2d1e                	lhu	a5,24(a0)
    1e0e:	8fcd                	or	a5,a5,a1
    1e10:	ad1e                	sh	a5,24(a0)
    1e12:	8082                	ret

00001e14 <TIM_SetIC2Prescaler>:
    1e14:	2d1e                	lhu	a5,24(a0)
    1e16:	777d                	lui	a4,0xfffff
    1e18:	3ff70713          	addi	a4,a4,1023 # fffff3ff <_eusrstack+0xdfffd3ff>
    1e1c:	8ff9                	and	a5,a5,a4
    1e1e:	ad1e                	sh	a5,24(a0)
    1e20:	2d1e                	lhu	a5,24(a0)
    1e22:	05a2                	slli	a1,a1,0x8
    1e24:	8fcd                	or	a5,a5,a1
    1e26:	07c2                	slli	a5,a5,0x10
    1e28:	83c1                	srli	a5,a5,0x10
    1e2a:	ad1e                	sh	a5,24(a0)
    1e2c:	8082                	ret

00001e2e <TIM_SetIC3Prescaler>:
    1e2e:	2d5e                	lhu	a5,28(a0)
    1e30:	07c2                	slli	a5,a5,0x10
    1e32:	83c1                	srli	a5,a5,0x10
    1e34:	9bcd                	andi	a5,a5,-13
    1e36:	07c2                	slli	a5,a5,0x10
    1e38:	83c1                	srli	a5,a5,0x10
    1e3a:	ad5e                	sh	a5,28(a0)
    1e3c:	2d5e                	lhu	a5,28(a0)
    1e3e:	8fcd                	or	a5,a5,a1
    1e40:	ad5e                	sh	a5,28(a0)
    1e42:	8082                	ret

00001e44 <TIM_SetIC4Prescaler>:
    1e44:	2d5e                	lhu	a5,28(a0)
    1e46:	777d                	lui	a4,0xfffff
    1e48:	3ff70713          	addi	a4,a4,1023 # fffff3ff <_eusrstack+0xdfffd3ff>
    1e4c:	8ff9                	and	a5,a5,a4
    1e4e:	ad5e                	sh	a5,28(a0)
    1e50:	2d5e                	lhu	a5,28(a0)
    1e52:	05a2                	slli	a1,a1,0x8
    1e54:	8fcd                	or	a5,a5,a1
    1e56:	07c2                	slli	a5,a5,0x10
    1e58:	83c1                	srli	a5,a5,0x10
    1e5a:	ad5e                	sh	a5,28(a0)
    1e5c:	8082                	ret

00001e5e <TIM_ICInit>:
    1e5e:	a4afe2ef          	jal	t0,a8 <__riscv_save_0>
    1e62:	219a                	lhu	a4,0(a1)
    1e64:	21be                	lhu	a5,2(a1)
    1e66:	21d2                	lhu	a2,4(a1)
    1e68:	2596                	lhu	a3,8(a1)
    1e6a:	842a                	mv	s0,a0
    1e6c:	84ae                	mv	s1,a1
    1e6e:	eb09                	bnez	a4,1e80 <TIM_ICInit+0x22>
    1e70:	85be                	mv	a1,a5
    1e72:	97bff0ef          	jal	ra,17ec <TI1_Config>
    1e76:	20ee                	lhu	a1,6(s1)
    1e78:	8522                	mv	a0,s0
    1e7a:	3751                	jal	1dfe <TIM_SetIC1Prescaler>
    1e7c:	a36fe06f          	j	b2 <__riscv_restore_0>
    1e80:	4591                	li	a1,4
    1e82:	00b71963          	bne	a4,a1,1e94 <TIM_ICInit+0x36>
    1e86:	85be                	mv	a1,a5
    1e88:	9bbff0ef          	jal	ra,1842 <TI2_Config>
    1e8c:	20ee                	lhu	a1,6(s1)
    1e8e:	8522                	mv	a0,s0
    1e90:	3751                	jal	1e14 <TIM_SetIC2Prescaler>
    1e92:	b7ed                	j	1e7c <TIM_ICInit+0x1e>
    1e94:	4521                	li	a0,8
    1e96:	20ee                	lhu	a1,6(s1)
    1e98:	06a71463          	bne	a4,a0,1f00 <TIM_ICInit+0xa2>
    1e9c:	301a                	lhu	a4,32(s0)
    1e9e:	0692                	slli	a3,a3,0x4
    1ea0:	0742                	slli	a4,a4,0x10
    1ea2:	8341                	srli	a4,a4,0x10
    1ea4:	eff77713          	andi	a4,a4,-257
    1ea8:	0742                	slli	a4,a4,0x10
    1eaa:	8341                	srli	a4,a4,0x10
    1eac:	b01a                	sh	a4,32(s0)
    1eae:	2c5a                	lhu	a4,28(s0)
    1eb0:	300a                	lhu	a0,32(s0)
    1eb2:	01c45303          	lhu	t1,28(s0)
    1eb6:	0742                	slli	a4,a4,0x10
    1eb8:	8341                	srli	a4,a4,0x10
    1eba:	f0c77713          	andi	a4,a4,-244
    1ebe:	8f51                	or	a4,a4,a2
    1ec0:	8f55                	or	a4,a4,a3
    1ec2:	00c36333          	or	t1,t1,a2
    1ec6:	400136b7          	lui	a3,0x40013
    1eca:	0542                	slli	a0,a0,0x10
    1ecc:	0742                	slli	a4,a4,0x10
    1ece:	00641e23          	sh	t1,28(s0)
    1ed2:	c0068693          	addi	a3,a3,-1024 # 40012c00 <_eusrstack+0x20010c00>
    1ed6:	8141                	srli	a0,a0,0x10
    1ed8:	8341                	srli	a4,a4,0x10
    1eda:	00d40663          	beq	s0,a3,1ee6 <TIM_ICInit+0x88>
    1ede:	400006b7          	lui	a3,0x40000
    1ee2:	00d41a63          	bne	s0,a3,1ef6 <TIM_ICInit+0x98>
    1ee6:	dff57513          	andi	a0,a0,-513
    1eea:	07a2                	slli	a5,a5,0x8
    1eec:	8fc9                	or	a5,a5,a0
    1eee:	07c2                	slli	a5,a5,0x10
    1ef0:	83c1                	srli	a5,a5,0x10
    1ef2:	1007e513          	ori	a0,a5,256
    1ef6:	ac5a                	sh	a4,28(s0)
    1ef8:	b00a                	sh	a0,32(s0)
    1efa:	8522                	mv	a0,s0
    1efc:	3f0d                	jal	1e2e <TIM_SetIC3Prescaler>
    1efe:	bfbd                	j	1e7c <TIM_ICInit+0x1e>
    1f00:	301a                	lhu	a4,32(s0)
    1f02:	757d                	lui	a0,0xfffff
    1f04:	157d                	addi	a0,a0,-1 # ffffefff <_eusrstack+0xdfffcfff>
    1f06:	8f69                	and	a4,a4,a0
    1f08:	b01a                	sh	a4,32(s0)
    1f0a:	2c4a                	lhu	a0,28(s0)
    1f0c:	6305                	lui	t1,0x1
    1f0e:	cff30313          	addi	t1,t1,-769 # cff <FLASH_ROM_ERASE+0xff>
    1f12:	301a                	lhu	a4,32(s0)
    1f14:	00657533          	and	a0,a0,t1
    1f18:	0622                	slli	a2,a2,0x8
    1f1a:	01c45303          	lhu	t1,28(s0)
    1f1e:	0642                	slli	a2,a2,0x10
    1f20:	8241                	srli	a2,a2,0x10
    1f22:	06b2                	slli	a3,a3,0xc
    1f24:	00c36333          	or	t1,t1,a2
    1f28:	8e55                	or	a2,a2,a3
    1f2a:	8d51                	or	a0,a0,a2
    1f2c:	400136b7          	lui	a3,0x40013
    1f30:	0742                	slli	a4,a4,0x10
    1f32:	0542                	slli	a0,a0,0x10
    1f34:	00641e23          	sh	t1,28(s0)
    1f38:	c0068693          	addi	a3,a3,-1024 # 40012c00 <_eusrstack+0x20010c00>
    1f3c:	8341                	srli	a4,a4,0x10
    1f3e:	8141                	srli	a0,a0,0x10
    1f40:	00d40663          	beq	s0,a3,1f4c <TIM_ICInit+0xee>
    1f44:	400006b7          	lui	a3,0x40000
    1f48:	00d41b63          	bne	s0,a3,1f5e <TIM_ICInit+0x100>
    1f4c:	76f9                	lui	a3,0xffffe
    1f4e:	16fd                	addi	a3,a3,-1 # ffffdfff <_eusrstack+0xdfffbfff>
    1f50:	8f75                	and	a4,a4,a3
    1f52:	07b2                	slli	a5,a5,0xc
    1f54:	8fd9                	or	a5,a5,a4
    1f56:	07c2                	slli	a5,a5,0x10
    1f58:	83c1                	srli	a5,a5,0x10
    1f5a:	6705                	lui	a4,0x1
    1f5c:	8f5d                	or	a4,a4,a5
    1f5e:	ac4a                	sh	a0,28(s0)
    1f60:	b01a                	sh	a4,32(s0)
    1f62:	8522                	mv	a0,s0
    1f64:	35c5                	jal	1e44 <TIM_SetIC4Prescaler>
    1f66:	bf19                	j	1e7c <TIM_ICInit+0x1e>

00001f68 <TIM_GetCapture2>:
    1f68:	40013737          	lui	a4,0x40013
    1f6c:	c0070713          	addi	a4,a4,-1024 # 40012c00 <_eusrstack+0x20010c00>
    1f70:	87aa                	mv	a5,a0
    1f72:	00e50663          	beq	a0,a4,1f7e <TIM_GetCapture2+0x16>
    1f76:	40000737          	lui	a4,0x40000
    1f7a:	00e51663          	bne	a0,a4,1f86 <TIM_GetCapture2+0x1e>
    1f7e:	5f88                	lw	a0,56(a5)
    1f80:	0542                	slli	a0,a0,0x10
    1f82:	8141                	srli	a0,a0,0x10
    1f84:	8082                	ret
    1f86:	40001737          	lui	a4,0x40001
    1f8a:	80070713          	addi	a4,a4,-2048 # 40000800 <_eusrstack+0x1fffe800>
    1f8e:	4501                	li	a0,0
    1f90:	fee79ae3          	bne	a5,a4,1f84 <TIM_GetCapture2+0x1c>
    1f94:	2bca                	lhu	a0,20(a5)
    1f96:	b7ed                	j	1f80 <TIM_GetCapture2+0x18>

00001f98 <TIM_ClearFlag>:
    1f98:	fff5c593          	not	a1,a1
    1f9c:	05c2                	slli	a1,a1,0x10
    1f9e:	81c1                	srli	a1,a1,0x10
    1fa0:	a90e                	sh	a1,16(a0)
    1fa2:	8082                	ret

00001fa4 <TIM_GetITStatus>:
    1fa4:	291e                	lhu	a5,16(a0)
    1fa6:	254a                	lhu	a0,12(a0)
    1fa8:	8fed                	and	a5,a5,a1
    1faa:	0542                	slli	a0,a0,0x10
    1fac:	8141                	srli	a0,a0,0x10
    1fae:	c789                	beqz	a5,1fb8 <TIM_GetITStatus+0x14>
    1fb0:	8d6d                	and	a0,a0,a1
    1fb2:	00a03533          	snez	a0,a0
    1fb6:	8082                	ret
    1fb8:	4501                	li	a0,0
    1fba:	8082                	ret

00001fbc <TIM_ClearITPendingBit>:
    1fbc:	fff5c593          	not	a1,a1
    1fc0:	05c2                	slli	a1,a1,0x10
    1fc2:	81c1                	srli	a1,a1,0x10
    1fc4:	a90e                	sh	a1,16(a0)
    1fc6:	8082                	ret

00001fc8 <USART_Init>:
    1fc8:	8e0fe2ef          	jal	t0,a8 <__riscv_save_0>
    1fcc:	2916                	lhu	a3,16(a0)
    1fce:	77f5                	lui	a5,0xffffd
    1fd0:	17fd                	addi	a5,a5,-1 # ffffcfff <_eusrstack+0xdfffafff>
    1fd2:	8efd                	and	a3,a3,a5
    1fd4:	21fe                	lhu	a5,6(a1)
    1fd6:	25da                	lhu	a4,12(a1)
    1fd8:	1121                	addi	sp,sp,-24
    1fda:	8fd5                	or	a5,a5,a3
    1fdc:	a91e                	sh	a5,16(a0)
    1fde:	2556                	lhu	a3,12(a0)
    1fe0:	77fd                	lui	a5,0xfffff
    1fe2:	9f378793          	addi	a5,a5,-1549 # ffffe9f3 <_eusrstack+0xdfffc9f3>
    1fe6:	8efd                	and	a3,a3,a5
    1fe8:	21de                	lhu	a5,4(a1)
    1fea:	842a                	mv	s0,a0
    1fec:	84ae                	mv	s1,a1
    1fee:	8fd5                	or	a5,a5,a3
    1ff0:	2596                	lhu	a3,8(a1)
    1ff2:	8fd5                	or	a5,a5,a3
    1ff4:	25b6                	lhu	a3,10(a1)
    1ff6:	8fd5                	or	a5,a5,a3
    1ff8:	a55e                	sh	a5,12(a0)
    1ffa:	295e                	lhu	a5,20(a0)
    1ffc:	07c2                	slli	a5,a5,0x10
    1ffe:	83c1                	srli	a5,a5,0x10
    2000:	cff7f793          	andi	a5,a5,-769
    2004:	8fd9                	or	a5,a5,a4
    2006:	a95e                	sh	a5,20(a0)
    2008:	0048                	addi	a0,sp,4
    200a:	e3cff0ef          	jal	ra,1646 <RCC_GetClocksFreq>
    200e:	400147b7          	lui	a5,0x40014
    2012:	80078793          	addi	a5,a5,-2048 # 40013800 <_eusrstack+0x20011800>
    2016:	04f41563          	bne	s0,a5,2060 <USART_Init+0x98>
    201a:	47c2                	lw	a5,16(sp)
    201c:	4565                	li	a0,25
    201e:	02a78533          	mul	a0,a5,a0
    2022:	408c                	lw	a1,0(s1)
    2024:	058a                	slli	a1,a1,0x2
    2026:	89efe0ef          	jal	ra,c4 <__hidden___udivsi3>
    202a:	06400593          	li	a1,100
    202e:	c02a                	sw	a0,0(sp)
    2030:	894fe0ef          	jal	ra,c4 <__hidden___udivsi3>
    2034:	00451493          	slli	s1,a0,0x4
    2038:	4502                	lw	a0,0(sp)
    203a:	06400593          	li	a1,100
    203e:	8b2fe0ef          	jal	ra,f0 <__umodsi3>
    2042:	0512                	slli	a0,a0,0x4
    2044:	06400593          	li	a1,100
    2048:	03250513          	addi	a0,a0,50
    204c:	878fe0ef          	jal	ra,c4 <__hidden___udivsi3>
    2050:	893d                	andi	a0,a0,15
    2052:	8d45                	or	a0,a0,s1
    2054:	0542                	slli	a0,a0,0x10
    2056:	8141                	srli	a0,a0,0x10
    2058:	a40a                	sh	a0,8(s0)
    205a:	0161                	addi	sp,sp,24
    205c:	856fe06f          	j	b2 <__riscv_restore_0>
    2060:	47b2                	lw	a5,12(sp)
    2062:	bf6d                	j	201c <USART_Init+0x54>

00002064 <USART_Cmd>:
    2064:	255e                	lhu	a5,12(a0)
    2066:	c589                	beqz	a1,2070 <USART_Cmd+0xc>
    2068:	6709                	lui	a4,0x2
    206a:	8fd9                	or	a5,a5,a4
    206c:	a55e                	sh	a5,12(a0)
    206e:	8082                	ret
    2070:	7779                	lui	a4,0xffffe
    2072:	177d                	addi	a4,a4,-1 # ffffdfff <_eusrstack+0xdfffbfff>
    2074:	8ff9                	and	a5,a5,a4
    2076:	bfdd                	j	206c <USART_Cmd+0x8>

00002078 <USART_ITConfig>:
    2078:	0ff5f713          	zext.b	a4,a1
    207c:	4785                	li	a5,1
    207e:	8315                	srli	a4,a4,0x5
    2080:	00b795b3          	sll	a1,a5,a1
    2084:	00f71963          	bne	a4,a5,2096 <USART_ITConfig+0x1e>
    2088:	00c50793          	addi	a5,a0,12
    208c:	4398                	lw	a4,0(a5)
    208e:	ce01                	beqz	a2,20a6 <USART_ITConfig+0x2e>
    2090:	8f4d                	or	a4,a4,a1
    2092:	c398                	sw	a4,0(a5)
    2094:	8082                	ret
    2096:	4689                	li	a3,2
    2098:	01450793          	addi	a5,a0,20
    209c:	fed718e3          	bne	a4,a3,208c <USART_ITConfig+0x14>
    20a0:	01050793          	addi	a5,a0,16
    20a4:	b7e5                	j	208c <USART_ITConfig+0x14>
    20a6:	fff5c593          	not	a1,a1
    20aa:	8df9                	and	a1,a1,a4
    20ac:	c38c                	sw	a1,0(a5)
    20ae:	8082                	ret

000020b0 <USART_SendData>:
    20b0:	1ff5f593          	andi	a1,a1,511
    20b4:	a14e                	sh	a1,4(a0)
    20b6:	8082                	ret

000020b8 <USART_ReceiveData>:
    20b8:	214a                	lhu	a0,4(a0)
    20ba:	1ff57513          	andi	a0,a0,511
    20be:	8082                	ret

000020c0 <USART_HalfDuplexCmd>:
    20c0:	295e                	lhu	a5,20(a0)
    20c2:	c589                	beqz	a1,20cc <USART_HalfDuplexCmd+0xc>
    20c4:	0087e793          	ori	a5,a5,8
    20c8:	a95e                	sh	a5,20(a0)
    20ca:	8082                	ret
    20cc:	07c2                	slli	a5,a5,0x10
    20ce:	83c1                	srli	a5,a5,0x10
    20d0:	9bdd                	andi	a5,a5,-9
    20d2:	07c2                	slli	a5,a5,0x10
    20d4:	83c1                	srli	a5,a5,0x10
    20d6:	bfcd                	j	20c8 <USART_HalfDuplexCmd+0x8>

000020d8 <USART_GetFlagStatus>:
    20d8:	210a                	lhu	a0,0(a0)
    20da:	8d6d                	and	a0,a0,a1
    20dc:	00a03533          	snez	a0,a0
    20e0:	8082                	ret

000020e2 <USART_GetITStatus>:
    20e2:	0ff5f713          	zext.b	a4,a1
    20e6:	4685                	li	a3,1
    20e8:	8315                	srli	a4,a4,0x5
    20ea:	87aa                	mv	a5,a0
    20ec:	00b69533          	sll	a0,a3,a1
    20f0:	02d71063          	bne	a4,a3,2110 <USART_GetITStatus+0x2e>
    20f4:	27da                	lhu	a4,12(a5)
    20f6:	239e                	lhu	a5,0(a5)
    20f8:	8d79                	and	a0,a0,a4
    20fa:	07c2                	slli	a5,a5,0x10
    20fc:	83c1                	srli	a5,a5,0x10
    20fe:	c901                	beqz	a0,210e <USART_GetITStatus+0x2c>
    2100:	81a1                	srli	a1,a1,0x8
    2102:	4705                	li	a4,1
    2104:	00b71733          	sll	a4,a4,a1
    2108:	8ff9                	and	a5,a5,a4
    210a:	00f03533          	snez	a0,a5
    210e:	8082                	ret
    2110:	4689                	li	a3,2
    2112:	00d71463          	bne	a4,a3,211a <USART_GetITStatus+0x38>
    2116:	2b9a                	lhu	a4,16(a5)
    2118:	bff9                	j	20f6 <USART_GetITStatus+0x14>
    211a:	2bda                	lhu	a4,20(a5)
    211c:	bfe9                	j	20f6 <USART_GetITStatus+0x14>

0000211e <Delay_Init>:
    211e:	f8bfd2ef          	jal	t0,a8 <__riscv_save_0>
    2122:	200007b7          	lui	a5,0x20000
    2126:	0107a503          	lw	a0,16(a5) # 20000010 <SystemCoreClock>
    212a:	007a15b7          	lui	a1,0x7a1
    212e:	20058593          	addi	a1,a1,512 # 7a1200 <_data_lma+0x79a244>
    2132:	f93fd0ef          	jal	ra,c4 <__hidden___udivsi3>
    2136:	0ff57513          	zext.b	a0,a0
    213a:	84a18923          	sb	a0,-1966(gp) # 200000e2 <p_us>
    213e:	3e800793          	li	a5,1000
    2142:	02f50533          	mul	a0,a0,a5
    2146:	84a19823          	sh	a0,-1968(gp) # 200000e0 <p_ms>
    214a:	f69fd06f          	j	b2 <__riscv_restore_0>

0000214e <Delay_Us>:
    214e:	e000f7b7          	lui	a5,0xe000f
    2152:	43d8                	lw	a4,4(a5)
    2154:	9b79                	andi	a4,a4,-2
    2156:	c3d8                	sw	a4,4(a5)
    2158:	8521c703          	lbu	a4,-1966(gp) # 200000e2 <p_us>
    215c:	02a70733          	mul	a4,a4,a0
    2160:	cb98                	sw	a4,16(a5)
    2162:	0007a423          	sw	zero,8(a5) # e000f008 <_eusrstack+0xc000d008>
    2166:	4398                	lw	a4,0(a5)
    2168:	00176713          	ori	a4,a4,1
    216c:	c398                	sw	a4,0(a5)
    216e:	43d8                	lw	a4,4(a5)
    2170:	8b05                	andi	a4,a4,1
    2172:	df75                	beqz	a4,216e <Delay_Us+0x20>
    2174:	4398                	lw	a4,0(a5)
    2176:	9b79                	andi	a4,a4,-2
    2178:	c398                	sw	a4,0(a5)
    217a:	8082                	ret

0000217c <Delay_Ms>:
    217c:	e000f7b7          	lui	a5,0xe000f
    2180:	43d8                	lw	a4,4(a5)
    2182:	9b79                	andi	a4,a4,-2
    2184:	c3d8                	sw	a4,4(a5)
    2186:	8501d703          	lhu	a4,-1968(gp) # 200000e0 <p_ms>
    218a:	02a70733          	mul	a4,a4,a0
    218e:	cb98                	sw	a4,16(a5)
    2190:	0007a423          	sw	zero,8(a5) # e000f008 <_eusrstack+0xc000d008>
    2194:	4398                	lw	a4,0(a5)
    2196:	00176713          	ori	a4,a4,1
    219a:	c398                	sw	a4,0(a5)
    219c:	43d8                	lw	a4,4(a5)
    219e:	8b05                	andi	a4,a4,1
    21a0:	df75                	beqz	a4,219c <Delay_Ms+0x20>
    21a2:	4398                	lw	a4,0(a5)
    21a4:	9b79                	andi	a4,a4,-2
    21a6:	c398                	sw	a4,0(a5)
    21a8:	8082                	ret

000021aa <__get_MSTATUS>:
    21aa:	30002573          	.4byte	0x30002573
    21ae:	8082                	ret

000021b0 <__set_MSTATUS>:
    21b0:	30051073          	.4byte	0x30051073
    21b4:	8082                	ret

000021b6 <D_ADC_DMA_ISR>:
    21b6:	ef3fd2ef          	jal	t0,a8 <__riscv_save_0>
    21ba:	4521                	li	a0,8
    21bc:	929fe0ef          	jal	ra,ae4 <DMA_GetITStatus>
    21c0:	c911                	beqz	a0,21d4 <D_ADC_DMA_ISR+0x1e>
    21c2:	4505                	li	a0,1
    21c4:	923fe0ef          	jal	ra,ae6 <DMA_ClearITPendingBit>
    21c8:	84018aa3          	sb	zero,-1963(gp) # 200000e5 <s_current_valid>
    21cc:	84019c23          	sh	zero,-1960(gp) # 200000e8 <s_current_filtered>
    21d0:	ee3fd06f          	j	b2 <__riscv_restore_0>
    21d4:	842a                	mv	s0,a0
    21d6:	4511                	li	a0,4
    21d8:	90dfe0ef          	jal	ra,ae4 <DMA_GetITStatus>
    21dc:	c11d                	beqz	a0,2202 <D_ADC_DMA_ISR+0x4c>
    21de:	4511                	li	a0,4
    21e0:	907fe0ef          	jal	ra,ae6 <DMA_ClearITPendingBit>
    21e4:	4781                	li	a5,0
    21e6:	4701                	li	a4,0
    21e8:	86018613          	addi	a2,gp,-1952 # 200000f0 <s_adc_dma_buffer>
    21ec:	45a9                	li	a1,10
    21ee:	00179693          	slli	a3,a5,0x1
    21f2:	96b2                	add	a3,a3,a2
    21f4:	2296                	lhu	a3,0(a3)
    21f6:	0785                	addi	a5,a5,1
    21f8:	9736                	add	a4,a4,a3
    21fa:	feb79ae3          	bne	a5,a1,21ee <D_ADC_DMA_ISR+0x38>
    21fe:	84e1ae23          	sw	a4,-1956(gp) # 200000ec <s_current_half_sum>
    2202:	4509                	li	a0,2
    2204:	8e1fe0ef          	jal	ra,ae4 <DMA_GetITStatus>
    2208:	d561                	beqz	a0,21d0 <D_ADC_DMA_ISR+0x1a>
    220a:	4509                	li	a0,2
    220c:	8dbfe0ef          	jal	ra,ae6 <DMA_ClearITPendingBit>
    2210:	8531c703          	lbu	a4,-1965(gp) # 200000e3 <s_current_window_off>
    2214:	c719                	beqz	a4,2222 <D_ADC_DMA_ISR+0x6c>
    2216:	84018aa3          	sb	zero,-1963(gp) # 200000e5 <s_current_valid>
    221a:	4705                	li	a4,1
    221c:	84e18a23          	sb	a4,-1964(gp) # 200000e4 <s_discard_dma_block>
    2220:	bf45                	j	21d0 <D_ADC_DMA_ISR+0x1a>
    2222:	8541c703          	lbu	a4,-1964(gp) # 200000e4 <s_discard_dma_block>
    2226:	c701                	beqz	a4,222e <D_ADC_DMA_ISR+0x78>
    2228:	84018a23          	sb	zero,-1964(gp) # 200000e4 <s_discard_dma_block>
    222c:	b755                	j	21d0 <D_ADC_DMA_ISR+0x1a>
    222e:	47a9                	li	a5,10
    2230:	86018693          	addi	a3,gp,-1952 # 200000f0 <s_adc_dma_buffer>
    2234:	4651                	li	a2,20
    2236:	00179713          	slli	a4,a5,0x1
    223a:	9736                	add	a4,a4,a3
    223c:	231a                	lhu	a4,0(a4)
    223e:	0785                	addi	a5,a5,1
    2240:	943a                	add	s0,s0,a4
    2242:	fec79ae3          	bne	a5,a2,2236 <D_ADC_DMA_ISR+0x80>
    2246:	85c1a503          	lw	a0,-1956(gp) # 200000ec <s_current_half_sum>
    224a:	45d1                	li	a1,20
    224c:	0529                	addi	a0,a0,10
    224e:	9522                	add	a0,a0,s0
    2250:	e75fd0ef          	jal	ra,c4 <__hidden___udivsi3>
    2254:	8551c703          	lbu	a4,-1963(gp) # 200000e5 <s_current_valid>
    2258:	cb01                	beqz	a4,2268 <D_ADC_DMA_ISR+0xb2>
    225a:	8581d703          	lhu	a4,-1960(gp) # 200000e8 <s_current_filtered>
    225e:	0542                	slli	a0,a0,0x10
    2260:	8141                	srli	a0,a0,0x10
    2262:	0705                	addi	a4,a4,1
    2264:	953a                	add	a0,a0,a4
    2266:	8105                	srli	a0,a0,0x1
    2268:	0542                	slli	a0,a0,0x10
    226a:	8141                	srli	a0,a0,0x10
    226c:	84a19c23          	sh	a0,-1960(gp) # 200000e8 <s_current_filtered>
    2270:	4785                	li	a5,1
    2272:	84f18aa3          	sb	a5,-1963(gp) # 200000e5 <s_current_valid>
    2276:	bfa9                	j	21d0 <D_ADC_DMA_ISR+0x1a>

00002278 <D_ADC_Current_Filter_Reset>:
    2278:	e31fd2ef          	jal	t0,a8 <__riscv_save_0>
    227c:	373d                	jal	21aa <__get_MSTATUS>
    227e:	08800793          	li	a5,136
    2282:	3007b073          	.4byte	0x3007b073
    2286:	0000100f          	.4byte	0x100f
    228a:	84019c23          	sh	zero,-1960(gp) # 200000e8 <s_current_filtered>
    228e:	8401ae23          	sw	zero,-1956(gp) # 200000ec <s_current_half_sum>
    2292:	84018aa3          	sb	zero,-1963(gp) # 200000e5 <s_current_valid>
    2296:	4705                	li	a4,1
    2298:	84e18a23          	sb	a4,-1964(gp) # 200000e4 <s_discard_dma_block>
    229c:	3f11                	jal	21b0 <__set_MSTATUS>
    229e:	e15fd06f          	j	b2 <__riscv_restore_0>

000022a2 <D_ADC_Current_Window_Set>:
    22a2:	e07fd2ef          	jal	t0,a8 <__riscv_save_0>
    22a6:	842a                	mv	s0,a0
    22a8:	3709                	jal	21aa <__get_MSTATUS>
    22aa:	08800793          	li	a5,136
    22ae:	3007b073          	.4byte	0x3007b073
    22b2:	0000100f          	.4byte	0x100f
    22b6:	00143413          	seqz	s0,s0
    22ba:	848189a3          	sb	s0,-1965(gp) # 200000e3 <s_current_window_off>
    22be:	8531c783          	lbu	a5,-1965(gp) # 200000e3 <s_current_window_off>
    22c2:	c799                	beqz	a5,22d0 <D_ADC_Current_Window_Set+0x2e>
    22c4:	84019c23          	sh	zero,-1960(gp) # 200000e8 <s_current_filtered>
    22c8:	8401ae23          	sw	zero,-1956(gp) # 200000ec <s_current_half_sum>
    22cc:	84018aa3          	sb	zero,-1963(gp) # 200000e5 <s_current_valid>
    22d0:	35c5                	jal	21b0 <__set_MSTATUS>
    22d2:	de1fd06f          	j	b2 <__riscv_restore_0>

000022d6 <D_ADC_DMA_Init>:
    22d6:	dd3fd2ef          	jal	t0,a8 <__riscv_save_0>
    22da:	fa810113          	addi	sp,sp,-88
    22de:	4661                	li	a2,24
    22e0:	4581                	li	a1,0
    22e2:	0848                	addi	a0,sp,20
    22e4:	e6dfd0ef          	jal	ra,150 <memset>
    22e8:	02c00613          	li	a2,44
    22ec:	4581                	li	a1,0
    22ee:	1068                	addi	a0,sp,44
    22f0:	e61fd0ef          	jal	ra,150 <memset>
    22f4:	4585                	li	a1,1
    22f6:	4505                	li	a0,1
    22f8:	c402                	sw	zero,8(sp)
    22fa:	c602                	sw	zero,12(sp)
    22fc:	c802                	sw	zero,16(sp)
    22fe:	c002                	sw	zero,0(sp)
    2300:	c202                	sw	zero,4(sp)
    2302:	be6ff0ef          	jal	ra,16e8 <RCC_HBPeriphClockCmd>
    2306:	4585                	li	a1,1
    2308:	22000513          	li	a0,544
    230c:	bfaff0ef          	jal	ra,1706 <RCC_PB2PeriphClockCmd>
    2310:	4501                	li	a0,0
    2312:	b0aff0ef          	jal	ra,161c <RCC_ADCCLKConfig>
    2316:	40011537          	lui	a0,0x40011
    231a:	04000793          	li	a5,64
    231e:	002c                	addi	a1,sp,8
    2320:	40050513          	addi	a0,a0,1024 # 40011400 <_eusrstack+0x2000f400>
    2324:	40012437          	lui	s0,0x40012
    2328:	847c                	sh	a5,8(sp)
    232a:	c802                	sw	zero,16(sp)
    232c:	b8ffe0ef          	jal	ra,eba <GPIO_Init>
    2330:	40040513          	addi	a0,s0,1024 # 40012400 <_eusrstack+0x20010400>
    2334:	c66fe0ef          	jal	ra,79a <ADC_DeInit>
    2338:	4705                	li	a4,1
    233a:	000607b7          	lui	a5,0x60
    233e:	084c                	addi	a1,sp,20
    2340:	40040513          	addi	a0,s0,1024
    2344:	02e10423          	sb	a4,40(sp)
    2348:	d03e                	sw	a5,32(sp)
    234a:	ca02                	sw	zero,20(sp)
    234c:	cc02                	sw	zero,24(sp)
    234e:	ce02                	sw	zero,28(sp)
    2350:	d202                	sw	zero,36(sp)
    2352:	c72fe0ef          	jal	ra,7c4 <ADC_Init>
    2356:	468d                	li	a3,3
    2358:	4605                	li	a2,1
    235a:	45a5                	li	a1,9
    235c:	40040513          	addi	a0,s0,1024
    2360:	cd4fe0ef          	jal	ra,834 <ADC_RegularChannelConfig>
    2364:	4585                	li	a1,1
    2366:	40040513          	addi	a0,s0,1024
    236a:	e08fe0ef          	jal	ra,972 <ADC_InjectedSequencerLengthConfig>
    236e:	469d                	li	a3,7
    2370:	4605                	li	a2,1
    2372:	4599                	li	a1,6
    2374:	40040513          	addi	a0,s0,1024
    2378:	dacfe0ef          	jal	ra,924 <ADC_InjectedChannelConfig>
    237c:	659d                	lui	a1,0x7
    237e:	40040513          	addi	a0,s0,1024
    2382:	d68fe0ef          	jal	ra,8ea <ADC_ExternalTrigInjectedConvConfig>
    2386:	4581                	li	a1,0
    2388:	40040513          	addi	a0,s0,1024
    238c:	d6cfe0ef          	jal	ra,8f8 <ADC_ExternalTrigInjectedConvCmd>
    2390:	4581                	li	a1,0
    2392:	40040513          	addi	a0,s0,1024
    2396:	d42fe0ef          	jal	ra,8d8 <ADC_AutoInjectedConvCmd>
    239a:	4585                	li	a1,1
    239c:	40040513          	addi	a0,s0,1024
    23a0:	e2efe0ef          	jal	ra,9ce <ADC_Sample_ModeConfig>
    23a4:	4581                	li	a1,0
    23a6:	40040513          	addi	a0,s0,1024
    23aa:	e0cfe0ef          	jal	ra,9b6 <ADC_BufferCmd>
    23ae:	400204b7          	lui	s1,0x40020
    23b2:	00848513          	addi	a0,s1,8 # 40020008 <_eusrstack+0x2001e008>
    23b6:	e26fe0ef          	jal	ra,9dc <DMA_DeInit>
    23ba:	44c40793          	addi	a5,s0,1100
    23be:	d63e                	sw	a5,44(sp)
    23c0:	86018793          	addi	a5,gp,-1952 # 200000f0 <s_adc_dma_buffer>
    23c4:	d83e                	sw	a5,48(sp)
    23c6:	47d1                	li	a5,20
    23c8:	dc3e                	sw	a5,56(sp)
    23ca:	08000793          	li	a5,128
    23ce:	c0be                	sw	a5,64(sp)
    23d0:	10000793          	li	a5,256
    23d4:	c2be                	sw	a5,68(sp)
    23d6:	40000793          	li	a5,1024
    23da:	c4be                	sw	a5,72(sp)
    23dc:	02000793          	li	a5,32
    23e0:	106c                	addi	a1,sp,44
    23e2:	c6be                	sw	a5,76(sp)
    23e4:	00848513          	addi	a0,s1,8
    23e8:	6789                	lui	a5,0x2
    23ea:	c8be                	sw	a5,80(sp)
    23ec:	da02                	sw	zero,52(sp)
    23ee:	de02                	sw	zero,60(sp)
    23f0:	ca82                	sw	zero,84(sp)
    23f2:	e7cfe0ef          	jal	ra,a6e <DMA_Init>
    23f6:	4505                	li	a0,1
    23f8:	ee4fe0ef          	jal	ra,adc <DMA_ClearFlag>
    23fc:	4605                	li	a2,1
    23fe:	45b9                	li	a1,14
    2400:	00848513          	addi	a0,s1,8
    2404:	eb6fe0ef          	jal	ra,aba <DMA_ITConfig>
    2408:	47d9                	li	a5,22
    240a:	4705                	li	a4,1
    240c:	850a                	mv	a0,sp
    240e:	807c                	sh	a5,0(sp)
    2410:	c23a                	sw	a4,4(sp)
    2412:	00010123          	sb	zero,2(sp)
    2416:	8c8ff0ef          	jal	ra,14de <NVIC_Init>
    241a:	84019c23          	sh	zero,-1960(gp) # 200000e8 <s_current_filtered>
    241e:	84019b23          	sh	zero,-1962(gp) # 200000e6 <s_current_offset>
    2422:	8401ae23          	sw	zero,-1956(gp) # 200000ec <s_current_half_sum>
    2426:	84018aa3          	sb	zero,-1963(gp) # 200000e5 <s_current_valid>
    242a:	84018a23          	sb	zero,-1964(gp) # 200000e4 <s_discard_dma_block>
    242e:	4599                	li	a1,6
    2430:	40040513          	addi	a0,s0,1024
    2434:	840189a3          	sb	zero,-1965(gp) # 200000e3 <s_current_window_off>
    2438:	d76fe0ef          	jal	ra,9ae <ADC_ClearFlag>
    243c:	4585                	li	a1,1
    243e:	40040513          	addi	a0,s0,1024
    2442:	be0fe0ef          	jal	ra,822 <ADC_DMACmd>
    2446:	4585                	li	a1,1
    2448:	00848513          	addi	a0,s1,8
    244c:	e5afe0ef          	jal	ra,aa6 <DMA_Cmd>
    2450:	4585                	li	a1,1
    2452:	40040513          	addi	a0,s0,1024
    2456:	bbcfe0ef          	jal	ra,812 <ADC_Cmd>
    245a:	4509                	li	a0,2
    245c:	39cd                	jal	214e <Delay_Us>
    245e:	4585                	li	a1,1
    2460:	40040513          	addi	a0,s0,1024
    2464:	c5cfe0ef          	jal	ra,8c0 <ADC_ExternalTrigConvCmd>
    2468:	6505                	lui	a0,0x1
    246a:	96050513          	addi	a0,a0,-1696 # 960 <ADC_InjectedChannelConfig+0x3c>
    246e:	31f000ef          	jal	ra,2f8c <D_TIM2_ADC_Trigger_Set>
    2472:	3d05                	jal	22a2 <D_ADC_Current_Window_Set>
    2474:	3511                	jal	2278 <D_ADC_Current_Filter_Reset>
    2476:	67e1                	lui	a5,0x18
    2478:	6a078793          	addi	a5,a5,1696 # 186a0 <_data_lma+0x116e4>
    247c:	8551c683          	lbu	a3,-1963(gp) # 200000e5 <s_current_valid>
    2480:	ee81                	bnez	a3,2498 <D_ADC_DMA_Init+0x1c2>
    2482:	17fd                	addi	a5,a5,-1
    2484:	ffe5                	bnez	a5,247c <D_ADC_DMA_Init+0x1a6>
    2486:	4501                	li	a0,0
    2488:	305000ef          	jal	ra,2f8c <D_TIM2_ADC_Trigger_Set>
    248c:	3d19                	jal	22a2 <D_ADC_Current_Window_Set>
    248e:	33ed                	jal	2278 <D_ADC_Current_Filter_Reset>
    2490:	05810113          	addi	sp,sp,88
    2494:	c1ffd06f          	j	b2 <__riscv_restore_0>
    2498:	4511                	li	a0,4
    249a:	31cd                	jal	217c <Delay_Ms>
    249c:	8581d783          	lhu	a5,-1960(gp) # 200000e8 <s_current_filtered>
    24a0:	07c2                	slli	a5,a5,0x10
    24a2:	83c1                	srli	a5,a5,0x10
    24a4:	84f19b23          	sh	a5,-1962(gp) # 200000e6 <s_current_offset>
    24a8:	bff9                	j	2486 <D_ADC_DMA_Init+0x1b0>

000024aa <D_ADC_Current_Read>:
    24aa:	bfffd2ef          	jal	t0,a8 <__riscv_save_0>
    24ae:	1161                	addi	sp,sp,-8
    24b0:	84aa                	mv	s1,a0
    24b2:	39e5                	jal	21aa <__get_MSTATUS>
    24b4:	e491                	bnez	s1,24c0 <D_ADC_Current_Read+0x16>
    24b6:	4781                	li	a5,0
    24b8:	853e                	mv	a0,a5
    24ba:	0121                	addi	sp,sp,8
    24bc:	bf7fd06f          	j	b2 <__riscv_restore_0>
    24c0:	08800793          	li	a5,136
    24c4:	3007b073          	.4byte	0x3007b073
    24c8:	0000100f          	.4byte	0x100f
    24cc:	8551c783          	lbu	a5,-1963(gp) # 200000e5 <s_current_valid>
    24d0:	8581d403          	lhu	s0,-1960(gp) # 200000e8 <s_current_filtered>
    24d4:	8561d703          	lhu	a4,-1962(gp) # 200000e6 <s_current_offset>
    24d8:	0ff7f793          	zext.b	a5,a5
    24dc:	c23e                	sw	a5,4(sp)
    24de:	0742                	slli	a4,a4,0x10
    24e0:	8341                	srli	a4,a4,0x10
    24e2:	c03a                	sw	a4,0(sp)
    24e4:	31f1                	jal	21b0 <__set_MSTATUS>
    24e6:	4792                	lw	a5,4(sp)
    24e8:	0442                	slli	s0,s0,0x10
    24ea:	8041                	srli	s0,s0,0x10
    24ec:	d7e9                	beqz	a5,24b6 <D_ADC_Current_Read+0xc>
    24ee:	4702                	lw	a4,0(sp)
    24f0:	4681                	li	a3,0
    24f2:	00875663          	bge	a4,s0,24fe <D_ADC_Current_Read+0x54>
    24f6:	8c19                	sub	s0,s0,a4
    24f8:	01041693          	slli	a3,s0,0x10
    24fc:	82c1                	srli	a3,a3,0x10
    24fe:	a096                	sh	a3,0(s1)
    2500:	bf65                	j	24b8 <D_ADC_Current_Read+0xe>

00002502 <D_ADC_Voltage_Read>:
    2502:	ba7fd2ef          	jal	t0,a8 <__riscv_save_0>
    2506:	40012437          	lui	s0,0x40012
    250a:	4581                	li	a1,0
    250c:	40040513          	addi	a0,s0,1024 # 40012400 <_eusrstack+0x20010400>
    2510:	bb0fe0ef          	jal	ra,8c0 <ADC_ExternalTrigConvCmd>
    2514:	4511                	li	a0,4
    2516:	3925                	jal	214e <Delay_Us>
    2518:	40040513          	addi	a0,s0,1024
    251c:	4591                	li	a1,4
    251e:	c90fe0ef          	jal	ra,9ae <ADC_ClearFlag>
    2522:	40040513          	addi	a0,s0,1024
    2526:	4585                	li	a1,1
    2528:	6461                	lui	s0,0x18
    252a:	be2fe0ef          	jal	ra,90c <ADC_SoftwareStartInjectedConvCmd>
    252e:	6a040413          	addi	s0,s0,1696 # 186a0 <_data_lma+0x116e4>
    2532:	400124b7          	lui	s1,0x40012
    2536:	400127b7          	lui	a5,0x40012
    253a:	4591                	li	a1,4
    253c:	40078513          	addi	a0,a5,1024 # 40012400 <_eusrstack+0x20010400>
    2540:	c62fe0ef          	jal	ra,9a2 <ADC_GetFlagStatus>
    2544:	e11d                	bnez	a0,256a <D_ADC_Voltage_Read+0x68>
    2546:	147d                	addi	s0,s0,-1
    2548:	f47d                	bnez	s0,2536 <D_ADC_Voltage_Read+0x34>
    254a:	400124b7          	lui	s1,0x40012
    254e:	40048513          	addi	a0,s1,1024 # 40012400 <_eusrstack+0x20010400>
    2552:	4591                	li	a1,4
    2554:	c5afe0ef          	jal	ra,9ae <ADC_ClearFlag>
    2558:	40048513          	addi	a0,s1,1024
    255c:	4585                	li	a1,1
    255e:	b62fe0ef          	jal	ra,8c0 <ADC_ExternalTrigConvCmd>
    2562:	3b19                	jal	2278 <D_ADC_Current_Filter_Reset>
    2564:	8522                	mv	a0,s0
    2566:	b4dfd06f          	j	b2 <__riscv_restore_0>
    256a:	45d1                	li	a1,20
    256c:	40048513          	addi	a0,s1,1024
    2570:	c16fe0ef          	jal	ra,986 <ADC_GetInjectedConversionValue>
    2574:	842a                	mv	s0,a0
    2576:	bfd1                	j	254a <D_ADC_Voltage_Read+0x48>

00002578 <I2C_BusDelay>:
    2578:	1171                	addi	sp,sp,-4
    257a:	47e1                	li	a5,24
    257c:	81dc                	sb	a5,3(sp)
    257e:	8198                	lbu	a4,3(sp)
    2580:	fff70793          	addi	a5,a4,-1
    2584:	0ff7f793          	zext.b	a5,a5
    2588:	81dc                	sb	a5,3(sp)
    258a:	e319                	bnez	a4,2590 <I2C_BusDelay+0x18>
    258c:	0111                	addi	sp,sp,4
    258e:	8082                	ret
    2590:	0001                	nop
    2592:	b7f5                	j	257e <I2C_BusDelay+0x6>

00002594 <I2C_ConfigPins>:
    2594:	b15fd2ef          	jal	t0,a8 <__riscv_save_0>
    2598:	1151                	addi	sp,sp,-12
    259a:	00011123          	sh	zero,2(sp)
    259e:	4799                	li	a5,6
    25a0:	40011737          	lui	a4,0x40011
    25a4:	cb1c                	sw	a5,16(a4)
    25a6:	807c                	sh	a5,0(sp)
    25a8:	c42a                	sw	a0,8(sp)
    25aa:	4785                	li	a5,1
    25ac:	858a                	mv	a1,sp
    25ae:	40011537          	lui	a0,0x40011
    25b2:	c23e                	sw	a5,4(sp)
    25b4:	907fe0ef          	jal	ra,eba <GPIO_Init>
    25b8:	0131                	addi	sp,sp,12
    25ba:	af9fd06f          	j	b2 <__riscv_restore_0>

000025be <I2C_WaitStar1.constprop.0>:
    25be:	400057b7          	lui	a5,0x40005
    25c2:	6605                	lui	a2,0x1
    25c4:	3e800693          	li	a3,1000
    25c8:	40078793          	addi	a5,a5,1024 # 40005400 <_eusrstack+0x20003400>
    25cc:	f0060613          	addi	a2,a2,-256 # f00 <GPIO_Init+0x46>
    25d0:	2bda                	lhu	a4,20(a5)
    25d2:	8f69                	and	a4,a4,a0
    25d4:	c319                	beqz	a4,25da <I2C_WaitStar1.constprop.0+0x1c>
    25d6:	4501                	li	a0,0
    25d8:	8082                	ret
    25da:	2bda                	lhu	a4,20(a5)
    25dc:	8f71                	and	a4,a4,a2
    25de:	e319                	bnez	a4,25e4 <I2C_WaitStar1.constprop.0+0x26>
    25e0:	16fd                	addi	a3,a3,-1
    25e2:	f6fd                	bnez	a3,25d0 <I2C_WaitStar1.constprop.0+0x12>
    25e4:	4505                	li	a0,1
    25e6:	8082                	ret

000025e8 <I2C_ApplyConfig.constprop.0>:
    25e8:	ac1fd2ef          	jal	t0,a8 <__riscv_save_0>
    25ec:	000627b7          	lui	a5,0x62
    25f0:	1141                	addi	sp,sp,-16
    25f2:	a8078793          	addi	a5,a5,-1408 # 61a80 <_data_lma+0x5aac4>
    25f6:	c03e                	sw	a5,0(sp)
    25f8:	400007b7          	lui	a5,0x40000
    25fc:	40005437          	lui	s0,0x40005
    2600:	c23e                	sw	a5,4(sp)
    2602:	040007b7          	lui	a5,0x4000
    2606:	c43e                	sw	a5,8(sp)
    2608:	858a                	mv	a1,sp
    260a:	6791                	lui	a5,0x4
    260c:	40040513          	addi	a0,s0,1024 # 40005400 <_eusrstack+0x20003400>
    2610:	c63e                	sw	a5,12(sp)
    2612:	caffe0ef          	jal	ra,12c0 <I2C_Init>
    2616:	65bd                	lui	a1,0xf
    2618:	40040513          	addi	a0,s0,1024
    261c:	7ff58593          	addi	a1,a1,2047 # f7ff <_data_lma+0x8843>
    2620:	e11fe0ef          	jal	ra,1430 <I2C_NACKPositionConfig>
    2624:	4585                	li	a1,1
    2626:	40040513          	addi	a0,s0,1024
    262a:	d75fe0ef          	jal	ra,139e <I2C_Cmd>
    262e:	0141                	addi	sp,sp,16
    2630:	a83fd06f          	j	b2 <__riscv_restore_0>

00002634 <I2C_SoftReset.constprop.0>:
    2634:	a75fd2ef          	jal	t0,a8 <__riscv_save_0>
    2638:	40005537          	lui	a0,0x40005
    263c:	4581                	li	a1,0
    263e:	40050513          	addi	a0,a0,1024 # 40005400 <_eusrstack+0x20003400>
    2642:	d5dfe0ef          	jal	ra,139e <I2C_Cmd>
    2646:	4551                	li	a0,20
    2648:	37b1                	jal	2594 <I2C_ConfigPins>
    264a:	400117b7          	lui	a5,0x40011
    264e:	4719                	li	a4,6
    2650:	cb98                	sw	a4,16(a5)
    2652:	371d                	jal	2578 <I2C_BusDelay>
    2654:	4425                	li	s0,9
    2656:	4589                	li	a1,2
    2658:	40011537          	lui	a0,0x40011
    265c:	8d5fe0ef          	jal	ra,f30 <GPIO_ReadInputDataBit>
    2660:	ed09                	bnez	a0,267a <I2C_SoftReset.constprop.0+0x46>
    2662:	4791                	li	a5,4
    2664:	400114b7          	lui	s1,0x40011
    2668:	c8dc                	sw	a5,20(s1)
    266a:	3739                	jal	2578 <I2C_BusDelay>
    266c:	4791                	li	a5,4
    266e:	147d                	addi	s0,s0,-1
    2670:	c89c                	sw	a5,16(s1)
    2672:	0ff47413          	zext.b	s0,s0
    2676:	3709                	jal	2578 <I2C_BusDelay>
    2678:	fc79                	bnez	s0,2656 <I2C_SoftReset.constprop.0+0x22>
    267a:	40011437          	lui	s0,0x40011
    267e:	4799                	li	a5,6
    2680:	c85c                	sw	a5,20(s0)
    2682:	3ddd                	jal	2578 <I2C_BusDelay>
    2684:	4791                	li	a5,4
    2686:	c81c                	sw	a5,16(s0)
    2688:	3dc5                	jal	2578 <I2C_BusDelay>
    268a:	4789                	li	a5,2
    268c:	c81c                	sw	a5,16(s0)
    268e:	35ed                	jal	2578 <I2C_BusDelay>
    2690:	4571                	li	a0,28
    2692:	3709                	jal	2594 <I2C_ConfigPins>
    2694:	40005437          	lui	s0,0x40005
    2698:	40040513          	addi	a0,s0,1024 # 40005400 <_eusrstack+0x20003400>
    269c:	4585                	li	a1,1
    269e:	d81fe0ef          	jal	ra,141e <I2C_SoftwareResetCmd>
    26a2:	4581                	li	a1,0
    26a4:	40040513          	addi	a0,s0,1024
    26a8:	d77fe0ef          	jal	ra,141e <I2C_SoftwareResetCmd>
    26ac:	3f35                	jal	25e8 <I2C_ApplyConfig.constprop.0>
    26ae:	a05fd06f          	j	b2 <__riscv_restore_0>

000026b2 <D_Bus_I2C_Init>:
    26b2:	9f7fd2ef          	jal	t0,a8 <__riscv_save_0>
    26b6:	8881c783          	lbu	a5,-1912(gp) # 20000118 <s_i2c_initialized>
    26ba:	1151                	addi	sp,sp,-12
    26bc:	eb9d                	bnez	a5,26f2 <D_Bus_I2C_Init+0x40>
    26be:	4585                	li	a1,1
    26c0:	4545                	li	a0,17
    26c2:	c002                	sw	zero,0(sp)
    26c4:	c202                	sw	zero,4(sp)
    26c6:	c402                	sw	zero,8(sp)
    26c8:	83eff0ef          	jal	ra,1706 <RCC_PB2PeriphClockCmd>
    26cc:	4585                	li	a1,1
    26ce:	00200537          	lui	a0,0x200
    26d2:	852ff0ef          	jal	ra,1724 <RCC_PB1PeriphClockCmd>
    26d6:	4799                	li	a5,6
    26d8:	807c                	sh	a5,0(sp)
    26da:	4485                	li	s1,1
    26dc:	47f1                	li	a5,28
    26de:	858a                	mv	a1,sp
    26e0:	40011537          	lui	a0,0x40011
    26e4:	c43e                	sw	a5,8(sp)
    26e6:	c226                	sw	s1,4(sp)
    26e8:	fd2fe0ef          	jal	ra,eba <GPIO_Init>
    26ec:	3df5                	jal	25e8 <I2C_ApplyConfig.constprop.0>
    26ee:	88918423          	sb	s1,-1912(gp) # 20000118 <s_i2c_initialized>
    26f2:	0131                	addi	sp,sp,12
    26f4:	9bffd06f          	j	b2 <__riscv_restore_0>

000026f8 <D_I2C_Write>:
    26f8:	9b1fd2ef          	jal	t0,a8 <__riscv_save_0>
    26fc:	1141                	addi	sp,sp,-16
    26fe:	c22a                	sw	a0,4(sp)
    2700:	c42e                	sw	a1,8(sp)
    2702:	c036                	sw	a3,0(sp)
    2704:	ca61                	beqz	a2,27d4 <D_I2C_Write+0xdc>
    2706:	c6f9                	beqz	a3,27d4 <D_I2C_Write+0xdc>
    2708:	8432                	mv	s0,a2
    270a:	3e800793          	li	a5,1000
    270e:	400054b7          	lui	s1,0x40005
    2712:	c63e                	sw	a5,12(sp)
    2714:	400057b7          	lui	a5,0x40005
    2718:	40078513          	addi	a0,a5,1024 # 40005400 <_eusrstack+0x20003400>
    271c:	000205b7          	lui	a1,0x20
    2720:	d49fe0ef          	jal	ra,1468 <I2C_GetFlagStatus>
    2724:	47b2                	lw	a5,12(sp)
    2726:	e545                	bnez	a0,27ce <D_I2C_Write+0xd6>
    2728:	4585                	li	a1,1
    272a:	40048513          	addi	a0,s1,1024 # 40005400 <_eusrstack+0x20003400>
    272e:	c89fe0ef          	jal	ra,13b6 <I2C_GenerateSTART>
    2732:	000304b7          	lui	s1,0x30
    2736:	3e800793          	li	a5,1000
    273a:	00148593          	addi	a1,s1,1 # 30001 <_data_lma+0x29045>
    273e:	400054b7          	lui	s1,0x40005
    2742:	40048513          	addi	a0,s1,1024 # 40005400 <_eusrstack+0x20003400>
    2746:	c63e                	sw	a5,12(sp)
    2748:	d0bfe0ef          	jal	ra,1452 <I2C_CheckEvent>
    274c:	000307b7          	lui	a5,0x30
    2750:	00178593          	addi	a1,a5,1 # 30001 <_data_lma+0x29045>
    2754:	47b2                	lw	a5,12(sp)
    2756:	c159                	beqz	a0,27dc <D_I2C_Write+0xe4>
    2758:	4792                	lw	a5,4(sp)
    275a:	40048513          	addi	a0,s1,1024
    275e:	4601                	li	a2,0
    2760:	00179593          	slli	a1,a5,0x1
    2764:	0fe5f593          	andi	a1,a1,254
    2768:	ca9fe0ef          	jal	ra,1410 <I2C_Send7bitAddress>
    276c:	000704b7          	lui	s1,0x70
    2770:	3e800793          	li	a5,1000
    2774:	08248593          	addi	a1,s1,130 # 70082 <_data_lma+0x690c6>
    2778:	400054b7          	lui	s1,0x40005
    277c:	40048513          	addi	a0,s1,1024 # 40005400 <_eusrstack+0x20003400>
    2780:	c23e                	sw	a5,4(sp)
    2782:	cd1fe0ef          	jal	ra,1452 <I2C_CheckEvent>
    2786:	000707b7          	lui	a5,0x70
    278a:	08278593          	addi	a1,a5,130 # 70082 <_data_lma+0x690c6>
    278e:	4792                	lw	a5,4(sp)
    2790:	c929                	beqz	a0,27e2 <D_I2C_Write+0xea>
    2792:	45a2                	lw	a1,8(sp)
    2794:	40048513          	addi	a0,s1,1024
    2798:	000704b7          	lui	s1,0x70
    279c:	c69fe0ef          	jal	ra,1404 <I2C_SendData>
    27a0:	3e800793          	li	a5,1000
    27a4:	08448493          	addi	s1,s1,132 # 70084 <_data_lma+0x690c8>
    27a8:	40005537          	lui	a0,0x40005
    27ac:	85a6                	mv	a1,s1
    27ae:	40050513          	addi	a0,a0,1024 # 40005400 <_eusrstack+0x20003400>
    27b2:	c23e                	sw	a5,4(sp)
    27b4:	c9ffe0ef          	jal	ra,1452 <I2C_CheckEvent>
    27b8:	4792                	lw	a5,4(sp)
    27ba:	c51d                	beqz	a0,27e8 <D_I2C_Write+0xf0>
    27bc:	10000737          	lui	a4,0x10000
    27c0:	08070793          	addi	a5,a4,128 # 10000080 <_data_lma+0xfff90c4>
    27c4:	84a2                	mv	s1,s0
    27c6:	c23e                	sw	a5,4(sp)
    27c8:	3e800713          	li	a4,1000
    27cc:	a01d                	j	27f2 <D_I2C_Write+0xfa>
    27ce:	17fd                	addi	a5,a5,-1
    27d0:	f3a9                	bnez	a5,2712 <D_I2C_Write+0x1a>
    27d2:	358d                	jal	2634 <I2C_SoftReset.constprop.0>
    27d4:	4505                	li	a0,1
    27d6:	0141                	addi	sp,sp,16
    27d8:	8dbfd06f          	j	b2 <__riscv_restore_0>
    27dc:	17fd                	addi	a5,a5,-1
    27de:	f3a5                	bnez	a5,273e <D_I2C_Write+0x46>
    27e0:	bfcd                	j	27d2 <D_I2C_Write+0xda>
    27e2:	17fd                	addi	a5,a5,-1
    27e4:	fbd1                	bnez	a5,2778 <D_I2C_Write+0x80>
    27e6:	b7f5                	j	27d2 <D_I2C_Write+0xda>
    27e8:	17fd                	addi	a5,a5,-1
    27ea:	ffdd                	bnez	a5,27a8 <D_I2C_Write+0xb0>
    27ec:	b7dd                	j	27d2 <D_I2C_Write+0xda>
    27ee:	177d                	addi	a4,a4,-1
    27f0:	d36d                	beqz	a4,27d2 <D_I2C_Write+0xda>
    27f2:	4592                	lw	a1,4(sp)
    27f4:	400056b7          	lui	a3,0x40005
    27f8:	40068513          	addi	a0,a3,1024 # 40005400 <_eusrstack+0x20003400>
    27fc:	c43a                	sw	a4,8(sp)
    27fe:	c6bfe0ef          	jal	ra,1468 <I2C_GetFlagStatus>
    2802:	4722                	lw	a4,8(sp)
    2804:	400056b7          	lui	a3,0x40005
    2808:	d17d                	beqz	a0,27ee <D_I2C_Write+0xf6>
    280a:	208c                	lbu	a1,0(s1)
    280c:	40068513          	addi	a0,a3,1024 # 40005400 <_eusrstack+0x20003400>
    2810:	0485                	addi	s1,s1,1
    2812:	bf3fe0ef          	jal	ra,1404 <I2C_SendData>
    2816:	4782                	lw	a5,0(sp)
    2818:	0ff4f693          	zext.b	a3,s1
    281c:	00f40733          	add	a4,s0,a5
    2820:	0ff77713          	zext.b	a4,a4
    2824:	fad712e3          	bne	a4,a3,27c8 <D_I2C_Write+0xd0>
    2828:	00070437          	lui	s0,0x70
    282c:	3e800493          	li	s1,1000
    2830:	08440593          	addi	a1,s0,132 # 70084 <_data_lma+0x690c8>
    2834:	40005437          	lui	s0,0x40005
    2838:	40040513          	addi	a0,s0,1024 # 40005400 <_eusrstack+0x20003400>
    283c:	c17fe0ef          	jal	ra,1452 <I2C_CheckEvent>
    2840:	000707b7          	lui	a5,0x70
    2844:	08478593          	addi	a1,a5,132 # 70084 <_data_lma+0x690c8>
    2848:	c901                	beqz	a0,2858 <D_I2C_Write+0x160>
    284a:	40040513          	addi	a0,s0,1024
    284e:	4585                	li	a1,1
    2850:	b81fe0ef          	jal	ra,13d0 <I2C_GenerateSTOP>
    2854:	4501                	li	a0,0
    2856:	b741                	j	27d6 <D_I2C_Write+0xde>
    2858:	14fd                	addi	s1,s1,-1
    285a:	fce9                	bnez	s1,2834 <D_I2C_Write+0x13c>
    285c:	bf9d                	j	27d2 <D_I2C_Write+0xda>

0000285e <D_I2C_Read>:
    285e:	84bfd2ef          	jal	t0,a8 <__riscv_save_0>
    2862:	1131                	addi	sp,sp,-20
    2864:	c22a                	sw	a0,4(sp)
    2866:	c42e                	sw	a1,8(sp)
    2868:	c036                	sw	a3,0(sp)
    286a:	16060763          	beqz	a2,29d8 <D_I2C_Read+0x17a>
    286e:	16068563          	beqz	a3,29d8 <D_I2C_Read+0x17a>
    2872:	40005437          	lui	s0,0x40005
    2876:	40040513          	addi	a0,s0,1024 # 40005400 <_eusrstack+0x20003400>
    287a:	4585                	li	a1,1
    287c:	84b2                	mv	s1,a2
    287e:	b6dfe0ef          	jal	ra,13ea <I2C_AcknowledgeConfig>
    2882:	65bd                	lui	a1,0xf
    2884:	40040513          	addi	a0,s0,1024
    2888:	7ff58593          	addi	a1,a1,2047 # f7ff <_data_lma+0x8843>
    288c:	ba5fe0ef          	jal	ra,1430 <I2C_NACKPositionConfig>
    2890:	41445783          	lhu	a5,1044(s0)
    2894:	777d                	lui	a4,0xfffff
    2896:	0ff70713          	addi	a4,a4,255 # fffff0ff <_eusrstack+0xdfffd0ff>
    289a:	8ff9                	and	a5,a5,a4
    289c:	40040413          	addi	s0,s0,1024
    28a0:	3e800713          	li	a4,1000
    28a4:	a85e                	sh	a5,20(s0)
    28a6:	2c1e                	lhu	a5,24(s0)
    28a8:	8b89                	andi	a5,a5,2
    28aa:	12079263          	bnez	a5,29ce <D_I2C_Read+0x170>
    28ae:	8522                	mv	a0,s0
    28b0:	4585                	li	a1,1
    28b2:	b05fe0ef          	jal	ra,13b6 <I2C_GenerateSTART>
    28b6:	4505                	li	a0,1
    28b8:	3319                	jal	25be <I2C_WaitStar1.constprop.0>
    28ba:	10051d63          	bnez	a0,29d4 <D_I2C_Read+0x176>
    28be:	4792                	lw	a5,4(sp)
    28c0:	8522                	mv	a0,s0
    28c2:	4601                	li	a2,0
    28c4:	0786                	slli	a5,a5,0x1
    28c6:	0ff7f793          	zext.b	a5,a5
    28ca:	85be                	mv	a1,a5
    28cc:	c23e                	sw	a5,4(sp)
    28ce:	b43fe0ef          	jal	ra,1410 <I2C_Send7bitAddress>
    28d2:	4509                	li	a0,2
    28d4:	cebff0ef          	jal	ra,25be <I2C_WaitStar1.constprop.0>
    28d8:	0e051e63          	bnez	a0,29d4 <D_I2C_Read+0x176>
    28dc:	285e                	lhu	a5,20(s0)
    28de:	45a2                	lw	a1,8(sp)
    28e0:	8522                	mv	a0,s0
    28e2:	07c2                	slli	a5,a5,0x10
    28e4:	83c1                	srli	a5,a5,0x10
    28e6:	867c                	sh	a5,12(sp)
    28e8:	2c1e                	lhu	a5,24(s0)
    28ea:	07c2                	slli	a5,a5,0x10
    28ec:	83c1                	srli	a5,a5,0x10
    28ee:	867c                	sh	a5,12(sp)
    28f0:	863c                	lhu	a5,12(sp)
    28f2:	b13fe0ef          	jal	ra,1404 <I2C_SendData>
    28f6:	4511                	li	a0,4
    28f8:	cc7ff0ef          	jal	ra,25be <I2C_WaitStar1.constprop.0>
    28fc:	0c051c63          	bnez	a0,29d4 <D_I2C_Read+0x176>
    2900:	8522                	mv	a0,s0
    2902:	4585                	li	a1,1
    2904:	ab3fe0ef          	jal	ra,13b6 <I2C_GenerateSTART>
    2908:	4505                	li	a0,1
    290a:	cb5ff0ef          	jal	ra,25be <I2C_WaitStar1.constprop.0>
    290e:	e179                	bnez	a0,29d4 <D_I2C_Read+0x176>
    2910:	4702                	lw	a4,0(sp)
    2912:	4789                	li	a5,2
    2914:	00f71863          	bne	a4,a5,2924 <D_I2C_Read+0xc6>
    2918:	6585                	lui	a1,0x1
    291a:	80058593          	addi	a1,a1,-2048 # 800 <__stack_size>
    291e:	8522                	mv	a0,s0
    2920:	b11fe0ef          	jal	ra,1430 <I2C_NACKPositionConfig>
    2924:	4592                	lw	a1,4(sp)
    2926:	40005437          	lui	s0,0x40005
    292a:	4605                	li	a2,1
    292c:	40040513          	addi	a0,s0,1024 # 40005400 <_eusrstack+0x20003400>
    2930:	ae1fe0ef          	jal	ra,1410 <I2C_Send7bitAddress>
    2934:	4509                	li	a0,2
    2936:	c89ff0ef          	jal	ra,25be <I2C_WaitStar1.constprop.0>
    293a:	c22a                	sw	a0,4(sp)
    293c:	ed41                	bnez	a0,29d4 <D_I2C_Read+0x176>
    293e:	4702                	lw	a4,0(sp)
    2940:	4785                	li	a5,1
    2942:	08f71e63          	bne	a4,a5,29de <D_I2C_Read+0x180>
    2946:	865ff0ef          	jal	ra,21aa <__get_MSTATUS>
    294a:	c02a                	sw	a0,0(sp)
    294c:	08800793          	li	a5,136
    2950:	3007b073          	.4byte	0x3007b073
    2954:	0000100f          	.4byte	0x100f
    2958:	4581                	li	a1,0
    295a:	40040513          	addi	a0,s0,1024
    295e:	a8dfe0ef          	jal	ra,13ea <I2C_AcknowledgeConfig>
    2962:	41445783          	lhu	a5,1044(s0)
    2966:	40040413          	addi	s0,s0,1024
    296a:	4585                	li	a1,1
    296c:	07c2                	slli	a5,a5,0x10
    296e:	83c1                	srli	a5,a5,0x10
    2970:	877c                	sh	a5,14(sp)
    2972:	2c1e                	lhu	a5,24(s0)
    2974:	8522                	mv	a0,s0
    2976:	07c2                	slli	a5,a5,0x10
    2978:	83c1                	srli	a5,a5,0x10
    297a:	877c                	sh	a5,14(sp)
    297c:	873c                	lhu	a5,14(sp)
    297e:	a53fe0ef          	jal	ra,13d0 <I2C_GenerateSTOP>
    2982:	4502                	lw	a0,0(sp)
    2984:	82dff0ef          	jal	ra,21b0 <__set_MSTATUS>
    2988:	04000513          	li	a0,64
    298c:	c33ff0ef          	jal	ra,25be <I2C_WaitStar1.constprop.0>
    2990:	e131                	bnez	a0,29d4 <D_I2C_Read+0x176>
    2992:	8522                	mv	a0,s0
    2994:	a75fe0ef          	jal	ra,1408 <I2C_ReceiveData>
    2998:	a088                	sb	a0,0(s1)
    299a:	40005537          	lui	a0,0x40005
    299e:	3e800713          	li	a4,1000
    29a2:	40050513          	addi	a0,a0,1024 # 40005400 <_eusrstack+0x20003400>
    29a6:	2d1e                	lhu	a5,24(a0)
    29a8:	8b89                	andi	a5,a5,2
    29aa:	14079363          	bnez	a5,2af0 <D_I2C_Read+0x292>
    29ae:	4585                	li	a1,1
    29b0:	a3bfe0ef          	jal	ra,13ea <I2C_AcknowledgeConfig>
    29b4:	65bd                	lui	a1,0xf
    29b6:	400057b7          	lui	a5,0x40005
    29ba:	7ff58593          	addi	a1,a1,2047 # f7ff <_data_lma+0x8843>
    29be:	40078513          	addi	a0,a5,1024 # 40005400 <_eusrstack+0x20003400>
    29c2:	a6ffe0ef          	jal	ra,1430 <I2C_NACKPositionConfig>
    29c6:	4512                	lw	a0,4(sp)
    29c8:	0151                	addi	sp,sp,20
    29ca:	ee8fd06f          	j	b2 <__riscv_restore_0>
    29ce:	177d                	addi	a4,a4,-1
    29d0:	ec071be3          	bnez	a4,28a6 <D_I2C_Read+0x48>
    29d4:	c61ff0ef          	jal	ra,2634 <I2C_SoftReset.constprop.0>
    29d8:	4785                	li	a5,1
    29da:	c23e                	sw	a5,4(sp)
    29dc:	b7ed                	j	29c6 <D_I2C_Read+0x168>
    29de:	4702                	lw	a4,0(sp)
    29e0:	4789                	li	a5,2
    29e2:	06f71c63          	bne	a4,a5,2a5a <D_I2C_Read+0x1fc>
    29e6:	fc4ff0ef          	jal	ra,21aa <__get_MSTATUS>
    29ea:	c02a                	sw	a0,0(sp)
    29ec:	08800793          	li	a5,136
    29f0:	3007b073          	.4byte	0x3007b073
    29f4:	0000100f          	.4byte	0x100f
    29f8:	4581                	li	a1,0
    29fa:	40040513          	addi	a0,s0,1024
    29fe:	9edfe0ef          	jal	ra,13ea <I2C_AcknowledgeConfig>
    2a02:	41445783          	lhu	a5,1044(s0)
    2a06:	4502                	lw	a0,0(sp)
    2a08:	40040413          	addi	s0,s0,1024
    2a0c:	07c2                	slli	a5,a5,0x10
    2a0e:	83c1                	srli	a5,a5,0x10
    2a10:	80fc                	sh	a5,16(sp)
    2a12:	2c1e                	lhu	a5,24(s0)
    2a14:	07c2                	slli	a5,a5,0x10
    2a16:	83c1                	srli	a5,a5,0x10
    2a18:	80fc                	sh	a5,16(sp)
    2a1a:	80bc                	lhu	a5,16(sp)
    2a1c:	f94ff0ef          	jal	ra,21b0 <__set_MSTATUS>
    2a20:	4511                	li	a0,4
    2a22:	b9dff0ef          	jal	ra,25be <I2C_WaitStar1.constprop.0>
    2a26:	f55d                	bnez	a0,29d4 <D_I2C_Read+0x176>
    2a28:	f82ff0ef          	jal	ra,21aa <__get_MSTATUS>
    2a2c:	c02a                	sw	a0,0(sp)
    2a2e:	08800793          	li	a5,136
    2a32:	3007b073          	.4byte	0x3007b073
    2a36:	0000100f          	.4byte	0x100f
    2a3a:	4585                	li	a1,1
    2a3c:	8522                	mv	a0,s0
    2a3e:	993fe0ef          	jal	ra,13d0 <I2C_GenerateSTOP>
    2a42:	8522                	mv	a0,s0
    2a44:	9c5fe0ef          	jal	ra,1408 <I2C_ReceiveData>
    2a48:	a088                	sb	a0,0(s1)
    2a4a:	8522                	mv	a0,s0
    2a4c:	9bdfe0ef          	jal	ra,1408 <I2C_ReceiveData>
    2a50:	b088                	sb	a0,1(s1)
    2a52:	4502                	lw	a0,0(sp)
    2a54:	f5cff0ef          	jal	ra,21b0 <__set_MSTATUS>
    2a58:	b789                	j	299a <D_I2C_Read+0x13c>
    2a5a:	41445783          	lhu	a5,1044(s0)
    2a5e:	07c2                	slli	a5,a5,0x10
    2a60:	83c1                	srli	a5,a5,0x10
    2a62:	81fc                	sh	a5,18(sp)
    2a64:	41845783          	lhu	a5,1048(s0)
    2a68:	07c2                	slli	a5,a5,0x10
    2a6a:	83c1                	srli	a5,a5,0x10
    2a6c:	81fc                	sh	a5,18(sp)
    2a6e:	81bc                	lhu	a5,18(sp)
    2a70:	4782                	lw	a5,0(sp)
    2a72:	97a6                	add	a5,a5,s1
    2a74:	0ff7f413          	zext.b	s0,a5
    2a78:	409407b3          	sub	a5,s0,s1
    2a7c:	0ff7f793          	zext.b	a5,a5
    2a80:	470d                	li	a4,3
    2a82:	04e79763          	bne	a5,a4,2ad0 <D_I2C_Read+0x272>
    2a86:	4511                	li	a0,4
    2a88:	b37ff0ef          	jal	ra,25be <I2C_WaitStar1.constprop.0>
    2a8c:	f521                	bnez	a0,29d4 <D_I2C_Read+0x176>
    2a8e:	40005437          	lui	s0,0x40005
    2a92:	4581                	li	a1,0
    2a94:	40040513          	addi	a0,s0,1024 # 40005400 <_eusrstack+0x20003400>
    2a98:	953fe0ef          	jal	ra,13ea <I2C_AcknowledgeConfig>
    2a9c:	40040513          	addi	a0,s0,1024
    2aa0:	969fe0ef          	jal	ra,1408 <I2C_ReceiveData>
    2aa4:	a088                	sb	a0,0(s1)
    2aa6:	4511                	li	a0,4
    2aa8:	b17ff0ef          	jal	ra,25be <I2C_WaitStar1.constprop.0>
    2aac:	f20514e3          	bnez	a0,29d4 <D_I2C_Read+0x176>
    2ab0:	4585                	li	a1,1
    2ab2:	40040513          	addi	a0,s0,1024
    2ab6:	91bfe0ef          	jal	ra,13d0 <I2C_GenerateSTOP>
    2aba:	40040513          	addi	a0,s0,1024
    2abe:	94bfe0ef          	jal	ra,1408 <I2C_ReceiveData>
    2ac2:	b088                	sb	a0,1(s1)
    2ac4:	40040513          	addi	a0,s0,1024
    2ac8:	941fe0ef          	jal	ra,1408 <I2C_ReceiveData>
    2acc:	a0a8                	sb	a0,2(s1)
    2ace:	b5f1                	j	299a <D_I2C_Read+0x13c>
    2ad0:	04000513          	li	a0,64
    2ad4:	aebff0ef          	jal	ra,25be <I2C_WaitStar1.constprop.0>
    2ad8:	ee051ee3          	bnez	a0,29d4 <D_I2C_Read+0x176>
    2adc:	40005537          	lui	a0,0x40005
    2ae0:	40050513          	addi	a0,a0,1024 # 40005400 <_eusrstack+0x20003400>
    2ae4:	0485                	addi	s1,s1,1
    2ae6:	923fe0ef          	jal	ra,1408 <I2C_ReceiveData>
    2aea:	fea48fa3          	sb	a0,-1(s1)
    2aee:	b769                	j	2a78 <D_I2C_Read+0x21a>
    2af0:	177d                	addi	a4,a4,-1
    2af2:	ea071ae3          	bnez	a4,29a6 <D_I2C_Read+0x148>
    2af6:	bdf9                	j	29d4 <D_I2C_Read+0x176>

00002af8 <D_IWDG_Init>:
    2af8:	db0fd2ef          	jal	t0,a8 <__riscv_save_0>
    2afc:	4505                	li	a0,1
    2afe:	6461                	lui	s0,0x18
    2b00:	b33fe0ef          	jal	ra,1632 <RCC_LSICmd>
    2b04:	6a040413          	addi	s0,s0,1696 # 186a0 <_data_lma+0x116e4>
    2b08:	06100513          	li	a0,97
    2b0c:	c55fe0ef          	jal	ra,1760 <RCC_GetFlagStatus>
    2b10:	e509                	bnez	a0,2b1a <D_IWDG_Init+0x22>
    2b12:	147d                	addi	s0,s0,-1
    2b14:	f875                	bnez	s0,2b08 <D_IWDG_Init+0x10>
    2b16:	d9cfd06f          	j	b2 <__riscv_restore_0>
    2b1a:	6515                	lui	a0,0x5
    2b1c:	55550513          	addi	a0,a0,1365 # 5555 <A_Servo_SampleMotion+0x2f>
    2b20:	97bfe0ef          	jal	ra,149a <IWDG_WriteAccessCmd>
    2b24:	4519                	li	a0,6
    2b26:	97dfe0ef          	jal	ra,14a2 <IWDG_SetPrescaler>
    2b2a:	3e800513          	li	a0,1000
    2b2e:	97dfe0ef          	jal	ra,14aa <IWDG_SetReload>
    2b32:	981fe0ef          	jal	ra,14b2 <IWDG_ReloadCounter>
    2b36:	98bfe0ef          	jal	ra,14c0 <IWDG_Enable>
    2b3a:	bff1                	j	2b16 <D_IWDG_Init+0x1e>

00002b3c <D_IWDG_Feed>:
    2b3c:	977fe06f          	j	14b2 <IWDG_ReloadCounter>

00002b40 <D_Motor_Set>:
    2b40:	d68fd2ef          	jal	t0,a8 <__riscv_save_0>
    2b44:	76fd                	lui	a3,0xfffff
    2b46:	6a068693          	addi	a3,a3,1696 # fffff6a0 <_eusrstack+0xdfffd6a0>
    2b4a:	1131                	addi	sp,sp,-20
    2b4c:	84aa                	mv	s1,a0
    2b4e:	87b6                	mv	a5,a3
    2b50:	00d54363          	blt	a0,a3,2b56 <D_Motor_Set+0x16>
    2b54:	87aa                	mv	a5,a0
    2b56:	01079613          	slli	a2,a5,0x10
    2b5a:	6685                	lui	a3,0x1
    2b5c:	8641                	srai	a2,a2,0x10
    2b5e:	96068693          	addi	a3,a3,-1696 # 960 <ADC_InjectedChannelConfig+0x3c>
    2b62:	00c6d363          	bge	a3,a2,2b68 <D_Motor_Set+0x28>
    2b66:	87b6                	mv	a5,a3
    2b68:	01079713          	slli	a4,a5,0x10
    2b6c:	8741                	srai	a4,a4,0x10
    2b6e:	c63a                	sw	a4,12(sp)
    2b70:	20000737          	lui	a4,0x20000
    2b74:	03871683          	lh	a3,56(a4) # 20000038 <s_motor_pwm>
    2b78:	01079713          	slli	a4,a5,0x10
    2b7c:	8741                	srai	a4,a4,0x10
    2b7e:	08e68e63          	beq	a3,a4,2c1a <D_Motor_Set+0xda>
    2b82:	01079513          	slli	a0,a5,0x10
    2b86:	4785                	li	a5,1
    2b88:	c03e                	sw	a5,0(sp)
    2b8a:	8141                	srli	a0,a0,0x10
    2b8c:	00904b63          	bgtz	s1,2ba2 <D_Motor_Set+0x62>
    2b90:	c002                	sw	zero,0(sp)
    2b92:	c881                	beqz	s1,2ba2 <D_Motor_Set+0x62>
    2b94:	40a007b3          	neg	a5,a0
    2b98:	01079513          	slli	a0,a5,0x10
    2b9c:	57fd                	li	a5,-1
    2b9e:	8141                	srli	a0,a0,0x10
    2ba0:	c03e                	sw	a5,0(sp)
    2ba2:	6405                	lui	s0,0x1
    2ba4:	96040413          	addi	s0,s0,-1696 # 960 <ADC_InjectedChannelConfig+0x3c>
    2ba8:	8c09                	sub	s0,s0,a0
    2baa:	01041793          	slli	a5,s0,0x10
    2bae:	83c1                	srli	a5,a5,0x10
    2bb0:	c43e                	sw	a5,8(sp)
    2bb2:	88a18683          	lb	a3,-1910(gp) # 2000011a <s_motor_direction>
    2bb6:	c836                	sw	a3,16(sp)
    2bb8:	2ed1                	jal	2f8c <D_TIM2_ADC_Trigger_Set>
    2bba:	c22a                	sw	a0,4(sp)
    2bbc:	ee6ff0ef          	jal	ra,22a2 <D_ADC_Current_Window_Set>
    2bc0:	4782                	lw	a5,0(sp)
    2bc2:	46c2                	lw	a3,16(sp)
    2bc4:	04d78f63          	beq	a5,a3,2c22 <D_Motor_Set+0xe2>
    2bc8:	eb0ff0ef          	jal	ra,2278 <D_ADC_Current_Filter_Reset>
    2bcc:	4792                	lw	a5,4(sp)
    2bce:	4581                	li	a1,0
    2bd0:	40000537          	lui	a0,0x40000
    2bd4:	88f184a3          	sb	a5,-1911(gp) # 20000119 <s_adc_window>
    2bd8:	9d6ff0ef          	jal	ra,1dae <TIM_SetCompare2>
    2bdc:	40013537          	lui	a0,0x40013
    2be0:	4581                	li	a1,0
    2be2:	c0050513          	addi	a0,a0,-1024 # 40012c00 <_eusrstack+0x20010c00>
    2be6:	9a0ff0ef          	jal	ra,1d86 <TIM_SetCompare1>
    2bea:	6585                	lui	a1,0x1
    2bec:	96058593          	addi	a1,a1,-1696 # 960 <ADC_InjectedChannelConfig+0x3c>
    2bf0:	0404c463          	bltz	s1,2c38 <D_Motor_Set+0xf8>
    2bf4:	40000537          	lui	a0,0x40000
    2bf8:	9b6ff0ef          	jal	ra,1dae <TIM_SetCompare2>
    2bfc:	45a2                	lw	a1,8(sp)
    2bfe:	40013537          	lui	a0,0x40013
    2c02:	c0050513          	addi	a0,a0,-1024 # 40012c00 <_eusrstack+0x20010c00>
    2c06:	980ff0ef          	jal	ra,1d86 <TIM_SetCompare1>
    2c0a:	4702                	lw	a4,0(sp)
    2c0c:	88e18523          	sb	a4,-1910(gp) # 2000011a <s_motor_direction>
    2c10:	4732                	lw	a4,12(sp)
    2c12:	200007b7          	lui	a5,0x20000
    2c16:	02e79c23          	sh	a4,56(a5) # 20000038 <s_motor_pwm>
    2c1a:	4532                	lw	a0,12(sp)
    2c1c:	0151                	addi	sp,sp,20
    2c1e:	c94fd06f          	j	b2 <__riscv_restore_0>
    2c22:	8891c683          	lbu	a3,-1911(gp) # 20000119 <s_adc_window>
    2c26:	4792                	lw	a5,4(sp)
    2c28:	fcf681e3          	beq	a3,a5,2bea <D_Motor_Set+0xaa>
    2c2c:	e4cff0ef          	jal	ra,2278 <D_ADC_Current_Filter_Reset>
    2c30:	4792                	lw	a5,4(sp)
    2c32:	88f184a3          	sb	a5,-1911(gp) # 20000119 <s_adc_window>
    2c36:	bf55                	j	2bea <D_Motor_Set+0xaa>
    2c38:	40013537          	lui	a0,0x40013
    2c3c:	c0050513          	addi	a0,a0,-1024 # 40012c00 <_eusrstack+0x20010c00>
    2c40:	946ff0ef          	jal	ra,1d86 <TIM_SetCompare1>
    2c44:	45a2                	lw	a1,8(sp)
    2c46:	40000537          	lui	a0,0x40000
    2c4a:	964ff0ef          	jal	ra,1dae <TIM_SetCompare2>
    2c4e:	bf75                	j	2c0a <D_Motor_Set+0xca>

00002c50 <D_Motor_Release>:
    2c50:	c58fd2ef          	jal	t0,a8 <__riscv_save_0>
    2c54:	842a                	mv	s0,a0
    2c56:	4501                	li	a0,0
    2c58:	2e15                	jal	2f8c <D_TIM2_ADC_Trigger_Set>
    2c5a:	e48ff0ef          	jal	ra,22a2 <D_ADC_Current_Window_Set>
    2c5e:	e1aff0ef          	jal	ra,2278 <D_ADC_Current_Filter_Reset>
    2c62:	cc0d                	beqz	s0,2c9c <D_Motor_Release+0x4c>
    2c64:	6405                	lui	s0,0x1
    2c66:	40013537          	lui	a0,0x40013
    2c6a:	96040593          	addi	a1,s0,-1696 # 960 <ADC_InjectedChannelConfig+0x3c>
    2c6e:	c0050513          	addi	a0,a0,-1024 # 40012c00 <_eusrstack+0x20010c00>
    2c72:	914ff0ef          	jal	ra,1d86 <TIM_SetCompare1>
    2c76:	96040593          	addi	a1,s0,-1696
    2c7a:	40000537          	lui	a0,0x40000
    2c7e:	930ff0ef          	jal	ra,1dae <TIM_SetCompare2>
    2c82:	88018523          	sb	zero,-1910(gp) # 2000011a <s_motor_direction>
    2c86:	6785                	lui	a5,0x1
    2c88:	20000737          	lui	a4,0x20000
    2c8c:	96178793          	addi	a5,a5,-1695 # 961 <ADC_InjectedChannelConfig+0x3d>
    2c90:	02f71c23          	sh	a5,56(a4) # 20000038 <s_motor_pwm>
    2c94:	880184a3          	sb	zero,-1911(gp) # 20000119 <s_adc_window>
    2c98:	c1afd06f          	j	b2 <__riscv_restore_0>
    2c9c:	40013537          	lui	a0,0x40013
    2ca0:	4581                	li	a1,0
    2ca2:	c0050513          	addi	a0,a0,-1024 # 40012c00 <_eusrstack+0x20010c00>
    2ca6:	8e0ff0ef          	jal	ra,1d86 <TIM_SetCompare1>
    2caa:	4581                	li	a1,0
    2cac:	b7f9                	j	2c7a <D_Motor_Release+0x2a>

00002cae <D_MT6701_Init>:
    2cae:	bfafd2ef          	jal	t0,a8 <__riscv_save_0>
    2cb2:	1171                	addi	sp,sp,-4
    2cb4:	860a                	mv	a2,sp
    2cb6:	4689                	li	a3,2
    2cb8:	458d                	li	a1,3
    2cba:	4519                	li	a0,6
    2cbc:	ba3ff0ef          	jal	ra,285e <D_I2C_Read>
    2cc0:	0111                	addi	sp,sp,4
    2cc2:	bf0fd06f          	j	b2 <__riscv_restore_0>

00002cc6 <D_MT6701_Read_Raw>:
    2cc6:	be2fd2ef          	jal	t0,a8 <__riscv_save_0>
    2cca:	1171                	addi	sp,sp,-4
    2ccc:	4689                	li	a3,2
    2cce:	860a                	mv	a2,sp
    2cd0:	458d                	li	a1,3
    2cd2:	4519                	li	a0,6
    2cd4:	b8bff0ef          	jal	ra,285e <D_I2C_Read>
    2cd8:	ed11                	bnez	a0,2cf4 <D_MT6701_Read_Raw+0x2e>
    2cda:	801c                	lbu	a5,0(sp)
    2cdc:	8098                	lbu	a4,1(sp)
    2cde:	6511                	lui	a0,0x4
    2ce0:	079a                	slli	a5,a5,0x6
    2ce2:	8309                	srli	a4,a4,0x2
    2ce4:	8fd9                	or	a5,a5,a4
    2ce6:	157d                	addi	a0,a0,-1 # 3fff <C_Task_Tick_Update+0x17>
    2ce8:	8d1d                	sub	a0,a0,a5
    2cea:	0542                	slli	a0,a0,0x10
    2cec:	8141                	srli	a0,a0,0x10
    2cee:	0111                	addi	sp,sp,4
    2cf0:	bc2fd06f          	j	b2 <__riscv_restore_0>
    2cf4:	6541                	lui	a0,0x10
    2cf6:	157d                	addi	a0,a0,-1 # ffff <_data_lma+0x9043>
    2cf8:	bfdd                	j	2cee <D_MT6701_Read_Raw+0x28>

00002cfa <D_MT6701_Read_Angle>:
    2cfa:	baefd2ef          	jal	t0,a8 <__riscv_save_0>
    2cfe:	37e1                	jal	2cc6 <D_MT6701_Read_Raw>
    2d00:	67c1                	lui	a5,0x10
    2d02:	17fd                	addi	a5,a5,-1 # ffff <_data_lma+0x9043>
    2d04:	00f50a63          	beq	a0,a5,2d18 <D_MT6701_Read_Angle+0x1e>
    2d08:	67a5                	lui	a5,0x9
    2d0a:	ca078793          	addi	a5,a5,-864 # 8ca0 <_data_lma+0x1ce4>
    2d0e:	02f50533          	mul	a0,a0,a5
    2d12:	8139                	srli	a0,a0,0xe
    2d14:	0542                	slli	a0,a0,0x10
    2d16:	8141                	srli	a0,a0,0x10
    2d18:	b9afd06f          	j	b2 <__riscv_restore_0>

00002d1c <D_OPA1_Init>:
    2d1c:	b8cfd2ef          	jal	t0,a8 <__riscv_save_0>
    2d20:	fa410113          	addi	sp,sp,-92
    2d24:	05000613          	li	a2,80
    2d28:	4581                	li	a1,0
    2d2a:	0068                	addi	a0,sp,12
    2d2c:	c002                	sw	zero,0(sp)
    2d2e:	c202                	sw	zero,4(sp)
    2d30:	c402                	sw	zero,8(sp)
    2d32:	c1efd0ef          	jal	ra,150 <memset>
    2d36:	80bfe0ef          	jal	ra,1540 <OPA_Unlock>
    2d3a:	4585                	li	a1,1
    2d3c:	4511                	li	a0,4
    2d3e:	9c9fe0ef          	jal	ra,1706 <RCC_PB2PeriphClockCmd>
    2d42:	40011537          	lui	a0,0x40011
    2d46:	858a                	mv	a1,sp
    2d48:	4411                	li	s0,4
    2d4a:	80050513          	addi	a0,a0,-2048 # 40010800 <_eusrstack+0x2000e800>
    2d4e:	8060                	sh	s0,0(sp)
    2d50:	c402                	sw	zero,8(sp)
    2d52:	968fe0ef          	jal	ra,eba <GPIO_Init>
    2d56:	4785                	li	a5,1
    2d58:	0068                	addi	a0,sp,12
    2d5a:	c2be                	sw	a5,68(sp)
    2d5c:	ccbe                	sw	a5,88(sp)
    2d5e:	c6be                	sw	a5,76(sp)
    2d60:	c8be                	sw	a5,80(sp)
    2d62:	c0a2                	sw	s0,64(sp)
    2d64:	dc02                	sw	zero,56(sp)
    2d66:	c482                	sw	zero,72(sp)
    2d68:	de02                	sw	zero,60(sp)
    2d6a:	801fe0ef          	jal	ra,156a <OPA_Init>
    2d6e:	4505                	li	a0,1
    2d70:	893fe0ef          	jal	ra,1602 <OPA_Cmd>
    2d74:	fe6fe0ef          	jal	ra,155a <OPA_Lock>
    2d78:	05c10113          	addi	sp,sp,92
    2d7c:	b36fd06f          	j	b2 <__riscv_restore_0>

00002d80 <SPI1_Recover>:
    2d80:	b28fd2ef          	jal	t0,a8 <__riscv_save_0>
    2d84:	4581                	li	a1,0
    2d86:	40013537          	lui	a0,0x40013
    2d8a:	a3bfe0ef          	jal	ra,17c4 <SPI_Cmd>
    2d8e:	4585                	li	a1,1
    2d90:	40013537          	lui	a0,0x40013
    2d94:	a31fe0ef          	jal	ra,17c4 <SPI_Cmd>
    2d98:	b1afd06f          	j	b2 <__riscv_restore_0>

00002d9c <D_SPI1_Init>:
    2d9c:	b0cfd2ef          	jal	t0,a8 <__riscv_save_0>
    2da0:	6505                	lui	a0,0x1
    2da2:	1101                	addi	sp,sp,-32
    2da4:	4585                	li	a1,1
    2da6:	0541                	addi	a0,a0,16 # 1010 <GPIO_IPD_Unused+0x2e>
    2da8:	c002                	sw	zero,0(sp)
    2daa:	c202                	sw	zero,4(sp)
    2dac:	c402                	sw	zero,8(sp)
    2dae:	c602                	sw	zero,12(sp)
    2db0:	c802                	sw	zero,16(sp)
    2db2:	ca02                	sw	zero,20(sp)
    2db4:	cc02                	sw	zero,24(sp)
    2db6:	00011e23          	sh	zero,28(sp)
    2dba:	94dfe0ef          	jal	ra,1706 <RCC_PB2PeriphClockCmd>
    2dbe:	02000793          	li	a5,32
    2dc2:	807c                	sh	a5,0(sp)
    2dc4:	47e1                	li	a5,24
    2dc6:	c43e                	sw	a5,8(sp)
    2dc8:	858a                	mv	a1,sp
    2dca:	4785                	li	a5,1
    2dcc:	40011537          	lui	a0,0x40011
    2dd0:	c23e                	sw	a5,4(sp)
    2dd2:	8e8fe0ef          	jal	ra,eba <GPIO_Init>
    2dd6:	04000793          	li	a5,64
    2dda:	858a                	mv	a1,sp
    2ddc:	40011537          	lui	a0,0x40011
    2de0:	807c                	sh	a5,0(sp)
    2de2:	8d8fe0ef          	jal	ra,eba <GPIO_Init>
    2de6:	010407b7          	lui	a5,0x1040
    2dea:	c63e                	sw	a5,12(sp)
    2dec:	020007b7          	lui	a5,0x2000
    2df0:	ca3e                	sw	a5,20(sp)
    2df2:	47c1                	li	a5,16
    2df4:	cc3e                	sw	a5,24(sp)
    2df6:	006c                	addi	a1,sp,12
    2df8:	479d                	li	a5,7
    2dfa:	40013537          	lui	a0,0x40013
    2dfe:	86fc                	sh	a5,28(sp)
    2e00:	c802                	sw	zero,16(sp)
    2e02:	98ffe0ef          	jal	ra,1790 <SPI_Init>
    2e06:	4585                	li	a1,1
    2e08:	40013537          	lui	a0,0x40013
    2e0c:	9b9fe0ef          	jal	ra,17c4 <SPI_Cmd>
    2e10:	6105                	addi	sp,sp,32
    2e12:	aa0fd06f          	j	b2 <__riscv_restore_0>

00002e16 <D_SPI1_Send_Buf>:
    2e16:	a92fd2ef          	jal	t0,a8 <__riscv_save_0>
    2e1a:	1161                	addi	sp,sp,-8
    2e1c:	00b507b3          	add	a5,a0,a1
    2e20:	6409                	lui	s0,0x2
    2e22:	84aa                	mv	s1,a0
    2e24:	c03e                	sw	a5,0(sp)
    2e26:	71040413          	addi	s0,s0,1808 # 2710 <D_I2C_Write+0x18>
    2e2a:	4782                	lw	a5,0(sp)
    2e2c:	02f49463          	bne	s1,a5,2e54 <D_SPI1_Send_Buf+0x3e>
    2e30:	08000593          	li	a1,128
    2e34:	40013537          	lui	a0,0x40013
    2e38:	9abfe0ef          	jal	ra,17e2 <SPI_I2S_GetFlagStatus>
    2e3c:	4785                	li	a5,1
    2e3e:	00f51863          	bne	a0,a5,2e4e <D_SPI1_Send_Buf+0x38>
    2e42:	147d                	addi	s0,s0,-1
    2e44:	f475                	bnez	s0,2e30 <D_SPI1_Send_Buf+0x1a>
    2e46:	a019                	j	2e4c <D_SPI1_Send_Buf+0x36>
    2e48:	177d                	addi	a4,a4,-1
    2e4a:	e711                	bnez	a4,2e56 <D_SPI1_Send_Buf+0x40>
    2e4c:	3f15                	jal	2d80 <SPI1_Recover>
    2e4e:	0121                	addi	sp,sp,8
    2e50:	a62fd06f          	j	b2 <__riscv_restore_0>
    2e54:	8722                	mv	a4,s0
    2e56:	4589                	li	a1,2
    2e58:	40013537          	lui	a0,0x40013
    2e5c:	c23a                	sw	a4,4(sp)
    2e5e:	985fe0ef          	jal	ra,17e2 <SPI_I2S_GetFlagStatus>
    2e62:	4712                	lw	a4,4(sp)
    2e64:	d175                	beqz	a0,2e48 <D_SPI1_Send_Buf+0x32>
    2e66:	208c                	lbu	a1,0(s1)
    2e68:	40013537          	lui	a0,0x40013
    2e6c:	0485                	addi	s1,s1,1
    2e6e:	971fe0ef          	jal	ra,17de <SPI_I2S_SendData>
    2e72:	bf65                	j	2e2a <D_SPI1_Send_Buf+0x14>

00002e74 <PWM_ResetCaptureState>:
    2e74:	88018ea3          	sb	zero,-1891(gp) # 2000012d <s_ic_wait_falling>
    2e78:	88018e23          	sb	zero,-1892(gp) # 2000012c <s_ic_have_rise>
    2e7c:	40013537          	lui	a0,0x40013
    2e80:	8801ac23          	sw	zero,-1896(gp) # 20000128 <s_ic_rise_time>
    2e84:	4581                	li	a1,0
    2e86:	c0050513          	addi	a0,a0,-1024 # 40012c00 <_eusrstack+0x20010c00>
    2e8a:	88018a23          	sb	zero,-1900(gp) # 20000124 <s_ic_period_valid>
    2e8e:	e57fe06f          	j	1ce4 <TIM_OC2PolarityConfig>

00002e92 <D_TIM2_PWM_Init>:
    2e92:	a16fd2ef          	jal	t0,a8 <__riscv_save_0>
    2e96:	fd810113          	addi	sp,sp,-40
    2e9a:	4585                	li	a1,1
    2e9c:	02000513          	li	a0,32
    2ea0:	c602                	sw	zero,12(sp)
    2ea2:	c802                	sw	zero,16(sp)
    2ea4:	ca02                	sw	zero,20(sp)
    2ea6:	c002                	sw	zero,0(sp)
    2ea8:	c202                	sw	zero,4(sp)
    2eaa:	00011423          	sh	zero,8(sp)
    2eae:	cc02                	sw	zero,24(sp)
    2eb0:	ce02                	sw	zero,28(sp)
    2eb2:	d002                	sw	zero,32(sp)
    2eb4:	d202                	sw	zero,36(sp)
    2eb6:	851fe0ef          	jal	ra,1706 <RCC_PB2PeriphClockCmd>
    2eba:	4585                	li	a1,1
    2ebc:	4505                	li	a0,1
    2ebe:	867fe0ef          	jal	ra,1724 <RCC_PB1PeriphClockCmd>
    2ec2:	47a1                	li	a5,8
    2ec4:	867c                	sh	a5,12(sp)
    2ec6:	40011537          	lui	a0,0x40011
    2eca:	4785                	li	a5,1
    2ecc:	c83e                	sw	a5,16(sp)
    2ece:	006c                	addi	a1,sp,12
    2ed0:	47e1                	li	a5,24
    2ed2:	40050513          	addi	a0,a0,1024 # 40011400 <_eusrstack+0x2000f400>
    2ed6:	ca3e                	sw	a5,20(sp)
    2ed8:	fe3fd0ef          	jal	ra,eba <GPIO_Init>
    2edc:	6785                	lui	a5,0x1
    2ede:	95f78793          	addi	a5,a5,-1697 # 95f <ADC_InjectedChannelConfig+0x3b>
    2ee2:	858a                	mv	a1,sp
    2ee4:	40000537          	lui	a0,0x40000
    2ee8:	c23e                	sw	a5,4(sp)
    2eea:	c002                	sw	zero,0(sp)
    2eec:	9bdfe0ef          	jal	ra,18a8 <TIM_TimeBaseInit>
    2ef0:	0828                	addi	a0,sp,24
    2ef2:	c0bfe0ef          	jal	ra,1afc <TIM_OCStructInit>
    2ef6:	67c1                	lui	a5,0x10
    2ef8:	06078793          	addi	a5,a5,96 # 10060 <_data_lma+0x90a4>
    2efc:	082c                	addi	a1,sp,24
    2efe:	40000537          	lui	a0,0x40000
    2f02:	cc3e                	sw	a5,24(sp)
    2f04:	00011f23          	sh	zero,30(sp)
    2f08:	02011023          	sh	zero,32(sp)
    2f0c:	ab1fe0ef          	jal	ra,19bc <TIM_OC2Init>
    2f10:	4605                	li	a2,1
    2f12:	4591                	li	a1,4
    2f14:	40000537          	lui	a0,0x40000
    2f18:	de3fe0ef          	jal	ra,1cfa <TIM_CCxCmd>
    2f1c:	45a1                	li	a1,8
    2f1e:	40000537          	lui	a0,0x40000
    2f22:	d37fe0ef          	jal	ra,1c58 <TIM_OC2PreloadConfig>
    2f26:	4585                	li	a1,1
    2f28:	40000537          	lui	a0,0x40000
    2f2c:	c97fe0ef          	jal	ra,1bc2 <TIM_ARRPreloadConfig>
    2f30:	0828                	addi	a0,sp,24
    2f32:	bcbfe0ef          	jal	ra,1afc <TIM_OCStructInit>
    2f36:	07000793          	li	a5,112
    2f3a:	cc3e                	sw	a5,24(sp)
    2f3c:	082c                	addi	a1,sp,24
    2f3e:	4b000793          	li	a5,1200
    2f42:	40000537          	lui	a0,0x40000
    2f46:	87fc                	sh	a5,30(sp)
    2f48:	02011023          	sh	zero,32(sp)
    2f4c:	b49fe0ef          	jal	ra,1a94 <TIM_OC4Init>
    2f50:	45a1                	li	a1,8
    2f52:	40000537          	lui	a0,0x40000
    2f56:	d49fe0ef          	jal	ra,1c9e <TIM_OC4PreloadConfig>
    2f5a:	07000593          	li	a1,112
    2f5e:	40000537          	lui	a0,0x40000
    2f62:	db9fe0ef          	jal	ra,1d1a <TIM_SelectOutputTrigger>
    2f66:	4581                	li	a1,0
    2f68:	40000537          	lui	a0,0x40000
    2f6c:	c47fe0ef          	jal	ra,1bb2 <TIM_SelectInputTrigger>
    2f70:	4591                	li	a1,4
    2f72:	40000537          	lui	a0,0x40000
    2f76:	dbdfe0ef          	jal	ra,1d32 <TIM_SelectSlaveMode>
    2f7a:	4585                	li	a1,1
    2f7c:	40000537          	lui	a0,0x40000
    2f80:	bb5fe0ef          	jal	ra,1b34 <TIM_Cmd>
    2f84:	02810113          	addi	sp,sp,40
    2f88:	92afd06f          	j	b2 <__riscv_restore_0>

00002f8c <D_TIM2_ADC_Trigger_Set>:
    2f8c:	91cfd2ef          	jal	t0,a8 <__riscv_save_0>
    2f90:	6785                	lui	a5,0x1
    2f92:	96078793          	addi	a5,a5,-1696 # 960 <ADC_InjectedChannelConfig+0x3c>
    2f96:	00a7ef63          	bltu	a5,a0,2fb4 <D_TIM2_ADC_Trigger_Set+0x28>
    2f9a:	0d300793          	li	a5,211
    2f9e:	00a7ec63          	bltu	a5,a0,2fb6 <D_TIM2_ADC_Trigger_Set+0x2a>
    2fa2:	40000537          	lui	a0,0x40000
    2fa6:	4b000593          	li	a1,1200
    2faa:	e2dfe0ef          	jal	ra,1dd6 <TIM_SetCompare4>
    2fae:	4501                	li	a0,0
    2fb0:	902fd06f          	j	b2 <__riscv_restore_0>
    2fb4:	853e                	mv	a0,a5
    2fb6:	6785                	lui	a5,0x1
    2fb8:	00155713          	srli	a4,a0,0x1
    2fbc:	94078593          	addi	a1,a5,-1728 # 940 <ADC_InjectedChannelConfig+0x1c>
    2fc0:	9c678793          	addi	a5,a5,-1594
    2fc4:	40a78533          	sub	a0,a5,a0
    2fc8:	8d99                	sub	a1,a1,a4
    2fca:	00a5f363          	bgeu	a1,a0,2fd0 <D_TIM2_ADC_Trigger_Set+0x44>
    2fce:	85aa                	mv	a1,a0
    2fd0:	05c2                	slli	a1,a1,0x10
    2fd2:	40000537          	lui	a0,0x40000
    2fd6:	81c1                	srli	a1,a1,0x10
    2fd8:	dfffe0ef          	jal	ra,1dd6 <TIM_SetCompare4>
    2fdc:	4505                	li	a0,1
    2fde:	bfc9                	j	2fb0 <D_TIM2_ADC_Trigger_Set+0x24>

00002fe0 <D_TIM1_PWM_IC_Init>:
    2fe0:	8c8fd2ef          	jal	t0,a8 <__riscv_save_0>
    2fe4:	6605                	lui	a2,0x1
    2fe6:	fc410113          	addi	sp,sp,-60
    2fea:	82460513          	addi	a0,a2,-2012 # 824 <ADC_DMACmd+0x2>
    2fee:	4585                	li	a1,1
    2ff0:	40011437          	lui	s0,0x40011
    2ff4:	d002                	sw	zero,32(sp)
    2ff6:	d202                	sw	zero,36(sp)
    2ff8:	d402                	sw	zero,40(sp)
    2ffa:	c002                	sw	zero,0(sp)
    2ffc:	c202                	sw	zero,4(sp)
    2ffe:	c402                	sw	zero,8(sp)
    3000:	c602                	sw	zero,12(sp)
    3002:	00011823          	sh	zero,16(sp)
    3006:	d602                	sw	zero,44(sp)
    3008:	d802                	sw	zero,48(sp)
    300a:	da02                	sw	zero,52(sp)
    300c:	dc02                	sw	zero,56(sp)
    300e:	ca02                	sw	zero,20(sp)
    3010:	cc02                	sw	zero,24(sp)
    3012:	00011e23          	sh	zero,28(sp)
    3016:	ef0fe0ef          	jal	ra,1706 <RCC_PB2PeriphClockCmd>
    301a:	4711                	li	a4,4
    301c:	47e1                	li	a5,24
    301e:	4485                	li	s1,1
    3020:	100c                	addi	a1,sp,32
    3022:	40040513          	addi	a0,s0,1024 # 40011400 <_eusrstack+0x2000f400>
    3026:	02e11023          	sh	a4,32(sp)
    302a:	d43e                	sw	a5,40(sp)
    302c:	d226                	sw	s1,36(sp)
    302e:	e8dfd0ef          	jal	ra,eba <GPIO_Init>
    3032:	80040513          	addi	a0,s0,-2048
    3036:	4589                	li	a1,2
    3038:	f05fd0ef          	jal	ra,f3c <GPIO_SetBits>
    303c:	4689                	li	a3,2
    303e:	02d11023          	sh	a3,32(sp)
    3042:	100c                	addi	a1,sp,32
    3044:	46d1                	li	a3,20
    3046:	80040513          	addi	a0,s0,-2048
    304a:	d436                	sw	a3,40(sp)
    304c:	e6ffd0ef          	jal	ra,eba <GPIO_Init>
    3050:	6605                	lui	a2,0x1
    3052:	95f60413          	addi	s0,a2,-1697 # 95f <ADC_InjectedChannelConfig+0x3b>
    3056:	c622                	sw	s0,12(sp)
    3058:	40013437          	lui	s0,0x40013
    305c:	002c                	addi	a1,sp,8
    305e:	c0040513          	addi	a0,s0,-1024 # 40012c00 <_eusrstack+0x20010c00>
    3062:	c402                	sw	zero,8(sp)
    3064:	00010823          	sb	zero,16(sp)
    3068:	841fe0ef          	jal	ra,18a8 <TIM_TimeBaseInit>
    306c:	1068                	addi	a0,sp,44
    306e:	a8ffe0ef          	jal	ra,1afc <TIM_OCStructInit>
    3072:	67c1                	lui	a5,0x10
    3074:	06078793          	addi	a5,a5,96 # 10060 <_data_lma+0x90a4>
    3078:	106c                	addi	a1,sp,44
    307a:	c0040513          	addi	a0,s0,-1024
    307e:	d63e                	sw	a5,44(sp)
    3080:	02011923          	sh	zero,50(sp)
    3084:	02011a23          	sh	zero,52(sp)
    3088:	88dfe0ef          	jal	ra,1914 <TIM_OC1Init>
    308c:	c0040513          	addi	a0,s0,-1024
    3090:	4585                	li	a1,1
    3092:	b31fe0ef          	jal	ra,1bc2 <TIM_ARRPreloadConfig>
    3096:	c0040513          	addi	a0,s0,-1024
    309a:	02000593          	li	a1,32
    309e:	c7dfe0ef          	jal	ra,1d1a <TIM_SelectOutputTrigger>
    30a2:	45a1                	li	a1,8
    30a4:	c0040513          	addi	a0,s0,-1024
    30a8:	b73fe0ef          	jal	ra,1c1a <TIM_OC1PreloadConfig>
    30ac:	0848                	addi	a0,sp,20
    30ae:	a71fe0ef          	jal	ra,1b1e <TIM_ICStructInit>
    30b2:	4711                	li	a4,4
    30b4:	084c                	addi	a1,sp,20
    30b6:	c0040513          	addi	a0,s0,-1024
    30ba:	ca3a                	sw	a4,20(sp)
    30bc:	cc26                	sw	s1,24(sp)
    30be:	00011e23          	sh	zero,28(sp)
    30c2:	d9dfe0ef          	jal	ra,1e5e <TIM_ICInit>
    30c6:	c0040513          	addi	a0,s0,-1024
    30ca:	4595                	li	a1,5
    30cc:	ef1fe0ef          	jal	ra,1fbc <TIM_ClearITPendingBit>
    30d0:	c0040513          	addi	a0,s0,-1024
    30d4:	40000593          	li	a1,1024
    30d8:	ec1fe0ef          	jal	ra,1f98 <TIM_ClearFlag>
    30dc:	4605                	li	a2,1
    30de:	4585                	li	a1,1
    30e0:	c0040513          	addi	a0,s0,-1024
    30e4:	abdfe0ef          	jal	ra,1ba0 <TIM_ITConfig>
    30e8:	02500793          	li	a5,37
    30ec:	850a                	mv	a0,sp
    30ee:	807c                	sh	a5,0(sp)
    30f0:	8144                	sb	s1,2(sp)
    30f2:	c202                	sw	zero,4(sp)
    30f4:	beafe0ef          	jal	ra,14de <NVIC_Init>
    30f8:	12300793          	li	a5,291
    30fc:	850a                	mv	a0,sp
    30fe:	807c                	sh	a5,0(sp)
    3100:	c226                	sw	s1,4(sp)
    3102:	00010123          	sb	zero,2(sp)
    3106:	bd8fe0ef          	jal	ra,14de <NVIC_Init>
    310a:	c0040513          	addi	a0,s0,-1024
    310e:	4585                	li	a1,1
    3110:	a7bfe0ef          	jal	ra,1b8a <TIM_CtrlPWMOutputs>
    3114:	4585                	li	a1,1
    3116:	c0040513          	addi	a0,s0,-1024
    311a:	a1bfe0ef          	jal	ra,1b34 <TIM_Cmd>
    311e:	03c10113          	addi	sp,sp,60
    3122:	f91fc06f          	j	b2 <__riscv_restore_0>

00003126 <D_PWM_Read>:
    3126:	f83fc2ef          	jal	t0,a8 <__riscv_save_0>
    312a:	880ff0ef          	jal	ra,21aa <__get_MSTATUS>
    312e:	08800793          	li	a5,136
    3132:	3007b073          	.4byte	0x3007b073
    3136:	0000100f          	.4byte	0x100f
    313a:	88c1d403          	lhu	s0,-1908(gp) # 2000011c <s_pulse_us>
    313e:	88019623          	sh	zero,-1908(gp) # 2000011c <s_pulse_us>
    3142:	86eff0ef          	jal	ra,21b0 <__set_MSTATUS>
    3146:	0442                	slli	s0,s0,0x10
    3148:	8041                	srli	s0,s0,0x10
    314a:	8522                	mv	a0,s0
    314c:	f67fc06f          	j	b2 <__riscv_restore_0>

00003150 <D_PWM_Input_Enable>:
    3150:	f59fc2ef          	jal	t0,a8 <__riscv_save_0>
    3154:	1141                	addi	sp,sp,-16
    3156:	4709                	li	a4,2
    3158:	40013437          	lui	s0,0x40013
    315c:	c02a                	sw	a0,0(sp)
    315e:	8278                	sh	a4,4(sp)
    3160:	4601                	li	a2,0
    3162:	4705                	li	a4,1
    3164:	4591                	li	a1,4
    3166:	c0040513          	addi	a0,s0,-1024 # 40012c00 <_eusrstack+0x20010c00>
    316a:	00011323          	sh	zero,6(sp)
    316e:	00011623          	sh	zero,12(sp)
    3172:	00011723          	sh	zero,14(sp)
    3176:	c43a                	sw	a4,8(sp)
    3178:	a29fe0ef          	jal	ra,1ba0 <TIM_ITConfig>
    317c:	02000493          	li	s1,32
    3180:	e000e7b7          	lui	a5,0xe000e
    3184:	1897a223          	sw	s1,388(a5) # e000e184 <_eusrstack+0xc000c184>
    3188:	0000100f          	.4byte	0x100f
    318c:	4591                	li	a1,4
    318e:	c0040513          	addi	a0,s0,-1024
    3192:	e2bfe0ef          	jal	ra,1fbc <TIM_ClearITPendingBit>
    3196:	40000593          	li	a1,1024
    319a:	c0040513          	addi	a0,s0,-1024
    319e:	dfbfe0ef          	jal	ra,1f98 <TIM_ClearFlag>
    31a2:	8801a823          	sw	zero,-1904(gp) # 20000120 <s_ic_overflow>
    31a6:	ccfff0ef          	jal	ra,2e74 <PWM_ResetCaptureState>
    31aa:	4782                	lw	a5,0(sp)
    31ac:	88019623          	sh	zero,-1908(gp) # 2000011c <s_pulse_us>
    31b0:	c3b9                	beqz	a5,31f6 <D_PWM_Input_Enable+0xa6>
    31b2:	40011537          	lui	a0,0x40011
    31b6:	04800793          	li	a5,72
    31ba:	004c                	addi	a1,sp,4
    31bc:	80050513          	addi	a0,a0,-2048 # 40010800 <_eusrstack+0x2000e800>
    31c0:	c63e                	sw	a5,12(sp)
    31c2:	cf9fd0ef          	jal	ra,eba <GPIO_Init>
    31c6:	4591                	li	a1,4
    31c8:	c0040513          	addi	a0,s0,-1024
    31cc:	df1fe0ef          	jal	ra,1fbc <TIM_ClearITPendingBit>
    31d0:	40000593          	li	a1,1024
    31d4:	c0040513          	addi	a0,s0,-1024
    31d8:	dc1fe0ef          	jal	ra,1f98 <TIM_ClearFlag>
    31dc:	4605                	li	a2,1
    31de:	4591                	li	a1,4
    31e0:	c0040513          	addi	a0,s0,-1024
    31e4:	9bdfe0ef          	jal	ra,1ba0 <TIM_ITConfig>
    31e8:	e000e7b7          	lui	a5,0xe000e
    31ec:	1097a223          	sw	s1,260(a5) # e000e104 <_eusrstack+0xc000c104>
    31f0:	0141                	addi	sp,sp,16
    31f2:	ec1fc06f          	j	b2 <__riscv_restore_0>
    31f6:	40011437          	lui	s0,0x40011
    31fa:	80040513          	addi	a0,s0,-2048 # 40010800 <_eusrstack+0x2000e800>
    31fe:	4589                	li	a1,2
    3200:	d3dfd0ef          	jal	ra,f3c <GPIO_SetBits>
    3204:	47d1                	li	a5,20
    3206:	004c                	addi	a1,sp,4
    3208:	80040513          	addi	a0,s0,-2048
    320c:	c63e                	sw	a5,12(sp)
    320e:	cadfd0ef          	jal	ra,eba <GPIO_Init>
    3212:	bff9                	j	31f0 <D_PWM_Input_Enable+0xa0>

00003214 <D_TIM1_CC_ISR>:
    3214:	e95fc2ef          	jal	t0,a8 <__riscv_save_0>
    3218:	40013537          	lui	a0,0x40013
    321c:	c1055783          	lhu	a5,-1008(a0) # 40012c10 <_eusrstack+0x20010c10>
    3220:	c0050513          	addi	a0,a0,-1024
    3224:	01079413          	slli	s0,a5,0x10
    3228:	4047f793          	andi	a5,a5,1028
    322c:	c785                	beqz	a5,3254 <D_TIM1_CC_ISR+0x40>
    322e:	8041                	srli	s0,s0,0x10
    3230:	40047793          	andi	a5,s0,1024
    3234:	c395                	beqz	a5,3258 <D_TIM1_CC_ISR+0x44>
    3236:	c3fff0ef          	jal	ra,2e74 <PWM_ResetCaptureState>
    323a:	40013437          	lui	s0,0x40013
    323e:	40000593          	li	a1,1024
    3242:	c0040513          	addi	a0,s0,-1024 # 40012c00 <_eusrstack+0x20010c00>
    3246:	d53fe0ef          	jal	ra,1f98 <TIM_ClearFlag>
    324a:	4591                	li	a1,4
    324c:	c0040513          	addi	a0,s0,-1024
    3250:	d6dfe0ef          	jal	ra,1fbc <TIM_ClearITPendingBit>
    3254:	e5ffc06f          	j	b2 <__riscv_restore_0>
    3258:	d11fe0ef          	jal	ra,1f68 <TIM_GetCapture2>
    325c:	8901a783          	lw	a5,-1904(gp) # 20000120 <s_ic_overflow>
    3260:	6705                	lui	a4,0x1
    3262:	96070713          	addi	a4,a4,-1696 # 960 <ADC_InjectedChannelConfig+0x3c>
    3266:	02e787b3          	mul	a5,a5,a4
    326a:	8805                	andi	s0,s0,1
    326c:	97aa                	add	a5,a5,a0
    326e:	c411                	beqz	s0,327a <D_TIM1_CC_ISR+0x66>
    3270:	4af00693          	li	a3,1199
    3274:	00a6e363          	bltu	a3,a0,327a <D_TIM1_CC_ISR+0x66>
    3278:	97ba                	add	a5,a5,a4
    327a:	8981a503          	lw	a0,-1896(gp) # 20000128 <s_ic_rise_time>
    327e:	89d1c703          	lbu	a4,-1891(gp) # 2000012d <s_ic_wait_falling>
    3282:	40a78533          	sub	a0,a5,a0
    3286:	e729                	bnez	a4,32d0 <D_TIM1_CC_ISR+0xbc>
    3288:	89c1c683          	lbu	a3,-1892(gp) # 2000012c <s_ic_have_rise>
    328c:	ce81                	beqz	a3,32a4 <D_TIM1_CC_ISR+0x90>
    328e:	fff2d737          	lui	a4,0xfff2d
    3292:	10070713          	addi	a4,a4,256 # fff2d100 <_eusrstack+0xdff2b100>
    3296:	0002f6b7          	lui	a3,0x2f
    329a:	972a                	add	a4,a4,a0
    329c:	e0168693          	addi	a3,a3,-511 # 2ee01 <_data_lma+0x27e45>
    32a0:	00d73733          	sltu	a4,a4,a3
    32a4:	88e18a23          	sb	a4,-1900(gp) # 20000124 <s_ic_period_valid>
    32a8:	4705                	li	a4,1
    32aa:	88f1ac23          	sw	a5,-1896(gp) # 20000128 <s_ic_rise_time>
    32ae:	88e18e23          	sb	a4,-1892(gp) # 2000012c <s_ic_have_rise>
    32b2:	88e18ea3          	sb	a4,-1891(gp) # 2000012d <s_ic_wait_falling>
    32b6:	4589                	li	a1,2
    32b8:	40013537          	lui	a0,0x40013
    32bc:	c0050513          	addi	a0,a0,-1024 # 40012c00 <_eusrstack+0x20010c00>
    32c0:	a25fe0ef          	jal	ra,1ce4 <TIM_OC2PolarityConfig>
    32c4:	40013537          	lui	a0,0x40013
    32c8:	4591                	li	a1,4
    32ca:	c0050513          	addi	a0,a0,-1024 # 40012c00 <_eusrstack+0x20010c00>
    32ce:	b749                	j	3250 <D_TIM1_CC_ISR+0x3c>
    32d0:	8941c783          	lbu	a5,-1900(gp) # 20000124 <s_ic_period_valid>
    32d4:	c39d                	beqz	a5,32fa <D_TIM1_CC_ISR+0xe6>
    32d6:	77e9                	lui	a5,0xffffa
    32d8:	24078793          	addi	a5,a5,576 # ffffa240 <_eusrstack+0xdfff8240>
    32dc:	675d                	lui	a4,0x17
    32de:	97aa                	add	a5,a5,a0
    32e0:	70070713          	addi	a4,a4,1792 # 17700 <_data_lma+0x10744>
    32e4:	00f76b63          	bltu	a4,a5,32fa <D_TIM1_CC_ISR+0xe6>
    32e8:	03000593          	li	a1,48
    32ec:	0561                	addi	a0,a0,24
    32ee:	dd7fc0ef          	jal	ra,c4 <__hidden___udivsi3>
    32f2:	0542                	slli	a0,a0,0x10
    32f4:	8141                	srli	a0,a0,0x10
    32f6:	88a19623          	sh	a0,-1908(gp) # 2000011c <s_pulse_us>
    32fa:	88018ea3          	sb	zero,-1891(gp) # 2000012d <s_ic_wait_falling>
    32fe:	4581                	li	a1,0
    3300:	bf65                	j	32b8 <D_TIM1_CC_ISR+0xa4>

00003302 <D_TIM1_UP_ISR>:
    3302:	da7fc2ef          	jal	t0,a8 <__riscv_save_0>
    3306:	400134b7          	lui	s1,0x40013
    330a:	4585                	li	a1,1
    330c:	c0048513          	addi	a0,s1,-1024 # 40012c00 <_eusrstack+0x20010c00>
    3310:	c95fe0ef          	jal	ra,1fa4 <TIM_GetITStatus>
    3314:	c51d                	beqz	a0,3342 <D_TIM1_UP_ISR+0x40>
    3316:	e95fe0ef          	jal	ra,21aa <__get_MSTATUS>
    331a:	842a                	mv	s0,a0
    331c:	08800793          	li	a5,136
    3320:	3007b073          	.4byte	0x3007b073
    3324:	0000100f          	.4byte	0x100f
    3328:	8901a783          	lw	a5,-1904(gp) # 20000120 <s_ic_overflow>
    332c:	c0048513          	addi	a0,s1,-1024
    3330:	4585                	li	a1,1
    3332:	0785                	addi	a5,a5,1
    3334:	88f1a823          	sw	a5,-1904(gp) # 20000120 <s_ic_overflow>
    3338:	c85fe0ef          	jal	ra,1fbc <TIM_ClearITPendingBit>
    333c:	8522                	mv	a0,s0
    333e:	e73fe0ef          	jal	ra,21b0 <__set_MSTATUS>
    3342:	d71fc06f          	j	b2 <__riscv_restore_0>

00003346 <D_TMP112_Init>:
    3346:	d63fc2ef          	jal	t0,a8 <__riscv_save_0>
    334a:	1171                	addi	sp,sp,-4
    334c:	4689                	li	a3,2
    334e:	860a                	mv	a2,sp
    3350:	4585                	li	a1,1
    3352:	04800513          	li	a0,72
    3356:	d08ff0ef          	jal	ra,285e <D_I2C_Read>
    335a:	c509                	beqz	a0,3364 <D_TMP112_Init+0x1e>
    335c:	4505                	li	a0,1
    335e:	0111                	addi	sp,sp,4
    3360:	d53fc06f          	j	b2 <__riscv_restore_0>
    3364:	77e9                	lui	a5,0xffffa
    3366:	06078793          	addi	a5,a5,96 # ffffa060 <_eusrstack+0xdfff8060>
    336a:	4689                	li	a3,2
    336c:	860a                	mv	a2,sp
    336e:	4585                	li	a1,1
    3370:	04800513          	li	a0,72
    3374:	807c                	sh	a5,0(sp)
    3376:	b82ff0ef          	jal	ra,26f8 <D_I2C_Write>
    337a:	b7d5                	j	335e <D_TMP112_Init+0x18>

0000337c <D_TMP112_Read_Temp>:
    337c:	d2dfc2ef          	jal	t0,a8 <__riscv_save_0>
    3380:	1171                	addi	sp,sp,-4
    3382:	4689                	li	a3,2
    3384:	860a                	mv	a2,sp
    3386:	4581                	li	a1,0
    3388:	04800513          	li	a0,72
    338c:	cd2ff0ef          	jal	ra,285e <D_I2C_Read>
    3390:	87aa                	mv	a5,a0
    3392:	7561                	lui	a0,0xffff8
    3394:	e39d                	bnez	a5,33ba <D_TMP112_Read_Temp+0x3e>
    3396:	8038                	lhu	a4,0(sp)
    3398:	27100513          	li	a0,625
    339c:	3e800593          	li	a1,1000
    33a0:	00871793          	slli	a5,a4,0x8
    33a4:	8321                	srli	a4,a4,0x8
    33a6:	8fd9                	or	a5,a5,a4
    33a8:	07c2                	slli	a5,a5,0x10
    33aa:	87c1                	srai	a5,a5,0x10
    33ac:	8791                	srai	a5,a5,0x4
    33ae:	02a78533          	mul	a0,a5,a0
    33b2:	d0bfc0ef          	jal	ra,bc <__divsi3>
    33b6:	0542                	slli	a0,a0,0x10
    33b8:	8541                	srai	a0,a0,0x10
    33ba:	0111                	addi	sp,sp,4
    33bc:	cf7fc06f          	j	b2 <__riscv_restore_0>

000033c0 <Uart_ApplyParams>:
    33c0:	ce9fc2ef          	jal	t0,a8 <__riscv_save_0>
    33c4:	1141                	addi	sp,sp,-16
    33c6:	40014437          	lui	s0,0x40014
    33ca:	47b1                	li	a5,12
    33cc:	c402                	sw	zero,8(sp)
    33ce:	c02a                	sw	a0,0(sp)
    33d0:	4581                	li	a1,0
    33d2:	80040513          	addi	a0,s0,-2048 # 40013800 <_eusrstack+0x20011800>
    33d6:	857c                	sh	a5,10(sp)
    33d8:	c202                	sw	zero,4(sp)
    33da:	c602                	sw	zero,12(sp)
    33dc:	c89fe0ef          	jal	ra,2064 <USART_Cmd>
    33e0:	858a                	mv	a1,sp
    33e2:	80040513          	addi	a0,s0,-2048
    33e6:	be3fe0ef          	jal	ra,1fc8 <USART_Init>
    33ea:	80040513          	addi	a0,s0,-2048
    33ee:	4585                	li	a1,1
    33f0:	cd1fe0ef          	jal	ra,20c0 <USART_HalfDuplexCmd>
    33f4:	4585                	li	a1,1
    33f6:	80040513          	addi	a0,s0,-2048
    33fa:	c6bfe0ef          	jal	ra,2064 <USART_Cmd>
    33fe:	0141                	addi	sp,sp,16
    3400:	cb3fc06f          	j	b2 <__riscv_restore_0>

00003404 <Uart_TxDone>:
    3404:	ca5fc2ef          	jal	t0,a8 <__riscv_save_0>
    3408:	40014437          	lui	s0,0x40014
    340c:	02000593          	li	a1,32
    3410:	80040513          	addi	a0,s0,-2048 # 40013800 <_eusrstack+0x20011800>
    3414:	cc5fe0ef          	jal	ra,20d8 <USART_GetFlagStatus>
    3418:	c509                	beqz	a0,3422 <Uart_TxDone+0x1e>
    341a:	80040513          	addi	a0,s0,-2048
    341e:	c9bfe0ef          	jal	ra,20b8 <USART_ReceiveData>
    3422:	40014537          	lui	a0,0x40014
    3426:	4605                	li	a2,1
    3428:	52500593          	li	a1,1317
    342c:	80050513          	addi	a0,a0,-2048 # 40013800 <_eusrstack+0x20011800>
    3430:	c49fe0ef          	jal	ra,2078 <USART_ITConfig>
    3434:	8a0182a3          	sb	zero,-1883(gp) # 20000135 <s_tx_busy>
    3438:	c7bfc06f          	j	b2 <__riscv_restore_0>

0000343c <D_USART1_Cfg>:
    343c:	c6dfc2ef          	jal	t0,a8 <__riscv_save_0>
    3440:	84aa                	mv	s1,a0
    3442:	6511                	lui	a0,0x4
    3444:	1131                	addi	sp,sp,-20
    3446:	4585                	li	a1,1
    3448:	0545                	addi	a0,a0,17 # 4011 <C_Task_Tick_Update+0x29>
    344a:	c402                	sw	zero,8(sp)
    344c:	c602                	sw	zero,12(sp)
    344e:	c802                	sw	zero,16(sp)
    3450:	c002                	sw	zero,0(sp)
    3452:	c202                	sw	zero,4(sp)
    3454:	ab2fe0ef          	jal	ra,1706 <RCC_PB2PeriphClockCmd>
    3458:	00160537          	lui	a0,0x160
    345c:	4585                	li	a1,1
    345e:	0c050513          	addi	a0,a0,192 # 1600c0 <_data_lma+0x159104>
    3462:	adffd0ef          	jal	ra,f40 <GPIO_PinRemapConfig>
    3466:	4405                	li	s0,1
    3468:	002c                	addi	a1,sp,8
    346a:	47e1                	li	a5,24
    346c:	40011537          	lui	a0,0x40011
    3470:	c83e                	sw	a5,16(sp)
    3472:	8460                	sh	s0,8(sp)
    3474:	c622                	sw	s0,12(sp)
    3476:	a45fd0ef          	jal	ra,eba <GPIO_Init>
    347a:	92c18513          	addi	a0,gp,-1748 # 200001bc <s_rx_rb>
    347e:	083000ef          	jal	ra,3d00 <C_Ring_Buf_Init>
    3482:	8a818513          	addi	a0,gp,-1880 # 20000138 <s_tx_rb>
    3486:	07b000ef          	jal	ra,3d00 <C_Ring_Buf_Init>
    348a:	8526                	mv	a0,s1
    348c:	8a0182a3          	sb	zero,-1883(gp) # 20000135 <s_tx_busy>
    3490:	8a01a023          	sw	zero,-1888(gp) # 20000130 <s_pending_baud>
    3494:	f2dff0ef          	jal	ra,33c0 <Uart_ApplyParams>
    3498:	40014537          	lui	a0,0x40014
    349c:	4605                	li	a2,1
    349e:	52500593          	li	a1,1317
    34a2:	80050513          	addi	a0,a0,-2048 # 40013800 <_eusrstack+0x20011800>
    34a6:	bd3fe0ef          	jal	ra,2078 <USART_ITConfig>
    34aa:	12000793          	li	a5,288
    34ae:	850a                	mv	a0,sp
    34b0:	807c                	sh	a5,0(sp)
    34b2:	8140                	sb	s0,2(sp)
    34b4:	c222                	sw	s0,4(sp)
    34b6:	828fe0ef          	jal	ra,14de <NVIC_Init>
    34ba:	8a818223          	sb	s0,-1884(gp) # 20000134 <s_enabled>
    34be:	0151                	addi	sp,sp,20
    34c0:	bf3fc06f          	j	b2 <__riscv_restore_0>

000034c4 <D_UART_Enable>:
    34c4:	be5fc2ef          	jal	t0,a8 <__riscv_save_0>
    34c8:	1151                	addi	sp,sp,-12
    34ca:	4485                	li	s1,1
    34cc:	00011123          	sh	zero,2(sp)
    34d0:	00011423          	sh	zero,8(sp)
    34d4:	00011523          	sh	zero,10(sp)
    34d8:	8064                	sh	s1,0(sp)
    34da:	c226                	sw	s1,4(sp)
    34dc:	cd1d                	beqz	a0,351a <D_UART_Enable+0x56>
    34de:	4761                	li	a4,24
    34e0:	858a                	mv	a1,sp
    34e2:	40011537          	lui	a0,0x40011
    34e6:	c43a                	sw	a4,8(sp)
    34e8:	40014437          	lui	s0,0x40014
    34ec:	9cffd0ef          	jal	ra,eba <GPIO_Init>
    34f0:	4585                	li	a1,1
    34f2:	80040513          	addi	a0,s0,-2048 # 40013800 <_eusrstack+0x20011800>
    34f6:	b6ffe0ef          	jal	ra,2064 <USART_Cmd>
    34fa:	4605                	li	a2,1
    34fc:	52500593          	li	a1,1317
    3500:	80040513          	addi	a0,s0,-2048
    3504:	8a918223          	sb	s1,-1884(gp) # 20000134 <s_enabled>
    3508:	b71fe0ef          	jal	ra,2078 <USART_ITConfig>
    350c:	e000e737          	lui	a4,0xe000e
    3510:	10972223          	sw	s1,260(a4) # e000e104 <_eusrstack+0xc000c104>
    3514:	0131                	addi	sp,sp,12
    3516:	b9dfc06f          	j	b2 <__riscv_restore_0>
    351a:	40014437          	lui	s0,0x40014
    351e:	80040513          	addi	a0,s0,-2048 # 40013800 <_eusrstack+0x20011800>
    3522:	4601                	li	a2,0
    3524:	52500593          	li	a1,1317
    3528:	b51fe0ef          	jal	ra,2078 <USART_ITConfig>
    352c:	80040513          	addi	a0,s0,-2048
    3530:	4601                	li	a2,0
    3532:	72700593          	li	a1,1831
    3536:	b43fe0ef          	jal	ra,2078 <USART_ITConfig>
    353a:	4601                	li	a2,0
    353c:	62600593          	li	a1,1574
    3540:	80040513          	addi	a0,s0,-2048
    3544:	b35fe0ef          	jal	ra,2078 <USART_ITConfig>
    3548:	e000e737          	lui	a4,0xe000e
    354c:	18972223          	sw	s1,388(a4) # e000e184 <_eusrstack+0xc000c184>
    3550:	0000100f          	.4byte	0x100f
    3554:	4581                	li	a1,0
    3556:	80040513          	addi	a0,s0,-2048
    355a:	b0bfe0ef          	jal	ra,2064 <USART_Cmd>
    355e:	8a018223          	sb	zero,-1884(gp) # 20000134 <s_enabled>
    3562:	8a818513          	addi	a0,gp,-1880 # 20000138 <s_tx_rb>
    3566:	8a0182a3          	sb	zero,-1883(gp) # 20000135 <s_tx_busy>
    356a:	796000ef          	jal	ra,3d00 <C_Ring_Buf_Init>
    356e:	4791                	li	a5,4
    3570:	858a                	mv	a1,sp
    3572:	40011537          	lui	a0,0x40011
    3576:	c43e                	sw	a5,8(sp)
    3578:	943fd0ef          	jal	ra,eba <GPIO_Init>
    357c:	bf61                	j	3514 <D_UART_Enable+0x50>

0000357e <D_UART1_Rx_Get>:
    357e:	85aa                	mv	a1,a0
    3580:	92c18513          	addi	a0,gp,-1748 # 200001bc <s_rx_rb>
    3584:	7b40006f          	j	3d38 <C_Ring_Buf_Get>

00003588 <D_UART1_Tx_Write>:
    3588:	8a41c783          	lbu	a5,-1884(gp) # 20000134 <s_enabled>
    358c:	e799                	bnez	a5,359a <D_UART1_Tx_Write+0x12>
    358e:	4501                	li	a0,0
    3590:	8082                	ret
    3592:	4501                	li	a0,0
    3594:	0121                	addi	sp,sp,8
    3596:	b1dfc06f          	j	b2 <__riscv_restore_0>
    359a:	b0ffc2ef          	jal	t0,a8 <__riscv_save_0>
    359e:	1161                	addi	sp,sp,-8
    35a0:	842a                	mv	s0,a0
    35a2:	d965                	beqz	a0,3592 <D_UART1_Tx_Write+0xa>
    35a4:	c02e                	sw	a1,0(sp)
    35a6:	d5f5                	beqz	a1,3592 <D_UART1_Tx_Write+0xa>
    35a8:	8a818513          	addi	a0,gp,-1880 # 20000138 <s_tx_rb>
    35ac:	7be000ef          	jal	ra,3d6a <C_Ring_Buf_Get_Count>
    35b0:	4582                	lw	a1,0(sp)
    35b2:	07f00793          	li	a5,127
    35b6:	952e                	add	a0,a0,a1
    35b8:	fca7cde3          	blt	a5,a0,3592 <D_UART1_Tx_Write+0xa>
    35bc:	00b407b3          	add	a5,s0,a1
    35c0:	200c                	lbu	a1,0(s0)
    35c2:	8a818513          	addi	a0,gp,-1880 # 20000138 <s_tx_rb>
    35c6:	c03e                	sw	a5,0(sp)
    35c8:	744000ef          	jal	ra,3d0c <C_Ring_Buf_Put>
    35cc:	4782                	lw	a5,0(sp)
    35ce:	0405                	addi	s0,s0,1
    35d0:	fef418e3          	bne	s0,a5,35c0 <D_UART1_Tx_Write+0x38>
    35d4:	bd7fe0ef          	jal	ra,21aa <__get_MSTATUS>
    35d8:	c02a                	sw	a0,0(sp)
    35da:	08800793          	li	a5,136
    35de:	3007b073          	.4byte	0x3007b073
    35e2:	0000100f          	.4byte	0x100f
    35e6:	8a51c703          	lbu	a4,-1883(gp) # 20000135 <s_tx_busy>
    35ea:	e739                	bnez	a4,3638 <D_UART1_Tx_Write+0xb0>
    35ec:	00710593          	addi	a1,sp,7
    35f0:	8a818513          	addi	a0,gp,-1880 # 20000138 <s_tx_rb>
    35f4:	744000ef          	jal	ra,3d38 <C_Ring_Buf_Get>
    35f8:	c121                	beqz	a0,3638 <D_UART1_Tx_Write+0xb0>
    35fa:	400144b7          	lui	s1,0x40014
    35fe:	4705                	li	a4,1
    3600:	4601                	li	a2,0
    3602:	52500593          	li	a1,1317
    3606:	80048513          	addi	a0,s1,-2048 # 40013800 <_eusrstack+0x20011800>
    360a:	8ae182a3          	sb	a4,-1883(gp) # 20000135 <s_tx_busy>
    360e:	a6bfe0ef          	jal	ra,2078 <USART_ITConfig>
    3612:	4601                	li	a2,0
    3614:	62600593          	li	a1,1574
    3618:	80048513          	addi	a0,s1,-2048
    361c:	a5dfe0ef          	jal	ra,2078 <USART_ITConfig>
    3620:	838c                	lbu	a1,7(sp)
    3622:	80048513          	addi	a0,s1,-2048
    3626:	a8bfe0ef          	jal	ra,20b0 <USART_SendData>
    362a:	4605                	li	a2,1
    362c:	72700593          	li	a1,1831
    3630:	80048513          	addi	a0,s1,-2048
    3634:	a45fe0ef          	jal	ra,2078 <USART_ITConfig>
    3638:	4502                	lw	a0,0(sp)
    363a:	b77fe0ef          	jal	ra,21b0 <__set_MSTATUS>
    363e:	4505                	li	a0,1
    3640:	bf91                	j	3594 <D_UART1_Tx_Write+0xc>

00003642 <D_UART_SetBaud_Deferred>:
    3642:	8aa1a023          	sw	a0,-1888(gp) # 20000130 <s_pending_baud>
    3646:	8082                	ret

00003648 <D_UART_Service>:
    3648:	a61fc2ef          	jal	t0,a8 <__riscv_save_0>
    364c:	8a01a783          	lw	a5,-1888(gp) # 20000130 <s_pending_baud>
    3650:	cf91                	beqz	a5,366c <D_UART_Service+0x24>
    3652:	8a51c783          	lbu	a5,-1883(gp) # 20000135 <s_tx_busy>
    3656:	eb99                	bnez	a5,366c <D_UART_Service+0x24>
    3658:	8a818513          	addi	a0,gp,-1880 # 20000138 <s_tx_rb>
    365c:	2739                	jal	3d6a <C_Ring_Buf_Get_Count>
    365e:	e519                	bnez	a0,366c <D_UART_Service+0x24>
    3660:	8a01a503          	lw	a0,-1888(gp) # 20000130 <s_pending_baud>
    3664:	d5dff0ef          	jal	ra,33c0 <Uart_ApplyParams>
    3668:	8a01a023          	sw	zero,-1888(gp) # 20000130 <s_pending_baud>
    366c:	a47fc06f          	j	b2 <__riscv_restore_0>

00003670 <D_UART1_ISR>:
    3670:	8a41c783          	lbu	a5,-1884(gp) # 20000134 <s_enabled>
    3674:	c7cd                	beqz	a5,371e <D_UART1_ISR+0xae>
    3676:	a33fc2ef          	jal	t0,a8 <__riscv_save_0>
    367a:	40014437          	lui	s0,0x40014
    367e:	1171                	addi	sp,sp,-4
    3680:	52500593          	li	a1,1317
    3684:	80040513          	addi	a0,s0,-2048 # 40013800 <_eusrstack+0x20011800>
    3688:	a5bfe0ef          	jal	ra,20e2 <USART_GetITStatus>
    368c:	cd11                	beqz	a0,36a8 <D_UART1_ISR+0x38>
    368e:	80040513          	addi	a0,s0,-2048
    3692:	a27fe0ef          	jal	ra,20b8 <USART_ReceiveData>
    3696:	0ff57593          	zext.b	a1,a0
    369a:	92c18513          	addi	a0,gp,-1748 # 200001bc <s_rx_rb>
    369e:	81cc                	sb	a1,3(sp)
    36a0:	25b5                	jal	3d0c <C_Ring_Buf_Put>
    36a2:	0111                	addi	sp,sp,4
    36a4:	a0ffc06f          	j	b2 <__riscv_restore_0>
    36a8:	72700593          	li	a1,1831
    36ac:	80040513          	addi	a0,s0,-2048
    36b0:	a33fe0ef          	jal	ra,20e2 <USART_GetITStatus>
    36b4:	c531                	beqz	a0,3700 <D_UART1_ISR+0x90>
    36b6:	00310593          	addi	a1,sp,3
    36ba:	8a818513          	addi	a0,gp,-1880 # 20000138 <s_tx_rb>
    36be:	2dad                	jal	3d38 <C_Ring_Buf_Get>
    36c0:	c519                	beqz	a0,36ce <D_UART1_ISR+0x5e>
    36c2:	818c                	lbu	a1,3(sp)
    36c4:	80040513          	addi	a0,s0,-2048
    36c8:	9e9fe0ef          	jal	ra,20b0 <USART_SendData>
    36cc:	bfd9                	j	36a2 <D_UART1_ISR+0x32>
    36ce:	72700593          	li	a1,1831
    36d2:	80040513          	addi	a0,s0,-2048
    36d6:	4601                	li	a2,0
    36d8:	9a1fe0ef          	jal	ra,2078 <USART_ITConfig>
    36dc:	04000593          	li	a1,64
    36e0:	80040513          	addi	a0,s0,-2048
    36e4:	9f5fe0ef          	jal	ra,20d8 <USART_GetFlagStatus>
    36e8:	c501                	beqz	a0,36f0 <D_UART1_ISR+0x80>
    36ea:	d1bff0ef          	jal	ra,3404 <Uart_TxDone>
    36ee:	bf55                	j	36a2 <D_UART1_ISR+0x32>
    36f0:	4605                	li	a2,1
    36f2:	62600593          	li	a1,1574
    36f6:	80040513          	addi	a0,s0,-2048
    36fa:	97ffe0ef          	jal	ra,2078 <USART_ITConfig>
    36fe:	b755                	j	36a2 <D_UART1_ISR+0x32>
    3700:	62600593          	li	a1,1574
    3704:	80040513          	addi	a0,s0,-2048
    3708:	9dbfe0ef          	jal	ra,20e2 <USART_GetITStatus>
    370c:	d959                	beqz	a0,36a2 <D_UART1_ISR+0x32>
    370e:	4601                	li	a2,0
    3710:	62600593          	li	a1,1574
    3714:	80040513          	addi	a0,s0,-2048
    3718:	961fe0ef          	jal	ra,2078 <USART_ITConfig>
    371c:	b7f9                	j	36ea <D_UART1_ISR+0x7a>
    371e:	8082                	ret

00003720 <WS2812_Encode>:
    3720:	4781                	li	a5,0
    3722:	4621                	li	a2,8
    3724:	01851713          	slli	a4,a0,0x18
    3728:	8761                	srai	a4,a4,0x18
    372a:	0f800693          	li	a3,248
    372e:	00074463          	bltz	a4,3736 <WS2812_Encode+0x16>
    3732:	0c000693          	li	a3,192
    3736:	00f58733          	add	a4,a1,a5
    373a:	0506                	slli	a0,a0,0x1
    373c:	a314                	sb	a3,0(a4)
    373e:	0785                	addi	a5,a5,1
    3740:	0ff57513          	zext.b	a0,a0
    3744:	fec790e3          	bne	a5,a2,3724 <WS2812_Encode+0x4>
    3748:	8082                	ret

0000374a <D_WS2812_Send>:
    374a:	95ffc2ef          	jal	t0,a8 <__riscv_save_0>
    374e:	1171                	addi	sp,sp,-4
    3750:	84aa                	mv	s1,a0
    3752:	852e                	mv	a0,a1
    3754:	9b018593          	addi	a1,gp,-1616 # 20000240 <s_frame>
    3758:	c032                	sw	a2,0(sp)
    375a:	fc7ff0ef          	jal	ra,3720 <WS2812_Encode>
    375e:	8526                	mv	a0,s1
    3760:	9b818593          	addi	a1,gp,-1608 # 20000248 <s_frame+0x8>
    3764:	fbdff0ef          	jal	ra,3720 <WS2812_Encode>
    3768:	4502                	lw	a0,0(sp)
    376a:	9c018593          	addi	a1,gp,-1600 # 20000250 <s_frame+0x10>
    376e:	fb3ff0ef          	jal	ra,3720 <WS2812_Encode>
    3772:	45e1                	li	a1,24
    3774:	9b018513          	addi	a0,gp,-1616 # 20000240 <s_frame>
    3778:	e9eff0ef          	jal	ra,2e16 <D_SPI1_Send_Buf>
    377c:	03c00513          	li	a0,60
    3780:	9cffe0ef          	jal	ra,214e <Delay_Us>
    3784:	0111                	addi	sp,sp,4
    3786:	92dfc06f          	j	b2 <__riscv_restore_0>

0000378a <D_WS2812_Off>:
    378a:	4601                	li	a2,0
    378c:	4581                	li	a1,0
    378e:	4501                	li	a0,0
    3790:	fbbff06f          	j	374a <D_WS2812_Send>

00003794 <D_WS2812_Init>:
    3794:	ff7ff06f          	j	378a <D_WS2812_Off>

00003798 <C_PosCtrl_Reset>:
    3798:	9c818793          	addi	a5,gp,-1592 # 20000258 <s_ctl>
    379c:	0007a023          	sw	zero,0(a5)
    37a0:	00078223          	sb	zero,4(a5)
    37a4:	00079323          	sh	zero,6(a5)
    37a8:	0007a423          	sw	zero,8(a5)
    37ac:	00079623          	sh	zero,12(a5)
    37b0:	8082                	ret

000037b2 <C_PosCtrl_Init>:
    37b2:	9c818793          	addi	a5,gp,-1592 # 20000258 <s_ctl>
    37b6:	2b900713          	li	a4,697
    37ba:	cb98                	sw	a4,16(a5)
    37bc:	6705                	lui	a4,0x1
    37be:	96070713          	addi	a4,a4,-1696 # 960 <ADC_InjectedChannelConfig+0x3c>
    37c2:	a7fa                	sh	a4,14(a5)
    37c4:	fd5ff06f          	j	3798 <C_PosCtrl_Reset>

000037c8 <C_PosCtrl_Set_Output_Limit>:
    37c8:	fff50793          	addi	a5,a0,-1 # 40010fff <_eusrstack+0x2000efff>
    37cc:	07c2                	slli	a5,a5,0x10
    37ce:	6705                	lui	a4,0x1
    37d0:	83c1                	srli	a5,a5,0x10
    37d2:	95f70693          	addi	a3,a4,-1697 # 95f <ADC_InjectedChannelConfig+0x3b>
    37d6:	00f6f463          	bgeu	a3,a5,37de <C_PosCtrl_Set_Output_Limit+0x16>
    37da:	96070513          	addi	a0,a4,-1696
    37de:	9ca19b23          	sh	a0,-1578(gp) # 20000266 <s_ctl+0xe>
    37e2:	8082                	ret

000037e4 <C_PosCtrl_Update>:
    37e4:	8c5fc2ef          	jal	t0,a8 <__riscv_save_0>
    37e8:	fcc10113          	addi	sp,sp,-52
    37ec:	ca32                	sw	a2,20(sp)
    37ee:	50050763          	beqz	a0,3cfc <C_PosCtrl_Update+0x518>
    37f2:	832a                	mv	t1,a0
    37f4:	4501                	li	a0,0
    37f6:	4c058f63          	beqz	a1,3cd4 <C_PosCtrl_Update+0x4f0>
    37fa:	41d0                	lw	a2,4(a1)
    37fc:	c002                	sw	zero,0(sp)
    37fe:	41f65793          	srai	a5,a2,0x1f
    3802:	00c7c733          	xor	a4,a5,a2
    3806:	40f707b3          	sub	a5,a4,a5
    380a:	c23e                	sw	a5,4(sp)
    380c:	47d2                	lw	a5,20(sp)
    380e:	cb99                	beqz	a5,3824 <C_PosCtrl_Update+0x40>
    3810:	459c                	lw	a5,8(a1)
    3812:	41f7d713          	srai	a4,a5,0x1f
    3816:	8fb9                	xor	a5,a5,a4
    3818:	8f99                	sub	a5,a5,a4
    381a:	0647a793          	slti	a5,a5,100
    381e:	0017c793          	xori	a5,a5,1
    3822:	c03e                	sw	a5,0(sp)
    3824:	0005a283          	lw	t0,0(a1)
    3828:	00432583          	lw	a1,4(t1)
    382c:	00032783          	lw	a5,0(t1)
    3830:	40b604b3          	sub	s1,a2,a1
    3834:	41f4d393          	srai	t2,s1,0x1f
    3838:	01a4d713          	srli	a4,s1,0x1a
    383c:	00639513          	slli	a0,t2,0x6
    3840:	8d59                	or	a0,a0,a4
    3842:	00649713          	slli	a4,s1,0x6
    3846:	94ba                	add	s1,s1,a4
    3848:	00e4b733          	sltu	a4,s1,a4
    384c:	951e                	add	a0,a0,t2
    384e:	972a                	add	a4,a4,a0
    3850:	0742                	slli	a4,a4,0x10
    3852:	80c1                	srli	s1,s1,0x10
    3854:	8cd9                	or	s1,s1,a4
    3856:	9496                	add	s1,s1,t0
    3858:	6711                	lui	a4,0x4
    385a:	409784b3          	sub	s1,a5,s1
    385e:	65070713          	addi	a4,a4,1616 # 4650 <C_Traj_Plan+0x92>
    3862:	1e975a63          	bge	a4,s1,3a56 <C_PosCtrl_Update+0x272>
    3866:	775d                	lui	a4,0xffff7
    3868:	36070713          	addi	a4,a4,864 # ffff7360 <_eusrstack+0xdfff5360>
    386c:	94ba                	add	s1,s1,a4
    386e:	6711                	lui	a4,0x4
    3870:	405787b3          	sub	a5,a5,t0
    3874:	65070713          	addi	a4,a4,1616 # 4650 <C_Traj_Plan+0x92>
    3878:	1ef75863          	bge	a4,a5,3a68 <C_PosCtrl_Update+0x284>
    387c:	775d                	lui	a4,0xffff7
    387e:	36070713          	addi	a4,a4,864 # ffff7360 <_eusrstack+0xdfff5360>
    3882:	97ba                	add	a5,a5,a4
    3884:	9c818713          	addi	a4,gp,-1592 # 20000258 <s_ctl>
    3888:	00e71503          	lh	a0,14(a4)
    388c:	9c818413          	addi	s0,gp,-1592 # 20000258 <s_ctl>
    3890:	d42a                	sw	a0,40(sp)
    3892:	41f7d513          	srai	a0,a5,0x1f
    3896:	8fa9                	xor	a5,a5,a0
    3898:	8f89                	sub	a5,a5,a0
    389a:	2348                	lbu	a0,4(a4)
    389c:	4752                	lw	a4,20(sp)
    389e:	1e051d63          	bnez	a0,3a98 <C_PosCtrl_Update+0x2b4>
    38a2:	20070263          	beqz	a4,3aa6 <C_PosCtrl_Update+0x2c2>
    38a6:	42e5                	li	t0,25
    38a8:	1ef2cf63          	blt	t0,a5,3aa6 <C_PosCtrl_Update+0x2c2>
    38ac:	4392                	lw	t2,4(sp)
    38ae:	1f400713          	li	a4,500
    38b2:	1e774a63          	blt	a4,t2,3aa6 <C_PosCtrl_Update+0x2c2>
    38b6:	207a                	lhu	a4,6(s0)
    38b8:	63c1                	lui	t2,0x10
    38ba:	13fd                	addi	t2,t2,-1 # ffff <_data_lma+0x9043>
    38bc:	1a771f63          	bne	a4,t2,3a7a <C_PosCtrl_Update+0x296>
    38c0:	4705                	li	a4,1
    38c2:	a058                	sb	a4,4(s0)
    38c4:	4702                	lw	a4,0(sp)
    38c6:	1e071263          	bnez	a4,3aaa <C_PosCtrl_Update+0x2c6>
    38ca:	4765                	li	a4,25
    38cc:	1ce78f63          	beq	a5,a4,3aaa <C_PosCtrl_Update+0x2c6>
    38d0:	473d                	li	a4,15
    38d2:	1ef75a63          	bge	a4,a5,3ac6 <C_PosCtrl_Update+0x2e2>
    38d6:	47a9                	li	a5,10
    38d8:	1e97df63          	bge	a5,s1,3ad6 <C_PosCtrl_Update+0x2f2>
    38dc:	ff648793          	addi	a5,s1,-10
    38e0:	6705                	lui	a4,0x1
    38e2:	30070713          	addi	a4,a4,768 # 1300 <I2C_Init+0x40>
    38e6:	02e78533          	mul	a0,a5,a4
    38ea:	02e797b3          	mulh	a5,a5,a4
    38ee:	8121                	srli	a0,a0,0x8
    38f0:	07e2                	slli	a5,a5,0x18
    38f2:	8fc9                	or	a5,a5,a0
    38f4:	c63e                	sw	a5,12(sp)
    38f6:	4732                	lw	a4,12(sp)
    38f8:	77fd                	lui	a5,0xfffff
    38fa:	e3678793          	addi	a5,a5,-458 # ffffee36 <_eusrstack+0xdfffce36>
    38fe:	00f75363          	bge	a4,a5,3904 <C_PosCtrl_Update+0x120>
    3902:	c63e                	sw	a5,12(sp)
    3904:	4732                	lw	a4,12(sp)
    3906:	6785                	lui	a5,0x1
    3908:	1ca78793          	addi	a5,a5,458 # 11ca <GPIO_IPD_Unused+0x1e8>
    390c:	00e7d363          	bge	a5,a4,3912 <C_PosCtrl_Update+0x12e>
    3910:	c63e                	sw	a5,12(sp)
    3912:	00832303          	lw	t1,8(t1)
    3916:	0c400793          	li	a5,196
    391a:	02f30733          	mul	a4,t1,a5
    391e:	02f317b3          	mulh	a5,t1,a5
    3922:	8341                	srli	a4,a4,0x10
    3924:	07c2                	slli	a5,a5,0x10
    3926:	8f5d                	or	a4,a4,a5
    3928:	47b2                	lw	a5,12(sp)
    392a:	972e                	add	a4,a4,a1
    392c:	973e                	add	a4,a4,a5
    392e:	77f1                	lui	a5,0xffffc
    3930:	8d678793          	addi	a5,a5,-1834 # ffffb8d6 <_eusrstack+0xdfff98d6>
    3934:	00f75363          	bge	a4,a5,393a <C_PosCtrl_Update+0x156>
    3938:	873e                	mv	a4,a5
    393a:	6791                	lui	a5,0x4
    393c:	72a78793          	addi	a5,a5,1834 # 472a <C_Traj_Plan+0x16c>
    3940:	00e7d363          	bge	a5,a4,3946 <C_PosCtrl_Update+0x162>
    3944:	873e                	mv	a4,a5
    3946:	47b2                	lw	a5,12(sp)
    3948:	4512                	lw	a0,4(sp)
    394a:	d202                	sw	zero,36(sp)
    394c:	97ae                	add	a5,a5,a1
    394e:	8f91                	sub	a5,a5,a2
    3950:	c43e                	sw	a5,8(sp)
    3952:	02f00793          	li	a5,47
    3956:	00a7dc63          	bge	a5,a0,396e <C_PosCtrl_Update+0x18a>
    395a:	02c317b3          	mulh	a5,t1,a2
    395e:	4505                	li	a0,1
    3960:	d22a                	sw	a0,36(sp)
    3962:	0007c663          	bltz	a5,396e <C_PosCtrl_Update+0x18a>
    3966:	47d2                	lw	a5,20(sp)
    3968:	00f037b3          	snez	a5,a5
    396c:	d23e                	sw	a5,36(sp)
    396e:	6789                	lui	a5,0x2
    3970:	d0a78793          	addi	a5,a5,-758 # 1d0a <TIM_CCxCmd+0x10>
    3974:	02f70533          	mul	a0,a4,a5
    3978:	02f717b3          	mulh	a5,a4,a5
    397c:	8141                	srli	a0,a0,0x10
    397e:	07c2                	slli	a5,a5,0x10
    3980:	8fc9                	or	a5,a5,a0
    3982:	cc3e                	sw	a5,24(sp)
    3984:	6785                	lui	a5,0x1
    3986:	13078793          	addi	a5,a5,304 # 1130 <GPIO_IPD_Unused+0x14e>
    398a:	02f302b3          	mul	t0,t1,a5
    398e:	02f317b3          	mulh	a5,t1,a5
    3992:	0142d293          	srli	t0,t0,0x14
    3996:	00c79513          	slli	a0,a5,0xc
    399a:	005562b3          	or	t0,a0,t0
    399e:	02b31533          	mulh	a0,t1,a1
    39a2:	87d1                	srai	a5,a5,0x14
    39a4:	14054063          	bltz	a0,3ae4 <C_PosCtrl_Update+0x300>
    39a8:	d016                	sw	t0,32(sp)
    39aa:	205c                	lbu	a5,4(s0)
    39ac:	4605                	li	a2,1
    39ae:	c83e                	sw	a5,16(sp)
    39b0:	45c2                	lw	a1,16(sp)
    39b2:	47a2                	lw	a5,8(sp)
    39b4:	00c59963          	bne	a1,a2,39c6 <C_PosCtrl_Update+0x1e2>
    39b8:	4622                	lw	a2,8(sp)
    39ba:	0a400793          	li	a5,164
    39be:	18c7d063          	bge	a5,a2,3b3e <C_PosCtrl_Update+0x35a>
    39c2:	f5c60793          	addi	a5,a2,-164
    39c6:	660d                	lui	a2,0x3
    39c8:	05960613          	addi	a2,a2,89 # 3059 <D_TIM1_PWM_IC_Init+0x79>
    39cc:	02c785b3          	mul	a1,a5,a2
    39d0:	4008                	lw	a0,0(s0)
    39d2:	02c797b3          	mulh	a5,a5,a2
    39d6:	0105d613          	srli	a2,a1,0x10
    39da:	07c2                	slli	a5,a5,0x10
    39dc:	8fd1                	or	a5,a5,a2
    39de:	4810                	lw	a2,16(s0)
    39e0:	ce3e                	sw	a5,28(sp)
    39e2:	41055793          	srai	a5,a0,0x10
    39e6:	02c70633          	mul	a2,a4,a2
    39ea:	d63e                	sw	a5,44(sp)
    39ec:	77e1                	lui	a5,0xffff8
    39ee:	00f65363          	bge	a2,a5,39f4 <C_PosCtrl_Update+0x210>
    39f2:	7661                	lui	a2,0xffff8
    39f4:	67a1                	lui	a5,0x8
    39f6:	00c7d363          	bge	a5,a2,39fc <C_PosCtrl_Update+0x218>
    39fa:	6621                	lui	a2,0x8
    39fc:	4592                	lw	a1,4(sp)
    39fe:	14700793          	li	a5,327
    3a02:	14b7d863          	bge	a5,a1,3b52 <C_PosCtrl_Update+0x36e>
    3a06:	4785                	li	a5,1
    3a08:	b41c                	sb	a5,9(s0)
    3a0a:	00041623          	sh	zero,12(s0)
    3a0e:	04e00793          	li	a5,78
    3a12:	02f605b3          	mul	a1,a2,a5
    3a16:	00041523          	sh	zero,10(s0)
    3a1a:	02f617b3          	mulh	a5,a2,a5
    3a1e:	81bd                	srli	a1,a1,0xf
    3a20:	07c6                	slli	a5,a5,0x11
    3a22:	8fcd                	or	a5,a5,a1
    3a24:	45e2                	lw	a1,24(sp)
    3a26:	5282                	lw	t0,32(sp)
    3a28:	5622                	lw	a2,40(sp)
    3a2a:	95be                	add	a1,a1,a5
    3a2c:	9596                	add	a1,a1,t0
    3a2e:	42f2                	lw	t0,28(sp)
    3a30:	9596                	add	a1,a1,t0
    3a32:	41055293          	srai	t0,a0,0x10
    3a36:	9596                	add	a1,a1,t0
    3a38:	00b64763          	blt	a2,a1,3a46 <C_PosCtrl_Update+0x262>
    3a3c:	40c00633          	neg	a2,a2
    3a40:	00b65363          	bge	a2,a1,3a46 <C_PosCtrl_Update+0x262>
    3a44:	862e                	mv	a2,a1
    3a46:	00844283          	lbu	t0,8(s0)
    3a4a:	18028e63          	beqz	t0,3be6 <C_PosCtrl_Update+0x402>
    3a4e:	00042023          	sw	zero,0(s0)
    3a52:	4501                	li	a0,0
    3a54:	a4a9                	j	3c9e <C_PosCtrl_Update+0x4ba>
    3a56:	7771                	lui	a4,0xffffc
    3a58:	9b070713          	addi	a4,a4,-1616 # ffffb9b0 <_eusrstack+0xdfff99b0>
    3a5c:	e0e4d9e3          	bge	s1,a4,386e <C_PosCtrl_Update+0x8a>
    3a60:	6725                	lui	a4,0x9
    3a62:	ca070713          	addi	a4,a4,-864 # 8ca0 <_data_lma+0x1ce4>
    3a66:	b519                	j	386c <C_PosCtrl_Update+0x88>
    3a68:	7771                	lui	a4,0xffffc
    3a6a:	9b070713          	addi	a4,a4,-1616 # ffffb9b0 <_eusrstack+0xdfff99b0>
    3a6e:	e0e7dbe3          	bge	a5,a4,3884 <C_PosCtrl_Update+0xa0>
    3a72:	6725                	lui	a4,0x9
    3a74:	ca070713          	addi	a4,a4,-864 # 8ca0 <_data_lma+0x1ce4>
    3a78:	b529                	j	3882 <C_PosCtrl_Update+0x9e>
    3a7a:	0705                	addi	a4,a4,1
    3a7c:	0742                	slli	a4,a4,0x10
    3a7e:	8341                	srli	a4,a4,0x10
    3a80:	a07a                	sh	a4,6(s0)
    3a82:	43cd                	li	t2,19
    3a84:	e2e3eee3          	bltu	t2,a4,38c0 <C_PosCtrl_Update+0xdc>
    3a88:	4702                	lw	a4,0(sp)
    3a8a:	e305                	bnez	a4,3aaa <C_PosCtrl_Update+0x2c6>
    3a8c:	00578f63          	beq	a5,t0,3aaa <C_PosCtrl_Update+0x2c6>
    3a90:	4705                	li	a4,1
    3a92:	e4e512e3          	bne	a0,a4,38d6 <C_PosCtrl_Update+0xf2>
    3a96:	bd2d                	j	38d0 <C_PosCtrl_Update+0xec>
    3a98:	c709                	beqz	a4,3aa2 <C_PosCtrl_Update+0x2be>
    3a9a:	02700713          	li	a4,39
    3a9e:	00f75963          	bge	a4,a5,3ab0 <C_PosCtrl_Update+0x2cc>
    3aa2:	00040223          	sb	zero,4(s0)
    3aa6:	00041323          	sh	zero,6(s0)
    3aaa:	00040423          	sb	zero,8(s0)
    3aae:	b525                	j	38d6 <C_PosCtrl_Update+0xf2>
    3ab0:	4702                	lw	a4,0(sp)
    3ab2:	ff65                	bnez	a4,3aaa <C_PosCtrl_Update+0x2c6>
    3ab4:	4761                	li	a4,24
    3ab6:	fef74ae3          	blt	a4,a5,3aaa <C_PosCtrl_Update+0x2c6>
    3aba:	4292                	lw	t0,4(sp)
    3abc:	1f400713          	li	a4,500
    3ac0:	fe5745e3          	blt	a4,t0,3aaa <C_PosCtrl_Update+0x2c6>
    3ac4:	b7f1                	j	3a90 <C_PosCtrl_Update+0x2ac>
    3ac6:	4712                	lw	a4,4(sp)
    3ac8:	0a400793          	li	a5,164
    3acc:	e0e7c5e3          	blt	a5,a4,38d6 <C_PosCtrl_Update+0xf2>
    3ad0:	4785                	li	a5,1
    3ad2:	a41c                	sb	a5,8(s0)
    3ad4:	b509                	j	38d6 <C_PosCtrl_Update+0xf2>
    3ad6:	5759                	li	a4,-10
    3ad8:	87a6                	mv	a5,s1
    3ada:	00975363          	bge	a4,s1,3ae0 <C_PosCtrl_Update+0x2fc>
    3ade:	57d9                	li	a5,-10
    3ae0:	07a9                	addi	a5,a5,10 # 800a <_data_lma+0x104e>
    3ae2:	bbfd                	j	38e0 <C_PosCtrl_Update+0xfc>
    3ae4:	0005d463          	bgez	a1,3aec <C_PosCtrl_Update+0x308>
    3ae8:	40c00633          	neg	a2,a2
    3aec:	4501                	li	a0,0
    3aee:	02c05763          	blez	a2,3b1c <C_PosCtrl_Update+0x338>
    3af2:	14700593          	li	a1,327
    3af6:	6521                	lui	a0,0x8
    3af8:	02c5c263          	blt	a1,a2,3b1c <C_PosCtrl_Update+0x338>
    3afc:	14800593          	li	a1,328
    3b00:	00f61513          	slli	a0,a2,0xf
    3b04:	d83e                	sw	a5,48(sp)
    3b06:	d616                	sw	t0,44(sp)
    3b08:	d036                	sw	a3,32(sp)
    3b0a:	ce1a                	sw	t1,28(sp)
    3b0c:	c83a                	sw	a4,16(sp)
    3b0e:	daefc0ef          	jal	ra,bc <__divsi3>
    3b12:	57c2                	lw	a5,48(sp)
    3b14:	52b2                	lw	t0,44(sp)
    3b16:	5682                	lw	a3,32(sp)
    3b18:	4372                	lw	t1,28(sp)
    3b1a:	4742                	lw	a4,16(sp)
    3b1c:	41f55613          	srai	a2,a0,0x1f
    3b20:	02560633          	mul	a2,a2,t0
    3b24:	02a787b3          	mul	a5,a5,a0
    3b28:	97b2                	add	a5,a5,a2
    3b2a:	02550633          	mul	a2,a0,t0
    3b2e:	02553533          	mulhu	a0,a0,t0
    3b32:	823d                	srli	a2,a2,0xf
    3b34:	97aa                	add	a5,a5,a0
    3b36:	07c6                	slli	a5,a5,0x11
    3b38:	8fd1                	or	a5,a5,a2
    3b3a:	d03e                	sw	a5,32(sp)
    3b3c:	b5bd                	j	39aa <C_PosCtrl_Update+0x1c6>
    3b3e:	47a2                	lw	a5,8(sp)
    3b40:	f5c00613          	li	a2,-164
    3b44:	00f65463          	bge	a2,a5,3b4c <C_PosCtrl_Update+0x368>
    3b48:	f5c00793          	li	a5,-164
    3b4c:	0a478793          	addi	a5,a5,164
    3b50:	bd9d                	j	39c6 <C_PosCtrl_Update+0x1e2>
    3b52:	4592                	lw	a1,4(sp)
    3b54:	0a400793          	li	a5,164
    3b58:	06b7cc63          	blt	a5,a1,3bd0 <C_PosCtrl_Update+0x3ec>
    3b5c:	245e                	lhu	a5,12(s0)
    3b5e:	45cd                	li	a1,19
    3b60:	00f5e963          	bltu	a1,a5,3b72 <C_PosCtrl_Update+0x38e>
    3b64:	0785                	addi	a5,a5,1
    3b66:	07c2                	slli	a5,a5,0x10
    3b68:	83c1                	srli	a5,a5,0x10
    3b6a:	a45e                	sh	a5,12(s0)
    3b6c:	341c                	lbu	a5,9(s0)
    3b6e:	c781                	beqz	a5,3b76 <C_PosCtrl_Update+0x392>
    3b70:	bd79                	j	3a0e <C_PosCtrl_Update+0x22a>
    3b72:	000404a3          	sb	zero,9(s0)
    3b76:	41f75793          	srai	a5,a4,0x1f
    3b7a:	00e7c5b3          	xor	a1,a5,a4
    3b7e:	40f587b3          	sub	a5,a1,a5
    3b82:	02f00593          	li	a1,47
    3b86:	04f5d763          	bge	a1,a5,3bd4 <C_PosCtrl_Update+0x3f0>
    3b8a:	00a41783          	lh	a5,10(s0)
    3b8e:	06300593          	li	a1,99
    3b92:	00f5c463          	blt	a1,a5,3b9a <C_PosCtrl_Update+0x3b6>
    3b96:	0789                	addi	a5,a5,2
    3b98:	a43e                	sh	a5,10(s0)
    3b9a:	5782                	lw	a5,32(sp)
    3b9c:	45e2                	lw	a1,24(sp)
    3b9e:	95be                	add	a1,a1,a5
    3ba0:	47f2                	lw	a5,28(sp)
    3ba2:	95be                	add	a1,a1,a5
    3ba4:	41055793          	srai	a5,a0,0x10
    3ba8:	95be                	add	a1,a1,a5
    3baa:	00a41783          	lh	a5,10(s0)
    3bae:	0c878793          	addi	a5,a5,200
    3bb2:	02c782b3          	mul	t0,a5,a2
    3bb6:	02c797b3          	mulh	a5,a5,a2
    3bba:	00f2d293          	srli	t0,t0,0xf
    3bbe:	07c6                	slli	a5,a5,0x11
    3bc0:	0057e7b3          	or	a5,a5,t0
    3bc4:	00f05b63          	blez	a5,3bda <C_PosCtrl_Update+0x3f6>
    3bc8:	00f5dd63          	bge	a1,a5,3be2 <C_PosCtrl_Update+0x3fe>
    3bcc:	8f8d                	sub	a5,a5,a1
    3bce:	bd99                	j	3a24 <C_PosCtrl_Update+0x240>
    3bd0:	4781                	li	a5,0
    3bd2:	bf61                	j	3b6a <C_PosCtrl_Update+0x386>
    3bd4:	00041523          	sh	zero,10(s0)
    3bd8:	b7c9                	j	3b9a <C_PosCtrl_Update+0x3b6>
    3bda:	e40785e3          	beqz	a5,3a24 <C_PosCtrl_Update+0x240>
    3bde:	feb7c7e3          	blt	a5,a1,3bcc <C_PosCtrl_Update+0x3e8>
    3be2:	4781                	li	a5,0
    3be4:	b581                	j	3a24 <C_PosCtrl_Update+0x240>
    3be6:	41f4d393          	srai	t2,s1,0x1f
    3bea:	0093c2b3          	xor	t0,t2,s1
    3bee:	407282b3          	sub	t0,t0,t2
    3bf2:	d416                	sw	t0,40(sp)
    3bf4:	43a9                	li	t2,10
    3bf6:	0253c563          	blt	t2,t0,3c20 <C_PosCtrl_Update+0x43c>
    3bfa:	4302                	lw	t1,0(sp)
    3bfc:	0a031063          	bnez	t1,3c9c <C_PosCtrl_Update+0x4b8>
    3c00:	40c55313          	srai	t1,a0,0xc
    3c04:	40650333          	sub	t1,a0,t1
    3c08:	00642023          	sw	t1,0(s0)
    3c0c:	4442                	lw	s0,16(sp)
    3c0e:	4505                	li	a0,1
    3c10:	08a41663          	bne	s0,a0,3c9c <C_PosCtrl_Update+0x4b8>
    3c14:	4412                	lw	s0,4(sp)
    3c16:	0a400513          	li	a0,164
    3c1a:	08854163          	blt	a0,s0,3c9c <C_PosCtrl_Update+0x4b8>
    3c1e:	bd15                	j	3a52 <C_PosCtrl_Update+0x26e>
    3c20:	41f35393          	srai	t2,t1,0x1f
    3c24:	0063c333          	xor	t1,t2,t1
    3c28:	40730333          	sub	t1,t1,t2
    3c2c:	639d                	lui	t2,0x7
    3c2e:	1be38393          	addi	t2,t2,446 # 71be <_data_lma+0x202>
    3c32:	0463cf63          	blt	t2,t1,3c90 <C_PosCtrl_Update+0x4ac>
    3c36:	43a2                	lw	t2,8(sp)
    3c38:	0b900313          	li	t1,185
    3c3c:	02638333          	mul	t1,t2,t1
    3c40:	43d2                	lw	t2,20(sp)
    3c42:	02038063          	beqz	t2,3c62 <C_PosCtrl_Update+0x47e>
    3c46:	4292                	lw	t0,4(sp)
    3c48:	0a400393          	li	t2,164
    3c4c:	0053cb63          	blt	t2,t0,3c62 <C_PosCtrl_Update+0x47e>
    3c50:	52a2                	lw	t0,40(sp)
    3c52:	43bd                	li	t2,15
    3c54:	0053d763          	bge	t2,t0,3c62 <C_PosCtrl_Update+0x47e>
    3c58:	42a2                	lw	t0,8(sp)
    3c5a:	2e400313          	li	t1,740
    3c5e:	02628333          	mul	t1,t0,t1
    3c62:	02b65363          	bge	a2,a1,3c88 <C_PosCtrl_Update+0x4a4>
    3c66:	02604563          	bgtz	t1,3c90 <C_PosCtrl_Update+0x4ac>
    3c6a:	951a                	add	a0,a0,t1
    3c6c:	fce00337          	lui	t1,0xfce00
    3c70:	00655463          	bge	a0,t1,3c78 <C_PosCtrl_Update+0x494>
    3c74:	fce00537          	lui	a0,0xfce00
    3c78:	03200337          	lui	t1,0x3200
    3c7c:	00a35463          	bge	t1,a0,3c84 <C_PosCtrl_Update+0x4a0>
    3c80:	03200537          	lui	a0,0x3200
    3c84:	c008                	sw	a0,0(s0)
    3c86:	a029                	j	3c90 <C_PosCtrl_Update+0x4ac>
    3c88:	feb601e3          	beq	a2,a1,3c6a <C_PosCtrl_Update+0x486>
    3c8c:	fc035fe3          	bgez	t1,3c6a <C_PosCtrl_Update+0x486>
    3c90:	4442                	lw	s0,16(sp)
    3c92:	4505                	li	a0,1
    3c94:	00a41463          	bne	s0,a0,3c9c <C_PosCtrl_Update+0x4b8>
    3c98:	4502                	lw	a0,0(sp)
    3c9a:	c129                	beqz	a0,3cdc <C_PosCtrl_Update+0x4f8>
    3c9c:	8532                	mv	a0,a2
    3c9e:	0542                	slli	a0,a0,0x10
    3ca0:	8541                	srai	a0,a0,0x10
    3ca2:	ca8d                	beqz	a3,3cd4 <C_PosCtrl_Update+0x4f0>
    3ca4:	aa9e                	sh	a5,16(a3)
    3ca6:	47e2                	lw	a5,24(sp)
    3ca8:	4422                	lw	s0,8(sp)
    3caa:	8e0d                	sub	a2,a2,a1
    3cac:	aabe                	sh	a5,18(a3)
    3cae:	5782                	lw	a5,32(sp)
    3cb0:	c2c0                	sw	s0,4(a3)
    3cb2:	4432                	lw	s0,12(sp)
    3cb4:	aade                	sh	a5,20(a3)
    3cb6:	47f2                	lw	a5,28(sp)
    3cb8:	00c03633          	snez	a2,a2
    3cbc:	c284                	sw	s1,0(a3)
    3cbe:	aafe                	sh	a5,22(a3)
    3cc0:	57b2                	lw	a5,44(sp)
    3cc2:	c680                	sw	s0,8(a3)
    3cc4:	c6d8                	sw	a4,12(a3)
    3cc6:	ae9e                	sh	a5,24(a3)
    3cc8:	47c2                	lw	a5,16(sp)
    3cca:	aeaa                	sh	a0,26(a3)
    3ccc:	bed0                	sb	a2,29(a3)
    3cce:	aedc                	sb	a5,28(a3)
    3cd0:	5792                	lw	a5,36(sp)
    3cd2:	aefc                	sb	a5,30(a3)
    3cd4:	03410113          	addi	sp,sp,52
    3cd8:	bdafc06f          	j	b2 <__riscv_restore_0>
    3cdc:	4412                	lw	s0,4(sp)
    3cde:	0a400513          	li	a0,164
    3ce2:	fa854de3          	blt	a0,s0,3c9c <C_PosCtrl_Update+0x4b8>
    3ce6:	41f65513          	srai	a0,a2,0x1f
    3cea:	00c54333          	xor	t1,a0,a2
    3cee:	40a30533          	sub	a0,t1,a0
    3cf2:	0c700313          	li	t1,199
    3cf6:	d4a35ee3          	bge	t1,a0,3a52 <C_PosCtrl_Update+0x26e>
    3cfa:	b74d                	j	3c9c <C_PosCtrl_Update+0x4b8>
    3cfc:	4501                	li	a0,0
    3cfe:	bfd9                	j	3cd4 <C_PosCtrl_Update+0x4f0>

00003d00 <C_Ring_Buf_Init>:
    3d00:	c509                	beqz	a0,3d0a <C_Ring_Buf_Init+0xa>
    3d02:	08050023          	sb	zero,128(a0) # 3200080 <_data_lma+0x31f90c4>
    3d06:	080500a3          	sb	zero,129(a0)
    3d0a:	8082                	ret

00003d0c <C_Ring_Buf_Put>:
    3d0c:	87aa                	mv	a5,a0
    3d0e:	c11d                	beqz	a0,3d34 <C_Ring_Buf_Put+0x28>
    3d10:	08054703          	lbu	a4,128(a0)
    3d14:	08154683          	lbu	a3,129(a0)
    3d18:	4501                	li	a0,0
    3d1a:	0705                	addi	a4,a4,1
    3d1c:	07f77713          	andi	a4,a4,127
    3d20:	00e68b63          	beq	a3,a4,3d36 <C_Ring_Buf_Put+0x2a>
    3d24:	0807c683          	lbu	a3,128(a5)
    3d28:	4505                	li	a0,1
    3d2a:	96be                	add	a3,a3,a5
    3d2c:	a28c                	sb	a1,0(a3)
    3d2e:	08e78023          	sb	a4,128(a5)
    3d32:	8082                	ret
    3d34:	4501                	li	a0,0
    3d36:	8082                	ret

00003d38 <C_Ring_Buf_Get>:
    3d38:	87aa                	mv	a5,a0
    3d3a:	4501                	li	a0,0
    3d3c:	c795                	beqz	a5,3d68 <C_Ring_Buf_Get+0x30>
    3d3e:	c58d                	beqz	a1,3d68 <C_Ring_Buf_Get+0x30>
    3d40:	0807c683          	lbu	a3,128(a5)
    3d44:	0817c703          	lbu	a4,129(a5)
    3d48:	02e68063          	beq	a3,a4,3d68 <C_Ring_Buf_Get+0x30>
    3d4c:	0817c703          	lbu	a4,129(a5)
    3d50:	4505                	li	a0,1
    3d52:	973e                	add	a4,a4,a5
    3d54:	2318                	lbu	a4,0(a4)
    3d56:	a198                	sb	a4,0(a1)
    3d58:	0817c703          	lbu	a4,129(a5)
    3d5c:	0705                	addi	a4,a4,1
    3d5e:	07f77713          	andi	a4,a4,127
    3d62:	08e780a3          	sb	a4,129(a5)
    3d66:	8082                	ret
    3d68:	8082                	ret

00003d6a <C_Ring_Buf_Get_Count>:
    3d6a:	c905                	beqz	a0,3d9a <C_Ring_Buf_Get_Count+0x30>
    3d6c:	08054703          	lbu	a4,128(a0)
    3d70:	08154783          	lbu	a5,129(a0)
    3d74:	00f76b63          	bltu	a4,a5,3d8a <C_Ring_Buf_Get_Count+0x20>
    3d78:	08054783          	lbu	a5,128(a0)
    3d7c:	08154703          	lbu	a4,129(a0)
    3d80:	40e78533          	sub	a0,a5,a4
    3d84:	0ff57513          	zext.b	a0,a0
    3d88:	8082                	ret
    3d8a:	08054783          	lbu	a5,128(a0)
    3d8e:	08154703          	lbu	a4,129(a0)
    3d92:	f8078513          	addi	a0,a5,-128
    3d96:	8d19                	sub	a0,a0,a4
    3d98:	b7f5                	j	3d84 <C_Ring_Buf_Get_Count+0x1a>
    3d9a:	4501                	li	a0,0
    3d9c:	8082                	ret

00003d9e <C_SpeedObs_Init>:
    3d9e:	9e818793          	addi	a5,gp,-1560 # 20000278 <s_obs+0xc>
    3da2:	0007a023          	sw	zero,0(a5)
    3da6:	0007a223          	sw	zero,4(a5)
    3daa:	0007a423          	sw	zero,8(a5)
    3dae:	0007a623          	sw	zero,12(a5)
    3db2:	6705                	lui	a4,0x1
    3db4:	9dc18793          	addi	a5,gp,-1572 # 2000026c <s_obs>
    3db8:	8d070713          	addi	a4,a4,-1840 # 8d0 <ADC_ExternalTrigConvCmd+0x10>
    3dbc:	d398                	sw	a4,32(a5)
    3dbe:	6eb00713          	li	a4,1771
    3dc2:	0522                	slli	a0,a0,0x8
    3dc4:	d3d8                	sw	a4,36(a5)
    3dc6:	10300713          	li	a4,259
    3dca:	00078e23          	sb	zero,28(a5)
    3dce:	c388                	sw	a0,0(a5)
    3dd0:	0007a223          	sw	zero,4(a5)
    3dd4:	0007a423          	sw	zero,8(a5)
    3dd8:	b79a                	sh	a4,40(a5)
    3dda:	8082                	ret

00003ddc <C_SpeedObs_Update>:
    3ddc:	accfc2ef          	jal	t0,a8 <__riscv_save_0>
    3de0:	9dc18793          	addi	a5,gp,-1572 # 2000026c <s_obs>
    3de4:	0297c783          	lbu	a5,41(a5)
    3de8:	1161                	addi	sp,sp,-8
    3dea:	842a                	mv	s0,a0
    3dec:	9dc18493          	addi	s1,gp,-1572 # 2000026c <s_obs>
    3df0:	e799                	bnez	a5,3dfe <C_SpeedObs_Update+0x22>
    3df2:	c232                	sw	a2,4(sp)
    3df4:	c02e                	sw	a1,0(sp)
    3df6:	fa9ff0ef          	jal	ra,3d9e <C_SpeedObs_Init>
    3dfa:	4612                	lw	a2,4(sp)
    3dfc:	4582                	lw	a1,0(sp)
    3dfe:	2cdc                	lbu	a5,28(s1)
    3e00:	40d4                	lw	a3,4(s1)
    3e02:	00179713          	slli	a4,a5,0x1
    3e06:	9726                	add	a4,a4,s1
    3e08:	a74e                	sh	a1,12(a4)
    3e0a:	0284c703          	lbu	a4,40(s1)
    3e0e:	0785                	addi	a5,a5,1
    3e10:	8b9d                	andi	a5,a5,7
    3e12:	acdc                	sb	a5,28(s1)
    3e14:	8f99                	sub	a5,a5,a4
    3e16:	079d                	addi	a5,a5,7
    3e18:	8b9d                	andi	a5,a5,7
    3e1a:	0786                	slli	a5,a5,0x1
    3e1c:	673d                	lui	a4,0xf
    3e1e:	97a6                	add	a5,a5,s1
    3e20:	86570713          	addi	a4,a4,-1947 # e865 <_data_lma+0x78a9>
    3e24:	00c79583          	lh	a1,12(a5)
    3e28:	02e687b3          	mul	a5,a3,a4
    3e2c:	02e69733          	mulh	a4,a3,a4
    3e30:	83c1                	srli	a5,a5,0x10
    3e32:	0742                	slli	a4,a4,0x10
    3e34:	8fd9                	or	a5,a5,a4
    3e36:	7761                	lui	a4,0xffff8
    3e38:	00e7d363          	bge	a5,a4,3e3e <C_SpeedObs_Update+0x62>
    3e3c:	77e1                	lui	a5,0xffff8
    3e3e:	6721                	lui	a4,0x8
    3e40:	00f75363          	bge	a4,a5,3e46 <C_SpeedObs_Update+0x6a>
    3e44:	67a1                	lui	a5,0x8
    3e46:	04e00293          	li	t0,78
    3e4a:	02578333          	mul	t1,a5,t0
    3e4e:	5088                	lw	a0,32(s1)
    3e50:	4498                	lw	a4,8(s1)
    3e52:	025792b3          	mulh	t0,a5,t0
    3e56:	00f35313          	srli	t1,t1,0xf
    3e5a:	02c6                	slli	t0,t0,0x11
    3e5c:	0062e333          	or	t1,t0,t1
    3e60:	40658333          	sub	t1,a1,t1
    3e64:	82ae                	mv	t0,a1
    3e66:	fb200593          	li	a1,-78
    3e6a:	00b2d463          	bge	t0,a1,3e72 <C_SpeedObs_Update+0x96>
    3e6e:	fb200293          	li	t0,-78
    3e72:	04e00593          	li	a1,78
    3e76:	0055d463          	bge	a1,t0,3e7e <C_SpeedObs_Update+0xa2>
    3e7a:	04e00293          	li	t0,78
    3e7e:	41f7d393          	srai	t2,a5,0x1f
    3e82:	00f3c5b3          	xor	a1,t2,a5
    3e86:	407585b3          	sub	a1,a1,t2
    3e8a:	67a1                	lui	a5,0x8
    3e8c:	8f8d                	sub	a5,a5,a1
    3e8e:	02f285b3          	mul	a1,t0,a5
    3e92:	02f297b3          	mulh	a5,t0,a5
    3e96:	81bd                	srli	a1,a1,0xf
    3e98:	07c6                	slli	a5,a5,0x11
    3e9a:	8ddd                	or	a1,a1,a5
    3e9c:	40b307b3          	sub	a5,t1,a1
    3ea0:	02a787b3          	mul	a5,a5,a0
    3ea4:	02e505b3          	mul	a1,a0,a4
    3ea8:	02e51533          	mulh	a0,a0,a4
    3eac:	81a1                	srli	a1,a1,0x8
    3eae:	0562                	slli	a0,a0,0x18
    3eb0:	8dc9                	or	a1,a1,a0
    3eb2:	50c8                	lw	a0,36(s1)
    3eb4:	8f8d                	sub	a5,a5,a1
    3eb6:	8f95                	sub	a5,a5,a3
    3eb8:	02a785b3          	mul	a1,a5,a0
    3ebc:	02a797b3          	mulh	a5,a5,a0
    3ec0:	81c1                	srli	a1,a1,0x10
    3ec2:	07c2                	slli	a5,a5,0x10
    3ec4:	8ddd                	or	a1,a1,a5
    3ec6:	6785                	lui	a5,0x1
    3ec8:	06278793          	addi	a5,a5,98 # 1062 <GPIO_IPD_Unused+0x80>
    3ecc:	02f68533          	mul	a0,a3,a5
    3ed0:	95b6                	add	a1,a1,a3
    3ed2:	02f696b3          	mulh	a3,a3,a5
    3ed6:	409c                	lw	a5,0(s1)
    3ed8:	8159                	srli	a0,a0,0x16
    3eda:	06aa                	slli	a3,a3,0xa
    3edc:	8d55                	or	a0,a0,a3
    3ede:	97aa                	add	a5,a5,a0
    3ee0:	008ca6b7          	lui	a3,0x8ca
    3ee4:	0ad7cc63          	blt	a5,a3,3f9c <C_SpeedObs_Update+0x1c0>
    3ee8:	8f95                	sub	a5,a5,a3
    3eea:	0422                	slli	s0,s0,0x8
    3eec:	8c1d                	sub	s0,s0,a5
    3eee:	004656b7          	lui	a3,0x465
    3ef2:	0a86d963          	bge	a3,s0,3fa4 <C_SpeedObs_Update+0x1c8>
    3ef6:	ff7366b7          	lui	a3,0xff736
    3efa:	9436                	add	s0,s0,a3
    3efc:	668d                	lui	a3,0x3
    3efe:	91a68693          	addi	a3,a3,-1766 # 291a <D_I2C_Read+0xbc>
    3f02:	02d40533          	mul	a0,s0,a3
    3f06:	02d416b3          	mulh	a3,s0,a3
    3f0a:	813d                	srli	a0,a0,0xf
    3f0c:	06c6                	slli	a3,a3,0x11
    3f0e:	8d55                	or	a0,a0,a3
    3f10:	97aa                	add	a5,a5,a0
    3f12:	008ca6b7          	lui	a3,0x8ca
    3f16:	08d7ce63          	blt	a5,a3,3fb2 <C_SpeedObs_Update+0x1d6>
    3f1a:	8f95                	sub	a5,a5,a3
    3f1c:	001396b7          	lui	a3,0x139
    3f20:	5f468693          	addi	a3,a3,1524 # 1395f4 <_data_lma+0x132638>
    3f24:	c09c                	sw	a5,0(s1)
    3f26:	02d407b3          	mul	a5,s0,a3
    3f2a:	02d416b3          	mulh	a3,s0,a3
    3f2e:	83bd                	srli	a5,a5,0xf
    3f30:	06c6                	slli	a3,a3,0x11
    3f32:	8fd5                	or	a5,a5,a3
    3f34:	ffa616b7          	lui	a3,0xffa61
    3f38:	97ae                	add	a5,a5,a1
    3f3a:	c0068693          	addi	a3,a3,-1024 # ffa60c00 <_eusrstack+0xdfa5ec00>
    3f3e:	00d7d363          	bge	a5,a3,3f44 <C_SpeedObs_Update+0x168>
    3f42:	87b6                	mv	a5,a3
    3f44:	0059f6b7          	lui	a3,0x59f
    3f48:	40068693          	addi	a3,a3,1024 # 59f400 <_data_lma+0x598444>
    3f4c:	00f6d363          	bge	a3,a5,3f52 <C_SpeedObs_Update+0x176>
    3f50:	87b6                	mv	a5,a3
    3f52:	fffb85b7          	lui	a1,0xfffb8
    3f56:	c0b58593          	addi	a1,a1,-1013 # fffb7c0b <_eusrstack+0xdffb5c0b>
    3f5a:	02b406b3          	mul	a3,s0,a1
    3f5e:	c0dc                	sw	a5,4(s1)
    3f60:	02b41433          	mulh	s0,s0,a1
    3f64:	82bd                	srli	a3,a3,0xf
    3f66:	0446                	slli	s0,s0,0x11
    3f68:	8ec1                	or	a3,a3,s0
    3f6a:	9736                	add	a4,a4,a3
    3f6c:	fffce6b7          	lui	a3,0xfffce
    3f70:	00d75463          	bge	a4,a3,3f78 <C_SpeedObs_Update+0x19c>
    3f74:	fffce737          	lui	a4,0xfffce
    3f78:	000326b7          	lui	a3,0x32
    3f7c:	00e6d463          	bge	a3,a4,3f84 <C_SpeedObs_Update+0x1a8>
    3f80:	00032737          	lui	a4,0x32
    3f84:	c498                	sw	a4,8(s1)
    3f86:	ca01                	beqz	a2,3f96 <C_SpeedObs_Update+0x1ba>
    3f88:	4094                	lw	a3,0(s1)
    3f8a:	87a1                	srai	a5,a5,0x8
    3f8c:	8721                	srai	a4,a4,0x8
    3f8e:	86a1                	srai	a3,a3,0x8
    3f90:	c214                	sw	a3,0(a2)
    3f92:	c25c                	sw	a5,4(a2)
    3f94:	c618                	sw	a4,8(a2)
    3f96:	0121                	addi	sp,sp,8
    3f98:	91afc06f          	j	b2 <__riscv_restore_0>
    3f9c:	f407d7e3          	bgez	a5,3eea <C_SpeedObs_Update+0x10e>
    3fa0:	97b6                	add	a5,a5,a3
    3fa2:	b7a1                	j	3eea <C_SpeedObs_Update+0x10e>
    3fa4:	ffb9b6b7          	lui	a3,0xffb9b
    3fa8:	f4d45ae3          	bge	s0,a3,3efc <C_SpeedObs_Update+0x120>
    3fac:	008ca6b7          	lui	a3,0x8ca
    3fb0:	b7a9                	j	3efa <C_SpeedObs_Update+0x11e>
    3fb2:	f607d5e3          	bgez	a5,3f1c <C_SpeedObs_Update+0x140>
    3fb6:	97b6                	add	a5,a5,a3
    3fb8:	b795                	j	3f1c <C_SpeedObs_Update+0x140>

00003fba <C_Task_Init>:
    3fba:	a0a1a623          	sw	a0,-1524(gp) # 2000029c <s_tasks>
    3fbe:	e111                	bnez	a0,3fc2 <C_Task_Init+0x8>
    3fc0:	4581                	li	a1,0
    3fc2:	a0b18423          	sb	a1,-1528(gp) # 20000298 <s_task_count>
    3fc6:	4781                	li	a5,0
    3fc8:	00b79363          	bne	a5,a1,3fce <C_Task_Init+0x14>
    3fcc:	8082                	ret
    3fce:	215a                	lhu	a4,4(a0)
    3fd0:	00050023          	sb	zero,0(a0)
    3fd4:	000500a3          	sb	zero,1(a0)
    3fd8:	0785                	addi	a5,a5,1
    3fda:	00051323          	sh	zero,6(a0)
    3fde:	a13a                	sh	a4,2(a0)
    3fe0:	0ff7f793          	zext.b	a5,a5
    3fe4:	0541                	addi	a0,a0,16
    3fe6:	b7cd                	j	3fc8 <C_Task_Init+0xe>

00003fe8 <C_Task_Tick_Update>:
    3fe8:	a081c503          	lbu	a0,-1528(gp) # 20000298 <s_task_count>
    3fec:	a0c1a783          	lw	a5,-1524(gp) # 2000029c <s_tasks>
    3ff0:	6641                	lui	a2,0x10
    3ff2:	4681                	li	a3,0
    3ff4:	167d                	addi	a2,a2,-1 # ffff <_data_lma+0x9043>
    3ff6:	00d51363          	bne	a0,a3,3ffc <C_Task_Tick_Update+0x14>
    3ffa:	8082                	ret
    3ffc:	23ce                	lhu	a1,4(a5)
    3ffe:	c599                	beqz	a1,400c <C_Task_Tick_Update+0x24>
    4000:	23ba                	lhu	a4,2(a5)
    4002:	177d                	addi	a4,a4,-1 # 31fff <_data_lma+0x2b043>
    4004:	0742                	slli	a4,a4,0x10
    4006:	8341                	srli	a4,a4,0x10
    4008:	c719                	beqz	a4,4016 <C_Task_Tick_Update+0x2e>
    400a:	a3ba                	sh	a4,2(a5)
    400c:	0685                	addi	a3,a3,1 # 8ca001 <_data_lma+0x8c3045>
    400e:	0ff6f693          	zext.b	a3,a3
    4012:	07c1                	addi	a5,a5,16
    4014:	b7cd                	j	3ff6 <C_Task_Tick_Update+0xe>
    4016:	2398                	lbu	a4,0(a5)
    4018:	a3ae                	sh	a1,2(a5)
    401a:	e319                	bnez	a4,4020 <C_Task_Tick_Update+0x38>
    401c:	3398                	lbu	a4,1(a5)
    401e:	cb11                	beqz	a4,4032 <C_Task_Tick_Update+0x4a>
    4020:	23fa                	lhu	a4,6(a5)
    4022:	fec705e3          	beq	a4,a2,400c <C_Task_Tick_Update+0x24>
    4026:	23fa                	lhu	a4,6(a5)
    4028:	0705                	addi	a4,a4,1
    402a:	0742                	slli	a4,a4,0x10
    402c:	8341                	srli	a4,a4,0x10
    402e:	a3fa                	sh	a4,6(a5)
    4030:	bff1                	j	400c <C_Task_Tick_Update+0x24>
    4032:	4705                	li	a4,1
    4034:	a398                	sb	a4,0(a5)
    4036:	bfd9                	j	400c <C_Task_Tick_Update+0x24>

00004038 <C_Task_Run>:
    4038:	870fc2ef          	jal	t0,a8 <__riscv_save_0>
    403c:	96efe0ef          	jal	ra,21aa <__get_MSTATUS>
    4040:	08800793          	li	a5,136
    4044:	3007b073          	.4byte	0x3007b073
    4048:	0000100f          	.4byte	0x100f
    404c:	a0c1a703          	lw	a4,-1524(gp) # 2000029c <s_tasks>
    4050:	a081c303          	lbu	t1,-1528(gp) # 20000298 <s_task_count>
    4054:	86ba                	mv	a3,a4
    4056:	0ff00613          	li	a2,255
    405a:	0ff00413          	li	s0,255
    405e:	4781                	li	a5,0
    4060:	00f31a63          	bne	t1,a5,4074 <C_Task_Run+0x3c>
    4064:	0ff00793          	li	a5,255
    4068:	02f41263          	bne	s0,a5,408c <C_Task_Run+0x54>
    406c:	944fe0ef          	jal	ra,21b0 <__set_MSTATUS>
    4070:	842fc06f          	j	b2 <__riscv_restore_0>
    4074:	228c                	lbu	a1,0(a3)
    4076:	c591                	beqz	a1,4082 <C_Task_Run+0x4a>
    4078:	268c                	lbu	a1,8(a3)
    407a:	00c5f463          	bgeu	a1,a2,4082 <C_Task_Run+0x4a>
    407e:	862e                	mv	a2,a1
    4080:	843e                	mv	s0,a5
    4082:	0785                	addi	a5,a5,1
    4084:	0ff7f793          	zext.b	a5,a5
    4088:	06c1                	addi	a3,a3,16
    408a:	bfd9                	j	4060 <C_Task_Run+0x28>
    408c:	0412                	slli	s0,s0,0x4
    408e:	008707b3          	add	a5,a4,s0
    4092:	00078023          	sb	zero,0(a5)
    4096:	4705                	li	a4,1
    4098:	b398                	sb	a4,1(a5)
    409a:	916fe0ef          	jal	ra,21b0 <__set_MSTATUS>
    409e:	a0c1a783          	lw	a5,-1524(gp) # 2000029c <s_tasks>
    40a2:	97a2                	add	a5,a5,s0
    40a4:	47dc                	lw	a5,12(a5)
    40a6:	c391                	beqz	a5,40aa <C_Task_Run+0x72>
    40a8:	9782                	jalr	a5
    40aa:	900fe0ef          	jal	ra,21aa <__get_MSTATUS>
    40ae:	08800793          	li	a5,136
    40b2:	3007b073          	.4byte	0x3007b073
    40b6:	0000100f          	.4byte	0x100f
    40ba:	a0c1a783          	lw	a5,-1524(gp) # 2000029c <s_tasks>
    40be:	97a2                	add	a5,a5,s0
    40c0:	000780a3          	sb	zero,1(a5)
    40c4:	b765                	j	406c <C_Task_Run+0x34>

000040c6 <Traj_Sqrt_Ceil>:
    40c6:	46c1                	li	a3,16
    40c8:	4701                	li	a4,0
    40ca:	4781                	li	a5,0
    40cc:	01e55613          	srli	a2,a0,0x1e
    40d0:	078a                	slli	a5,a5,0x2
    40d2:	0706                	slli	a4,a4,0x1
    40d4:	8fd1                	or	a5,a5,a2
    40d6:	050a                	slli	a0,a0,0x2
    40d8:	00f77563          	bgeu	a4,a5,40e2 <Traj_Sqrt_Ceil+0x1c>
    40dc:	8f99                	sub	a5,a5,a4
    40de:	17fd                	addi	a5,a5,-1
    40e0:	0709                	addi	a4,a4,2
    40e2:	16fd                	addi	a3,a3,-1
    40e4:	f6e5                	bnez	a3,40cc <Traj_Sqrt_Ceil+0x6>
    40e6:	00175513          	srli	a0,a4,0x1
    40ea:	00f037b3          	snez	a5,a5
    40ee:	953e                	add	a0,a0,a5
    40f0:	8082                	ret

000040f2 <Traj_Div_U64>:
    40f2:	10000737          	lui	a4,0x10000
    40f6:	fff60693          	addi	a3,a2,-1
    40fa:	1779                	addi	a4,a4,-2 # ffffffe <_data_lma+0xfff9042>
    40fc:	87aa                	mv	a5,a0
    40fe:	557d                	li	a0,-1
    4100:	04d76c63          	bltu	a4,a3,4158 <Traj_Div_U64+0x66>
    4104:	04c5fa63          	bgeu	a1,a2,4158 <Traj_Div_U64+0x66>
    4108:	00161693          	slli	a3,a2,0x1
    410c:	00261313          	slli	t1,a2,0x2
    4110:	00361293          	slli	t0,a2,0x3
    4114:	4721                	li	a4,8
    4116:	4501                	li	a0,0
    4118:	01c7d393          	srli	t2,a5,0x1c
    411c:	0592                	slli	a1,a1,0x4
    411e:	00b3e5b3          	or	a1,t2,a1
    4122:	0792                	slli	a5,a5,0x4
    4124:	0512                	slli	a0,a0,0x4
    4126:	0055e663          	bltu	a1,t0,4132 <Traj_Div_U64+0x40>
    412a:	405585b3          	sub	a1,a1,t0
    412e:	00856513          	ori	a0,a0,8
    4132:	0065e663          	bltu	a1,t1,413e <Traj_Div_U64+0x4c>
    4136:	406585b3          	sub	a1,a1,t1
    413a:	00456513          	ori	a0,a0,4
    413e:	00d5e563          	bltu	a1,a3,4148 <Traj_Div_U64+0x56>
    4142:	8d95                	sub	a1,a1,a3
    4144:	00256513          	ori	a0,a0,2
    4148:	00c5e563          	bltu	a1,a2,4152 <Traj_Div_U64+0x60>
    414c:	8d91                	sub	a1,a1,a2
    414e:	00156513          	ori	a0,a0,1
    4152:	177d                	addi	a4,a4,-1
    4154:	f371                	bnez	a4,4118 <Traj_Div_U64+0x26>
    4156:	8082                	ret
    4158:	8082                	ret

0000415a <Traj_Acc_Coef>:
    415a:	02b506b3          	mul	a3,a0,a1
    415e:	02b51533          	mulh	a0,a0,a1
    4162:	02054763          	bltz	a0,4190 <Traj_Acc_Coef+0x36>
    4166:	00251793          	slli	a5,a0,0x2
    416a:	82f9                	srli	a3,a3,0x1e
    416c:	000f4737          	lui	a4,0xf4
    4170:	24070713          	addi	a4,a4,576 # f4240 <_data_lma+0xed284>
    4174:	8edd                	or	a3,a3,a5
    4176:	8579                	srai	a0,a0,0x1e
    4178:	02e50633          	mul	a2,a0,a4
    417c:	02e6b7b3          	mulhu	a5,a3,a4
    4180:	02e68733          	mul	a4,a3,a4
    4184:	97b2                	add	a5,a5,a2
    4186:	07c2                	slli	a5,a5,0x10
    4188:	8341                	srli	a4,a4,0x10
    418a:	00e7e533          	or	a0,a5,a4
    418e:	8082                	ret
    4190:	40d00733          	neg	a4,a3
    4194:	40a007b3          	neg	a5,a0
    4198:	00d036b3          	snez	a3,a3
    419c:	8f95                	sub	a5,a5,a3
    419e:	00279693          	slli	a3,a5,0x2
    41a2:	8379                	srli	a4,a4,0x1e
    41a4:	8f55                	or	a4,a4,a3
    41a6:	87f9                	srai	a5,a5,0x1e
    41a8:	00f766b3          	or	a3,a4,a5
    41ac:	dee9                	beqz	a3,4186 <Traj_Acc_Coef+0x2c>
    41ae:	000f46b7          	lui	a3,0xf4
    41b2:	24068693          	addi	a3,a3,576 # f4240 <_data_lma+0xed284>
    41b6:	02d70533          	mul	a0,a4,a3
    41ba:	02d787b3          	mul	a5,a5,a3
    41be:	8141                	srli	a0,a0,0x10
    41c0:	02d73733          	mulhu	a4,a4,a3
    41c4:	97ba                	add	a5,a5,a4
    41c6:	07c2                	slli	a5,a5,0x10
    41c8:	8d5d                	or	a0,a0,a5
    41ca:	40a00533          	neg	a0,a0
    41ce:	8082                	ret

000041d0 <Traj_Emit>:
    41d0:	a1018713          	addi	a4,gp,-1520 # 200002a0 <s_tj>
    41d4:	09072703          	lw	a4,144(a4)
    41d8:	a1018793          	addi	a5,gp,-1520 # 200002a0 <s_tj>
    41dc:	00e5c663          	blt	a1,a4,41e8 <Traj_Emit+0x18>
    41e0:	0947a703          	lw	a4,148(a5)
    41e4:	00b75663          	bge	a4,a1,41f0 <Traj_Emit+0x20>
    41e8:	0007a223          	sw	zero,4(a5)
    41ec:	85ba                	mv	a1,a4
    41ee:	4601                	li	a2,0
    41f0:	43d4                	lw	a3,4(a5)
    41f2:	3e800713          	li	a4,1000
    41f6:	c38c                	sw	a1,0(a5)
    41f8:	02d707b3          	mul	a5,a4,a3
    41fc:	c10c                	sw	a1,0(a0)
    41fe:	c510                	sw	a2,8(a0)
    4200:	02d71733          	mulh	a4,a4,a3
    4204:	83c1                	srli	a5,a5,0x10
    4206:	0742                	slli	a4,a4,0x10
    4208:	8fd9                	or	a5,a5,a4
    420a:	c15c                	sw	a5,4(a0)
    420c:	8082                	ret

0000420e <Traj_SCurve>:
    420e:	e9bfb2ef          	jal	t0,a8 <__riscv_save_0>
    4212:	1131                	addi	sp,sp,-20
    4214:	842a                	mv	s0,a0
    4216:	82ba                	mv	t0,a4
    4218:	84be                	mv	s1,a5
    421a:	02b04263          	bgtz	a1,423e <Traj_SCurve+0x30>
    421e:	02a507b3          	mul	a5,a0,a0
    4222:	00a2a023          	sw	a0,0(t0)
    4226:	02a51433          	mulh	s0,a0,a0
    422a:	83c1                	srli	a5,a5,0x10
    422c:	0442                	slli	s0,s0,0x10
    422e:	8fc1                	or	a5,a5,s0
    4230:	c09c                	sw	a5,0(s1)
    4232:	67a1                	lui	a5,0x8
    4234:	5702                	lw	a4,32(sp)
    4236:	c31c                	sw	a5,0(a4)
    4238:	0151                	addi	sp,sp,20
    423a:	e79fb06f          	j	b2 <__riscv_restore_0>
    423e:	67a1                	lui	a5,0x8
    4240:	8f8d                	sub	a5,a5,a1
    4242:	852e                	mv	a0,a1
    4244:	0287d863          	bge	a5,s0,4274 <Traj_SCurve+0x66>
    4248:	081c                	addi	a5,sp,16
    424a:	6521                	lui	a0,0x8
    424c:	c23a                	sw	a4,4(sp)
    424e:	c03e                	sw	a5,0(sp)
    4250:	0038                	addi	a4,sp,8
    4252:	007c                	addi	a5,sp,12
    4254:	8d01                	sub	a0,a0,s0
    4256:	3f65                	jal	420e <Traj_SCurve>
    4258:	47a2                	lw	a5,8(sp)
    425a:	4292                	lw	t0,4(sp)
    425c:	4732                	lw	a4,12(sp)
    425e:	6521                	lui	a0,0x8
    4260:	40f503b3          	sub	t2,a0,a5
    4264:	77f1                	lui	a5,0xffffc
    4266:	97a2                	add	a5,a5,s0
    4268:	97ba                	add	a5,a5,a4
    426a:	0072a023          	sw	t2,0(t0)
    426e:	c09c                	sw	a5,0(s1)
    4270:	47c2                	lw	a5,16(sp)
    4272:	b7c9                	j	4234 <Traj_SCurve+0x26>
    4274:	83b6                	mv	t2,a3
    4276:	02c40733          	mul	a4,s0,a2
    427a:	8332                	mv	t1,a2
    427c:	02c416b3          	mulh	a3,s0,a2
    4280:	06b45863          	bge	s0,a1,42f0 <Traj_SCurve+0xe2>
    4284:	5582                	lw	a1,32(sp)
    4286:	02838633          	mul	a2,t2,s0
    428a:	028397b3          	mulh	a5,t2,s0
    428e:	823d                	srli	a2,a2,0xf
    4290:	07c6                	slli	a5,a5,0x11
    4292:	8e5d                	or	a2,a2,a5
    4294:	026607b3          	mul	a5,a2,t1
    4298:	02661333          	mulh	t1,a2,t1
    429c:	83bd                	srli	a5,a5,0xf
    429e:	0346                	slli	t1,t1,0x11
    42a0:	00f367b3          	or	a5,t1,a5
    42a4:	c19c                	sw	a5,0(a1)
    42a6:	41f65793          	srai	a5,a2,0x1f
    42aa:	02e787b3          	mul	a5,a5,a4
    42ae:	02c686b3          	mul	a3,a3,a2
    42b2:	96be                	add	a3,a3,a5
    42b4:	02e607b3          	mul	a5,a2,a4
    42b8:	02e63633          	mulhu	a2,a2,a4
    42bc:	83fd                	srli	a5,a5,0x1f
    42be:	00c68733          	add	a4,a3,a2
    42c2:	0706                	slli	a4,a4,0x1
    42c4:	8fd9                	or	a5,a5,a4
    42c6:	02878633          	mul	a2,a5,s0
    42ca:	00f2a023          	sw	a5,0(t0)
    42ce:	6695                	lui	a3,0x5
    42d0:	55568693          	addi	a3,a3,1365 # 5555 <A_Servo_SampleMotion+0x2f>
    42d4:	028797b3          	mulh	a5,a5,s0
    42d8:	02d60733          	mul	a4,a2,a3
    42dc:	02d787b3          	mul	a5,a5,a3
    42e0:	837d                	srli	a4,a4,0x1f
    42e2:	02d63633          	mulhu	a2,a2,a3
    42e6:	97b2                	add	a5,a5,a2
    42e8:	0786                	slli	a5,a5,0x1
    42ea:	8f5d                	or	a4,a4,a5
    42ec:	c098                	sw	a4,0(s1)
    42ee:	b7a9                	j	4238 <Traj_SCurve+0x2a>
    42f0:	5782                	lw	a5,32(sp)
    42f2:	c390                	sw	a2,0(a5)
    42f4:	4015d793          	srai	a5,a1,0x1
    42f8:	40f407b3          	sub	a5,s0,a5
    42fc:	02c78633          	mul	a2,a5,a2
    4300:	8c09                	sub	s0,s0,a0
    4302:	026797b3          	mulh	a5,a5,t1
    4306:	823d                	srli	a2,a2,0xf
    4308:	07c6                	slli	a5,a5,0x11
    430a:	8e5d                	or	a2,a2,a5
    430c:	00c2a023          	sw	a2,0(t0)
    4310:	02658633          	mul	a2,a1,t1
    4314:	02659333          	mulh	t1,a1,t1
    4318:	8241                	srli	a2,a2,0x10
    431a:	85fd                	srai	a1,a1,0x1f
    431c:	01031793          	slli	a5,t1,0x10
    4320:	8e5d                	or	a2,a2,a5
    4322:	41035793          	srai	a5,t1,0x10
    4326:	02c585b3          	mul	a1,a1,a2
    432a:	6315                	lui	t1,0x5
    432c:	55530313          	addi	t1,t1,1365 # 5555 <A_Servo_SampleMotion+0x2f>
    4330:	02a787b3          	mul	a5,a5,a0
    4334:	97ae                	add	a5,a5,a1
    4336:	02a605b3          	mul	a1,a2,a0
    433a:	02a63633          	mulhu	a2,a2,a0
    433e:	97b2                	add	a5,a5,a2
    4340:	026787b3          	mul	a5,a5,t1
    4344:	02658633          	mul	a2,a1,t1
    4348:	0265b5b3          	mulhu	a1,a1,t1
    434c:	827d                	srli	a2,a2,0x1f
    434e:	97ae                	add	a5,a5,a1
    4350:	0786                	slli	a5,a5,0x1
    4352:	8e5d                	or	a2,a2,a5
    4354:	41f45793          	srai	a5,s0,0x1f
    4358:	028686b3          	mul	a3,a3,s0
    435c:	02e787b3          	mul	a5,a5,a4
    4360:	97b6                	add	a5,a5,a3
    4362:	02e406b3          	mul	a3,s0,a4
    4366:	02e43433          	mulhu	s0,s0,a4
    436a:	01f6d713          	srli	a4,a3,0x1f
    436e:	97a2                	add	a5,a5,s0
    4370:	0786                	slli	a5,a5,0x1
    4372:	8f5d                	or	a4,a4,a5
    4374:	963a                	add	a2,a2,a4
    4376:	c090                	sw	a2,0(s1)
    4378:	b5c1                	j	4238 <Traj_SCurve+0x2a>

0000437a <Traj_TblLerp>:
    437a:	d2ffb2ef          	jal	t0,a8 <__riscv_save_0>
    437e:	419c                	lw	a5,0(a1)
    4380:	82b2                	mv	t0,a2
    4382:	00a7c563          	blt	a5,a0,438c <Traj_TblLerp+0x12>
    4386:	4208                	lw	a0,0(a2)
    4388:	d2bfb06f          	j	b2 <__riscv_restore_0>
    438c:	55dc                	lw	a5,44(a1)
    438e:	872a                	mv	a4,a0
    4390:	4685                	li	a3,1
    4392:	4531                	li	a0,12
    4394:	00f74863          	blt	a4,a5,43a4 <Traj_TblLerp+0x2a>
    4398:	02c2a503          	lw	a0,44(t0)
    439c:	b7f5                	j	4388 <Traj_TblLerp+0xe>
    439e:	0685                	addi	a3,a3,1
    43a0:	fea68ce3          	beq	a3,a0,4398 <Traj_TblLerp+0x1e>
    43a4:	00269793          	slli	a5,a3,0x2
    43a8:	00f58633          	add	a2,a1,a5
    43ac:	00062303          	lw	t1,0(a2)
    43b0:	fee347e3          	blt	t1,a4,439e <Traj_TblLerp+0x24>
    43b4:	ffc78693          	addi	a3,a5,-4 # ffffbffc <_eusrstack+0xdfff9ffc>
    43b8:	95b6                	add	a1,a1,a3
    43ba:	418c                	lw	a1,0(a1)
    43bc:	9796                	add	a5,a5,t0
    43be:	4388                	lw	a0,0(a5)
    43c0:	40b30633          	sub	a2,t1,a1
    43c4:	fcc052e3          	blez	a2,4388 <Traj_TblLerp+0xe>
    43c8:	9696                	add	a3,a3,t0
    43ca:	4280                	lw	s0,0(a3)
    43cc:	41f65693          	srai	a3,a2,0x1f
    43d0:	408507b3          	sub	a5,a0,s0
    43d4:	40b70533          	sub	a0,a4,a1
    43d8:	02a795b3          	mulh	a1,a5,a0
    43dc:	02a78533          	mul	a0,a5,a0
    43e0:	416020ef          	jal	ra,67f6 <__divdi3>
    43e4:	9522                	add	a0,a0,s0
    43e6:	b74d                	j	4388 <Traj_TblLerp+0xe>

000043e8 <C_Traj_Init>:
    43e8:	cc1fb2ef          	jal	t0,a8 <__riscv_save_0>
    43ec:	1101                	addi	sp,sp,-32
    43ee:	c82a                	sw	a0,16(sp)
    43f0:	06400793          	li	a5,100
    43f4:	84b2                	mv	s1,a2
    43f6:	00b7d463          	bge	a5,a1,43fe <C_Traj_Init+0x16>
    43fa:	06400593          	li	a1,100
    43fe:	4681                	li	a3,0
    4400:	00e59513          	slli	a0,a1,0xe
    4404:	06400613          	li	a2,100
    4408:	4581                	li	a1,0
    440a:	3ec020ef          	jal	ra,67f6 <__divdi3>
    440e:	a1018693          	addi	a3,gp,-1520 # 200002a0 <s_tj>
    4412:	cac8                	sw	a0,20(a3)
    4414:	c02a                	sw	a0,0(sp)
    4416:	ca2e                	sw	a1,20(sp)
    4418:	06400693          	li	a3,100
    441c:	872a                	mv	a4,a0
    441e:	a1018413          	addi	s0,gp,-1520 # 200002a0 <s_tj>
    4422:	0096d463          	bge	a3,s1,442a <C_Traj_Init+0x42>
    4426:	06400493          	li	s1,100
    442a:	06400613          	li	a2,100
    442e:	4681                	li	a3,0
    4430:	00e49513          	slli	a0,s1,0xe
    4434:	4581                	li	a1,0
    4436:	ce3a                	sw	a4,28(sp)
    4438:	3be020ef          	jal	ra,67f6 <__divdi3>
    443c:	4782                	lw	a5,0(sp)
    443e:	64a1                	lui	s1,0x8
    4440:	c22a                	sw	a0,4(sp)
    4442:	40f48633          	sub	a2,s1,a5
    4446:	41f65693          	srai	a3,a2,0x1f
    444a:	cc2e                	sw	a1,24(sp)
    444c:	c62a                	sw	a0,12(sp)
    444e:	cc08                	sw	a0,24(s0)
    4450:	4581                	li	a1,0
    4452:	40000537          	lui	a0,0x40000
    4456:	3a0020ef          	jal	ra,67f6 <__divdi3>
    445a:	4792                	lw	a5,4(sp)
    445c:	c42a                	sw	a0,8(sp)
    445e:	cc48                	sw	a0,28(s0)
    4460:	40f48633          	sub	a2,s1,a5
    4464:	41f65693          	srai	a3,a2,0x1f
    4468:	40000537          	lui	a0,0x40000
    446c:	4581                	li	a1,0
    446e:	388020ef          	jal	ra,67f6 <__divdi3>
    4472:	4772                	lw	a4,28(sp)
    4474:	d008                	sw	a0,32(s0)
    4476:	84aa                	mv	s1,a0
    4478:	4301                	li	t1,0
    447a:	cb09                	beqz	a4,448c <C_Traj_Init+0xa4>
    447c:	4602                	lw	a2,0(sp)
    447e:	46d2                	lw	a3,20(sp)
    4480:	40000537          	lui	a0,0x40000
    4484:	4581                	li	a1,0
    4486:	370020ef          	jal	ra,67f6 <__divdi3>
    448a:	832a                	mv	t1,a0
    448c:	47b2                	lw	a5,12(sp)
    448e:	02642223          	sw	t1,36(s0)
    4492:	4501                	li	a0,0
    4494:	cb91                	beqz	a5,44a8 <C_Traj_Init+0xc0>
    4496:	4612                	lw	a2,4(sp)
    4498:	46e2                	lw	a3,24(sp)
    449a:	40000537          	lui	a0,0x40000
    449e:	4581                	li	a1,0
    44a0:	c61a                	sw	t1,12(sp)
    44a2:	354020ef          	jal	ra,67f6 <__divdi3>
    44a6:	4332                	lw	t1,12(sp)
    44a8:	66a5                	lui	a3,0x9
    44aa:	4742                	lw	a4,16(sp)
    44ac:	ca068693          	addi	a3,a3,-864 # 8ca0 <_data_lma+0x1ce4>
    44b0:	d408                	sw	a0,40(s0)
    44b2:	08042823          	sw	zero,144(s0)
    44b6:	08d42a23          	sw	a3,148(s0)
    44ba:	06e6d163          	bge	a3,a4,451c <C_Traj_Init+0x134>
    44be:	8736                	mv	a4,a3
    44c0:	4782                	lw	a5,0(sp)
    44c2:	c018                	sw	a4,0(s0)
    44c4:	00042223          	sw	zero,4(s0)
    44c8:	d07c                	sw	a5,100(s0)
    44ca:	4792                	lw	a5,4(sp)
    44cc:	d458                	sw	a4,44(s0)
    44ce:	02042823          	sw	zero,48(s0)
    44d2:	d43c                	sw	a5,104(s0)
    44d4:	47a2                	lw	a5,8(sp)
    44d6:	02042a23          	sw	zero,52(s0)
    44da:	dc18                	sw	a4,56(s0)
    44dc:	dc58                	sw	a4,60(s0)
    44de:	c038                	sw	a4,64(s0)
    44e0:	04042223          	sw	zero,68(s0)
    44e4:	04042423          	sw	zero,72(s0)
    44e8:	04042623          	sw	zero,76(s0)
    44ec:	04042823          	sw	zero,80(s0)
    44f0:	04042e23          	sw	zero,92(s0)
    44f4:	06042023          	sw	zero,96(s0)
    44f8:	d47c                	sw	a5,108(s0)
    44fa:	d824                	sw	s1,112(s0)
    44fc:	06642a23          	sw	t1,116(s0)
    4500:	dc28                	sw	a0,120(s0)
    4502:	06042e23          	sw	zero,124(s0)
    4506:	08042023          	sw	zero,128(s0)
    450a:	08042223          	sw	zero,132(s0)
    450e:	08042423          	sw	zero,136(s0)
    4512:	08042623          	sw	zero,140(s0)
    4516:	6105                	addi	sp,sp,32
    4518:	b9bfb06f          	j	b2 <__riscv_restore_0>
    451c:	fa0752e3          	bgez	a4,44c0 <C_Traj_Init+0xd8>
    4520:	4701                	li	a4,0
    4522:	bf79                	j	44c0 <C_Traj_Init+0xd8>

00004524 <C_Traj_Set_Range>:
    4524:	04a5c463          	blt	a1,a0,456c <C_Traj_Set_Range+0x48>
    4528:	a1018713          	addi	a4,gp,-1520 # 200002a0 <s_tj>
    452c:	08a72823          	sw	a0,144(a4)
    4530:	08b72a23          	sw	a1,148(a4)
    4534:	4318                	lw	a4,0(a4)
    4536:	a1018793          	addi	a5,gp,-1520 # 200002a0 <s_tj>
    453a:	00a74663          	blt	a4,a0,4546 <C_Traj_Set_Range+0x22>
    453e:	853a                	mv	a0,a4
    4540:	00e5d363          	bge	a1,a4,4546 <C_Traj_Set_Range+0x22>
    4544:	852e                	mv	a0,a1
    4546:	4705                	li	a4,1
    4548:	c388                	sw	a0,0(a5)
    454a:	0007a223          	sw	zero,4(a5)
    454e:	d7c8                	sw	a0,44(a5)
    4550:	df88                	sw	a0,56(a5)
    4552:	dfc8                	sw	a0,60(a5)
    4554:	c3a8                	sw	a0,64(a5)
    4556:	0207aa23          	sw	zero,52(a5)
    455a:	dff8                	sw	a4,124(a5)
    455c:	0807a023          	sw	zero,128(a5)
    4560:	08e7a223          	sw	a4,132(a5)
    4564:	0807a423          	sw	zero,136(a5)
    4568:	0807a623          	sw	zero,140(a5)
    456c:	8082                	ret

0000456e <C_Traj_Hold>:
    456e:	a1018693          	addi	a3,gp,-1520 # 200002a0 <s_tj>
    4572:	0906a703          	lw	a4,144(a3)
    4576:	a1018793          	addi	a5,gp,-1520 # 200002a0 <s_tj>
    457a:	0946a683          	lw	a3,148(a3)
    457e:	00e54663          	blt	a0,a4,458a <C_Traj_Hold+0x1c>
    4582:	8736                	mv	a4,a3
    4584:	00d55363          	bge	a0,a3,458a <C_Traj_Hold+0x1c>
    4588:	872a                	mv	a4,a0
    458a:	c398                	sw	a4,0(a5)
    458c:	c3b8                	sw	a4,64(a5)
    458e:	dfd8                	sw	a4,60(a5)
    4590:	df98                	sw	a4,56(a5)
    4592:	d7d8                	sw	a4,44(a5)
    4594:	4705                	li	a4,1
    4596:	0007a223          	sw	zero,4(a5)
    459a:	0607a023          	sw	zero,96(a5)
    459e:	0407ae23          	sw	zero,92(a5)
    45a2:	0207aa23          	sw	zero,52(a5)
    45a6:	0207a823          	sw	zero,48(a5)
    45aa:	08e7a223          	sw	a4,132(a5)
    45ae:	dff8                	sw	a4,124(a5)
    45b0:	0807a623          	sw	zero,140(a5)
    45b4:	0807a423          	sw	zero,136(a5)
    45b8:	0807a023          	sw	zero,128(a5)
    45bc:	8082                	ret

000045be <C_Traj_Plan>:
    45be:	aebfb2ef          	jal	t0,a8 <__riscv_save_0>
    45c2:	a1018793          	addi	a5,gp,-1520 # 200002a0 <s_tj>
    45c6:	4394                	lw	a3,0(a5)
    45c8:	715d                	addi	sp,sp,-80
    45ca:	a1018713          	addi	a4,gp,-1520 # 200002a0 <s_tj>
    45ce:	d7d4                	sw	a3,44(a5)
    45d0:	d236                	sw	a3,36(sp)
    45d2:	43d4                	lw	a3,4(a5)
    45d4:	d62e                	sw	a1,44(sp)
    45d6:	c03a                	sw	a4,0(sp)
    45d8:	db94                	sw	a3,48(a5)
    45da:	08078793          	addi	a5,a5,128
    45de:	ca36                	sw	a3,20(sp)
    45e0:	4b94                	lw	a3,16(a5)
    45e2:	4bdc                	lw	a5,20(a5)
    45e4:	ce36                	sw	a3,28(sp)
    45e6:	00d54663          	blt	a0,a3,45f2 <C_Traj_Plan+0x34>
    45ea:	ce3e                	sw	a5,28(sp)
    45ec:	00f55363          	bge	a0,a5,45f2 <C_Traj_Plan+0x34>
    45f0:	ce2a                	sw	a0,28(sp)
    45f2:	47f2                	lw	a5,28(sp)
    45f4:	5712                	lw	a4,36(sp)
    45f6:	8f99                	sub	a5,a5,a4
    45f8:	c63e                	sw	a5,12(sp)
    45fa:	3007d163          	bgez	a5,48fc <C_Traj_Plan+0x33e>
    45fe:	87ba                	mv	a5,a4
    4600:	4772                	lw	a4,28(sp)
    4602:	8f99                	sub	a5,a5,a4
    4604:	c63e                	sw	a5,12(sp)
    4606:	47d2                	lw	a5,20(sp)
    4608:	40f007b3          	neg	a5,a5
    460c:	c23e                	sw	a5,4(sp)
    460e:	57fd                	li	a5,-1
    4610:	d83e                	sw	a5,48(sp)
    4612:	47b2                	lw	a5,12(sp)
    4614:	3e800513          	li	a0,1000
    4618:	04600613          	li	a2,70
    461c:	02a795b3          	mulh	a1,a5,a0
    4620:	4681                	li	a3,0
    4622:	02a78533          	mul	a0,a5,a0
    4626:	1d0020ef          	jal	ra,67f6 <__divdi3>
    462a:	6791                	lui	a5,0x4
    462c:	72a78793          	addi	a5,a5,1834 # 472a <C_Traj_Plan+0x16c>
    4630:	2ea7d463          	bge	a5,a0,4918 <C_Traj_Plan+0x35a>
    4634:	853e                	mv	a0,a5
    4636:	4792                	lw	a5,4(sp)
    4638:	4712                	lw	a4,4(sp)
    463a:	87fd                	srai	a5,a5,0x1f
    463c:	8f3d                	xor	a4,a4,a5
    463e:	40f707b3          	sub	a5,a4,a5
    4642:	cc3e                	sw	a5,24(sp)
    4644:	46e2                	lw	a3,24(sp)
    4646:	3e800713          	li	a4,1000
    464a:	02e787b3          	mul	a5,a5,a4
    464e:	02e69733          	mulh	a4,a3,a4
    4652:	83c1                	srli	a5,a5,0x10
    4654:	01071693          	slli	a3,a4,0x10
    4658:	8741                	srai	a4,a4,0x10
    465a:	8fd5                	or	a5,a5,a3
    465c:	d43a                	sw	a4,40(sp)
    465e:	843e                	mv	s0,a5
    4660:	00a7d363          	bge	a5,a0,4666 <C_Traj_Plan+0xa8>
    4664:	842a                	mv	s0,a0
    4666:	c0be                	sw	a5,64(sp)
    4668:	41f45793          	srai	a5,s0,0x1f
    466c:	01079313          	slli	t1,a5,0x10
    4670:	01045593          	srli	a1,s0,0x10
    4674:	3e800613          	li	a2,1000
    4678:	4681                	li	a3,0
    467a:	0065e5b3          	or	a1,a1,t1
    467e:	01041513          	slli	a0,s0,0x10
    4682:	c43e                	sw	a5,8(sp)
    4684:	172020ef          	jal	ra,67f6 <__divdi3>
    4688:	c82a                	sw	a0,16(sp)
    468a:	dc2a                	sw	a0,56(sp)
    468c:	d02a                	sw	a0,32(sp)
    468e:	3e800513          	li	a0,1000
    4692:	da2e                	sw	a1,52(sp)
    4694:	de2e                	sw	a1,60(sp)
    4696:	02a415b3          	mulh	a1,s0,a0
    469a:	4679                	li	a2,30
    469c:	4681                	li	a3,0
    469e:	02a40533          	mul	a0,s0,a0
    46a2:	154020ef          	jal	ra,67f6 <__divdi3>
    46a6:	4782                	lw	a5,0(sp)
    46a8:	000b96b7          	lui	a3,0xb9
    46ac:	e8e68693          	addi	a3,a3,-370 # b8e8e <_data_lma+0xb1ed2>
    46b0:	4fc4                	lw	s1,28(a5)
    46b2:	c42a                	sw	a0,8(sp)
    46b4:	4786                	lw	a5,64(sp)
    46b6:	02d48633          	mul	a2,s1,a3
    46ba:	02d496b3          	mulh	a3,s1,a3
    46be:	823d                	srli	a2,a2,0xf
    46c0:	01169593          	slli	a1,a3,0x11
    46c4:	86bd                	srai	a3,a3,0xf
    46c6:	8e4d                	or	a2,a2,a1
    46c8:	00d04663          	bgtz	a3,46d4 <C_Traj_Plan+0x116>
    46cc:	26069263          	bnez	a3,4930 <C_Traj_Plan+0x372>
    46d0:	26060063          	beqz	a2,4930 <C_Traj_Plan+0x372>
    46d4:	c2be                	sw	a5,68(sp)
    46d6:	47b2                	lw	a5,12(sp)
    46d8:	003e8537          	lui	a0,0x3e8
    46dc:	02a795b3          	mulh	a1,a5,a0
    46e0:	02a78533          	mul	a0,a5,a0
    46e4:	112020ef          	jal	ra,67f6 <__divdi3>
    46e8:	661d                	lui	a2,0x7
    46ea:	659d                	lui	a1,0x7
    46ec:	d8060613          	addi	a2,a2,-640 # 6d80 <TRAJ_F_Q15>
    46f0:	d5058593          	addi	a1,a1,-688 # 6d50 <TRAJ_H_Q12>
    46f4:	c87ff0ef          	jal	ra,437a <Traj_TblLerp>
    46f8:	41f45793          	srai	a5,s0,0x1f
    46fc:	00f79713          	slli	a4,a5,0xf
    4700:	01145593          	srli	a1,s0,0x11
    4704:	6615                	lui	a2,0x5
    4706:	c0aa                	sw	a0,64(sp)
    4708:	1659                	addi	a2,a2,-10 # 4ff6 <A_Config_Init+0x7c>
    470a:	00f41513          	slli	a0,s0,0xf
    470e:	4681                	li	a3,0
    4710:	8dd9                	or	a1,a1,a4
    4712:	0e4020ef          	jal	ra,67f6 <__divdi3>
    4716:	4306                	lw	t1,64(sp)
    4718:	4796                	lw	a5,68(sp)
    471a:	842a                	mv	s0,a0
    471c:	00a35363          	bge	t1,a0,4722 <C_Traj_Plan+0x164>
    4720:	841a                	mv	s0,t1
    4722:	56a2                	lw	a3,40(sp)
    4724:	0117d713          	srli	a4,a5,0x11
    4728:	6615                	lui	a2,0x5
    472a:	00f69593          	slli	a1,a3,0xf
    472e:	00f79513          	slli	a0,a5,0xf
    4732:	8dd9                	or	a1,a1,a4
    4734:	1659                	addi	a2,a2,-10 # 4ff6 <A_Config_Init+0x7c>
    4736:	4681                	li	a3,0
    4738:	0be020ef          	jal	ra,67f6 <__divdi3>
    473c:	6721                	lui	a4,0x8
    473e:	87aa                	mv	a5,a0
    4740:	00e54463          	blt	a0,a4,4748 <C_Traj_Plan+0x18a>
    4744:	fff70793          	addi	a5,a4,-1 # 7fff <_data_lma+0x1043>
    4748:	8522                	mv	a0,s0
    474a:	00f45363          	bge	s0,a5,4750 <C_Traj_Plan+0x192>
    474e:	853e                	mv	a0,a5
    4750:	661d                	lui	a2,0x7
    4752:	659d                	lui	a1,0x7
    4754:	d2060613          	addi	a2,a2,-736 # 6d20 <TRAJ_G_Q15>
    4758:	d8058593          	addi	a1,a1,-640 # 6d80 <TRAJ_F_Q15>
    475c:	c1fff0ef          	jal	ra,437a <Traj_TblLerp>
    4760:	000877b7          	lui	a5,0x87
    4764:	11b78793          	addi	a5,a5,283 # 8711b <_data_lma+0x8015f>
    4768:	02f50733          	mul	a4,a0,a5
    476c:	02f517b3          	mulh	a5,a0,a5
    4770:	833d                	srli	a4,a4,0xf
    4772:	07c6                	slli	a5,a5,0x11
    4774:	8fd9                	or	a5,a5,a4
    4776:	4622                	lw	a2,8(sp)
    4778:	00f64663          	blt	a2,a5,4784 <C_Traj_Plan+0x1c6>
    477c:	863e                	mv	a2,a5
    477e:	00f04363          	bgtz	a5,4784 <C_Traj_Plan+0x1c6>
    4782:	4605                	li	a2,1
    4784:	41f65693          	srai	a3,a2,0x1f
    4788:	42400537          	lui	a0,0x42400
    478c:	45bd                	li	a1,15
    478e:	068020ef          	jal	ra,67f6 <__divdi3>
    4792:	4622                	lw	a2,8(sp)
    4794:	0005e7b7          	lui	a5,0x5e
    4798:	71578793          	addi	a5,a5,1813 # 5e715 <_data_lma+0x57759>
    479c:	842a                	mv	s0,a0
    479e:	00c7d363          	bge	a5,a2,47a4 <C_Traj_Plan+0x1e6>
    47a2:	863e                	mv	a2,a5
    47a4:	41f65693          	srai	a3,a2,0x1f
    47a8:	42400537          	lui	a0,0x42400
    47ac:	45bd                	li	a1,15
    47ae:	048020ef          	jal	ra,67f6 <__divdi3>
    47b2:	029406b3          	mul	a3,s0,s1
    47b6:	87aa                	mv	a5,a0
    47b8:	872e                	mv	a4,a1
    47ba:	02941633          	mulh	a2,s0,s1
    47be:	82bd                	srli	a3,a3,0xf
    47c0:	0646                	slli	a2,a2,0x11
    47c2:	00d662b3          	or	t0,a2,a3
    47c6:	4682                	lw	a3,0(sp)
    47c8:	0056a423          	sw	t0,8(a3)
    47cc:	5294                	lw	a3,32(a3)
    47ce:	41f6d593          	srai	a1,a3,0x1f
    47d2:	02e68733          	mul	a4,a3,a4
    47d6:	02f585b3          	mul	a1,a1,a5
    47da:	02f6b633          	mulhu	a2,a3,a5
    47de:	95ba                	add	a1,a1,a4
    47e0:	02f68733          	mul	a4,a3,a5
    47e4:	95b2                	add	a1,a1,a2
    47e6:	05c6                	slli	a1,a1,0x11
    47e8:	833d                	srli	a4,a4,0xf
    47ea:	8f4d                	or	a4,a4,a1
    47ec:	c43a                	sw	a4,8(sp)
    47ee:	4622                	lw	a2,8(sp)
    47f0:	4702                	lw	a4,0(sp)
    47f2:	c750                	sw	a2,12(a4)
    47f4:	0087d363          	bge	a5,s0,47fa <C_Traj_Plan+0x23c>
    47f8:	87a2                	mv	a5,s0
    47fa:	02978633          	mul	a2,a5,s1
    47fe:	02979733          	mulh	a4,a5,s1
    4802:	00f65793          	srli	a5,a2,0xf
    4806:	4622                	lw	a2,8(sp)
    4808:	41f65593          	srai	a1,a2,0x1f
    480c:	4612                	lw	a2,4(sp)
    480e:	0746                	slli	a4,a4,0x11
    4810:	8f5d                	or	a4,a4,a5
    4812:	4782                	lw	a5,0(sp)
    4814:	cb98                	sw	a4,16(a5)
    4816:	47e2                	lw	a5,24(sp)
    4818:	87a1                	srai	a5,a5,0x8
    481a:	12c05063          	blez	a2,493a <C_Traj_Plan+0x37c>
    481e:	4622                	lw	a2,8(sp)
    4820:	4462                	lw	s0,24(sp)
    4822:	02c78533          	mul	a0,a5,a2
    4826:	41f45313          	srai	t1,s0,0x1f
    482a:	02c79633          	mulh	a2,a5,a2
    482e:	02a30333          	mul	t1,t1,a0
    4832:	02f60633          	mul	a2,a2,a5
    4836:	961a                	add	a2,a2,t1
    4838:	02f50333          	mul	t1,a0,a5
    483c:	02f53533          	mulhu	a0,a0,a5
    4840:	962a                	add	a2,a2,a0
    4842:	4532                	lw	a0,12(sp)
    4844:	0506                	slli	a0,a0,0x1
    4846:	00c54663          	blt	a0,a2,4852 <C_Traj_Plan+0x294>
    484a:	0ea61d63          	bne	a2,a0,4944 <C_Traj_Plan+0x386>
    484e:	0e030b63          	beqz	t1,4944 <C_Traj_Plan+0x386>
    4852:	82ba                	mv	t0,a4
    4854:	4705                	li	a4,1
    4856:	d43a                	sw	a4,40(sp)
    4858:	4702                	lw	a4,0(sp)
    485a:	4602                	lw	a2,0(sp)
    485c:	4b58                	lw	a4,20(a4)
    485e:	d664                	sw	s1,108(a2)
    4860:	da34                	sw	a3,112(a2)
    4862:	d278                	sw	a4,100(a2)
    4864:	5258                	lw	a4,36(a2)
    4866:	da78                	sw	a4,116(a2)
    4868:	4e18                	lw	a4,24(a2)
    486a:	d638                	sw	a4,104(a2)
    486c:	5618                	lw	a4,40(a2)
    486e:	de38                	sw	a4,120(a2)
    4870:	5722                	lw	a4,40(sp)
    4872:	cb79                	beqz	a4,4948 <C_Traj_Plan+0x38a>
    4874:	02578533          	mul	a0,a5,t0
    4878:	4722                	lw	a4,8(sp)
    487a:	00570633          	add	a2,a4,t0
    487e:	41f7d713          	srai	a4,a5,0x1f
    4882:	025795b3          	mulh	a1,a5,t0
    4886:	02a70733          	mul	a4,a4,a0
    488a:	02f585b3          	mul	a1,a1,a5
    488e:	95ba                	add	a1,a1,a4
    4890:	02f53733          	mulhu	a4,a0,a5
    4894:	95ba                	add	a1,a1,a4
    4896:	4732                	lw	a4,12(sp)
    4898:	02f50533          	mul	a0,a0,a5
    489c:	0706                	slli	a4,a4,0x1
    489e:	8d99                	sub	a1,a1,a4
    48a0:	0005d463          	bgez	a1,48a8 <C_Traj_Plan+0x2ea>
    48a4:	4501                	li	a0,0
    48a6:	4581                	li	a1,0
    48a8:	da16                	sw	t0,52(sp)
    48aa:	849ff0ef          	jal	ra,40f2 <Traj_Div_U64>
    48ae:	819ff0ef          	jal	ra,40c6 <Traj_Sqrt_Ceil>
    48b2:	5702                	lw	a4,32(sp)
    48b4:	0522                	slli	a0,a0,0x8
    48b6:	52d2                	lw	t0,52(sp)
    48b8:	40a007b3          	neg	a5,a0
    48bc:	00a75563          	bge	a4,a0,48c6 <C_Traj_Plan+0x308>
    48c0:	47c2                	lw	a5,16(sp)
    48c2:	40f007b3          	neg	a5,a5
    48c6:	4712                	lw	a4,4(sp)
    48c8:	8f1d                	sub	a4,a4,a5
    48ca:	025704b3          	mul	s1,a4,t0
    48ce:	02571733          	mulh	a4,a4,t0
    48d2:	009034b3          	snez	s1,s1
    48d6:	94ba                	add	s1,s1,a4
    48d8:	00904363          	bgtz	s1,48de <C_Traj_Plan+0x320>
    48dc:	4485                	li	s1,1
    48de:	4722                	lw	a4,8(sp)
    48e0:	40f007b3          	neg	a5,a5
    48e4:	02e78433          	mul	s0,a5,a4
    48e8:	02e797b3          	mulh	a5,a5,a4
    48ec:	00803433          	snez	s0,s0
    48f0:	943e                	add	s0,s0,a5
    48f2:	00804363          	bgtz	s0,48f8 <C_Traj_Plan+0x33a>
    48f6:	4405                	li	s0,1
    48f8:	4501                	li	a0,0
    48fa:	a8d5                	j	49ee <C_Traj_Plan+0x430>
    48fc:	47b2                	lw	a5,12(sp)
    48fe:	eb89                	bnez	a5,4910 <C_Traj_Plan+0x352>
    4900:	47d2                	lw	a5,20(sp)
    4902:	ef99                	bnez	a5,4920 <C_Traj_Plan+0x362>
    4904:	5512                	lw	a0,36(sp)
    4906:	c69ff0ef          	jal	ra,456e <C_Traj_Hold>
    490a:	6161                	addi	sp,sp,80
    490c:	fa6fb06f          	j	b2 <__riscv_restore_0>
    4910:	47d2                	lw	a5,20(sp)
    4912:	c23e                	sw	a5,4(sp)
    4914:	4785                	li	a5,1
    4916:	b9ed                	j	4610 <C_Traj_Plan+0x52>
    4918:	d0a04fe3          	bgtz	a0,4636 <C_Traj_Plan+0x78>
    491c:	4505                	li	a0,1
    491e:	bb21                	j	4636 <C_Traj_Plan+0x78>
    4920:	47d2                	lw	a5,20(sp)
    4922:	6511                	lui	a0,0x4
    4924:	72a50513          	addi	a0,a0,1834 # 472a <C_Traj_Plan+0x16c>
    4928:	c23e                	sw	a5,4(sp)
    492a:	4785                	li	a5,1
    492c:	d83e                	sw	a5,48(sp)
    492e:	b321                	j	4636 <C_Traj_Plan+0x78>
    4930:	000807b7          	lui	a5,0x80
    4934:	35c78793          	addi	a5,a5,860 # 8035c <_data_lma+0x793a0>
    4938:	bd3d                	j	4776 <C_Traj_Plan+0x1b8>
    493a:	4612                	lw	a2,4(sp)
    493c:	d402                	sw	zero,40(sp)
    493e:	de09                	beqz	a2,4858 <C_Traj_Plan+0x29a>
    4940:	82ba                	mv	t0,a4
    4942:	bf19                	j	4858 <C_Traj_Plan+0x29a>
    4944:	d402                	sw	zero,40(sp)
    4946:	bf09                	j	4858 <C_Traj_Plan+0x29a>
    4948:	4742                	lw	a4,16(sp)
    494a:	4692                	lw	a3,4(sp)
    494c:	8f15                	sub	a4,a4,a3
    494e:	025704b3          	mul	s1,a4,t0
    4952:	02571733          	mulh	a4,a4,t0
    4956:	009034b3          	snez	s1,s1
    495a:	94ba                	add	s1,s1,a4
    495c:	00904363          	bgtz	s1,4962 <C_Traj_Plan+0x3a4>
    4960:	4485                	li	s1,1
    4962:	56d2                	lw	a3,52(sp)
    4964:	4722                	lw	a4,8(sp)
    4966:	4642                	lw	a2,16(sp)
    4968:	02d70733          	mul	a4,a4,a3
    496c:	46c2                	lw	a3,16(sp)
    496e:	02d585b3          	mul	a1,a1,a3
    4972:	46a2                	lw	a3,8(sp)
    4974:	02c68433          	mul	s0,a3,a2
    4978:	86b2                	mv	a3,a2
    497a:	4622                	lw	a2,8(sp)
    497c:	972e                	add	a4,a4,a1
    497e:	02c6b6b3          	mulhu	a3,a3,a2
    4982:	00803433          	snez	s0,s0
    4986:	9736                	add	a4,a4,a3
    4988:	943a                	add	s0,s0,a4
    498a:	00804363          	bgtz	s0,4990 <C_Traj_Plan+0x3d2>
    498e:	4405                	li	s0,1
    4990:	4712                	lw	a4,4(sp)
    4992:	46c2                	lw	a3,16(sp)
    4994:	41f45593          	srai	a1,s0,0x1f
    4998:	4542                	lw	a0,16(sp)
    499a:	00d70633          	add	a2,a4,a3
    499e:	4742                	lw	a4,16(sp)
    49a0:	029606b3          	mul	a3,a2,s1
    49a4:	02e585b3          	mul	a1,a1,a4
    49a8:	5752                	lw	a4,52(sp)
    49aa:	02e40733          	mul	a4,s0,a4
    49ae:	95ba                	add	a1,a1,a4
    49b0:	4742                	lw	a4,16(sp)
    49b2:	02a43533          	mulhu	a0,s0,a0
    49b6:	02e40733          	mul	a4,s0,a4
    49ba:	952e                	add	a0,a0,a1
    49bc:	02961633          	mulh	a2,a2,s1
    49c0:	9736                	add	a4,a4,a3
    49c2:	00d736b3          	sltu	a3,a4,a3
    49c6:	8345                	srli	a4,a4,0x11
    49c8:	962a                	add	a2,a2,a0
    49ca:	96b2                	add	a3,a3,a2
    49cc:	06be                	slli	a3,a3,0xf
    49ce:	8f55                	or	a4,a4,a3
    49d0:	46b2                	lw	a3,12(sp)
    49d2:	24e6c463          	blt	a3,a4,4c1a <C_Traj_Plan+0x65c>
    49d6:	47c2                	lw	a5,16(sp)
    49d8:	40e68733          	sub	a4,a3,a4
    49dc:	0742                	slli	a4,a4,0x10
    49de:	fff78513          	addi	a0,a5,-1
    49e2:	85be                	mv	a1,a5
    49e4:	953a                	add	a0,a0,a4
    49e6:	da16                	sw	t0,52(sp)
    49e8:	edcfb0ef          	jal	ra,c4 <__hidden___udivsi3>
    49ec:	52d2                	lw	t0,52(sp)
    49ee:	57b2                	lw	a5,44(sp)
    49f0:	9526                	add	a0,a0,s1
    49f2:	00850733          	add	a4,a0,s0
    49f6:	04f75363          	bge	a4,a5,4a3c <C_Traj_Plan+0x47e>
    49fa:	00879513          	slli	a0,a5,0x8
    49fe:	85ba                	mv	a1,a4
    4a00:	c816                	sw	t0,16(sp)
    4a02:	ec2fb0ef          	jal	ra,c4 <__hidden___udivsi3>
    4a06:	02a40433          	mul	s0,s0,a0
    4a0a:	57a2                	lw	a5,40(sp)
    4a0c:	42c2                	lw	t0,16(sp)
    4a0e:	8021                	srli	s0,s0,0x8
    4a10:	28079163          	bnez	a5,4c92 <C_Traj_Plan+0x6d4>
    4a14:	4792                	lw	a5,4(sp)
    4a16:	2607ce63          	bltz	a5,4c92 <C_Traj_Plan+0x6d4>
    4a1a:	02a48533          	mul	a0,s1,a0
    4a1e:	4485                	li	s1,1
    4a20:	8121                	srli	a0,a0,0x8
    4a22:	c111                	beqz	a0,4a26 <C_Traj_Plan+0x468>
    4a24:	84aa                	mv	s1,a0
    4a26:	5732                	lw	a4,44(sp)
    4a28:	008487b3          	add	a5,s1,s0
    4a2c:	00f75463          	bge	a4,a5,4a34 <C_Traj_Plan+0x476>
    4a30:	40970433          	sub	s0,a4,s1
    4a34:	00804363          	bgtz	s0,4a3a <C_Traj_Plan+0x47c>
    4a38:	4405                	li	s0,1
    4a3a:	5732                	lw	a4,44(sp)
    4a3c:	47b2                	lw	a5,12(sp)
    4a3e:	4301                	li	t1,0
    4a40:	87bd                	srai	a5,a5,0xf
    4a42:	d43e                	sw	a5,40(sp)
    4a44:	47b2                	lw	a5,12(sp)
    4a46:	07c6                	slli	a5,a5,0x11
    4a48:	c63e                	sw	a5,12(sp)
    4a4a:	800007b7          	lui	a5,0x80000
    4a4e:	17fd                	addi	a5,a5,-1 # 7fffffff <_eusrstack+0x5fffdfff>
    4a50:	cc3e                	sw	a5,24(sp)
    4a52:	008487b3          	add	a5,s1,s0
    4a56:	d63e                	sw	a5,44(sp)
    4a58:	00f75363          	bge	a4,a5,4a5e <C_Traj_Plan+0x4a0>
    4a5c:	873e                	mv	a4,a5
    4a5e:	4692                	lw	a3,4(sp)
    4a60:	4532                	lw	a0,12(sp)
    4a62:	00171793          	slli	a5,a4,0x1
    4a66:	029683b3          	mul	t2,a3,s1
    4a6a:	8f85                	sub	a5,a5,s1
    4a6c:	40878633          	sub	a2,a5,s0
    4a70:	029695b3          	mulh	a1,a3,s1
    4a74:	46b2                	lw	a3,12(sp)
    4a76:	407686b3          	sub	a3,a3,t2
    4a7a:	00d53533          	sltu	a0,a0,a3
    4a7e:	c836                	sw	a3,16(sp)
    4a80:	56a2                	lw	a3,40(sp)
    4a82:	8e8d                	sub	a3,a3,a1
    4a84:	8e89                	sub	a3,a3,a0
    4a86:	2206d263          	bgez	a3,4caa <C_Traj_Plan+0x6ec>
    4a8a:	4532                	lw	a0,12(sp)
    4a8c:	50a2                	lw	ra,40(sp)
    4a8e:	40a38533          	sub	a0,t2,a0
    4a92:	00a3b3b3          	sltu	t2,t2,a0
    4a96:	401585b3          	sub	a1,a1,ra
    4a9a:	407585b3          	sub	a1,a1,t2
    4a9e:	53fd                	li	t2,-1
    4aa0:	00065663          	bgez	a2,4aac <C_Traj_Plan+0x4ee>
    4aa4:	40f40633          	sub	a2,s0,a5
    4aa8:	407003b3          	neg	t2,t2
    4aac:	c6b6                	sw	a3,76(sp)
    4aae:	c49e                	sw	t2,72(sp)
    4ab0:	c29a                	sw	t1,68(sp)
    4ab2:	c0ba                	sw	a4,64(sp)
    4ab4:	da16                	sw	t0,52(sp)
    4ab6:	e3cff0ef          	jal	ra,40f2 <Traj_Div_U64>
    4aba:	4662                	lw	a2,24(sp)
    4abc:	52d2                	lw	t0,52(sp)
    4abe:	4706                	lw	a4,64(sp)
    4ac0:	4316                	lw	t1,68(sp)
    4ac2:	43a6                	lw	t2,72(sp)
    4ac4:	46b6                	lw	a3,76(sp)
    4ac6:	87aa                	mv	a5,a0
    4ac8:	00a67363          	bgeu	a2,a0,4ace <C_Traj_Plan+0x510>
    4acc:	87b2                	mv	a5,a2
    4ace:	4605                	li	a2,1
    4ad0:	1ec38163          	beq	t2,a2,4cb2 <C_Traj_Plan+0x6f4>
    4ad4:	5582                	lw	a1,32(sp)
    4ad6:	40f00633          	neg	a2,a5
    4ada:	24f5c163          	blt	a1,a5,4d1c <C_Traj_Plan+0x75e>
    4ade:	87b2                	mv	a5,a2
    4ae0:	468d                	li	a3,3
    4ae2:	04d30863          	beq	t1,a3,4b32 <C_Traj_Plan+0x574>
    4ae6:	4692                	lw	a3,4(sp)
    4ae8:	4612                	lw	a2,4(sp)
    4aea:	8e9d                	sub	a3,a3,a5
    4aec:	00f65463          	bge	a2,a5,4af4 <C_Traj_Plan+0x536>
    4af0:	40c786b3          	sub	a3,a5,a2
    4af4:	02568633          	mul	a2,a3,t0
    4af8:	025696b3          	mulh	a3,a3,t0
    4afc:	00c03633          	snez	a2,a2
    4b00:	9636                	add	a2,a2,a3
    4b02:	00c04363          	bgtz	a2,4b08 <C_Traj_Plan+0x54a>
    4b06:	4605                	li	a2,1
    4b08:	41f7d693          	srai	a3,a5,0x1f
    4b0c:	00f6c5b3          	xor	a1,a3,a5
    4b10:	8d95                	sub	a1,a1,a3
    4b12:	46a2                	lw	a3,8(sp)
    4b14:	4522                	lw	a0,8(sp)
    4b16:	02d586b3          	mul	a3,a1,a3
    4b1a:	02a595b3          	mulh	a1,a1,a0
    4b1e:	00d036b3          	snez	a3,a3
    4b22:	96ae                	add	a3,a3,a1
    4b24:	00d04363          	bgtz	a3,4b2a <C_Traj_Plan+0x56c>
    4b28:	4685                	li	a3,1
    4b2a:	1ec4cd63          	blt	s1,a2,4d24 <C_Traj_Plan+0x766>
    4b2e:	1ed44c63          	blt	s0,a3,4d26 <C_Traj_Plan+0x768>
    4b32:	56c2                	lw	a3,48(sp)
    4b34:	4602                	lw	a2,0(sp)
    4b36:	409705b3          	sub	a1,a4,s1
    4b3a:	02d787b3          	mul	a5,a5,a3
    4b3e:	4682                	lw	a3,0(sp)
    4b40:	de64                	sw	s1,124(a2)
    4b42:	8d81                	sub	a1,a1,s0
    4b44:	dadc                	sw	a5,52(a3)
    4b46:	46d2                	lw	a3,20(sp)
    4b48:	40d78333          	sub	t1,a5,a3
    4b4c:	4682                	lw	a3,0(sp)
    4b4e:	c41a                	sw	t1,8(sp)
    4b50:	0466ae23          	sw	t1,92(a3)
    4b54:	40f006b3          	neg	a3,a5
    4b58:	d234                	sw	a3,96(a2)
    4b5a:	08060613          	addi	a2,a2,128
    4b5e:	c618                	sw	a4,8(a2)
    4b60:	4702                	lw	a4,0(sp)
    4b62:	c20c                	sw	a1,0(a2)
    4b64:	c240                	sw	s0,4(a2)
    4b66:	08072623          	sw	zero,140(a4)
    4b6a:	02931633          	mulh	a2,t1,s1
    4b6e:	c236                	sw	a3,4(sp)
    4b70:	02930733          	mul	a4,t1,s1
    4b74:	0646                	slli	a2,a2,0x11
    4b76:	833d                	srli	a4,a4,0xf
    4b78:	8f51                	or	a4,a4,a2
    4b7a:	4602                	lw	a2,0(sp)
    4b7c:	02869533          	mulh	a0,a3,s0
    4b80:	01275393          	srli	t2,a4,0x12
    4b84:	c678                	sw	a4,76(a2)
    4b86:	02868633          	mul	a2,a3,s0
    4b8a:	4682                	lw	a3,0(sp)
    4b8c:	0546                	slli	a0,a0,0x11
    4b8e:	823d                	srli	a2,a2,0xf
    4b90:	8e49                	or	a2,a2,a0
    4b92:	cab0                	sw	a2,80(a3)
    4b94:	46d2                	lw	a3,20(sp)
    4b96:	41f75513          	srai	a0,a4,0x1f
    4b9a:	053a                	slli	a0,a0,0xe
    4b9c:	02d48633          	mul	a2,s1,a3
    4ba0:	073a                	slli	a4,a4,0xe
    4ba2:	00a3e533          	or	a0,t2,a0
    4ba6:	02d492b3          	mulh	t0,s1,a3
    4baa:	9732                	add	a4,a4,a2
    4bac:	00c73633          	sltu	a2,a4,a2
    4bb0:	8341                	srli	a4,a4,0x10
    4bb2:	5692                	lw	a3,36(sp)
    4bb4:	92aa                	add	t0,t0,a0
    4bb6:	9616                	add	a2,a2,t0
    4bb8:	0642                	slli	a2,a2,0x10
    4bba:	8f51                	or	a4,a4,a2
    4bbc:	02b78633          	mul	a2,a5,a1
    4bc0:	9736                	add	a4,a4,a3
    4bc2:	4682                	lw	a3,0(sp)
    4bc4:	40000537          	lui	a0,0x40000
    4bc8:	de98                	sw	a4,56(a3)
    4bca:	02b797b3          	mulh	a5,a5,a1
    4bce:	8241                	srli	a2,a2,0x10
    4bd0:	4581                	li	a1,0
    4bd2:	07c2                	slli	a5,a5,0x10
    4bd4:	8e5d                	or	a2,a2,a5
    4bd6:	9732                	add	a4,a4,a2
    4bd8:	ded8                	sw	a4,60(a3)
    4bda:	4772                	lw	a4,28(sp)
    4bdc:	8626                	mv	a2,s1
    4bde:	c2b8                	sw	a4,64(a3)
    4be0:	d12ff0ef          	jal	ra,40f2 <Traj_Div_U64>
    4be4:	4782                	lw	a5,0(sp)
    4be6:	8622                	mv	a2,s0
    4be8:	84aa                	mv	s1,a0
    4bea:	c3e8                	sw	a0,68(a5)
    4bec:	4581                	li	a1,0
    4bee:	40000537          	lui	a0,0x40000
    4bf2:	d00ff0ef          	jal	ra,40f2 <Traj_Div_U64>
    4bf6:	4782                	lw	a5,0(sp)
    4bf8:	4322                	lw	t1,8(sp)
    4bfa:	842a                	mv	s0,a0
    4bfc:	c7a8                	sw	a0,72(a5)
    4bfe:	85a6                	mv	a1,s1
    4c00:	851a                	mv	a0,t1
    4c02:	d58ff0ef          	jal	ra,415a <Traj_Acc_Coef>
    4c06:	4782                	lw	a5,0(sp)
    4c08:	4692                	lw	a3,4(sp)
    4c0a:	85a2                	mv	a1,s0
    4c0c:	cbe8                	sw	a0,84(a5)
    4c0e:	8536                	mv	a0,a3
    4c10:	d4aff0ef          	jal	ra,415a <Traj_Acc_Coef>
    4c14:	4782                	lw	a5,0(sp)
    4c16:	cfa8                	sw	a0,88(a5)
    4c18:	b9cd                	j	490a <C_Traj_Plan+0x34c>
    4c1a:	02578533          	mul	a0,a5,t0
    4c1e:	41f7d693          	srai	a3,a5,0x1f
    4c22:	da16                	sw	t0,52(sp)
    4c24:	02579733          	mulh	a4,a5,t0
    4c28:	02a686b3          	mul	a3,a3,a0
    4c2c:	02f70733          	mul	a4,a4,a5
    4c30:	9736                	add	a4,a4,a3
    4c32:	02f536b3          	mulhu	a3,a0,a5
    4c36:	02f50533          	mul	a0,a0,a5
    4c3a:	9736                	add	a4,a4,a3
    4c3c:	46b2                	lw	a3,12(sp)
    4c3e:	00169593          	slli	a1,a3,0x1
    4c42:	46a2                	lw	a3,8(sp)
    4c44:	95ba                	add	a1,a1,a4
    4c46:	00568633          	add	a2,a3,t0
    4c4a:	ca8ff0ef          	jal	ra,40f2 <Traj_Div_U64>
    4c4e:	c78ff0ef          	jal	ra,40c6 <Traj_Sqrt_Ceil>
    4c52:	5782                	lw	a5,32(sp)
    4c54:	0522                	slli	a0,a0,0x8
    4c56:	52d2                	lw	t0,52(sp)
    4c58:	00a7d363          	bge	a5,a0,4c5e <C_Traj_Plan+0x6a0>
    4c5c:	4542                	lw	a0,16(sp)
    4c5e:	4792                	lw	a5,4(sp)
    4c60:	4712                	lw	a4,4(sp)
    4c62:	8f89                	sub	a5,a5,a0
    4c64:	00a75463          	bge	a4,a0,4c6c <C_Traj_Plan+0x6ae>
    4c68:	40e507b3          	sub	a5,a0,a4
    4c6c:	025784b3          	mul	s1,a5,t0
    4c70:	025797b3          	mulh	a5,a5,t0
    4c74:	009034b3          	snez	s1,s1
    4c78:	94be                	add	s1,s1,a5
    4c7a:	00904363          	bgtz	s1,4c80 <C_Traj_Plan+0x6c2>
    4c7e:	4485                	li	s1,1
    4c80:	47a2                	lw	a5,8(sp)
    4c82:	02f50433          	mul	s0,a0,a5
    4c86:	02f51533          	mulh	a0,a0,a5
    4c8a:	00803433          	snez	s0,s0
    4c8e:	942a                	add	s0,s0,a0
    4c90:	b18d                	j	48f2 <C_Traj_Plan+0x334>
    4c92:	47e2                	lw	a5,24(sp)
    4c94:	025784b3          	mul	s1,a5,t0
    4c98:	025797b3          	mulh	a5,a5,t0
    4c9c:	009034b3          	snez	s1,s1
    4ca0:	94be                	add	s1,s1,a5
    4ca2:	d89042e3          	bgtz	s1,4a26 <C_Traj_Plan+0x468>
    4ca6:	4485                	li	s1,1
    4ca8:	bbbd                	j	4a26 <C_Traj_Plan+0x468>
    4caa:	4542                	lw	a0,16(sp)
    4cac:	85b6                	mv	a1,a3
    4cae:	4385                	li	t2,1
    4cb0:	bbc5                	j	4aa0 <C_Traj_Plan+0x4e2>
    4cb2:	5602                	lw	a2,32(sp)
    4cb4:	e2f656e3          	bge	a2,a5,4ae0 <C_Traj_Plan+0x522>
    4cb8:	c0be                	sw	a5,64(sp)
    4cba:	47c2                	lw	a5,16(sp)
    4cbc:	41f6d513          	srai	a0,a3,0x1f
    4cc0:	00d54633          	xor	a2,a0,a3
    4cc4:	00f543b3          	xor	t2,a0,a5
    4cc8:	57e2                	lw	a5,56(sp)
    4cca:	40a385b3          	sub	a1,t2,a0
    4cce:	8e09                	sub	a2,a2,a0
    4cd0:	00f58533          	add	a0,a1,a5
    4cd4:	57f2                	lw	a5,60(sp)
    4cd6:	00b3b6b3          	sltu	a3,t2,a1
    4cda:	8e15                	sub	a2,a2,a3
    4cdc:	963e                	add	a2,a2,a5
    4cde:	00b536b3          	sltu	a3,a0,a1
    4ce2:	96b2                	add	a3,a3,a2
    4ce4:	5662                	lw	a2,56(sp)
    4ce6:	00153593          	seqz	a1,a0
    4cea:	40b685b3          	sub	a1,a3,a1
    4cee:	157d                	addi	a0,a0,-1 # 3fffffff <_eusrstack+0x1fffdfff>
    4cf0:	c49a                	sw	t1,72(sp)
    4cf2:	c2ba                	sw	a4,68(sp)
    4cf4:	da16                	sw	t0,52(sp)
    4cf6:	bfcff0ef          	jal	ra,40f2 <Traj_Div_U64>
    4cfa:	57b2                	lw	a5,44(sp)
    4cfc:	4716                	lw	a4,68(sp)
    4cfe:	52d2                	lw	t0,52(sp)
    4d00:	00178693          	addi	a3,a5,1
    4d04:	9536                	add	a0,a0,a3
    4d06:	8105                	srli	a0,a0,0x1
    4d08:	4786                	lw	a5,64(sp)
    4d0a:	4326                	lw	t1,72(sp)
    4d0c:	02a74b63          	blt	a4,a0,4d42 <C_Traj_Plan+0x784>
    4d10:	00f04863          	bgtz	a5,4d20 <C_Traj_Plan+0x762>
    4d14:	5782                	lw	a5,32(sp)
    4d16:	40f007b3          	neg	a5,a5
    4d1a:	b3d9                	j	4ae0 <C_Traj_Plan+0x522>
    4d1c:	87b2                	mv	a5,a2
    4d1e:	bf69                	j	4cb8 <C_Traj_Plan+0x6fa>
    4d20:	5782                	lw	a5,32(sp)
    4d22:	bb7d                	j	4ae0 <C_Traj_Plan+0x522>
    4d24:	84b2                	mv	s1,a2
    4d26:	00d45363          	bge	s0,a3,4d2c <C_Traj_Plan+0x76e>
    4d2a:	8436                	mv	s0,a3
    4d2c:	008487b3          	add	a5,s1,s0
    4d30:	0305                	addi	t1,t1,1
    4d32:	d2f750e3          	bge	a4,a5,4a52 <C_Traj_Plan+0x494>
    4d36:	409707b3          	sub	a5,a4,s1
    4d3a:	d0d7cce3          	blt	a5,a3,4a52 <C_Traj_Plan+0x494>
    4d3e:	843e                	mv	s0,a5
    4d40:	bb09                	j	4a52 <C_Traj_Plan+0x494>
    4d42:	0305                	addi	t1,t1,1
    4d44:	4711                	li	a4,4
    4d46:	00e30463          	beq	t1,a4,4d4e <C_Traj_Plan+0x790>
    4d4a:	872a                	mv	a4,a0
    4d4c:	b319                	j	4a52 <C_Traj_Plan+0x494>
    4d4e:	872a                	mv	a4,a0
    4d50:	b3cd                	j	4b32 <C_Traj_Plan+0x574>

00004d52 <C_Traj_Step>:
    4d52:	16050e63          	beqz	a0,4ece <C_Traj_Step+0x17c>
    4d56:	b52fb2ef          	jal	t0,a8 <__riscv_save_0>
    4d5a:	a1018713          	addi	a4,gp,-1520 # 200002a0 <s_tj>
    4d5e:	08c72783          	lw	a5,140(a4)
    4d62:	08872683          	lw	a3,136(a4)
    4d66:	7179                	addi	sp,sp,-48
    4d68:	82aa                	mv	t0,a0
    4d6a:	a1018413          	addi	s0,gp,-1520 # 200002a0 <s_tj>
    4d6e:	00d7dc63          	bge	a5,a3,4d86 <C_Traj_Step+0x34>
    4d72:	c599                	beqz	a1,4d80 <C_Traj_Step+0x2e>
    4d74:	5c78                	lw	a4,124(s0)
    4d76:	08042603          	lw	a2,128(s0)
    4d7a:	9732                	add	a4,a4,a2
    4d7c:	00e7c563          	blt	a5,a4,4d86 <C_Traj_Step+0x34>
    4d80:	0785                	addi	a5,a5,1
    4d82:	08f42623          	sw	a5,140(s0)
    4d86:	08c42383          	lw	t2,140(s0)
    4d8a:	02d3c963          	blt	t2,a3,4dbc <C_Traj_Step+0x6a>
    4d8e:	4034                	lw	a3,64(s0)
    4d90:	09042783          	lw	a5,144(s0)
    4d94:	09442703          	lw	a4,148(s0)
    4d98:	00f6c663          	blt	a3,a5,4da4 <C_Traj_Step+0x52>
    4d9c:	87b6                	mv	a5,a3
    4d9e:	00d75363          	bge	a4,a3,4da4 <C_Traj_Step+0x52>
    4da2:	87ba                	mv	a5,a4
    4da4:	c01c                	sw	a5,0(s0)
    4da6:	00042223          	sw	zero,4(s0)
    4daa:	00f2a023          	sw	a5,0(t0)
    4dae:	0002a223          	sw	zero,4(t0)
    4db2:	0002a423          	sw	zero,8(t0)
    4db6:	6145                	addi	sp,sp,48
    4db8:	afafb06f          	j	b2 <__riscv_restore_0>
    4dbc:	5c64                	lw	s1,124(s0)
    4dbe:	08042783          	lw	a5,128(s0)
    4dc2:	00f48733          	add	a4,s1,a5
    4dc6:	ca3a                	sw	a4,20(sp)
    4dc8:	0a74cb63          	blt	s1,t2,4e7e <C_Traj_Step+0x12c>
    4dcc:	545c                	lw	a5,44(s0)
    4dce:	03042303          	lw	t1,48(s0)
    4dd2:	4068                	lw	a0,68(s0)
    4dd4:	c83e                	sw	a5,16(sp)
    4dd6:	4c7c                	lw	a5,92(s0)
    4dd8:	506c                	lw	a1,100(s0)
    4dda:	5470                	lw	a2,108(s0)
    4ddc:	c23e                	sw	a5,4(sp)
    4dde:	447c                	lw	a5,76(s0)
    4de0:	5874                	lw	a3,116(s0)
    4de2:	849e                	mv	s1,t2
    4de4:	c43e                	sw	a5,8(sp)
    4de6:	487c                	lw	a5,84(s0)
    4de8:	c63e                	sw	a5,12(sp)
    4dea:	02a48533          	mul	a0,s1,a0
    4dee:	67a1                	lui	a5,0x8
    4df0:	813d                	srli	a0,a0,0xf
    4df2:	00a7f363          	bgeu	a5,a0,4df8 <C_Traj_Step+0xa6>
    4df6:	6521                	lui	a0,0x8
    4df8:	107c                	addi	a5,sp,44
    4dfa:	c03e                	sw	a5,0(sp)
    4dfc:	1058                	addi	a4,sp,36
    4dfe:	103c                	addi	a5,sp,40
    4e00:	d016                	sw	t0,32(sp)
    4e02:	ce1a                	sw	t1,28(sp)
    4e04:	cc1e                	sw	t2,24(sp)
    4e06:	c08ff0ef          	jal	ra,420e <Traj_SCurve>
    4e0a:	5732                	lw	a4,44(sp)
    4e0c:	46b2                	lw	a3,12(sp)
    4e0e:	47b2                	lw	a5,12(sp)
    4e10:	4372                	lw	t1,28(sp)
    4e12:	02e69633          	mulh	a2,a3,a4
    4e16:	4692                	lw	a3,4(sp)
    4e18:	43e2                	lw	t2,24(sp)
    4e1a:	5282                	lw	t0,32(sp)
    4e1c:	02e787b3          	mul	a5,a5,a4
    4e20:	0646                	slli	a2,a2,0x11
    4e22:	5712                	lw	a4,36(sp)
    4e24:	83bd                	srli	a5,a5,0xf
    4e26:	8e5d                	or	a2,a2,a5
    4e28:	4792                	lw	a5,4(sp)
    4e2a:	02e787b3          	mul	a5,a5,a4
    4e2e:	02e69733          	mulh	a4,a3,a4
    4e32:	83bd                	srli	a5,a5,0xf
    4e34:	46a2                	lw	a3,8(sp)
    4e36:	0746                	slli	a4,a4,0x11
    4e38:	8fd9                	or	a5,a5,a4
    4e3a:	979a                	add	a5,a5,t1
    4e3c:	4722                	lw	a4,8(sp)
    4e3e:	c05c                	sw	a5,4(s0)
    4e40:	57a2                	lw	a5,40(sp)
    4e42:	02f70733          	mul	a4,a4,a5
    4e46:	02f696b3          	mulh	a3,a3,a5
    4e4a:	029307b3          	mul	a5,t1,s1
    4e4e:	02931333          	mulh	t1,t1,s1
    4e52:	97ba                	add	a5,a5,a4
    4e54:	00e7b733          	sltu	a4,a5,a4
    4e58:	83c1                	srli	a5,a5,0x10
    4e5a:	969a                	add	a3,a3,t1
    4e5c:	9736                	add	a4,a4,a3
    4e5e:	0742                	slli	a4,a4,0x10
    4e60:	8fd9                	or	a5,a5,a4
    4e62:	4742                	lw	a4,16(sp)
    4e64:	00f705b3          	add	a1,a4,a5
    4e68:	47d2                	lw	a5,20(sp)
    4e6a:	0277dd63          	bge	a5,t2,4ea4 <C_Traj_Step+0x152>
    4e6e:	5858                	lw	a4,52(s0)
    4e70:	403c                	lw	a5,64(s0)
    4e72:	04074b63          	bltz	a4,4ec8 <C_Traj_Step+0x176>
    4e76:	02b7d763          	bge	a5,a1,4ea4 <C_Traj_Step+0x152>
    4e7a:	85be                	mv	a1,a5
    4e7c:	a025                	j	4ea4 <C_Traj_Step+0x152>
    4e7e:	4752                	lw	a4,20(sp)
    4e80:	03442303          	lw	t1,52(s0)
    4e84:	409384b3          	sub	s1,t2,s1
    4e88:	02774263          	blt	a4,t2,4eac <C_Traj_Step+0x15a>
    4e8c:	026487b3          	mul	a5,s1,t1
    4e90:	5c0c                	lw	a1,56(s0)
    4e92:	00642223          	sw	t1,4(s0)
    4e96:	4601                	li	a2,0
    4e98:	026494b3          	mulh	s1,s1,t1
    4e9c:	83c1                	srli	a5,a5,0x10
    4e9e:	04c2                	slli	s1,s1,0x10
    4ea0:	8fc5                	or	a5,a5,s1
    4ea2:	95be                	add	a1,a1,a5
    4ea4:	8516                	mv	a0,t0
    4ea6:	b2aff0ef          	jal	ra,41d0 <Traj_Emit>
    4eaa:	b731                	j	4db6 <C_Traj_Step+0x64>
    4eac:	8c9d                	sub	s1,s1,a5
    4eae:	5c5c                	lw	a5,60(s0)
    4eb0:	4428                	lw	a0,72(s0)
    4eb2:	542c                	lw	a1,104(s0)
    4eb4:	c83e                	sw	a5,16(sp)
    4eb6:	503c                	lw	a5,96(s0)
    4eb8:	5830                	lw	a2,112(s0)
    4eba:	5c34                	lw	a3,120(s0)
    4ebc:	c23e                	sw	a5,4(sp)
    4ebe:	483c                	lw	a5,80(s0)
    4ec0:	c43e                	sw	a5,8(sp)
    4ec2:	4c3c                	lw	a5,88(s0)
    4ec4:	c63e                	sw	a5,12(sp)
    4ec6:	b715                	j	4dea <C_Traj_Step+0x98>
    4ec8:	fcf5dee3          	bge	a1,a5,4ea4 <C_Traj_Step+0x152>
    4ecc:	b77d                	j	4e7a <C_Traj_Step+0x128>
    4ece:	8082                	ret

00004ed0 <C_Traj_Is_Done>:
    4ed0:	a1018793          	addi	a5,gp,-1520 # 200002a0 <s_tj>
    4ed4:	08c7a503          	lw	a0,140(a5) # 808c <_data_lma+0x10d0>
    4ed8:	0887a783          	lw	a5,136(a5)
    4edc:	00f52533          	slt	a0,a0,a5
    4ee0:	00154513          	xori	a0,a0,1
    4ee4:	8082                	ret

00004ee6 <C_Traj_Get_Ticks>:
    4ee6:	a981a503          	lw	a0,-1384(gp) # 20000328 <s_tj+0x88>
    4eea:	67c1                	lui	a5,0x10
    4eec:	00f54463          	blt	a0,a5,4ef4 <C_Traj_Get_Ticks+0xe>
    4ef0:	fff78513          	addi	a0,a5,-1 # ffff <_data_lma+0x9043>
    4ef4:	0542                	slli	a0,a0,0x10
    4ef6:	8141                	srli	a0,a0,0x10
    4ef8:	8082                	ret

00004efa <A_Config_MarkDirty>:
    4efa:	4705                	li	a4,1
    4efc:	aae18623          	sb	a4,-1364(gp) # 2000033c <s_dirty>
    4f00:	aa81a783          	lw	a5,-1368(gp) # 20000338 <s_save_event>
    4f04:	c391                	beqz	a5,4f08 <A_Config_MarkDirty+0xe>
    4f06:	a398                	sb	a4,0(a5)
    4f08:	8082                	ret

00004f0a <A_Config_Default>:
    4f0a:	5dc00693          	li	a3,1500
    4f0e:	ab418713          	addi	a4,gp,-1356 # 20000344 <g_config>
    4f12:	aad1aa23          	sw	a3,-1356(gp) # 20000344 <g_config>
    4f16:	2718                	lbu	a4,8(a4)
    4f18:	ab418793          	addi	a5,gp,-1356 # 20000344 <g_config>
    4f1c:	c111                	beqz	a0,4f20 <A_Config_Default+0x16>
    4f1e:	853a                	mv	a0,a4
    4f20:	4705                	li	a4,1
    4f22:	b798                	sb	a4,9(a5)
    4f24:	20500713          	li	a4,517
    4f28:	a7ba                	sh	a4,10(a5)
    4f2a:	06400713          	li	a4,100
    4f2e:	a788                	sb	a0,8(a5)
    4f30:	0007a223          	sw	zero,4(a5)
    4f34:	a7da                	sh	a4,12(a5)
    4f36:	fc5ff06f          	j	4efa <A_Config_MarkDirty>

00004f3a <A_Config_BindSaveEvent>:
    4f3a:	aaa1a423          	sw	a0,-1368(gp) # 20000338 <s_save_event>
    4f3e:	aac1c783          	lbu	a5,-1364(gp) # 2000033c <s_dirty>
    4f42:	c781                	beqz	a5,4f4a <A_Config_BindSaveEvent+0x10>
    4f44:	c119                	beqz	a0,4f4a <A_Config_BindSaveEvent+0x10>
    4f46:	4785                	li	a5,1
    4f48:	a11c                	sb	a5,0(a0)
    4f4a:	8082                	ret

00004f4c <A_Config_SaveTask>:
    4f4c:	95cfb2ef          	jal	t0,a8 <__riscv_save_0>
    4f50:	aac1c783          	lbu	a5,-1364(gp) # 2000033c <s_dirty>
    4f54:	c38d                	beqz	a5,4f76 <A_Config_SaveTask+0x2a>
    4f56:	ab01a603          	lw	a2,-1360(gp) # 20000340 <s_sequence>
    4f5a:	45b9                	li	a1,14
    4f5c:	0605                	addi	a2,a2,1
    4f5e:	ab418513          	addi	a0,gp,-1356 # 20000344 <g_config>
    4f62:	bd8fb0ef          	jal	ra,33a <FLASH_Config_Save>
    4f66:	c901                	beqz	a0,4f76 <A_Config_SaveTask+0x2a>
    4f68:	ab01a783          	lw	a5,-1360(gp) # 20000340 <s_sequence>
    4f6c:	aa018623          	sb	zero,-1364(gp) # 2000033c <s_dirty>
    4f70:	0785                	addi	a5,a5,1
    4f72:	aaf1a823          	sw	a5,-1360(gp) # 20000340 <s_sequence>
    4f76:	93cfb06f          	j	b2 <__riscv_restore_0>

00004f7a <A_Config_Init>:
    4f7a:	92efb2ef          	jal	t0,a8 <__riscv_save_0>
    4f7e:	ab018613          	addi	a2,gp,-1360 # 20000340 <s_sequence>
    4f82:	45b9                	li	a1,14
    4f84:	ab418513          	addi	a0,gp,-1356 # 20000344 <g_config>
    4f88:	b4cfb0ef          	jal	ra,2d4 <FLASH_Config_Load>
    4f8c:	c541                	beqz	a0,5014 <A_Config_Init+0x9a>
    4f8e:	ab41d703          	lhu	a4,-1356(gp) # 20000344 <g_config>
    4f92:	7d000693          	li	a3,2000
    4f96:	ab418793          	addi	a5,gp,-1356 # 20000344 <g_config>
    4f9a:	e0c70713          	addi	a4,a4,-500
    4f9e:	0742                	slli	a4,a4,0x10
    4fa0:	8341                	srli	a4,a4,0x10
    4fa2:	06e6e963          	bltu	a3,a4,5014 <A_Config_Init+0x9a>
    4fa6:	23b6                	lhu	a3,2(a5)
    4fa8:	6725                	lui	a4,0x9
    4faa:	c9f70713          	addi	a4,a4,-865 # 8c9f <_data_lma+0x1ce3>
    4fae:	06d76363          	bltu	a4,a3,5014 <A_Config_Init+0x9a>
    4fb2:	2790                	lbu	a2,8(a5)
    4fb4:	0ff00693          	li	a3,255
    4fb8:	04d60e63          	beq	a2,a3,5014 <A_Config_Init+0x9a>
    4fbc:	3790                	lbu	a2,9(a5)
    4fbe:	45a9                	li	a1,10
    4fc0:	fff60693          	addi	a3,a2,-1
    4fc4:	0ff6f693          	zext.b	a3,a3
    4fc8:	04d5e663          	bltu	a1,a3,5014 <A_Config_Init+0x9a>
    4fcc:	23d6                	lhu	a3,4(a5)
    4fce:	04d76363          	bltu	a4,a3,5014 <A_Config_Init+0x9a>
    4fd2:	23f6                	lhu	a3,6(a5)
    4fd4:	04d76063          	bltu	a4,a3,5014 <A_Config_Init+0x9a>
    4fd8:	37cc                	lbu	a1,13(a5)
    4fda:	4705                	li	a4,1
    4fdc:	02b76c63          	bltu	a4,a1,5014 <A_Config_Init+0x9a>
    4fe0:	472d                	li	a4,11
    4fe2:	00e61663          	bne	a2,a4,4fee <A_Config_Init+0x74>
    4fe6:	06300713          	li	a4,99
    4fea:	02d77563          	bgeu	a4,a3,5014 <A_Config_Init+0x9a>
    4fee:	27b8                	lbu	a4,10(a5)
    4ff0:	469d                	li	a3,7
    4ff2:	177d                	addi	a4,a4,-1
    4ff4:	0ff77713          	zext.b	a4,a4
    4ff8:	00e6ee63          	bltu	a3,a4,5014 <A_Config_Init+0x9a>
    4ffc:	37b8                	lbu	a4,11(a5)
    4ffe:	4689                	li	a3,2
    5000:	177d                	addi	a4,a4,-1
    5002:	0ff77713          	zext.b	a4,a4
    5006:	00e6e763          	bltu	a3,a4,5014 <A_Config_Init+0x9a>
    500a:	27d8                	lbu	a4,12(a5)
    500c:	06400793          	li	a5,100
    5010:	00e7f763          	bgeu	a5,a4,501e <A_Config_Init+0xa4>
    5014:	4501                	li	a0,0
    5016:	ef5ff0ef          	jal	ra,4f0a <A_Config_Default>
    501a:	f33ff0ef          	jal	ra,4f4c <A_Config_SaveTask>
    501e:	894fb06f          	j	b2 <__riscv_restore_0>

00005022 <A_Config_Baudrate>:
    5022:	abe1c783          	lbu	a5,-1346(gp) # 2000034e <g_config+0xa>
    5026:	469d                	li	a3,7
    5028:	4711                	li	a4,4
    502a:	17fd                	addi	a5,a5,-1
    502c:	0ff7f613          	zext.b	a2,a5
    5030:	00c6e363          	bltu	a3,a2,5036 <A_Config_Baudrate+0x14>
    5034:	873e                	mv	a4,a5
    5036:	679d                	lui	a5,0x7
    5038:	070a                	slli	a4,a4,0x2
    503a:	db078793          	addi	a5,a5,-592 # 6db0 <baud.0>
    503e:	97ba                	add	a5,a5,a4
    5040:	4388                	lw	a0,0(a5)
    5042:	8082                	ret

00005044 <Protect_ApplyTorqueSetting>:
    5044:	864fb2ef          	jal	t0,a8 <__riscv_save_0>
    5048:	ac01c703          	lbu	a4,-1344(gp) # 20000350 <g_config+0xc>
    504c:	06400693          	li	a3,100
    5050:	06400793          	li	a5,100
    5054:	00e6e363          	bltu	a3,a4,505a <Protect_ApplyTorqueSetting+0x16>
    5058:	87ba                	mv	a5,a4
    505a:	ac418713          	addi	a4,gp,-1340 # 20000354 <s_prot>
    505e:	0ff7f413          	zext.b	s0,a5
    5062:	a33c                	sb	a5,2(a4)
    5064:	6785                	lui	a5,0x1
    5066:	bb878513          	addi	a0,a5,-1096 # bb8 <FLASH_Unlock_Fast+0x1c>
    506a:	02a40533          	mul	a0,s0,a0
    506e:	06400593          	li	a1,100
    5072:	852fb0ef          	jal	ra,c4 <__hidden___udivsi3>
    5076:	6785                	lui	a5,0x1
    5078:	96078793          	addi	a5,a5,-1696 # 960 <ADC_InjectedChannelConfig+0x3c>
    507c:	02f40433          	mul	s0,s0,a5
    5080:	ac418713          	addi	a4,gp,-1340 # 20000354 <s_prot>
    5084:	a72a                	sh	a0,10(a4)
    5086:	06300793          	li	a5,99
    508a:	ac418493          	addi	s1,gp,-1340 # 20000354 <s_prot>
    508e:	4505                	li	a0,1
    5090:	0087f963          	bgeu	a5,s0,50a2 <Protect_ApplyTorqueSetting+0x5e>
    5094:	06400593          	li	a1,100
    5098:	8522                	mv	a0,s0
    509a:	82afb0ef          	jal	ra,c4 <__hidden___udivsi3>
    509e:	0542                	slli	a0,a0,0x10
    50a0:	8541                	srai	a0,a0,0x10
    50a2:	a4ca                	sh	a0,12(s1)
    50a4:	2981                	jal	54f4 <A_Servo_SetOutputLimit>
    50a6:	80cfb06f          	j	b2 <__riscv_restore_0>

000050aa <A_Protect_SetTorque>:
    50aa:	06400793          	li	a5,100
    50ae:	00a7ed63          	bltu	a5,a0,50c8 <A_Protect_SetTorque+0x1e>
    50b2:	ff7fa2ef          	jal	t0,a8 <__riscv_save_0>
    50b6:	aca18023          	sb	a0,-1344(gp) # 20000350 <g_config+0xc>
    50ba:	e41ff0ef          	jal	ra,4efa <A_Config_MarkDirty>
    50be:	f87ff0ef          	jal	ra,5044 <Protect_ApplyTorqueSetting>
    50c2:	4505                	li	a0,1
    50c4:	feffa06f          	j	b2 <__riscv_restore_0>
    50c8:	4501                	li	a0,0
    50ca:	8082                	ret

000050cc <A_Protect_GetTorque>:
    50cc:	ac61c503          	lbu	a0,-1338(gp) # 20000356 <s_prot+0x2>
    50d0:	8082                	ret

000050d2 <A_Protect_Fault>:
    50d2:	ac41c503          	lbu	a0,-1340(gp) # 20000354 <s_prot>
    50d6:	8082                	ret

000050d8 <A_Protect_Init>:
    50d8:	ac418793          	addi	a5,gp,-1340 # 20000354 <s_prot>
    50dc:	0007a023          	sw	zero,0(a5)
    50e0:	0007a223          	sw	zero,4(a5)
    50e4:	0007a423          	sw	zero,8(a5)
    50e8:	00079623          	sh	zero,12(a5)
    50ec:	f59ff06f          	j	5044 <Protect_ApplyTorqueSetting>

000050f0 <A_Protect_Task>:
    50f0:	fb9fa2ef          	jal	t0,a8 <__riscv_save_0>
    50f4:	ac418793          	addi	a5,gp,-1340 # 20000354 <s_prot>
    50f8:	ac01c703          	lbu	a4,-1344(gp) # 20000350 <g_config+0xc>
    50fc:	23bc                	lbu	a5,2(a5)
    50fe:	1141                	addi	sp,sp,-16
    5100:	00011123          	sh	zero,2(sp)
    5104:	ac418413          	addi	s0,gp,-1340 # 20000354 <s_prot>
    5108:	00f70463          	beq	a4,a5,5110 <A_Protect_Task+0x20>
    510c:	f39ff0ef          	jal	ra,5044 <Protect_ApplyTorqueSetting>
    5110:	00210513          	addi	a0,sp,2
    5114:	2ae1                	jal	52ec <A_Current_Read>
    5116:	241e                	lhu	a5,8(s0)
    5118:	8134                	lhu	a3,2(sp)
    511a:	c3b1                	beqz	a5,515e <A_Protect_Task+0x6e>
    511c:	17fd                	addi	a5,a5,-1
    511e:	07c2                	slli	a5,a5,0x10
    5120:	83c1                	srli	a5,a5,0x10
    5122:	a41e                	sh	a5,8(s0)
    5124:	e781                	bnez	a5,512c <A_Protect_Task+0x3c>
    5126:	201c                	lbu	a5,0(s0)
    5128:	9bf5                	andi	a5,a5,-3
    512a:	a01c                	sb	a5,0(s0)
    512c:	203c                	lbu	a5,2(s0)
    512e:	00c41703          	lh	a4,12(s0)
    5132:	cfa1                	beqz	a5,518a <A_Protect_Task+0x9a>
    5134:	87ba                	mv	a5,a4
    5136:	c92d                	beqz	a0,51a8 <A_Protect_Task+0xb8>
    5138:	2432                	lhu	a2,10(s0)
    513a:	0ad67f63          	bgeu	a2,a3,51f8 <A_Protect_Task+0x108>
    513e:	8e91                	sub	a3,a3,a2
    5140:	460d                	li	a2,3
    5142:	4785                	li	a5,1
    5144:	00d65a63          	bge	a2,a3,5158 <A_Protect_Task+0x68>
    5148:	64300613          	li	a2,1603
    514c:	19000793          	li	a5,400
    5150:	00d64463          	blt	a2,a3,5158 <A_Protect_Task+0x68>
    5154:	4026d793          	srai	a5,a3,0x2
    5158:	40f707b3          	sub	a5,a4,a5
    515c:	a0b1                	j	51a8 <A_Protect_Task+0xb8>
    515e:	00c41703          	lh	a4,12(s0)
    5162:	202c                	lbu	a1,2(s0)
    5164:	87ba                	mv	a5,a4
    5166:	cd15                	beqz	a0,51a2 <A_Protect_Task+0xb2>
    5168:	6605                	lui	a2,0x1
    516a:	bb860613          	addi	a2,a2,-1096 # bb8 <FLASH_Unlock_Fast+0x1c>
    516e:	02d67763          	bgeu	a2,a3,519c <A_Protect_Task+0xac>
    5172:	3030                	lbu	a2,3(s0)
    5174:	4509                	li	a0,2
    5176:	00c56c63          	bltu	a0,a2,518e <A_Protect_Task+0x9e>
    517a:	0605                	addi	a2,a2,1
    517c:	0ff67613          	zext.b	a2,a2
    5180:	b030                	sb	a2,3(s0)
    5182:	450d                	li	a0,3
    5184:	00a60563          	beq	a2,a0,518e <A_Protect_Task+0x9e>
    5188:	f9c5                	bnez	a1,5138 <A_Protect_Task+0x48>
    518a:	4785                	li	a5,1
    518c:	a051                	j	5210 <A_Protect_Task+0x120>
    518e:	2010                	lbu	a2,0(s0)
    5190:	00266613          	ori	a2,a2,2
    5194:	a010                	sb	a2,0(s0)
    5196:	03200613          	li	a2,50
    519a:	a412                	sh	a2,8(s0)
    519c:	000401a3          	sb	zero,3(s0)
    51a0:	b7e5                	j	5188 <A_Protect_Task+0x98>
    51a2:	000401a3          	sb	zero,3(s0)
    51a6:	d1f5                	beqz	a1,518a <A_Protect_Task+0x9a>
    51a8:	4505                	li	a0,1
    51aa:	06f04363          	bgtz	a5,5210 <A_Protect_Task+0x120>
    51ae:	0542                	slli	a0,a0,0x10
    51b0:	8541                	srai	a0,a0,0x10
    51b2:	00e50463          	beq	a0,a4,51ba <A_Protect_Task+0xca>
    51b6:	a44a                	sh	a0,12(s0)
    51b8:	2e35                	jal	54f4 <A_Servo_SetOutputLimit>
    51ba:	305c                	lbu	a5,5(s0)
    51bc:	4705                	li	a4,1
    51be:	0785                	addi	a5,a5,1
    51c0:	0ff7f793          	zext.b	a5,a5
    51c4:	0af77e63          	bgeu	a4,a5,5280 <A_Protect_Task+0x190>
    51c8:	0048                	addi	a0,sp,4
    51ca:	000402a3          	sb	zero,5(s0)
    51ce:	2ea1                	jal	5526 <A_Servo_SampleMotion>
    51d0:	871c                	lbu	a5,14(sp)
    51d2:	e7b9                	bnez	a5,5220 <A_Protect_Task+0x130>
    51d4:	00040323          	sb	zero,6(s0)
    51d8:	205c                	lbu	a5,4(s0)
    51da:	4761                	li	a4,24
    51dc:	0785                	addi	a5,a5,1
    51de:	0ff7f793          	zext.b	a5,a5
    51e2:	0af76163          	bltu	a4,a5,5284 <A_Protect_Task+0x194>
    51e6:	a05c                	sb	a5,4(s0)
    51e8:	201c                	lbu	a5,0(s0)
    51ea:	ebdd                	bnez	a5,52a0 <A_Protect_Task+0x1b0>
    51ec:	301c                	lbu	a5,1(s0)
    51ee:	cfdd                	beqz	a5,52ac <A_Protect_Task+0x1bc>
    51f0:	000400a3          	sb	zero,1(s0)
    51f4:	23ad                	jal	575e <A_Servo_RestoreTorque>
    51f6:	a85d                	j	52ac <A_Protect_Task+0x1bc>
    51f8:	6685                	lui	a3,0x1
    51fa:	95f68613          	addi	a2,a3,-1697 # 95f <ADC_InjectedChannelConfig+0x3b>
    51fe:	00e64963          	blt	a2,a4,5210 <A_Protect_Task+0x120>
    5202:	03070793          	addi	a5,a4,48
    5206:	96068693          	addi	a3,a3,-1696
    520a:	f8f6dfe3          	bge	a3,a5,51a8 <A_Protect_Task+0xb8>
    520e:	87b6                	mv	a5,a3
    5210:	853e                	mv	a0,a5
    5212:	6785                	lui	a5,0x1
    5214:	96078793          	addi	a5,a5,-1696 # 960 <ADC_InjectedChannelConfig+0x3c>
    5218:	f8a7dbe3          	bge	a5,a0,51ae <A_Protect_Task+0xbe>
    521c:	853e                	mv	a0,a5
    521e:	bf41                	j	51ae <A_Protect_Task+0xbe>
    5220:	47a2                	lw	a5,8(sp)
    5222:	41f7d713          	srai	a4,a5,0x1f
    5226:	8fb9                	xor	a5,a5,a4
    5228:	8f99                	sub	a5,a5,a4
    522a:	4712                	lw	a4,4(sp)
    522c:	41f75693          	srai	a3,a4,0x1f
    5230:	8f35                	xor	a4,a4,a3
    5232:	8f15                	sub	a4,a4,a3
    5234:	07f00693          	li	a3,127
    5238:	00e6c663          	blt	a3,a4,5244 <A_Protect_Task+0x154>
    523c:	8634                	lhu	a3,12(sp)
    523e:	4739                	li	a4,14
    5240:	02d77763          	bgeu	a4,a3,526e <A_Protect_Task+0x17e>
    5244:	02000713          	li	a4,32
    5248:	00f74e63          	blt	a4,a5,5264 <A_Protect_Task+0x174>
    524c:	207c                	lbu	a5,6(s0)
    524e:	4711                	li	a4,4
    5250:	0785                	addi	a5,a5,1
    5252:	0ff7f793          	zext.b	a5,a5
    5256:	02f77363          	bgeu	a4,a5,527c <A_Protect_Task+0x18c>
    525a:	10000793          	li	a5,256
    525e:	a07e                	sh	a5,6(s0)
    5260:	29e1                	jal	5738 <A_Servo_HoldHere>
    5262:	bf9d                	j	51d8 <A_Protect_Task+0xe8>
    5264:	00040323          	sb	zero,6(s0)
    5268:	000403a3          	sb	zero,7(s0)
    526c:	b7b5                	j	51d8 <A_Protect_Task+0xe8>
    526e:	00040323          	sb	zero,6(s0)
    5272:	02000713          	li	a4,32
    5276:	f6f751e3          	bge	a4,a5,51d8 <A_Protect_Task+0xe8>
    527a:	b7fd                	j	5268 <A_Protect_Task+0x178>
    527c:	a07c                	sb	a5,6(s0)
    527e:	bfa9                	j	51d8 <A_Protect_Task+0xe8>
    5280:	b05c                	sb	a5,5(s0)
    5282:	bf99                	j	51d8 <A_Protect_Task+0xe8>
    5284:	00040223          	sb	zero,4(s0)
    5288:	2085                	jal	52e8 <A_Temperature_Read>
    528a:	77e1                	lui	a5,0xffff8
    528c:	f4f50ee3          	beq	a0,a5,51e8 <A_Protect_Task+0xf8>
    5290:	1f300713          	li	a4,499
    5294:	201c                	lbu	a5,0(s0)
    5296:	00a75e63          	bge	a4,a0,52b2 <A_Protect_Task+0x1c2>
    529a:	0017e793          	ori	a5,a5,1
    529e:	a01c                	sb	a5,0(s0)
    52a0:	2cb5                	jal	551c <A_Servo_TorqueOn>
    52a2:	c509                	beqz	a0,52ac <A_Protect_Task+0x1bc>
    52a4:	4501                	li	a0,0
    52a6:	216d                	jal	5750 <A_Servo_Release>
    52a8:	4785                	li	a5,1
    52aa:	b01c                	sb	a5,1(s0)
    52ac:	0141                	addi	sp,sp,16
    52ae:	e05fa06f          	j	b2 <__riscv_restore_0>
    52b2:	1c200713          	li	a4,450
    52b6:	f2a749e3          	blt	a4,a0,51e8 <A_Protect_Task+0xf8>
    52ba:	9bf9                	andi	a5,a5,-2
    52bc:	a01c                	sb	a5,0(s0)
    52be:	b72d                	j	51e8 <A_Protect_Task+0xf8>

000052c0 <A_Encoder_Read>:
    52c0:	a3bfd06f          	j	2cfa <D_MT6701_Read_Angle>

000052c4 <A_Voltage_Read>:
    52c4:	de5fa2ef          	jal	t0,a8 <__riscv_save_0>
    52c8:	a3afd0ef          	jal	ra,2502 <D_ADC_Voltage_Read>
    52cc:	000277b7          	lui	a5,0x27
    52d0:	7a478793          	addi	a5,a5,1956 # 277a4 <_data_lma+0x207e8>
    52d4:	02f50533          	mul	a0,a0,a5
    52d8:	000645b7          	lui	a1,0x64
    52dc:	de9fa0ef          	jal	ra,c4 <__hidden___udivsi3>
    52e0:	0542                	slli	a0,a0,0x10
    52e2:	8141                	srli	a0,a0,0x10
    52e4:	dcffa06f          	j	b2 <__riscv_restore_0>

000052e8 <A_Temperature_Read>:
    52e8:	894fe06f          	j	337c <D_TMP112_Read_Temp>

000052ec <A_Current_Read>:
    52ec:	dbdfa2ef          	jal	t0,a8 <__riscv_save_0>
    52f0:	1171                	addi	sp,sp,-4
    52f2:	00011123          	sh	zero,2(sp)
    52f6:	e509                	bnez	a0,5300 <A_Current_Read+0x14>
    52f8:	4501                	li	a0,0
    52fa:	0111                	addi	sp,sp,4
    52fc:	db7fa06f          	j	b2 <__riscv_restore_0>
    5300:	842a                	mv	s0,a0
    5302:	00210513          	addi	a0,sp,2
    5306:	9a4fd0ef          	jal	ra,24aa <D_ADC_Current_Read>
    530a:	d57d                	beqz	a0,52f8 <A_Current_Read+0xc>
    530c:	813c                	lhu	a5,2(sp)
    530e:	6709                	lui	a4,0x2
    5310:	adb70713          	addi	a4,a4,-1317 # 1adb <TIM_OC4Init+0x47>
    5314:	02e787b3          	mul	a5,a5,a4
    5318:	10000737          	lui	a4,0x10000
    531c:	00e7f663          	bgeu	a5,a4,5328 <A_Current_Read+0x3c>
    5320:	83b1                	srli	a5,a5,0xc
    5322:	a01e                	sh	a5,0(s0)
    5324:	4505                	li	a0,1
    5326:	bfd1                	j	52fa <A_Current_Read+0xe>
    5328:	67c1                	lui	a5,0x10
    532a:	17fd                	addi	a5,a5,-1 # ffff <_data_lma+0x9043>
    532c:	bfdd                	j	5322 <A_Current_Read+0x36>

0000532e <Servo_IsPosition>:
    532e:	ad41a783          	lw	a5,-1324(gp) # 20000364 <s_servo>
    5332:	4719                	li	a4,6
    5334:	4505                	li	a0,1
    5336:	00f77563          	bgeu	a4,a5,5340 <Servo_IsPosition+0x12>
    533a:	17d5                	addi	a5,a5,-11
    533c:	0017b513          	seqz	a0,a5
    5340:	8082                	ret

00005342 <Servo_WrapAngle>:
    5342:	00055a63          	bgez	a0,5356 <Servo_WrapAngle+0x14>
    5346:	67a5                	lui	a5,0x9
    5348:	ca078793          	addi	a5,a5,-864 # 8ca0 <_data_lma+0x1ce4>
    534c:	97aa                	add	a5,a5,a0
    534e:	01079513          	slli	a0,a5,0x10
    5352:	8141                	srli	a0,a0,0x10
    5354:	8082                	ret
    5356:	6725                	lui	a4,0x9
    5358:	c9f70713          	addi	a4,a4,-865 # 8c9f <_data_lma+0x1ce3>
    535c:	87aa                	mv	a5,a0
    535e:	fea758e3          	bge	a4,a0,534e <Servo_WrapAngle+0xc>
    5362:	76dd                	lui	a3,0xffff7
    5364:	36068693          	addi	a3,a3,864 # ffff7360 <_eusrstack+0xdfff5360>
    5368:	00d507b3          	add	a5,a0,a3
    536c:	fef751e3          	bge	a4,a5,534e <Servo_WrapAngle+0xc>
    5370:	77b9                	lui	a5,0xfffee
    5372:	6c078793          	addi	a5,a5,1728 # fffee6c0 <_eusrstack+0xdffec6c0>
    5376:	bfd9                	j	534c <Servo_WrapAngle+0xa>

00005378 <Servo_Offset>:
    5378:	ad41a683          	lw	a3,-1324(gp) # 20000364 <s_servo>
    537c:	472d                	li	a4,11
    537e:	ab418793          	addi	a5,gp,-1356 # 20000344 <g_config>
    5382:	00e69463          	bne	a3,a4,538a <Servo_Offset+0x12>
    5386:	23ca                	lhu	a0,4(a5)
    5388:	8082                	ret
    538a:	23aa                	lhu	a0,2(a5)
    538c:	8082                	ret

0000538e <Servo_PositionToPwm>:
    538e:	d1bfa2ef          	jal	t0,a8 <__riscv_save_0>
    5392:	f9dff0ef          	jal	ra,532e <Servo_IsPosition>
    5396:	87aa                	mv	a5,a0
    5398:	5dc00513          	li	a0,1500
    539c:	c79d                	beqz	a5,53ca <Servo_PositionToPwm+0x3c>
    539e:	ad418793          	addi	a5,gp,-1324 # 20000364 <s_servo>
    53a2:	2b8e                	lhu	a1,16(a5)
    53a4:	c19d                	beqz	a1,53ca <Servo_PositionToPwm+0x3c>
    53a6:	23ca                	lhu	a0,4(a5)
    53a8:	2ffc                	lbu	a5,30(a5)
    53aa:	c399                	beqz	a5,53b0 <Servo_PositionToPwm+0x22>
    53ac:	40a58533          	sub	a0,a1,a0
    53b0:	7d000793          	li	a5,2000
    53b4:	02f50533          	mul	a0,a0,a5
    53b8:	0015d793          	srli	a5,a1,0x1
    53bc:	953e                	add	a0,a0,a5
    53be:	d07fa0ef          	jal	ra,c4 <__hidden___udivsi3>
    53c2:	1f450513          	addi	a0,a0,500 # 81f4 <_data_lma+0x1238>
    53c6:	0542                	slli	a0,a0,0x10
    53c8:	8141                	srli	a0,a0,0x10
    53ca:	ce9fa06f          	j	b2 <__riscv_restore_0>

000053ce <Servo_ReadPosition>:
    53ce:	cdbfa2ef          	jal	t0,a8 <__riscv_save_0>
    53d2:	eefff0ef          	jal	ra,52c0 <A_Encoder_Read>
    53d6:	67c1                	lui	a5,0x10
    53d8:	842a                	mv	s0,a0
    53da:	17fd                	addi	a5,a5,-1 # ffff <_data_lma+0x9043>
    53dc:	4501                	li	a0,0
    53de:	04f40363          	beq	s0,a5,5424 <Servo_ReadPosition+0x56>
    53e2:	64a5                	lui	s1,0x9
    53e4:	ad418713          	addi	a4,gp,-1324 # 20000364 <s_servo>
    53e8:	ca048493          	addi	s1,s1,-864 # 8ca0 <_data_lma+0x1ce4>
    53ec:	c740                	sw	s0,12(a4)
    53ee:	f8bff0ef          	jal	ra,5378 <Servo_Offset>
    53f2:	9426                	add	s0,s0,s1
    53f4:	40a40533          	sub	a0,s0,a0
    53f8:	f4bff0ef          	jal	ra,5342 <Servo_WrapAngle>
    53fc:	ad418713          	addi	a4,gp,-1324 # 20000364 <s_servo>
    5400:	c708                	sw	a0,8(a4)
    5402:	2b1a                	lhu	a4,16(a4)
    5404:	ad418793          	addi	a5,gp,-1324 # 20000364 <s_servo>
    5408:	cb11                	beqz	a4,541c <Servo_ReadPosition+0x4e>
    540a:	00a75963          	bge	a4,a0,541c <Servo_ReadPosition+0x4e>
    540e:	40e506b3          	sub	a3,a0,a4
    5412:	8c89                	sub	s1,s1,a0
    5414:	853a                	mv	a0,a4
    5416:	00d4f363          	bgeu	s1,a3,541c <Servo_ReadPosition+0x4e>
    541a:	4501                	li	a0,0
    541c:	a3ca                	sh	a0,4(a5)
    541e:	00078fa3          	sb	zero,31(a5)
    5422:	4505                	li	a0,1
    5424:	c8ffa06f          	j	b2 <__riscv_restore_0>

00005428 <Servo_SetTrajRange>:
    5428:	ad418793          	addi	a5,gp,-1324 # 20000364 <s_servo>
    542c:	2b8e                	lhu	a1,16(a5)
    542e:	4705                	li	a4,1
    5430:	4501                	li	a0,0
    5432:	bfd8                	sb	a4,29(a5)
    5434:	00079a23          	sh	zero,20(a5)
    5438:	abee                	sh	a1,22(a5)
    543a:	8eaff06f          	j	4524 <C_Traj_Set_Range>

0000543e <Servo_ResyncLoops>:
    543e:	c6bfa2ef          	jal	t0,a8 <__riscv_save_0>
    5442:	ad418413          	addi	s0,gp,-1324 # 20000364 <s_servo>
    5446:	c501                	beqz	a0,544e <Servo_ResyncLoops+0x10>
    5448:	4408                	lw	a0,8(s0)
    544a:	955fe0ef          	jal	ra,3d9e <C_SpeedObs_Init>
    544e:	204a                	lhu	a0,4(s0)
    5450:	91eff0ef          	jal	ra,456e <C_Traj_Hold>
    5454:	b44fe0ef          	jal	ra,3798 <C_PosCtrl_Reset>
    5458:	4581                	li	a1,0
    545a:	b2018513          	addi	a0,gp,-1248 # 200003b0 <s_servo+0x4c>
    545e:	8f5ff0ef          	jal	ra,4d52 <C_Traj_Step>
    5462:	02000613          	li	a2,32
    5466:	4581                	li	a1,0
    5468:	b3818513          	addi	a0,gp,-1224 # 200003c8 <s_servo+0x64>
    546c:	ce5fa0ef          	jal	ra,150 <memset>
    5470:	205e                	lhu	a5,4(s0)
    5472:	a83e                	sh	a5,18(s0)
    5474:	c3ffa06f          	j	b2 <__riscv_restore_0>

00005478 <Servo_SetModeFields>:
    5478:	fff50693          	addi	a3,a0,-1
    547c:	4729                	li	a4,10
    547e:	ad418793          	addi	a5,gp,-1324 # 20000364 <s_servo>
    5482:	00d77f63          	bgeu	a4,a3,54a0 <Servo_SetModeFields+0x28>
    5486:	4705                	li	a4,1
    5488:	c398                	sw	a4,0(a5)
    548a:	00078f23          	sb	zero,30(a5)
    548e:	4505                	li	a0,1
    5490:	671d                	lui	a4,0x7
    5492:	157d                	addi	a0,a0,-1
    5494:	9979                	andi	a0,a0,-2
    5496:	dd070713          	addi	a4,a4,-560 # 6dd0 <span.0>
    549a:	972a                	add	a4,a4,a0
    549c:	231a                	lhu	a4,0(a4)
    549e:	a811                	j	54b2 <Servo_SetModeFields+0x3a>
    54a0:	c388                	sw	a0,0(a5)
    54a2:	472d                	li	a4,11
    54a4:	00e51963          	bne	a0,a4,54b6 <Servo_SetModeFields+0x3e>
    54a8:	ab418713          	addi	a4,gp,-1356 # 20000344 <g_config>
    54ac:	3754                	lbu	a3,13(a4)
    54ae:	237a                	lhu	a4,6(a4)
    54b0:	aff4                	sb	a3,30(a5)
    54b2:	ab9a                	sh	a4,16(a5)
    54b4:	8082                	ret
    54b6:	fff54713          	not	a4,a0
    54ba:	8b05                	andi	a4,a4,1
    54bc:	aff8                	sb	a4,30(a5)
    54be:	4699                	li	a3,6
    54c0:	4701                	li	a4,0
    54c2:	fea6e8e3          	bltu	a3,a0,54b2 <Servo_SetModeFields+0x3a>
    54c6:	b7e9                	j	5490 <Servo_SetModeFields+0x18>

000054c8 <Servo_ApplyTorqueOutput>:
    54c8:	be1fa2ef          	jal	t0,a8 <__riscv_save_0>
    54cc:	ad418793          	addi	a5,gp,-1324 # 20000364 <s_servo>
    54d0:	0257c503          	lbu	a0,37(a5)
    54d4:	ad418413          	addi	s0,gp,-1324 # 20000364 <s_servo>
    54d8:	e519                	bnez	a0,54e6 <Servo_ApplyTorqueOutput+0x1e>
    54da:	e66fd0ef          	jal	ra,2b40 <D_Motor_Set>
    54de:	04a41423          	sh	a0,72(s0)
    54e2:	bd1fa06f          	j	b2 <__riscv_restore_0>
    54e6:	1579                	addi	a0,a0,-2
    54e8:	00153513          	seqz	a0,a0
    54ec:	f64fd0ef          	jal	ra,2c50 <D_Motor_Release>
    54f0:	4501                	li	a0,0
    54f2:	b7f5                	j	54de <Servo_ApplyTorqueOutput+0x16>

000054f4 <A_Servo_SetOutputLimit>:
    54f4:	6705                	lui	a4,0x1
    54f6:	96070713          	addi	a4,a4,-1696 # 960 <ADC_InjectedChannelConfig+0x3c>
    54fa:	87ba                	mv	a5,a4
    54fc:	00a74963          	blt	a4,a0,550e <A_Servo_SetOutputLimit+0x1a>
    5500:	87aa                	mv	a5,a0
    5502:	01079713          	slli	a4,a5,0x10
    5506:	8741                	srai	a4,a4,0x10
    5508:	00e04363          	bgtz	a4,550e <A_Servo_SetOutputLimit+0x1a>
    550c:	4785                	li	a5,1
    550e:	01079513          	slli	a0,a5,0x10
    5512:	8541                	srai	a0,a0,0x10
    5514:	b0f19d23          	sh	a5,-1254(gp) # 200003aa <s_servo+0x46>
    5518:	ab0fe06f          	j	37c8 <C_PosCtrl_Set_Output_Limit>

0000551c <A_Servo_TorqueOn>:
    551c:	af91c503          	lbu	a0,-1287(gp) # 20000389 <s_servo+0x25>
    5520:	00153513          	seqz	a0,a0
    5524:	8082                	ret

00005526 <A_Servo_SampleMotion>:
    5526:	c94d                	beqz	a0,55d8 <A_Servo_SampleMotion+0xb2>
    5528:	b81fa2ef          	jal	t0,a8 <__riscv_save_0>
    552c:	84aa                	mv	s1,a0
    552e:	e01ff0ef          	jal	ra,532e <Servo_IsPosition>
    5532:	ad418413          	addi	s0,gp,-1324 # 20000364 <s_servo>
    5536:	4781                	li	a5,0
    5538:	c105                	beqz	a0,5558 <A_Servo_SampleMotion+0x32>
    553a:	3c58                	lbu	a4,29(s0)
    553c:	cf11                	beqz	a4,5558 <A_Servo_SampleMotion+0x32>
    553e:	02144683          	lbu	a3,33(s0)
    5542:	02544703          	lbu	a4,37(s0)
    5546:	8f55                	or	a4,a4,a3
    5548:	02644683          	lbu	a3,38(s0)
    554c:	8f55                	or	a4,a4,a3
    554e:	e709                	bnez	a4,5558 <A_Servo_SampleMotion+0x32>
    5550:	981ff0ef          	jal	ra,4ed0 <C_Traj_Is_Done>
    5554:	00153793          	seqz	a5,a0
    5558:	4470                	lw	a2,76(s0)
    555a:	5858                	lw	a4,52(s0)
    555c:	6691                	lui	a3,0x4
    555e:	65068693          	addi	a3,a3,1616 # 4650 <C_Traj_Plan+0x92>
    5562:	40e60733          	sub	a4,a2,a4
    5566:	0ff7f593          	zext.b	a1,a5
    556a:	04e6d563          	bge	a3,a4,55b4 <A_Servo_SampleMotion+0x8e>
    556e:	76dd                	lui	a3,0xffff7
    5570:	36068693          	addi	a3,a3,864 # ffff7360 <_eusrstack+0xdfff5360>
    5574:	9736                	add	a4,a4,a3
    5576:	4408                	lw	a0,8(s0)
    5578:	c098                	sw	a4,0(s1)
    557a:	5c18                	lw	a4,56(s0)
    557c:	6691                	lui	a3,0x4
    557e:	65068693          	addi	a3,a3,1616 # 4650 <C_Traj_Plan+0x92>
    5582:	40e50733          	sub	a4,a0,a4
    5586:	04e6d063          	bge	a3,a4,55c6 <A_Servo_SampleMotion+0xa0>
    558a:	76dd                	lui	a3,0xffff7
    558c:	36068693          	addi	a3,a3,864 # ffff7360 <_eusrstack+0xdfff5360>
    5590:	9736                	add	a4,a4,a3
    5592:	c0d8                	sw	a4,4(s1)
    5594:	347a                	lhu	a4,46(s0)
    5596:	a49a                	sh	a4,8(s1)
    5598:	c789                	beqz	a5,55a2 <A_Servo_SampleMotion+0x7c>
    559a:	03044783          	lbu	a5,48(s0)
    559e:	00f037b3          	snez	a5,a5
    55a2:	a4bc                	sb	a5,10(s1)
    55a4:	d850                	sw	a2,52(s0)
    55a6:	dc08                	sw	a0,56(s0)
    55a8:	02b40823          	sb	a1,48(s0)
    55ac:	02041723          	sh	zero,46(s0)
    55b0:	b03fa06f          	j	b2 <__riscv_restore_0>
    55b4:	76f1                	lui	a3,0xffffc
    55b6:	9b068693          	addi	a3,a3,-1616 # ffffb9b0 <_eusrstack+0xdfff99b0>
    55ba:	fad75ee3          	bge	a4,a3,5576 <A_Servo_SampleMotion+0x50>
    55be:	66a5                	lui	a3,0x9
    55c0:	ca068693          	addi	a3,a3,-864 # 8ca0 <_data_lma+0x1ce4>
    55c4:	bf45                	j	5574 <A_Servo_SampleMotion+0x4e>
    55c6:	76f1                	lui	a3,0xffffc
    55c8:	9b068693          	addi	a3,a3,-1616 # ffffb9b0 <_eusrstack+0xdfff99b0>
    55cc:	fcd753e3          	bge	a4,a3,5592 <A_Servo_SampleMotion+0x6c>
    55d0:	66a5                	lui	a3,0x9
    55d2:	ca068693          	addi	a3,a3,-864 # 8ca0 <_data_lma+0x1ce4>
    55d6:	bf6d                	j	5590 <A_Servo_SampleMotion+0x6a>
    55d8:	8082                	ret

000055da <A_Servo_ApplyConfig>:
    55da:	acffa2ef          	jal	t0,a8 <__riscv_save_0>
    55de:	abd1c503          	lbu	a0,-1347(gp) # 2000034d <g_config+0x9>
    55e2:	ad418413          	addi	s0,gp,-1324 # 20000364 <s_servo>
    55e6:	e93ff0ef          	jal	ra,5478 <Servo_SetModeFields>
    55ea:	de5ff0ef          	jal	ra,53ce <Servo_ReadPosition>
    55ee:	02644783          	lbu	a5,38(s0)
    55f2:	020404a3          	sb	zero,41(s0)
    55f6:	02042e23          	sw	zero,60(s0)
    55fa:	17fd                	addi	a5,a5,-1
    55fc:	0017b793          	seqz	a5,a5
    5600:	02f400a3          	sb	a5,33(s0)
    5604:	04042023          	sw	zero,64(s0)
    5608:	04041223          	sh	zero,68(s0)
    560c:	02041123          	sh	zero,34(s0)
    5610:	d1fff0ef          	jal	ra,532e <Servo_IsPosition>
    5614:	c911                	beqz	a0,5628 <A_Servo_ApplyConfig+0x4e>
    5616:	e13ff0ef          	jal	ra,5428 <Servo_SetTrajRange>
    561a:	4505                	li	a0,1
    561c:	e23ff0ef          	jal	ra,543e <Servo_ResyncLoops>
    5620:	ea9ff0ef          	jal	ra,54c8 <Servo_ApplyTorqueOutput>
    5624:	a8ffa06f          	j	b2 <__riscv_restore_0>
    5628:	02040323          	sb	zero,38(s0)
    562c:	020400a3          	sb	zero,33(s0)
    5630:	968fe0ef          	jal	ra,3798 <C_PosCtrl_Reset>
    5634:	b7f5                	j	5620 <A_Servo_ApplyConfig+0x46>

00005636 <A_Servo_Pause>:
    5636:	a73fa2ef          	jal	t0,a8 <__riscv_save_0>
    563a:	ad418713          	addi	a4,gp,-1324 # 20000364 <s_servo>
    563e:	02574783          	lbu	a5,37(a4)
    5642:	02174703          	lbu	a4,33(a4)
    5646:	8fd9                	or	a5,a5,a4
    5648:	ef8d                	bnez	a5,5682 <A_Servo_Pause+0x4c>
    564a:	ad418413          	addi	s0,gp,-1324 # 20000364 <s_servo>
    564e:	02244783          	lbu	a5,34(s0)
    5652:	02944703          	lbu	a4,41(s0)
    5656:	8fd9                	or	a5,a5,a4
    5658:	c78d                	beqz	a5,5682 <A_Servo_Pause+0x4c>
    565a:	4785                	li	a5,1
    565c:	02f400a3          	sb	a5,33(s0)
    5660:	02f40123          	sb	a5,34(s0)
    5664:	ccbff0ef          	jal	ra,532e <Servo_IsPosition>
    5668:	c901                	beqz	a0,5678 <A_Servo_Pause+0x42>
    566a:	2826                	lhu	s1,18(s0)
    566c:	d63ff0ef          	jal	ra,53ce <Servo_ReadPosition>
    5670:	4501                	li	a0,0
    5672:	dcdff0ef          	jal	ra,543e <Servo_ResyncLoops>
    5676:	a826                	sh	s1,18(s0)
    5678:	4501                	li	a0,0
    567a:	cc6fd0ef          	jal	ra,2b40 <D_Motor_Set>
    567e:	04a41423          	sh	a0,72(s0)
    5682:	a31fa06f          	j	b2 <__riscv_restore_0>

00005686 <A_Servo_Resume>:
    5686:	a23fa2ef          	jal	t0,a8 <__riscv_save_0>
    568a:	ad418793          	addi	a5,gp,-1324 # 20000364 <s_servo>
    568e:	0217c783          	lbu	a5,33(a5)
    5692:	c3a5                	beqz	a5,56f2 <A_Servo_Resume+0x6c>
    5694:	ad418413          	addi	s0,gp,-1324 # 20000364 <s_servo>
    5698:	02244783          	lbu	a5,34(s0)
    569c:	cbb9                	beqz	a5,56f2 <A_Servo_Resume+0x6c>
    569e:	c91ff0ef          	jal	ra,532e <Servo_IsPosition>
    56a2:	02644703          	lbu	a4,38(s0)
    56a6:	cd01                	beqz	a0,56be <A_Servo_Resume+0x38>
    56a8:	4785                	li	a5,1
    56aa:	00f70a63          	beq	a4,a5,56be <A_Servo_Resume+0x38>
    56ae:	d21ff0ef          	jal	ra,53ce <Servo_ReadPosition>
    56b2:	c121                	beqz	a0,56f2 <A_Servo_Resume+0x6c>
    56b4:	2826                	lhu	s1,18(s0)
    56b6:	4505                	li	a0,1
    56b8:	d87ff0ef          	jal	ra,543e <Servo_ResyncLoops>
    56bc:	a826                	sh	s1,18(s0)
    56be:	02644703          	lbu	a4,38(s0)
    56c2:	020400a3          	sb	zero,33(s0)
    56c6:	4785                	li	a5,1
    56c8:	02f70563          	beq	a4,a5,56f2 <A_Servo_Resume+0x6c>
    56cc:	c63ff0ef          	jal	ra,532e <Servo_IsPosition>
    56d0:	c10d                	beqz	a0,56f2 <A_Servo_Resume+0x6c>
    56d2:	02344703          	lbu	a4,35(s0)
    56d6:	403c                	lw	a5,64(s0)
    56d8:	282a                	lhu	a0,18(s0)
    56da:	4581                	li	a1,0
    56dc:	c719                	beqz	a4,56ea <A_Servo_Resume+0x64>
    56de:	85be                	mv	a1,a5
    56e0:	67c1                	lui	a5,0x10
    56e2:	00f5e463          	bltu	a1,a5,56ea <A_Servo_Resume+0x64>
    56e6:	fff78593          	addi	a1,a5,-1 # ffff <_data_lma+0x9043>
    56ea:	05c2                	slli	a1,a1,0x10
    56ec:	81c1                	srli	a1,a1,0x10
    56ee:	ed1fe0ef          	jal	ra,45be <C_Traj_Plan>
    56f2:	9c1fa06f          	j	b2 <__riscv_restore_0>

000056f6 <A_Servo_Stop>:
    56f6:	9b3fa2ef          	jal	t0,a8 <__riscv_save_0>
    56fa:	ad418793          	addi	a5,gp,-1324 # 20000364 <s_servo>
    56fe:	0267c703          	lbu	a4,38(a5)
    5702:	020784a3          	sb	zero,41(a5)
    5706:	0207ae23          	sw	zero,60(a5)
    570a:	177d                	addi	a4,a4,-1
    570c:	00173713          	seqz	a4,a4
    5710:	02e780a3          	sb	a4,33(a5)
    5714:	0407a023          	sw	zero,64(a5)
    5718:	04079223          	sh	zero,68(a5)
    571c:	02079123          	sh	zero,34(a5)
    5720:	c0fff0ef          	jal	ra,532e <Servo_IsPosition>
    5724:	c511                	beqz	a0,5730 <A_Servo_Stop+0x3a>
    5726:	ca9ff0ef          	jal	ra,53ce <Servo_ReadPosition>
    572a:	4501                	li	a0,0
    572c:	d13ff0ef          	jal	ra,543e <Servo_ResyncLoops>
    5730:	d99ff0ef          	jal	ra,54c8 <Servo_ApplyTorqueOutput>
    5734:	97ffa06f          	j	b2 <__riscv_restore_0>

00005738 <A_Servo_HoldHere>:
    5738:	971fa2ef          	jal	t0,a8 <__riscv_save_0>
    573c:	bf3ff0ef          	jal	ra,532e <Servo_IsPosition>
    5740:	c511                	beqz	a0,574c <A_Servo_HoldHere+0x14>
    5742:	af91c783          	lbu	a5,-1287(gp) # 20000389 <s_servo+0x25>
    5746:	e399                	bnez	a5,574c <A_Servo_HoldHere+0x14>
    5748:	fafff0ef          	jal	ra,56f6 <A_Servo_Stop>
    574c:	967fa06f          	j	b2 <__riscv_restore_0>

00005750 <A_Servo_Release>:
    5750:	00a03533          	snez	a0,a0
    5754:	0505                	addi	a0,a0,1
    5756:	aea18ca3          	sb	a0,-1287(gp) # 20000389 <s_servo+0x25>
    575a:	f9dff06f          	j	56f6 <A_Servo_Stop>

0000575e <A_Servo_RestoreTorque>:
    575e:	94bfa2ef          	jal	t0,a8 <__riscv_save_0>
    5762:	971ff0ef          	jal	ra,50d2 <A_Protect_Fault>
    5766:	e51d                	bnez	a0,5794 <A_Servo_RestoreTorque+0x36>
    5768:	ad418793          	addi	a5,gp,-1324 # 20000364 <s_servo>
    576c:	0257c783          	lbu	a5,37(a5)
    5770:	ad418413          	addi	s0,gp,-1324 # 20000364 <s_servo>
    5774:	c385                	beqz	a5,5794 <A_Servo_RestoreTorque+0x36>
    5776:	020402a3          	sb	zero,37(s0)
    577a:	c55ff0ef          	jal	ra,53ce <Servo_ReadPosition>
    577e:	bb1ff0ef          	jal	ra,532e <Servo_IsPosition>
    5782:	c501                	beqz	a0,578a <A_Servo_RestoreTorque+0x2c>
    5784:	4505                	li	a0,1
    5786:	cb9ff0ef          	jal	ra,543e <Servo_ResyncLoops>
    578a:	4501                	li	a0,0
    578c:	bb4fd0ef          	jal	ra,2b40 <D_Motor_Set>
    5790:	04a41423          	sh	a0,72(s0)
    5794:	91ffa06f          	j	b2 <__riscv_restore_0>

00005798 <A_Servo_Submit>:
    5798:	911fa2ef          	jal	t0,a8 <__riscv_save_0>
    579c:	ad418713          	addi	a4,gp,-1324 # 20000364 <s_servo>
    57a0:	02174683          	lbu	a3,33(a4)
    57a4:	1141                	addi	sp,sp,-16
    57a6:	c02e                	sw	a1,0(sp)
    57a8:	c436                	sw	a3,8(sp)
    57aa:	02674683          	lbu	a3,38(a4)
    57ae:	4709                	li	a4,2
    57b0:	06e68463          	beq	a3,a4,5818 <A_Servo_Submit+0x80>
    57b4:	84aa                	mv	s1,a0
    57b6:	ad418413          	addi	s0,gp,-1324 # 20000364 <s_servo>
    57ba:	919ff0ef          	jal	ra,50d2 <A_Protect_Fault>
    57be:	ed29                	bnez	a0,5818 <A_Servo_Submit+0x80>
    57c0:	b6fff0ef          	jal	ra,532e <Servo_IsPosition>
    57c4:	c119                	beqz	a0,57ca <A_Servo_Submit+0x32>
    57c6:	3c58                	lbu	a4,29(s0)
    57c8:	cb21                	beqz	a4,5818 <A_Servo_Submit+0x80>
    57ca:	02544703          	lbu	a4,37(s0)
    57ce:	c319                	beqz	a4,57d4 <A_Servo_Submit+0x3c>
    57d0:	f8fff0ef          	jal	ra,575e <A_Servo_RestoreTorque>
    57d4:	6685                	lui	a3,0x1
    57d6:	9c468693          	addi	a3,a3,-1596 # 9c4 <ADC_BufferCmd+0xe>
    57da:	8726                	mv	a4,s1
    57dc:	0096f363          	bgeu	a3,s1,57e2 <A_Servo_Submit+0x4a>
    57e0:	8736                	mv	a4,a3
    57e2:	01071693          	slli	a3,a4,0x10
    57e6:	82c1                	srli	a3,a3,0x10
    57e8:	1f400613          	li	a2,500
    57ec:	00c6f463          	bgeu	a3,a2,57f4 <A_Servo_Submit+0x5c>
    57f0:	1f400713          	li	a4,500
    57f4:	01071793          	slli	a5,a4,0x10
    57f8:	02644683          	lbu	a3,38(s0)
    57fc:	83c1                	srli	a5,a5,0x10
    57fe:	c23e                	sw	a5,4(sp)
    5800:	4605                	li	a2,1
    5802:	00c69e63          	bne	a3,a2,581e <A_Servo_Submit+0x86>
    5806:	4782                	lw	a5,0(sp)
    5808:	bc5a                	sh	a4,60(s0)
    580a:	02d404a3          	sb	a3,41(s0)
    580e:	bc7e                	sh	a5,62(s0)
    5810:	020400a3          	sb	zero,33(s0)
    5814:	02d40123          	sb	a3,34(s0)
    5818:	0141                	addi	sp,sp,16
    581a:	899fa06f          	j	b2 <__riscv_restore_0>
    581e:	47a2                	lw	a5,8(sp)
    5820:	cb91                	beqz	a5,5834 <A_Servo_Submit+0x9c>
    5822:	b0dff0ef          	jal	ra,532e <Servo_IsPosition>
    5826:	c519                	beqz	a0,5834 <A_Servo_Submit+0x9c>
    5828:	ba7ff0ef          	jal	ra,53ce <Servo_ReadPosition>
    582c:	d575                	beqz	a0,5818 <A_Servo_Submit+0x80>
    582e:	4505                	li	a0,1
    5830:	c0fff0ef          	jal	ra,543e <Servo_ResyncLoops>
    5834:	4705                	li	a4,1
    5836:	020400a3          	sb	zero,33(s0)
    583a:	02e40123          	sb	a4,34(s0)
    583e:	af1ff0ef          	jal	ra,532e <Servo_IsPosition>
    5842:	2c7c                	lbu	a5,30(s0)
    5844:	c63e                	sw	a5,12(sp)
    5846:	c579                	beqz	a0,5914 <A_Servo_Submit+0x17c>
    5848:	4792                	lw	a5,4(sp)
    584a:	281a                	lhu	a4,16(s0)
    584c:	7d000593          	li	a1,2000
    5850:	e0c78513          	addi	a0,a5,-500
    5854:	02e50533          	mul	a0,a0,a4
    5858:	c23a                	sw	a4,4(sp)
    585a:	86bfa0ef          	jal	ra,c4 <__hidden___udivsi3>
    585e:	47b2                	lw	a5,12(sp)
    5860:	4712                	lw	a4,4(sp)
    5862:	c399                	beqz	a5,5868 <A_Servo_Submit+0xd0>
    5864:	40a70533          	sub	a0,a4,a0
    5868:	2856                	lhu	a3,20(s0)
    586a:	01051613          	slli	a2,a0,0x10
    586e:	8241                	srli	a2,a2,0x10
    5870:	84b6                	mv	s1,a3
    5872:	00c6f363          	bgeu	a3,a2,5878 <A_Servo_Submit+0xe0>
    5876:	84aa                	mv	s1,a0
    5878:	2876                	lhu	a3,22(s0)
    587a:	01049613          	slli	a2,s1,0x10
    587e:	8241                	srli	a2,a2,0x10
    5880:	00c6f363          	bgeu	a3,a2,5886 <A_Servo_Submit+0xee>
    5884:	84b6                	mv	s1,a3
    5886:	02044503          	lbu	a0,32(s0)
    588a:	04c2                	slli	s1,s1,0x10
    588c:	4585                	li	a1,1
    588e:	2832                	lhu	a2,18(s0)
    5890:	80c1                	srli	s1,s1,0x10
    5892:	46a9                	li	a3,10
    5894:	02b51363          	bne	a0,a1,58ba <A_Servo_Submit+0x122>
    5898:	4599                	li	a1,6
    589a:	02b70733          	mul	a4,a4,a1
    589e:	7cf70513          	addi	a0,a4,1999
    58a2:	6715                	lui	a4,0x5
    58a4:	5ef70713          	addi	a4,a4,1519 # 55ef <A_Servo_ApplyConfig+0x15>
    58a8:	00a77963          	bgeu	a4,a0,58ba <A_Servo_Submit+0x122>
    58ac:	7d000593          	li	a1,2000
    58b0:	c232                	sw	a2,4(sp)
    58b2:	813fa0ef          	jal	ra,c4 <__hidden___udivsi3>
    58b6:	4612                	lw	a2,4(sp)
    58b8:	86aa                	mv	a3,a0
    58ba:	47a2                	lw	a5,8(sp)
    58bc:	e3a1                	bnez	a5,58fc <A_Servo_Submit+0x164>
    58be:	4782                	lw	a5,0(sp)
    58c0:	cf81                	beqz	a5,58d8 <A_Servo_Submit+0x140>
    58c2:	85be                	mv	a1,a5
    58c4:	8526                	mv	a0,s1
    58c6:	a826                	sh	s1,18(s0)
    58c8:	cf7fe0ef          	jal	ra,45be <C_Traj_Plan>
    58cc:	4705                	li	a4,1
    58ce:	02e401a3          	sb	a4,35(s0)
    58d2:	e14ff0ef          	jal	ra,4ee6 <C_Traj_Get_Ticks>
    58d6:	a00d                	j	58f8 <A_Servo_Submit+0x160>
    58d8:	40c48733          	sub	a4,s1,a2
    58dc:	00e6c663          	blt	a3,a4,58e8 <A_Servo_Submit+0x150>
    58e0:	40d006b3          	neg	a3,a3
    58e4:	f2d75ae3          	bge	a4,a3,5818 <A_Servo_Submit+0x80>
    58e8:	4581                	li	a1,0
    58ea:	8526                	mv	a0,s1
    58ec:	a826                	sh	s1,18(s0)
    58ee:	cd1fe0ef          	jal	ra,45be <C_Traj_Plan>
    58f2:	020401a3          	sb	zero,35(s0)
    58f6:	4501                	li	a0,0
    58f8:	c028                	sw	a0,64(s0)
    58fa:	bf39                	j	5818 <A_Servo_Submit+0x80>
    58fc:	4582                	lw	a1,0(sp)
    58fe:	8526                	mv	a0,s1
    5900:	a826                	sh	s1,18(s0)
    5902:	cbdfe0ef          	jal	ra,45be <C_Traj_Plan>
    5906:	4782                	lw	a5,0(sp)
    5908:	00f03733          	snez	a4,a5
    590c:	02e401a3          	sb	a4,35(s0)
    5910:	f3e9                	bnez	a5,58d2 <A_Servo_Submit+0x13a>
    5912:	b7d5                	j	58f6 <A_Servo_Submit+0x15e>
    5914:	6705                	lui	a4,0x1
    5916:	5db00693          	li	a3,1499
    591a:	96070713          	addi	a4,a4,-1696 # 960 <ADC_InjectedChannelConfig+0x3c>
    591e:	0496f663          	bgeu	a3,s1,596a <A_Servo_Submit+0x1d2>
    5922:	4792                	lw	a5,4(sp)
    5924:	3e800593          	li	a1,1000
    5928:	a2478513          	addi	a0,a5,-1500
    592c:	02e50533          	mul	a0,a0,a4
    5930:	f94fa0ef          	jal	ra,c4 <__hidden___udivsi3>
    5934:	47b2                	lw	a5,12(sp)
    5936:	0542                	slli	a0,a0,0x10
    5938:	8541                	srai	a0,a0,0x10
    593a:	c789                	beqz	a5,5944 <A_Servo_Submit+0x1ac>
    593c:	40a00533          	neg	a0,a0
    5940:	0542                	slli	a0,a0,0x10
    5942:	8541                	srai	a0,a0,0x10
    5944:	4782                	lw	a5,0(sp)
    5946:	04a41223          	sh	a0,68(s0)
    594a:	577d                	li	a4,-1
    594c:	cb99                	beqz	a5,5962 <A_Servo_Submit+0x1ca>
    594e:	4018                	lw	a4,0(s0)
    5950:	4685                	li	a3,1
    5952:	1765                	addi	a4,a4,-7
    5954:	02e6f863          	bgeu	a3,a4,5984 <A_Servo_Submit+0x1ec>
    5958:	4782                	lw	a5,0(sp)
    595a:	3e800713          	li	a4,1000
    595e:	02e78733          	mul	a4,a5,a4
    5962:	c038                	sw	a4,64(s0)
    5964:	00040fa3          	sb	zero,31(s0)
    5968:	bd45                	j	5818 <A_Servo_Submit+0x80>
    596a:	4792                	lw	a5,4(sp)
    596c:	5dc00513          	li	a0,1500
    5970:	3e800593          	li	a1,1000
    5974:	8d1d                	sub	a0,a0,a5
    5976:	02e50533          	mul	a0,a0,a4
    597a:	f4afa0ef          	jal	ra,c4 <__hidden___udivsi3>
    597e:	40a00533          	neg	a0,a0
    5982:	bf4d                	j	5934 <A_Servo_Submit+0x19c>
    5984:	4782                	lw	a5,0(sp)
    5986:	6725                	lui	a4,0x9
    5988:	ca070713          	addi	a4,a4,-864 # 8ca0 <_data_lma+0x1ce4>
    598c:	02e787b3          	mul	a5,a5,a4
    5990:	00040fa3          	sb	zero,31(s0)
    5994:	c03c                	sw	a5,64(s0)
    5996:	92bff0ef          	jal	ra,52c0 <A_Encoder_Read>
    599a:	7741                	lui	a4,0xffff0
    599c:	0705                	addi	a4,a4,1 # ffff0001 <_eusrstack+0xdffee001>
    599e:	972a                	add	a4,a4,a0
    59a0:	00e03733          	snez	a4,a4
    59a4:	02e40223          	sb	a4,36(s0)
    59a8:	6741                	lui	a4,0x10
    59aa:	177d                	addi	a4,a4,-1 # ffff <_data_lma+0x9043>
    59ac:	e6e506e3          	beq	a0,a4,5818 <A_Servo_Submit+0x80>
    59b0:	c448                	sw	a0,12(s0)
    59b2:	b59d                	j	5818 <A_Servo_Submit+0x80>

000059b4 <Servo_ApplyBootAction>:
    59b4:	ef4fa2ef          	jal	t0,a8 <__riscv_save_0>
    59b8:	ad418413          	addi	s0,gp,-1324 # 20000364 <s_servo>
    59bc:	3c4a                	lhu	a0,60(s0)
    59be:	c511                	beqz	a0,59ca <Servo_ApplyBootAction+0x16>
    59c0:	3c6e                	lhu	a1,62(s0)
    59c2:	dd7ff0ef          	jal	ra,5798 <A_Servo_Submit>
    59c6:	eecfa06f          	j	b2 <__riscv_restore_0>
    59ca:	ab418793          	addi	a5,gp,-1356 # 20000344 <g_config>
    59ce:	37b4                	lbu	a3,11(a5)
    59d0:	4705                	li	a4,1
    59d2:	00e69563          	bne	a3,a4,59dc <Servo_ApplyBootAction+0x28>
    59d6:	238a                	lhu	a0,0(a5)
    59d8:	4581                	li	a1,0
    59da:	b7e5                	j	59c2 <Servo_ApplyBootAction+0xe>
    59dc:	478d                	li	a5,3
    59de:	00f69763          	bne	a3,a5,59ec <Servo_ApplyBootAction+0x38>
    59e2:	02e402a3          	sb	a4,37(s0)
    59e6:	d11ff0ef          	jal	ra,56f6 <A_Servo_Stop>
    59ea:	bff1                	j	59c6 <Servo_ApplyBootAction+0x12>
    59ec:	943ff0ef          	jal	ra,532e <Servo_IsPosition>
    59f0:	d979                	beqz	a0,59c6 <Servo_ApplyBootAction+0x12>
    59f2:	204a                	lhu	a0,4(s0)
    59f4:	b7bfe0ef          	jal	ra,456e <C_Traj_Hold>
    59f8:	b7f9                	j	59c6 <Servo_ApplyBootAction+0x12>

000059fa <A_Servo_Init>:
    59fa:	eaefa2ef          	jal	t0,a8 <__riscv_save_0>
    59fe:	1171                	addi	sp,sp,-4
    5a00:	08400613          	li	a2,132
    5a04:	4581                	li	a1,0
    5a06:	ad418513          	addi	a0,gp,-1324 # 20000364 <s_servo>
    5a0a:	f46fa0ef          	jal	ra,150 <memset>
    5a0e:	6785                	lui	a5,0x1
    5a10:	ad418493          	addi	s1,gp,-1324 # 20000364 <s_servo>
    5a14:	96078793          	addi	a5,a5,-1696 # 960 <ADC_InjectedChannelConfig+0x3c>
    5a18:	4501                	li	a0,0
    5a1a:	04f49323          	sh	a5,70(s1)
    5a1e:	aa7fd0ef          	jal	ra,34c4 <D_UART_Enable>
    5a22:	4505                	li	a0,1
    5a24:	f2cfd0ef          	jal	ra,3150 <D_PWM_Input_Enable>
    5a28:	03c00493          	li	s1,60
    5a2c:	ad418413          	addi	s0,gp,-1324 # 20000364 <s_servo>
    5a30:	ef6fd0ef          	jal	ra,3126 <D_PWM_Read>
    5a34:	c02a                	sw	a0,0(sp)
    5a36:	ed2d                	bnez	a0,5ab0 <A_Servo_Init+0xb6>
    5a38:	4505                	li	a0,1
    5a3a:	f42fc0ef          	jal	ra,217c <Delay_Ms>
    5a3e:	fff48793          	addi	a5,s1,-1
    5a42:	0ff7f493          	zext.b	s1,a5
    5a46:	f4ed                	bnez	s1,5a30 <A_Servo_Init+0x36>
    5a48:	4501                	li	a0,0
    5a4a:	f06fd0ef          	jal	ra,3150 <D_PWM_Input_Enable>
    5a4e:	4505                	li	a0,1
    5a50:	a75fd0ef          	jal	ra,34c4 <D_UART_Enable>
    5a54:	4782                	lw	a5,0(sp)
    5a56:	02940023          	sb	s1,32(s0)
    5a5a:	bc5e                	sh	a5,60(s0)
    5a5c:	abd1c503          	lbu	a0,-1347(gp) # 2000034d <g_config+0x9>
    5a60:	a19ff0ef          	jal	ra,5478 <Servo_SetModeFields>
    5a64:	96bff0ef          	jal	ra,53ce <Servo_ReadPosition>
    5a68:	e519                	bnez	a0,5a76 <A_Servo_Init+0x7c>
    5a6a:	00042623          	sw	zero,12(s0)
    5a6e:	00042423          	sw	zero,8(s0)
    5a72:	00041223          	sh	zero,4(s0)
    5a76:	205e                	lhu	a5,4(s0)
    5a78:	4408                	lw	a0,8(s0)
    5a7a:	a83e                	sh	a5,18(s0)
    5a7c:	b22fe0ef          	jal	ra,3d9e <C_SpeedObs_Init>
    5a80:	204a                	lhu	a0,4(s0)
    5a82:	4665                	li	a2,25
    5a84:	4581                	li	a1,0
    5a86:	963fe0ef          	jal	ra,43e8 <C_Traj_Init>
    5a8a:	8a5ff0ef          	jal	ra,532e <Servo_IsPosition>
    5a8e:	c119                	beqz	a0,5a94 <A_Servo_Init+0x9a>
    5a90:	999ff0ef          	jal	ra,5428 <Servo_SetTrajRange>
    5a94:	d1ffd0ef          	jal	ra,37b2 <C_PosCtrl_Init>
    5a98:	4501                	li	a0,0
    5a9a:	020402a3          	sb	zero,37(s0)
    5a9e:	8a2fd0ef          	jal	ra,2b40 <D_Motor_Set>
    5aa2:	04a41423          	sh	a0,72(s0)
    5aa6:	f0fff0ef          	jal	ra,59b4 <Servo_ApplyBootAction>
    5aaa:	0111                	addi	sp,sp,4
    5aac:	e06fa06f          	j	b2 <__riscv_restore_0>
    5ab0:	4485                	li	s1,1
    5ab2:	b74d                	j	5a54 <A_Servo_Init+0x5a>

00005ab4 <A_Servo_SetMode>:
    5ab4:	fff50793          	addi	a5,a0,-1
    5ab8:	0ff7f793          	zext.b	a5,a5
    5abc:	4725                	li	a4,9
    5abe:	02f76063          	bltu	a4,a5,5ade <A_Servo_SetMode+0x2a>
    5ac2:	de6fa2ef          	jal	t0,a8 <__riscv_save_0>
    5ac6:	842a                	mv	s0,a0
    5ac8:	c2fff0ef          	jal	ra,56f6 <A_Servo_Stop>
    5acc:	aa818ea3          	sb	s0,-1347(gp) # 2000034d <g_config+0x9>
    5ad0:	c2aff0ef          	jal	ra,4efa <A_Config_MarkDirty>
    5ad4:	b07ff0ef          	jal	ra,55da <A_Servo_ApplyConfig>
    5ad8:	4505                	li	a0,1
    5ada:	dd8fa06f          	j	b2 <__riscv_restore_0>
    5ade:	4501                	li	a0,0
    5ae0:	8082                	ret

00005ae2 <A_Servo_GetPositionPwm>:
    5ae2:	dc6fa2ef          	jal	t0,a8 <__riscv_save_0>
    5ae6:	849ff0ef          	jal	ra,532e <Servo_IsPosition>
    5aea:	c119                	beqz	a0,5af0 <A_Servo_GetPositionPwm+0xe>
    5aec:	8e3ff0ef          	jal	ra,53ce <Servo_ReadPosition>
    5af0:	89fff0ef          	jal	ra,538e <Servo_PositionToPwm>
    5af4:	dbefa06f          	j	b2 <__riscv_restore_0>

00005af8 <A_Servo_CalibrateMid>:
    5af8:	db0fa2ef          	jal	t0,a8 <__riscv_save_0>
    5afc:	1171                	addi	sp,sp,-4
    5afe:	fc2ff0ef          	jal	ra,52c0 <A_Encoder_Read>
    5b02:	842a                	mv	s0,a0
    5b04:	82bff0ef          	jal	ra,532e <Servo_IsPosition>
    5b08:	c939                	beqz	a0,5b5e <A_Servo_CalibrateMid+0x66>
    5b0a:	67c1                	lui	a5,0x10
    5b0c:	17fd                	addi	a5,a5,-1 # ffff <_data_lma+0x9043>
    5b0e:	4501                	li	a0,0
    5b10:	04f40763          	beq	s0,a5,5b5e <A_Servo_CalibrateMid+0x66>
    5b14:	ad418713          	addi	a4,gp,-1324 # 20000364 <s_servo>
    5b18:	2b1e                	lhu	a5,16(a4)
    5b1a:	6525                	lui	a0,0x9
    5b1c:	ca050513          	addi	a0,a0,-864 # 8ca0 <_data_lma+0x1ce4>
    5b20:	8385                	srli	a5,a5,0x1
    5b22:	9522                	add	a0,a0,s0
    5b24:	8d1d                	sub	a0,a0,a5
    5b26:	c03e                	sw	a5,0(sp)
    5b28:	81bff0ef          	jal	ra,5342 <Servo_WrapAngle>
    5b2c:	ad418713          	addi	a4,gp,-1324 # 20000364 <s_servo>
    5b30:	4310                	lw	a2,0(a4)
    5b32:	46ad                	li	a3,11
    5b34:	4782                	lw	a5,0(sp)
    5b36:	ad418493          	addi	s1,gp,-1324 # 20000364 <s_servo>
    5b3a:	ab418713          	addi	a4,gp,-1356 # 20000344 <g_config>
    5b3e:	02d61363          	bne	a2,a3,5b64 <A_Servo_CalibrateMid+0x6c>
    5b42:	a34a                	sh	a0,4(a4)
    5b44:	c03e                	sw	a5,0(sp)
    5b46:	bb4ff0ef          	jal	ra,4efa <A_Config_MarkDirty>
    5b4a:	4782                	lw	a5,0(sp)
    5b4c:	c4c0                	sw	s0,12(s1)
    5b4e:	c49c                	sw	a5,8(s1)
    5b50:	a0de                	sh	a5,4(s1)
    5b52:	8d7ff0ef          	jal	ra,5428 <Servo_SetTrajRange>
    5b56:	4505                	li	a0,1
    5b58:	8e7ff0ef          	jal	ra,543e <Servo_ResyncLoops>
    5b5c:	4505                	li	a0,1
    5b5e:	0111                	addi	sp,sp,4
    5b60:	d52fa06f          	j	b2 <__riscv_restore_0>
    5b64:	a32a                	sh	a0,2(a4)
    5b66:	bff9                	j	5b44 <A_Servo_CalibrateMid+0x4c>

00005b68 <A_Servo_SetTravelEnd>:
    5b68:	d40fa2ef          	jal	t0,a8 <__riscv_save_0>
    5b6c:	1161                	addi	sp,sp,-8
    5b6e:	c02a                	sw	a0,0(sp)
    5b70:	fbeff0ef          	jal	ra,532e <Servo_IsPosition>
    5b74:	e509                	bnez	a0,5b7e <A_Servo_SetTravelEnd+0x16>
    5b76:	4501                	li	a0,0
    5b78:	0121                	addi	sp,sp,8
    5b7a:	d38fa06f          	j	b2 <__riscv_restore_0>
    5b7e:	f42ff0ef          	jal	ra,52c0 <A_Encoder_Read>
    5b82:	67c1                	lui	a5,0x10
    5b84:	17fd                	addi	a5,a5,-1 # ffff <_data_lma+0x9043>
    5b86:	842a                	mv	s0,a0
    5b88:	fef507e3          	beq	a0,a5,5b76 <A_Servo_SetTravelEnd+0xe>
    5b8c:	fecff0ef          	jal	ra,5378 <Servo_Offset>
    5b90:	6625                	lui	a2,0x9
    5b92:	ca060613          	addi	a2,a2,-864 # 8ca0 <_data_lma+0x1ce4>
    5b96:	872a                	mv	a4,a0
    5b98:	00c40533          	add	a0,s0,a2
    5b9c:	8d19                	sub	a0,a0,a4
    5b9e:	c23a                	sw	a4,4(sp)
    5ba0:	fa2ff0ef          	jal	ra,5342 <Servo_WrapAngle>
    5ba4:	ad418693          	addi	a3,gp,-1324 # 20000364 <s_servo>
    5ba8:	2a96                	lhu	a3,16(a3)
    5baa:	4712                	lw	a4,4(sp)
    5bac:	84aa                	mv	s1,a0
    5bae:	ad418413          	addi	s0,gp,-1324 # 20000364 <s_servo>
    5bb2:	ce89                	beqz	a3,5bcc <A_Servo_SetTravelEnd+0x64>
    5bb4:	00a6dc63          	bge	a3,a0,5bcc <A_Servo_SetTravelEnd+0x64>
    5bb8:	67a5                	lui	a5,0x9
    5bba:	ca078613          	addi	a2,a5,-864 # 8ca0 <_data_lma+0x1ce4>
    5bbe:	40d505b3          	sub	a1,a0,a3
    5bc2:	8e09                	sub	a2,a2,a0
    5bc4:	84b6                	mv	s1,a3
    5bc6:	00b67363          	bgeu	a2,a1,5bcc <A_Servo_SetTravelEnd+0x64>
    5bca:	4481                	li	s1,0
    5bcc:	2c70                	lbu	a2,30(s0)
    5bce:	4782                	lw	a5,0(sp)
    5bd0:	6525                	lui	a0,0x9
    5bd2:	c236                	sw	a3,4(sp)
    5bd4:	ca050513          	addi	a0,a0,-864 # 8ca0 <_data_lma+0x1ce4>
    5bd8:	04f60263          	beq	a2,a5,5c1c <A_Servo_SetTravelEnd+0xb4>
    5bdc:	9726                	add	a4,a4,s1
    5bde:	953a                	add	a0,a0,a4
    5be0:	f62ff0ef          	jal	ra,5342 <Servo_WrapAngle>
    5be4:	4692                	lw	a3,4(sp)
    5be6:	87aa                	mv	a5,a0
    5be8:	8e85                	sub	a3,a3,s1
    5bea:	01069493          	slli	s1,a3,0x10
    5bee:	80c1                	srli	s1,s1,0x10
    5bf0:	c03e                	sw	a5,0(sp)
    5bf2:	06300713          	li	a4,99
    5bf6:	f89770e3          	bgeu	a4,s1,5b76 <A_Servo_SetTravelEnd+0xe>
    5bfa:	afdff0ef          	jal	ra,56f6 <A_Servo_Stop>
    5bfe:	4782                	lw	a5,0(sp)
    5c00:	ab418713          	addi	a4,gp,-1356 # 20000344 <g_config>
    5c04:	a35e                	sh	a5,4(a4)
    5c06:	2c7c                	lbu	a5,30(s0)
    5c08:	a366                	sh	s1,6(a4)
    5c0a:	b75c                	sb	a5,13(a4)
    5c0c:	47ad                	li	a5,11
    5c0e:	b71c                	sb	a5,9(a4)
    5c10:	aeaff0ef          	jal	ra,4efa <A_Config_MarkDirty>
    5c14:	9c7ff0ef          	jal	ra,55da <A_Servo_ApplyConfig>
    5c18:	4505                	li	a0,1
    5c1a:	bfb9                	j	5b78 <A_Servo_SetTravelEnd+0x10>
    5c1c:	953a                	add	a0,a0,a4
    5c1e:	f24ff0ef          	jal	ra,5342 <Servo_WrapAngle>
    5c22:	87aa                	mv	a5,a0
    5c24:	b7f1                	j	5bf0 <A_Servo_SetTravelEnd+0x88>

00005c26 <A_Servo_SaveStartup>:
    5c26:	c82fa2ef          	jal	t0,a8 <__riscv_save_0>
    5c2a:	f04ff0ef          	jal	ra,532e <Servo_IsPosition>
    5c2e:	e501                	bnez	a0,5c36 <A_Servo_SaveStartup+0x10>
    5c30:	4501                	li	a0,0
    5c32:	c80fa06f          	j	b2 <__riscv_restore_0>
    5c36:	f98ff0ef          	jal	ra,53ce <Servo_ReadPosition>
    5c3a:	d97d                	beqz	a0,5c30 <A_Servo_SaveStartup+0xa>
    5c3c:	f52ff0ef          	jal	ra,538e <Servo_PositionToPwm>
    5c40:	aaa19a23          	sh	a0,-1356(gp) # 20000344 <g_config>
    5c44:	ab6ff0ef          	jal	ra,4efa <A_Config_MarkDirty>
    5c48:	4505                	li	a0,1
    5c4a:	b7e5                	j	5c32 <A_Servo_SaveStartup+0xc>

00005c4c <A_Servo_Control>:
    5c4c:	c5cfa2ef          	jal	t0,a8 <__riscv_save_0>
    5c50:	ad418793          	addi	a5,gp,-1324 # 20000364 <s_servo>
    5c54:	0207c483          	lbu	s1,32(a5)
    5c58:	4785                	li	a5,1
    5c5a:	ad418413          	addi	s0,gp,-1324 # 20000364 <s_servo>
    5c5e:	04f49363          	bne	s1,a5,5ca4 <A_Servo_Control+0x58>
    5c62:	cc4fd0ef          	jal	ra,3126 <D_PWM_Read>
    5c66:	cd1d                	beqz	a0,5ca4 <A_Servo_Control+0x58>
    5c68:	2c5c                	lbu	a5,28(s0)
    5c6a:	e781                	bnez	a5,5c72 <A_Servo_Control+0x26>
    5c6c:	ac2a                	sh	a0,26(s0)
    5c6e:	ac0a                	sh	a0,24(s0)
    5c70:	ac44                	sb	s1,28(s0)
    5c72:	2c3a                	lhu	a4,26(s0)
    5c74:	2c16                	lhu	a3,24(s0)
    5c76:	ac2a                	sh	a0,26(s0)
    5c78:	ac1a                	sh	a4,24(s0)
    5c7a:	00d77563          	bgeu	a4,a3,5c84 <A_Servo_Control+0x38>
    5c7e:	87b6                	mv	a5,a3
    5c80:	86ba                	mv	a3,a4
    5c82:	873e                	mv	a4,a5
    5c84:	87aa                	mv	a5,a0
    5c86:	00a77363          	bgeu	a4,a0,5c8c <A_Servo_Control+0x40>
    5c8a:	87ba                	mv	a5,a4
    5c8c:	853e                	mv	a0,a5
    5c8e:	01051793          	slli	a5,a0,0x10
    5c92:	83c1                	srli	a5,a5,0x10
    5c94:	00d7f363          	bgeu	a5,a3,5c9a <A_Servo_Control+0x4e>
    5c98:	8536                	mv	a0,a3
    5c9a:	0542                	slli	a0,a0,0x10
    5c9c:	4581                	li	a1,0
    5c9e:	8141                	srli	a0,a0,0x10
    5ca0:	af9ff0ef          	jal	ra,5798 <A_Servo_Submit>
    5ca4:	02644483          	lbu	s1,38(s0)
    5ca8:	4789                	li	a5,2
    5caa:	00f49e63          	bne	s1,a5,5cc6 <A_Servo_Control+0x7a>
    5cae:	f20ff0ef          	jal	ra,53ce <Servo_ReadPosition>
    5cb2:	c901                	beqz	a0,5cc2 <A_Servo_Control+0x76>
    5cb4:	4505                	li	a0,1
    5cb6:	02040323          	sb	zero,38(s0)
    5cba:	00040fa3          	sb	zero,31(s0)
    5cbe:	f80ff0ef          	jal	ra,543e <Servo_ResyncLoops>
    5cc2:	bf0fa06f          	j	b2 <__riscv_restore_0>
    5cc6:	02544783          	lbu	a5,37(s0)
    5cca:	ffe5                	bnez	a5,5cc2 <A_Servo_Control+0x76>
    5ccc:	02144783          	lbu	a5,33(s0)
    5cd0:	e791                	bnez	a5,5cdc <A_Servo_Control+0x90>
    5cd2:	e5cff0ef          	jal	ra,532e <Servo_IsPosition>
    5cd6:	c549                	beqz	a0,5d60 <A_Servo_Control+0x114>
    5cd8:	3c5c                	lbu	a5,29(s0)
    5cda:	e399                	bnez	a5,5ce0 <A_Servo_Control+0x94>
    5cdc:	4501                	li	a0,0
    5cde:	a8a5                	j	5d56 <A_Servo_Control+0x10a>
    5ce0:	4785                	li	a5,1
    5ce2:	20f49963          	bne	s1,a5,5ef4 <A_Servo_Control+0x2a8>
    5ce6:	343e                	lhu	a5,42(s0)
    5ce8:	02844703          	lbu	a4,40(s0)
    5cec:	0785                	addi	a5,a5,1
    5cee:	07c2                	slli	a5,a5,0x10
    5cf0:	83c1                	srli	a5,a5,0x10
    5cf2:	b43e                	sh	a5,42(s0)
    5cf4:	0e070c63          	beqz	a4,5dec <A_Servo_Control+0x1a0>
    5cf8:	6705                	lui	a4,0x1
    5cfa:	bb770713          	addi	a4,a4,-1097 # bb7 <FLASH_Unlock_Fast+0x1b>
    5cfe:	10f76963          	bltu	a4,a5,5e10 <A_Servo_Control+0x1c4>
    5d02:	eccff0ef          	jal	ra,53ce <Servo_ReadPosition>
    5d06:	c105                	beqz	a0,5d26 <A_Servo_Control+0xda>
    5d08:	4458                	lw	a4,12(s0)
    5d0a:	6791                	lui	a5,0x4
    5d0c:	64f78793          	addi	a5,a5,1615 # 464f <C_Traj_Plan+0x91>
    5d10:	00f727b3          	slt	a5,a4,a5
    5d14:	02f403a3          	sb	a5,39(s0)
    5d18:	67a5                	lui	a5,0x9
    5d1a:	f3870713          	addi	a4,a4,-200
    5d1e:	b0f78793          	addi	a5,a5,-1265 # 8b0f <_data_lma+0x1b53>
    5d22:	10e7f263          	bgeu	a5,a4,5e26 <A_Servo_Control+0x1da>
    5d26:	02041623          	sh	zero,44(s0)
    5d2a:	02744783          	lbu	a5,39(s0)
    5d2e:	da800713          	li	a4,-600
    5d32:	c399                	beqz	a5,5d38 <A_Servo_Control+0xec>
    5d34:	25800713          	li	a4,600
    5d38:	04641783          	lh	a5,70(s0)
    5d3c:	853e                	mv	a0,a5
    5d3e:	00f75363          	bge	a4,a5,5d44 <A_Servo_Control+0xf8>
    5d42:	853a                	mv	a0,a4
    5d44:	0542                	slli	a0,a0,0x10
    5d46:	8541                	srai	a0,a0,0x10
    5d48:	40f007b3          	neg	a5,a5
    5d4c:	00f55563          	bge	a0,a5,5d56 <A_Servo_Control+0x10a>
    5d50:	01079513          	slli	a0,a5,0x10
    5d54:	8541                	srai	a0,a0,0x10
    5d56:	debfc0ef          	jal	ra,2b40 <D_Motor_Set>
    5d5a:	04a41423          	sh	a0,72(s0)
    5d5e:	b795                	j	5cc2 <A_Servo_Control+0x76>
    5d60:	4685                	li	a3,1
    5d62:	f8d482e3          	beq	s1,a3,5ce6 <A_Servo_Control+0x9a>
    5d66:	4038                	lw	a4,64(s0)
    5d68:	db35                	beqz	a4,5cdc <A_Servo_Control+0x90>
    5d6a:	04441783          	lh	a5,68(s0)
    5d6e:	d7bd                	beqz	a5,5cdc <A_Servo_Control+0x90>
    5d70:	401c                	lw	a5,0(s0)
    5d72:	17e5                	addi	a5,a5,-7
    5d74:	02f6e963          	bltu	a3,a5,5da6 <A_Servo_Control+0x15a>
    5d78:	57fd                	li	a5,-1
    5d7a:	02f70663          	beq	a4,a5,5da6 <A_Servo_Control+0x15a>
    5d7e:	d42ff0ef          	jal	ra,52c0 <A_Encoder_Read>
    5d82:	67c1                	lui	a5,0x10
    5d84:	17fd                	addi	a5,a5,-1 # ffff <_data_lma+0x9043>
    5d86:	10f51863          	bne	a0,a5,5e96 <A_Servo_Control+0x24a>
    5d8a:	3c7c                	lbu	a5,31(s0)
    5d8c:	02040223          	sb	zero,36(s0)
    5d90:	4711                	li	a4,4
    5d92:	00f76463          	bltu	a4,a5,5d9a <A_Servo_Control+0x14e>
    5d96:	0785                	addi	a5,a5,1
    5d98:	bc7c                	sb	a5,31(s0)
    5d9a:	3c78                	lbu	a4,31(s0)
    5d9c:	4795                	li	a5,5
    5d9e:	f2f70fe3          	beq	a4,a5,5cdc <A_Servo_Control+0x90>
    5da2:	403c                	lw	a5,64(s0)
    5da4:	df85                	beqz	a5,5cdc <A_Servo_Control+0x90>
    5da6:	04445703          	lhu	a4,68(s0)
    5daa:	04641783          	lh	a5,70(s0)
    5dae:	853a                	mv	a0,a4
    5db0:	0742                	slli	a4,a4,0x10
    5db2:	8741                	srai	a4,a4,0x10
    5db4:	00e7d363          	bge	a5,a4,5dba <A_Servo_Control+0x16e>
    5db8:	853e                	mv	a0,a5
    5dba:	0542                	slli	a0,a0,0x10
    5dbc:	8541                	srai	a0,a0,0x10
    5dbe:	40f007b3          	neg	a5,a5
    5dc2:	00f55563          	bge	a0,a5,5dcc <A_Servo_Control+0x180>
    5dc6:	01079513          	slli	a0,a5,0x10
    5dca:	8541                	srai	a0,a0,0x10
    5dcc:	d75fc0ef          	jal	ra,2b40 <D_Motor_Set>
    5dd0:	401c                	lw	a5,0(s0)
    5dd2:	04a41423          	sh	a0,72(s0)
    5dd6:	4705                	li	a4,1
    5dd8:	17e5                	addi	a5,a5,-7
    5dda:	eef774e3          	bgeu	a4,a5,5cc2 <A_Servo_Control+0x76>
    5dde:	403c                	lw	a5,64(s0)
    5de0:	577d                	li	a4,-1
    5de2:	eee780e3          	beq	a5,a4,5cc2 <A_Servo_Control+0x76>
    5de6:	17fd                	addi	a5,a5,-1
    5de8:	c03c                	sw	a5,64(s0)
    5dea:	bde1                	j	5cc2 <A_Servo_Control+0x76>
    5dec:	5db00713          	li	a4,1499
    5df0:	f0f779e3          	bgeu	a4,a5,5d02 <A_Servo_Control+0xb6>
    5df4:	4785                	li	a5,1
    5df6:	02f40423          	sb	a5,40(s0)
    5dfa:	02744783          	lbu	a5,39(s0)
    5dfe:	02041523          	sh	zero,42(s0)
    5e02:	02041623          	sh	zero,44(s0)
    5e06:	0017b793          	seqz	a5,a5
    5e0a:	02f403a3          	sb	a5,39(s0)
    5e0e:	bdd5                	j	5d02 <A_Servo_Control+0xb6>
    5e10:	4789                	li	a5,2
    5e12:	02f40323          	sb	a5,38(s0)
    5e16:	4785                	li	a5,1
    5e18:	020404a3          	sb	zero,41(s0)
    5e1c:	02f402a3          	sb	a5,37(s0)
    5e20:	8d7ff0ef          	jal	ra,56f6 <A_Servo_Stop>
    5e24:	bd79                	j	5cc2 <A_Servo_Control+0x76>
    5e26:	345e                	lhu	a5,44(s0)
    5e28:	07700713          	li	a4,119
    5e2c:	0785                	addi	a5,a5,1
    5e2e:	07c2                	slli	a5,a5,0x10
    5e30:	83c1                	srli	a5,a5,0x10
    5e32:	b45e                	sh	a5,44(s0)
    5e34:	eef77be3          	bgeu	a4,a5,5d2a <A_Servo_Control+0xde>
    5e38:	4501                	li	a0,0
    5e3a:	2826                	lhu	s1,18(s0)
    5e3c:	d05fc0ef          	jal	ra,2b40 <D_Motor_Set>
    5e40:	04a41423          	sh	a0,72(s0)
    5e44:	4505                	li	a0,1
    5e46:	02040323          	sb	zero,38(s0)
    5e4a:	00040fa3          	sb	zero,31(s0)
    5e4e:	df0ff0ef          	jal	ra,543e <Servo_ResyncLoops>
    5e52:	02944783          	lbu	a5,41(s0)
    5e56:	c791                	beqz	a5,5e62 <A_Servo_Control+0x216>
    5e58:	020404a3          	sb	zero,41(s0)
    5e5c:	b59ff0ef          	jal	ra,59b4 <Servo_ApplyBootAction>
    5e60:	b58d                	j	5cc2 <A_Servo_Control+0x76>
    5e62:	02244783          	lbu	a5,34(s0)
    5e66:	e4078ee3          	beqz	a5,5cc2 <A_Servo_Control+0x76>
    5e6a:	cc4ff0ef          	jal	ra,532e <Servo_IsPosition>
    5e6e:	e4050ae3          	beqz	a0,5cc2 <A_Servo_Control+0x76>
    5e72:	02344703          	lbu	a4,35(s0)
    5e76:	a826                	sh	s1,18(s0)
    5e78:	403c                	lw	a5,64(s0)
    5e7a:	4581                	li	a1,0
    5e7c:	c719                	beqz	a4,5e8a <A_Servo_Control+0x23e>
    5e7e:	85be                	mv	a1,a5
    5e80:	67c1                	lui	a5,0x10
    5e82:	00f5e463          	bltu	a1,a5,5e8a <A_Servo_Control+0x23e>
    5e86:	fff78593          	addi	a1,a5,-1 # ffff <_data_lma+0x9043>
    5e8a:	05c2                	slli	a1,a1,0x10
    5e8c:	81c1                	srli	a1,a1,0x10
    5e8e:	8526                	mv	a0,s1
    5e90:	f2efe0ef          	jal	ra,45be <C_Traj_Plan>
    5e94:	b53d                	j	5cc2 <A_Servo_Control+0x76>
    5e96:	02444783          	lbu	a5,36(s0)
    5e9a:	cf8d                	beqz	a5,5ed4 <A_Servo_Control+0x288>
    5e9c:	445c                	lw	a5,12(s0)
    5e9e:	6711                	lui	a4,0x4
    5ea0:	65070713          	addi	a4,a4,1616 # 4650 <C_Traj_Plan+0x92>
    5ea4:	40f507b3          	sub	a5,a0,a5
    5ea8:	02f75d63          	bge	a4,a5,5ee2 <A_Servo_Control+0x296>
    5eac:	775d                	lui	a4,0xffff7
    5eae:	36070713          	addi	a4,a4,864 # ffff7360 <_eusrstack+0xdfff5360>
    5eb2:	97ba                	add	a5,a5,a4
    5eb4:	04441703          	lh	a4,68(s0)
    5eb8:	00075463          	bgez	a4,5ec0 <A_Servo_Control+0x274>
    5ebc:	40f007b3          	neg	a5,a5
    5ec0:	0007d363          	bgez	a5,5ec6 <A_Servo_Control+0x27a>
    5ec4:	4781                	li	a5,0
    5ec6:	4034                	lw	a3,64(s0)
    5ec8:	4701                	li	a4,0
    5eca:	00d7f463          	bgeu	a5,a3,5ed2 <A_Servo_Control+0x286>
    5ece:	40f68733          	sub	a4,a3,a5
    5ed2:	c038                	sw	a4,64(s0)
    5ed4:	4785                	li	a5,1
    5ed6:	c448                	sw	a0,12(s0)
    5ed8:	02f40223          	sb	a5,36(s0)
    5edc:	00040fa3          	sb	zero,31(s0)
    5ee0:	b5c9                	j	5da2 <A_Servo_Control+0x156>
    5ee2:	7771                	lui	a4,0xffffc
    5ee4:	9b070713          	addi	a4,a4,-1616 # ffffb9b0 <_eusrstack+0xdfff99b0>
    5ee8:	fce7d6e3          	bge	a5,a4,5eb4 <A_Servo_Control+0x268>
    5eec:	6725                	lui	a4,0x9
    5eee:	ca070713          	addi	a4,a4,-864 # 8ca0 <_data_lma+0x1ce4>
    5ef2:	b7c1                	j	5eb2 <A_Servo_Control+0x266>
    5ef4:	cdaff0ef          	jal	ra,53ce <Servo_ReadPosition>
    5ef8:	e11d                	bnez	a0,5f1e <A_Servo_Control+0x2d2>
    5efa:	3c7c                	lbu	a5,31(s0)
    5efc:	4711                	li	a4,4
    5efe:	00f76463          	bltu	a4,a5,5f06 <A_Servo_Control+0x2ba>
    5f02:	0785                	addi	a5,a5,1
    5f04:	bc7c                	sb	a5,31(s0)
    5f06:	3c78                	lbu	a4,31(s0)
    5f08:	4795                	li	a5,5
    5f0a:	00f71a63          	bne	a4,a5,5f1e <A_Servo_Control+0x2d2>
    5f0e:	4501                	li	a0,0
    5f10:	c31fc0ef          	jal	ra,2b40 <D_Motor_Set>
    5f14:	04a41423          	sh	a0,72(s0)
    5f18:	881fd0ef          	jal	ra,3798 <C_PosCtrl_Reset>
    5f1c:	b35d                	j	5cc2 <A_Servo_Control+0x76>
    5f1e:	04841583          	lh	a1,72(s0)
    5f22:	4408                	lw	a0,8(s0)
    5f24:	b2c18613          	addi	a2,gp,-1236 # 200003bc <s_servo+0x58>
    5f28:	eb5fd0ef          	jal	ra,3ddc <C_SpeedObs_Update>
    5f2c:	08144583          	lbu	a1,129(s0)
    5f30:	c18d                	beqz	a1,5f52 <A_Servo_Control+0x306>
    5f32:	507c                	lw	a5,100(s0)
    5f34:	4838                	lw	a4,80(s0)
    5f36:	02e786b3          	mul	a3,a5,a4
    5f3a:	02e797b3          	mulh	a5,a5,a4
    5f3e:	00f04463          	bgtz	a5,5f46 <A_Servo_Control+0x2fa>
    5f42:	e7b1                	bnez	a5,5f8e <A_Servo_Control+0x342>
    5f44:	c6a9                	beqz	a3,5f8e <A_Servo_Control+0x342>
    5f46:	347e                	lhu	a5,46(s0)
    5f48:	6741                	lui	a4,0x10
    5f4a:	177d                	addi	a4,a4,-1 # ffff <_data_lma+0x9043>
    5f4c:	02e79e63          	bne	a5,a4,5f88 <A_Servo_Control+0x33c>
    5f50:	4585                	li	a1,1
    5f52:	b2018513          	addi	a0,gp,-1248 # 200003b0 <s_servo+0x4c>
    5f56:	dfdfe0ef          	jal	ra,4d52 <C_Traj_Step>
    5f5a:	f77fe0ef          	jal	ra,4ed0 <C_Traj_Is_Done>
    5f5e:	862a                	mv	a2,a0
    5f60:	b3818693          	addi	a3,gp,-1224 # 200003c8 <s_servo+0x64>
    5f64:	b2018513          	addi	a0,gp,-1248 # 200003b0 <s_servo+0x4c>
    5f68:	b2c18593          	addi	a1,gp,-1236 # 200003bc <s_servo+0x58>
    5f6c:	879fd0ef          	jal	ra,37e4 <C_PosCtrl_Update>
    5f70:	bd1fc0ef          	jal	ra,2b40 <D_Motor_Set>
    5f74:	02344783          	lbu	a5,35(s0)
    5f78:	04a41423          	sh	a0,72(s0)
    5f7c:	d40783e3          	beqz	a5,5cc2 <A_Servo_Control+0x76>
    5f80:	403c                	lw	a5,64(s0)
    5f82:	d40780e3          	beqz	a5,5cc2 <A_Servo_Control+0x76>
    5f86:	b585                	j	5de6 <A_Servo_Control+0x19a>
    5f88:	0785                	addi	a5,a5,1
    5f8a:	b47e                	sh	a5,46(s0)
    5f8c:	b7d1                	j	5f50 <A_Servo_Control+0x304>
    5f8e:	4581                	li	a1,0
    5f90:	b7c9                	j	5f52 <A_Servo_Control+0x306>

00005f92 <Task_State>:
    5f92:	916fa2ef          	jal	t0,a8 <__riscv_save_0>
    5f96:	b591c783          	lbu	a5,-1191(gp) # 200003e9 <led_div.1>
    5f9a:	46a5                	li	a3,9
    5f9c:	0785                	addi	a5,a5,1
    5f9e:	0ff7f793          	zext.b	a5,a5
    5fa2:	00f6e863          	bltu	a3,a5,5fb2 <Task_State+0x20>
    5fa6:	b4f18ca3          	sb	a5,-1191(gp) # 200003e9 <led_div.1>
    5faa:	b93fc0ef          	jal	ra,2b3c <D_IWDG_Feed>
    5fae:	904fa06f          	j	b2 <__riscv_restore_0>
    5fb2:	b581c783          	lbu	a5,-1192(gp) # 200003e8 <led_on.0>
    5fb6:	b4018ca3          	sb	zero,-1191(gp) # 200003e9 <led_div.1>
    5fba:	c385                	beqz	a5,5fda <Task_State+0x48>
    5fbc:	0ff00613          	li	a2,255
    5fc0:	0ff00593          	li	a1,255
    5fc4:	0ff00513          	li	a0,255
    5fc8:	f82fd0ef          	jal	ra,374a <D_WS2812_Send>
    5fcc:	b581c783          	lbu	a5,-1192(gp) # 200003e8 <led_on.0>
    5fd0:	0017b793          	seqz	a5,a5
    5fd4:	b4f18c23          	sb	a5,-1192(gp) # 200003e8 <led_on.0>
    5fd8:	bfc9                	j	5faa <Task_State+0x18>
    5fda:	fb0fd0ef          	jal	ra,378a <D_WS2812_Off>
    5fde:	b7fd                	j	5fcc <Task_State+0x3a>

00005fe0 <Task_Protect>:
    5fe0:	910ff06f          	j	50f0 <A_Protect_Task>

00005fe4 <Task_Uart>:
    5fe4:	ac0d                	j	6216 <A_Uart_Process>

00005fe6 <Task_ServoControl>:
    5fe6:	c67ff06f          	j	5c4c <A_Servo_Control>

00005fea <A_Tasks_Init>:
    5fea:	8befa2ef          	jal	t0,a8 <__riscv_save_0>
    5fee:	20000537          	lui	a0,0x20000
    5ff2:	4595                	li	a1,5
    5ff4:	03c50513          	addi	a0,a0,60 # 2000003c <s_tasks>
    5ff8:	fc3fd0ef          	jal	ra,3fba <C_Task_Init>
    5ffc:	20000537          	lui	a0,0x20000
    6000:	07c50513          	addi	a0,a0,124 # 2000007c <s_tasks+0x40>
    6004:	f37fe0ef          	jal	ra,4f3a <A_Config_BindSaveEvent>
    6008:	8aafa06f          	j	b2 <__riscv_restore_0>

0000600c <Reply_Begin>:
    600c:	89cfa2ef          	jal	t0,a8 <__riscv_save_0>
    6010:	abc1c483          	lbu	s1,-1348(gp) # 2000034c <g_config+0x8>
    6014:	b5c18413          	addi	s0,gp,-1188 # 200003ec <s_reply>
    6018:	02300793          	li	a5,35
    601c:	06400593          	li	a1,100
    6020:	8526                	mv	a0,s1
    6022:	a01c                	sb	a5,0(s0)
    6024:	8a0fa0ef          	jal	ra,c4 <__hidden___udivsi3>
    6028:	03050513          	addi	a0,a0,48
    602c:	b008                	sb	a0,1(s0)
    602e:	45a9                	li	a1,10
    6030:	8526                	mv	a0,s1
    6032:	892fa0ef          	jal	ra,c4 <__hidden___udivsi3>
    6036:	45a9                	li	a1,10
    6038:	0ff57513          	zext.b	a0,a0
    603c:	8b4fa0ef          	jal	ra,f0 <__umodsi3>
    6040:	03050513          	addi	a0,a0,48
    6044:	a028                	sb	a0,2(s0)
    6046:	45a9                	li	a1,10
    6048:	8526                	mv	a0,s1
    604a:	8a6fa0ef          	jal	ra,f0 <__umodsi3>
    604e:	4795                	li	a5,5
    6050:	02f40823          	sb	a5,48(s0)
    6054:	03050513          	addi	a0,a0,48
    6058:	05000793          	li	a5,80
    605c:	b028                	sb	a0,3(s0)
    605e:	a05c                	sb	a5,4(s0)
    6060:	852fa06f          	j	b2 <__riscv_restore_0>

00006064 <Reply_Char>:
    6064:	b5c18793          	addi	a5,gp,-1188 # 200003ec <s_reply>
    6068:	0307c703          	lbu	a4,48(a5)
    606c:	02f00693          	li	a3,47
    6070:	00e6e863          	bltu	a3,a4,6080 <Reply_Char+0x1c>
    6074:	00170693          	addi	a3,a4,1
    6078:	02d78823          	sb	a3,48(a5)
    607c:	97ba                	add	a5,a5,a4
    607e:	a388                	sb	a0,0(a5)
    6080:	8082                	ret

00006082 <Reply_Text>:
    6082:	b5c18713          	addi	a4,gp,-1188 # 200003ec <s_reply>
    6086:	02f00613          	li	a2,47
    608a:	00050683          	lb	a3,0(a0)
    608e:	c689                	beqz	a3,6098 <Reply_Text+0x16>
    6090:	03074783          	lbu	a5,48(a4)
    6094:	00f67363          	bgeu	a2,a5,609a <Reply_Text+0x18>
    6098:	8082                	ret
    609a:	00178593          	addi	a1,a5,1
    609e:	97ba                	add	a5,a5,a4
    60a0:	0505                	addi	a0,a0,1
    60a2:	02b70823          	sb	a1,48(a4)
    60a6:	a394                	sb	a3,0(a5)
    60a8:	b7cd                	j	608a <Reply_Text+0x8>

000060aa <Reply_UInt>:
    60aa:	ffff92ef          	jal	t0,a8 <__riscv_save_0>
    60ae:	1121                	addi	sp,sp,-24
    60b0:	0064                	addi	s1,sp,12
    60b2:	87aa                	mv	a5,a0
    60b4:	872e                	mv	a4,a1
    60b6:	86a6                	mv	a3,s1
    60b8:	4401                	li	s0,0
    60ba:	45a9                	li	a1,10
    60bc:	853e                	mv	a0,a5
    60be:	c43a                	sw	a4,8(sp)
    60c0:	c236                	sw	a3,4(sp)
    60c2:	c03e                	sw	a5,0(sp)
    60c4:	82cfa0ef          	jal	ra,f0 <__umodsi3>
    60c8:	4692                	lw	a3,4(sp)
    60ca:	4782                	lw	a5,0(sp)
    60cc:	03050513          	addi	a0,a0,48
    60d0:	a288                	sb	a0,0(a3)
    60d2:	45a9                	li	a1,10
    60d4:	853e                	mv	a0,a5
    60d6:	feff90ef          	jal	ra,c4 <__hidden___udivsi3>
    60da:	4602                	lw	a2,0(sp)
    60dc:	0405                	addi	s0,s0,1
    60de:	4325                	li	t1,9
    60e0:	4692                	lw	a3,4(sp)
    60e2:	4722                	lw	a4,8(sp)
    60e4:	0ff47413          	zext.b	s0,s0
    60e8:	87aa                	mv	a5,a0
    60ea:	04c36763          	bltu	t1,a2,6138 <Reply_UInt+0x8e>
    60ee:	408707b3          	sub	a5,a4,s0
    60f2:	0ff7f793          	zext.b	a5,a5
    60f6:	4601                	li	a2,0
    60f8:	00876363          	bltu	a4,s0,60fe <Reply_UInt+0x54>
    60fc:	863e                	mv	a2,a5
    60fe:	03000593          	li	a1,48
    6102:	00848533          	add	a0,s1,s0
    6106:	c23a                	sw	a4,4(sp)
    6108:	c03e                	sw	a5,0(sp)
    610a:	846fa0ef          	jal	ra,150 <memset>
    610e:	4712                	lw	a4,4(sp)
    6110:	4681                	li	a3,0
    6112:	00876463          	bltu	a4,s0,611a <Reply_UInt+0x70>
    6116:	4782                	lw	a5,0(sp)
    6118:	86be                	mv	a3,a5
    611a:	147d                	addi	s0,s0,-1
    611c:	9436                	add	s0,s0,a3
    611e:	0ff47413          	zext.b	s0,s0
    6122:	9426                	add	s0,s0,s1
    6124:	2008                	lbu	a0,0(s0)
    6126:	f3fff0ef          	jal	ra,6064 <Reply_Char>
    612a:	87a2                	mv	a5,s0
    612c:	147d                	addi	s0,s0,-1
    612e:	fe979be3          	bne	a5,s1,6124 <Reply_UInt+0x7a>
    6132:	0161                	addi	sp,sp,24
    6134:	f7ff906f          	j	b2 <__riscv_restore_0>
    6138:	4629                	li	a2,10
    613a:	0685                	addi	a3,a3,1
    613c:	f6c41fe3          	bne	s0,a2,60ba <Reply_UInt+0x10>
    6140:	b77d                	j	60ee <Reply_UInt+0x44>

00006142 <Uart_BodyIs>:
    6142:	f67f92ef          	jal	t0,a8 <__riscv_save_0>
    6146:	1171                	addi	sp,sp,-4
    6148:	84aa                	mv	s1,a0
    614a:	8532                	mv	a0,a2
    614c:	c02e                	sw	a1,0(sp)
    614e:	8432                	mv	s0,a2
    6150:	397000ef          	jal	ra,6ce6 <strlen>
    6154:	4582                	lw	a1,0(sp)
    6156:	0ff57793          	zext.b	a5,a0
    615a:	4501                	li	a0,0
    615c:	00b79963          	bne	a5,a1,616e <Uart_BodyIs+0x2c>
    6160:	863e                	mv	a2,a5
    6162:	85a2                	mv	a1,s0
    6164:	8526                	mv	a0,s1
    6166:	35d000ef          	jal	ra,6cc2 <memcmp>
    616a:	00153513          	seqz	a0,a0
    616e:	0111                	addi	sp,sp,4
    6170:	f43f906f          	j	b2 <__riscv_restore_0>

00006174 <Reply_Send>:
    6174:	f35f92ef          	jal	t0,a8 <__riscv_save_0>
    6178:	02100513          	li	a0,33
    617c:	ee9ff0ef          	jal	ra,6064 <Reply_Char>
    6180:	b5c18793          	addi	a5,gp,-1188 # 200003ec <s_reply>
    6184:	0307c583          	lbu	a1,48(a5)
    6188:	b5c18513          	addi	a0,gp,-1188 # 200003ec <s_reply>
    618c:	bfcfd0ef          	jal	ra,3588 <D_UART1_Tx_Write>
    6190:	f23f906f          	j	b2 <__riscv_restore_0>

00006194 <Reply_Value>:
    6194:	f15f92ef          	jal	t0,a8 <__riscv_save_0>
    6198:	1161                	addi	sp,sp,-8
    619a:	842e                	mv	s0,a1
    619c:	c032                	sw	a2,0(sp)
    619e:	c22a                	sw	a0,4(sp)
    61a0:	e6dff0ef          	jal	ra,600c <Reply_Begin>
    61a4:	4512                	lw	a0,4(sp)
    61a6:	eddff0ef          	jal	ra,6082 <Reply_Text>
    61aa:	4582                	lw	a1,0(sp)
    61ac:	8522                	mv	a0,s0
    61ae:	efdff0ef          	jal	ra,60aa <Reply_UInt>
    61b2:	fc3ff0ef          	jal	ra,6174 <Reply_Send>
    61b6:	0121                	addi	sp,sp,8
    61b8:	efbf906f          	j	b2 <__riscv_restore_0>

000061bc <Reply_OK>:
    61bc:	eedf92ef          	jal	t0,a8 <__riscv_save_0>
    61c0:	e4dff0ef          	jal	ra,600c <Reply_Begin>
    61c4:	651d                	lui	a0,0x7
    61c6:	dd850513          	addi	a0,a0,-552 # 6dd8 <span.0+0x8>
    61ca:	eb9ff0ef          	jal	ra,6082 <Reply_Text>
    61ce:	fa7ff0ef          	jal	ra,6174 <Reply_Send>
    61d2:	ee1f906f          	j	b2 <__riscv_restore_0>

000061d6 <Uart_ParseDigits.part.0>:
    61d6:	4701                	li	a4,0
    61d8:	4781                	li	a5,0
    61da:	4325                	li	t1,9
    61dc:	42a9                	li	t0,10
    61de:	0ff77693          	zext.b	a3,a4
    61e2:	00b6e563          	bltu	a3,a1,61ec <Uart_ParseDigits.part.0+0x16>
    61e6:	a21e                	sh	a5,0(a2)
    61e8:	4505                	li	a0,1
    61ea:	8082                	ret
    61ec:	00e506b3          	add	a3,a0,a4
    61f0:	0006c383          	lbu	t2,0(a3)
    61f4:	0705                	addi	a4,a4,1
    61f6:	fd038693          	addi	a3,t2,-48
    61fa:	0ff6f693          	zext.b	a3,a3
    61fe:	00d36a63          	bltu	t1,a3,6212 <Uart_ParseDigits.part.0+0x3c>
    6202:	025787b3          	mul	a5,a5,t0
    6206:	fd078793          	addi	a5,a5,-48
    620a:	979e                	add	a5,a5,t2
    620c:	07c2                	slli	a5,a5,0x10
    620e:	83c1                	srli	a5,a5,0x10
    6210:	b7f9                	j	61de <Uart_ParseDigits.part.0+0x8>
    6212:	4501                	li	a0,0
    6214:	8082                	ret

00006216 <A_Uart_Process>:
    6216:	e93f92ef          	jal	t0,a8 <__riscv_save_0>
    621a:	1121                	addi	sp,sp,-24
    621c:	00b10513          	addi	a0,sp,11
    6220:	b5efd0ef          	jal	ra,357e <D_UART1_Rx_Get>
    6224:	e511                	bnez	a0,6230 <A_Uart_Process+0x1a>
    6226:	c22fd0ef          	jal	ra,3648 <D_UART_Service>
    622a:	0161                	addi	sp,sp,24
    622c:	e87f906f          	j	b2 <__riscv_restore_0>
    6230:	8598                	lbu	a4,11(sp)
    6232:	02300593          	li	a1,35
    6236:	00b71d63          	bne	a4,a1,6250 <A_Uart_Process+0x3a>
    623a:	4785                	li	a5,1
    623c:	b8f186a3          	sb	a5,-1139(gp) # 2000041d <s_framing>
    6240:	b8f18723          	sb	a5,-1138(gp) # 2000041e <s_frame_idx>
    6244:	b8e18823          	sb	a4,-1136(gp) # 20000420 <s_frame>
    6248:	8588                	lbu	a0,11(sp)
    624a:	a10fa0ef          	jal	ra,45a <IAP_Rx_Deal>
    624e:	b7f9                	j	621c <A_Uart_Process+0x6>
    6250:	b8d1c783          	lbu	a5,-1139(gp) # 2000041d <s_framing>
    6254:	dbf5                	beqz	a5,6248 <A_Uart_Process+0x32>
    6256:	b8e1c783          	lbu	a5,-1138(gp) # 2000041e <s_frame_idx>
    625a:	c03e                	sw	a5,0(sp)
    625c:	4602                	lw	a2,0(sp)
    625e:	47fd                	li	a5,31
    6260:	00c7f563          	bgeu	a5,a2,626a <A_Uart_Process+0x54>
    6264:	b80186a3          	sb	zero,-1139(gp) # 2000041d <s_framing>
    6268:	b7c5                	j	6248 <A_Uart_Process+0x32>
    626a:	4782                	lw	a5,0(sp)
    626c:	4502                	lw	a0,0(sp)
    626e:	0785                	addi	a5,a5,1
    6270:	0ff7f793          	zext.b	a5,a5
    6274:	b8f18723          	sb	a5,-1138(gp) # 2000041e <s_frame_idx>
    6278:	b9018613          	addi	a2,gp,-1136 # 20000420 <s_frame>
    627c:	962a                	add	a2,a2,a0
    627e:	a218                	sb	a4,0(a2)
    6280:	02100613          	li	a2,33
    6284:	b9018313          	addi	t1,gp,-1136 # 20000420 <s_frame>
    6288:	fcc710e3          	bne	a4,a2,6248 <A_Uart_Process+0x32>
    628c:	4619                	li	a2,6
    628e:	fcf67be3          	bgeu	a2,a5,6264 <A_Uart_Process+0x4e>
    6292:	b901c683          	lbu	a3,-1136(gp) # 20000420 <s_frame>
    6296:	fcb697e3          	bne	a3,a1,6264 <A_Uart_Process+0x4e>
    629a:	00434603          	lbu	a2,4(t1)
    629e:	05000693          	li	a3,80
    62a2:	fcd611e3          	bne	a2,a3,6264 <A_Uart_Process+0x4e>
    62a6:	b8f18693          	addi	a3,gp,-1137 # 2000041f <s_frame_idx+0x1>
    62aa:	97b6                	add	a5,a5,a3
    62ac:	239c                	lbu	a5,0(a5)
    62ae:	fae79be3          	bne	a5,a4,6264 <A_Uart_Process+0x4e>
    62b2:	0070                	addi	a2,sp,12
    62b4:	458d                	li	a1,3
    62b6:	b9118513          	addi	a0,gp,-1135 # 20000421 <s_frame+0x1>
    62ba:	f1dff0ef          	jal	ra,61d6 <Uart_ParseDigits.part.0>
    62be:	d15d                	beqz	a0,6264 <A_Uart_Process+0x4e>
    62c0:	ab418693          	addi	a3,gp,-1356 # 20000344 <g_config>
    62c4:	863c                	lhu	a5,12(sp)
    62c6:	2694                	lbu	a3,8(a3)
    62c8:	ab418713          	addi	a4,gp,-1356 # 20000344 <g_config>
    62cc:	c23a                	sw	a4,4(sp)
    62ce:	b9018313          	addi	t1,gp,-1136 # 20000420 <s_frame>
    62d2:	00f68663          	beq	a3,a5,62de <A_Uart_Process+0xc8>
    62d6:	0ff00713          	li	a4,255
    62da:	f8e795e3          	bne	a5,a4,6264 <A_Uart_Process+0x4e>
    62de:	4782                	lw	a5,0(sp)
    62e0:	c802                	sw	zero,16(sp)
    62e2:	ca02                	sw	zero,20(sp)
    62e4:	ffb78493          	addi	s1,a5,-5
    62e8:	0ff4f493          	zext.b	s1,s1
    62ec:	47a5                	li	a5,9
    62ee:	04f49f63          	bne	s1,a5,634c <A_Uart_Process+0x136>
    62f2:	00934703          	lbu	a4,9(t1)
    62f6:	05400793          	li	a5,84
    62fa:	04f71963          	bne	a4,a5,634c <A_Uart_Process+0x136>
    62fe:	0850                	addi	a2,sp,20
    6300:	4591                	li	a1,4
    6302:	b9518513          	addi	a0,gp,-1131 # 20000425 <s_frame+0x5>
    6306:	ed1ff0ef          	jal	ra,61d6 <Uart_ParseDigits.part.0>
    630a:	c129                	beqz	a0,634c <A_Uart_Process+0x136>
    630c:	01610613          	addi	a2,sp,22
    6310:	4591                	li	a1,4
    6312:	b9a18513          	addi	a0,gp,-1126 # 2000042a <s_frame+0xa>
    6316:	ec1ff0ef          	jal	ra,61d6 <Uart_ParseDigits.part.0>
    631a:	c90d                	beqz	a0,634c <A_Uart_Process+0x136>
    631c:	82bc                	lhu	a5,20(sp)
    631e:	7d000713          	li	a4,2000
    6322:	e0c78793          	addi	a5,a5,-500
    6326:	07c2                	slli	a5,a5,0x10
    6328:	83c1                	srli	a5,a5,0x10
    632a:	f2f76de3          	bltu	a4,a5,6264 <A_Uart_Process+0x4e>
    632e:	4785                	li	a5,1
    6330:	c83e                	sw	a5,16(sp)
    6332:	4542                	lw	a0,16(sp)
    6334:	4765                	li	a4,25
    6336:	fff50793          	addi	a5,a0,-1
    633a:	f2f765e3          	bltu	a4,a5,6264 <A_Uart_Process+0x4e>
    633e:	671d                	lui	a4,0x7
    6340:	078a                	slli	a5,a5,0x2
    6342:	e5470713          	addi	a4,a4,-428 # 6e54 <span.0+0x84>
    6346:	97ba                	add	a5,a5,a4
    6348:	439c                	lw	a5,0(a5)
    634a:	8782                	jr	a5
    634c:	661d                	lui	a2,0x7
    634e:	ddc60613          	addi	a2,a2,-548 # 6ddc <span.0+0xc>
    6352:	85a6                	mv	a1,s1
    6354:	b9518513          	addi	a0,gp,-1131 # 20000425 <s_frame+0x5>
    6358:	debff0ef          	jal	ra,6142 <Uart_BodyIs>
    635c:	4789                	li	a5,2
    635e:	ed01                	bnez	a0,6376 <A_Uart_Process+0x160>
    6360:	679d                	lui	a5,0x7
    6362:	de078613          	addi	a2,a5,-544 # 6de0 <span.0+0x10>
    6366:	85a6                	mv	a1,s1
    6368:	b9518513          	addi	a0,gp,-1131 # 20000425 <s_frame+0x5>
    636c:	dd7ff0ef          	jal	ra,6142 <Uart_BodyIs>
    6370:	679d                	lui	a5,0x7
    6372:	c501                	beqz	a0,637a <A_Uart_Process+0x164>
    6374:	478d                	li	a5,3
    6376:	c83e                	sw	a5,16(sp)
    6378:	a825                	j	63b0 <A_Uart_Process+0x19a>
    637a:	4715                	li	a4,5
    637c:	02e49e63          	bne	s1,a4,63b8 <A_Uart_Process+0x1a2>
    6380:	4609                	li	a2,2
    6382:	de078593          	addi	a1,a5,-544 # 6de0 <span.0+0x10>
    6386:	b9518513          	addi	a0,gp,-1131 # 20000425 <s_frame+0x5>
    638a:	139000ef          	jal	ra,6cc2 <memcmp>
    638e:	e50d                	bnez	a0,63b8 <A_Uart_Process+0x1a2>
    6390:	00e10613          	addi	a2,sp,14
    6394:	458d                	li	a1,3
    6396:	b9718513          	addi	a0,gp,-1129 # 20000427 <s_frame+0x7>
    639a:	e3dff0ef          	jal	ra,61d6 <Uart_ParseDigits.part.0>
    639e:	cd09                	beqz	a0,63b8 <A_Uart_Process+0x1a2>
    63a0:	873c                	lhu	a5,14(sp)
    63a2:	0fe00713          	li	a4,254
    63a6:	00f76963          	bltu	a4,a5,63b8 <A_Uart_Process+0x1a2>
    63aa:	4711                	li	a4,4
    63ac:	c83a                	sw	a4,16(sp)
    63ae:	83fc                	sh	a5,22(sp)
    63b0:	47c2                	lw	a5,16(sp)
    63b2:	ea0789e3          	beqz	a5,6264 <A_Uart_Process+0x4e>
    63b6:	bfb5                	j	6332 <A_Uart_Process+0x11c>
    63b8:	661d                	lui	a2,0x7
    63ba:	de460613          	addi	a2,a2,-540 # 6de4 <span.0+0x14>
    63be:	85a6                	mv	a1,s1
    63c0:	b9518513          	addi	a0,gp,-1131 # 20000425 <s_frame+0x5>
    63c4:	d7fff0ef          	jal	ra,6142 <Uart_BodyIs>
    63c8:	4795                	li	a5,5
    63ca:	f555                	bnez	a0,6376 <A_Uart_Process+0x160>
    63cc:	661d                	lui	a2,0x7
    63ce:	de860613          	addi	a2,a2,-536 # 6de8 <span.0+0x18>
    63d2:	85a6                	mv	a1,s1
    63d4:	b9518513          	addi	a0,gp,-1131 # 20000425 <s_frame+0x5>
    63d8:	d6bff0ef          	jal	ra,6142 <Uart_BodyIs>
    63dc:	4799                	li	a5,6
    63de:	fd41                	bnez	a0,6376 <A_Uart_Process+0x160>
    63e0:	661d                	lui	a2,0x7
    63e2:	dec60613          	addi	a2,a2,-532 # 6dec <span.0+0x1c>
    63e6:	85a6                	mv	a1,s1
    63e8:	b9518513          	addi	a0,gp,-1131 # 20000425 <s_frame+0x5>
    63ec:	d57ff0ef          	jal	ra,6142 <Uart_BodyIs>
    63f0:	479d                	li	a5,7
    63f2:	f151                	bnez	a0,6376 <A_Uart_Process+0x160>
    63f4:	671d                	lui	a4,0x7
    63f6:	df070613          	addi	a2,a4,-528 # 6df0 <span.0+0x20>
    63fa:	85a6                	mv	a1,s1
    63fc:	b9518513          	addi	a0,gp,-1131 # 20000425 <s_frame+0x5>
    6400:	d43ff0ef          	jal	ra,6142 <Uart_BodyIs>
    6404:	671d                	lui	a4,0x7
    6406:	47a1                	li	a5,8
    6408:	f53d                	bnez	a0,6376 <A_Uart_Process+0x160>
    640a:	4782                	lw	a5,0(sp)
    640c:	4685                	li	a3,1
    640e:	17dd                	addi	a5,a5,-9
    6410:	0ff7f793          	zext.b	a5,a5
    6414:	04f6e163          	bltu	a3,a5,6456 <A_Uart_Process+0x240>
    6418:	460d                	li	a2,3
    641a:	df070593          	addi	a1,a4,-528 # 6df0 <span.0+0x20>
    641e:	b9518513          	addi	a0,gp,-1131 # 20000425 <s_frame+0x5>
    6422:	0a1000ef          	jal	ra,6cc2 <memcmp>
    6426:	e905                	bnez	a0,6456 <A_Uart_Process+0x240>
    6428:	4782                	lw	a5,0(sp)
    642a:	00e10613          	addi	a2,sp,14
    642e:	ff878593          	addi	a1,a5,-8
    6432:	0ff5f593          	zext.b	a1,a1
    6436:	b9818513          	addi	a0,gp,-1128 # 20000428 <s_frame+0x8>
    643a:	d9dff0ef          	jal	ra,61d6 <Uart_ParseDigits.part.0>
    643e:	cd01                	beqz	a0,6456 <A_Uart_Process+0x240>
    6440:	8738                	lhu	a4,14(sp)
    6442:	46a5                	li	a3,9
    6444:	fff70793          	addi	a5,a4,-1
    6448:	07c2                	slli	a5,a5,0x10
    644a:	83c1                	srli	a5,a5,0x10
    644c:	00f6e563          	bltu	a3,a5,6456 <A_Uart_Process+0x240>
    6450:	c836                	sw	a3,16(sp)
    6452:	83f8                	sh	a4,22(sp)
    6454:	bfb1                	j	63b0 <A_Uart_Process+0x19a>
    6456:	661d                	lui	a2,0x7
    6458:	df460613          	addi	a2,a2,-524 # 6df4 <span.0+0x24>
    645c:	85a6                	mv	a1,s1
    645e:	b9518513          	addi	a0,gp,-1131 # 20000425 <s_frame+0x5>
    6462:	ce1ff0ef          	jal	ra,6142 <Uart_BodyIs>
    6466:	47a9                	li	a5,10
    6468:	f00517e3          	bnez	a0,6376 <A_Uart_Process+0x160>
    646c:	661d                	lui	a2,0x7
    646e:	df860613          	addi	a2,a2,-520 # 6df8 <span.0+0x28>
    6472:	85a6                	mv	a1,s1
    6474:	b9518513          	addi	a0,gp,-1131 # 20000425 <s_frame+0x5>
    6478:	ccbff0ef          	jal	ra,6142 <Uart_BodyIs>
    647c:	47ad                	li	a5,11
    647e:	ee051ce3          	bnez	a0,6376 <A_Uart_Process+0x160>
    6482:	661d                	lui	a2,0x7
    6484:	dfc60613          	addi	a2,a2,-516 # 6dfc <span.0+0x2c>
    6488:	85a6                	mv	a1,s1
    648a:	b9518513          	addi	a0,gp,-1131 # 20000425 <s_frame+0x5>
    648e:	cb5ff0ef          	jal	ra,6142 <Uart_BodyIs>
    6492:	47b1                	li	a5,12
    6494:	ee0511e3          	bnez	a0,6376 <A_Uart_Process+0x160>
    6498:	661d                	lui	a2,0x7
    649a:	e0060613          	addi	a2,a2,-512 # 6e00 <span.0+0x30>
    649e:	85a6                	mv	a1,s1
    64a0:	b9518513          	addi	a0,gp,-1131 # 20000425 <s_frame+0x5>
    64a4:	c9fff0ef          	jal	ra,6142 <Uart_BodyIs>
    64a8:	47b5                	li	a5,13
    64aa:	ec0516e3          	bnez	a0,6376 <A_Uart_Process+0x160>
    64ae:	679d                	lui	a5,0x7
    64b0:	e0478613          	addi	a2,a5,-508 # 6e04 <span.0+0x34>
    64b4:	85a6                	mv	a1,s1
    64b6:	b9518513          	addi	a0,gp,-1131 # 20000425 <s_frame+0x5>
    64ba:	c89ff0ef          	jal	ra,6142 <Uart_BodyIs>
    64be:	679d                	lui	a5,0x7
    64c0:	c119                	beqz	a0,64c6 <A_Uart_Process+0x2b0>
    64c2:	47b9                	li	a5,14
    64c4:	bd4d                	j	6376 <A_Uart_Process+0x160>
    64c6:	470d                	li	a4,3
    64c8:	04e49863          	bne	s1,a4,6518 <A_Uart_Process+0x302>
    64cc:	4609                	li	a2,2
    64ce:	e0478593          	addi	a1,a5,-508 # 6e04 <span.0+0x34>
    64d2:	b9518513          	addi	a0,gp,-1131 # 20000425 <s_frame+0x5>
    64d6:	7ec000ef          	jal	ra,6cc2 <memcmp>
    64da:	e505                	bnez	a0,6502 <A_Uart_Process+0x2ec>
    64dc:	00e10613          	addi	a2,sp,14
    64e0:	4585                	li	a1,1
    64e2:	b9718513          	addi	a0,gp,-1129 # 20000427 <s_frame+0x7>
    64e6:	cf1ff0ef          	jal	ra,61d6 <Uart_ParseDigits.part.0>
    64ea:	cd01                	beqz	a0,6502 <A_Uart_Process+0x2ec>
    64ec:	8738                	lhu	a4,14(sp)
    64ee:	469d                	li	a3,7
    64f0:	fff70793          	addi	a5,a4,-1
    64f4:	07c2                	slli	a5,a5,0x10
    64f6:	83c1                	srli	a5,a5,0x10
    64f8:	00f6e563          	bltu	a3,a5,6502 <A_Uart_Process+0x2ec>
    64fc:	47bd                	li	a5,15
    64fe:	c83e                	sw	a5,16(sp)
    6500:	bf89                	j	6452 <A_Uart_Process+0x23c>
    6502:	661d                	lui	a2,0x7
    6504:	e0860613          	addi	a2,a2,-504 # 6e08 <span.0+0x38>
    6508:	458d                	li	a1,3
    650a:	b9518513          	addi	a0,gp,-1131 # 20000425 <s_frame+0x5>
    650e:	c35ff0ef          	jal	ra,6142 <Uart_BodyIs>
    6512:	c539                	beqz	a0,6560 <A_Uart_Process+0x34a>
    6514:	47dd                	li	a5,23
    6516:	b585                	j	6376 <A_Uart_Process+0x160>
    6518:	679d                	lui	a5,0x7
    651a:	e0878613          	addi	a2,a5,-504 # 6e08 <span.0+0x38>
    651e:	85a6                	mv	a1,s1
    6520:	b9518513          	addi	a0,gp,-1131 # 20000425 <s_frame+0x5>
    6524:	c1fff0ef          	jal	ra,6142 <Uart_BodyIs>
    6528:	f575                	bnez	a0,6514 <A_Uart_Process+0x2fe>
    652a:	4715                	li	a4,5
    652c:	02e49a63          	bne	s1,a4,6560 <A_Uart_Process+0x34a>
    6530:	679d                	lui	a5,0x7
    6532:	4609                	li	a2,2
    6534:	e0878593          	addi	a1,a5,-504 # 6e08 <span.0+0x38>
    6538:	b9518513          	addi	a0,gp,-1131 # 20000425 <s_frame+0x5>
    653c:	786000ef          	jal	ra,6cc2 <memcmp>
    6540:	e105                	bnez	a0,6560 <A_Uart_Process+0x34a>
    6542:	00e10613          	addi	a2,sp,14
    6546:	458d                	li	a1,3
    6548:	b9718513          	addi	a0,gp,-1129 # 20000427 <s_frame+0x7>
    654c:	c8bff0ef          	jal	ra,61d6 <Uart_ParseDigits.part.0>
    6550:	c901                	beqz	a0,6560 <A_Uart_Process+0x34a>
    6552:	873c                	lhu	a5,14(sp)
    6554:	06400713          	li	a4,100
    6558:	00f76463          	bltu	a4,a5,6560 <A_Uart_Process+0x34a>
    655c:	4761                	li	a4,24
    655e:	b5b9                	j	63ac <A_Uart_Process+0x196>
    6560:	661d                	lui	a2,0x7
    6562:	e0c60613          	addi	a2,a2,-500 # 6e0c <span.0+0x3c>
    6566:	85a6                	mv	a1,s1
    6568:	b9518513          	addi	a0,gp,-1131 # 20000425 <s_frame+0x5>
    656c:	bd7ff0ef          	jal	ra,6142 <Uart_BodyIs>
    6570:	47e5                	li	a5,25
    6572:	e00512e3          	bnez	a0,6376 <A_Uart_Process+0x160>
    6576:	661d                	lui	a2,0x7
    6578:	e1060613          	addi	a2,a2,-496 # 6e10 <span.0+0x40>
    657c:	85a6                	mv	a1,s1
    657e:	b9518513          	addi	a0,gp,-1131 # 20000425 <s_frame+0x5>
    6582:	bc1ff0ef          	jal	ra,6142 <Uart_BodyIs>
    6586:	47e9                	li	a5,26
    6588:	de0517e3          	bnez	a0,6376 <A_Uart_Process+0x160>
    658c:	661d                	lui	a2,0x7
    658e:	e1460613          	addi	a2,a2,-492 # 6e14 <span.0+0x44>
    6592:	85a6                	mv	a1,s1
    6594:	b9518513          	addi	a0,gp,-1131 # 20000425 <s_frame+0x5>
    6598:	babff0ef          	jal	ra,6142 <Uart_BodyIs>
    659c:	47c1                	li	a5,16
    659e:	dc051ce3          	bnez	a0,6376 <A_Uart_Process+0x160>
    65a2:	661d                	lui	a2,0x7
    65a4:	e1860613          	addi	a2,a2,-488 # 6e18 <span.0+0x48>
    65a8:	85a6                	mv	a1,s1
    65aa:	b9518513          	addi	a0,gp,-1131 # 20000425 <s_frame+0x5>
    65ae:	b95ff0ef          	jal	ra,6142 <Uart_BodyIs>
    65b2:	47c5                	li	a5,17
    65b4:	dc0511e3          	bnez	a0,6376 <A_Uart_Process+0x160>
    65b8:	679d                	lui	a5,0x7
    65ba:	e1c78613          	addi	a2,a5,-484 # 6e1c <span.0+0x4c>
    65be:	85a6                	mv	a1,s1
    65c0:	b9518513          	addi	a0,gp,-1131 # 20000425 <s_frame+0x5>
    65c4:	b7fff0ef          	jal	ra,6142 <Uart_BodyIs>
    65c8:	679d                	lui	a5,0x7
    65ca:	c119                	beqz	a0,65d0 <A_Uart_Process+0x3ba>
    65cc:	47c9                	li	a5,18
    65ce:	b365                	j	6376 <A_Uart_Process+0x160>
    65d0:	4711                	li	a4,4
    65d2:	02e49c63          	bne	s1,a4,660a <A_Uart_Process+0x3f4>
    65d6:	460d                	li	a2,3
    65d8:	e1c78593          	addi	a1,a5,-484 # 6e1c <span.0+0x4c>
    65dc:	b9518513          	addi	a0,gp,-1131 # 20000425 <s_frame+0x5>
    65e0:	6e2000ef          	jal	ra,6cc2 <memcmp>
    65e4:	e11d                	bnez	a0,660a <A_Uart_Process+0x3f4>
    65e6:	00e10613          	addi	a2,sp,14
    65ea:	4585                	li	a1,1
    65ec:	b9818513          	addi	a0,gp,-1128 # 20000428 <s_frame+0x8>
    65f0:	be7ff0ef          	jal	ra,61d6 <Uart_ParseDigits.part.0>
    65f4:	c919                	beqz	a0,660a <A_Uart_Process+0x3f4>
    65f6:	8738                	lhu	a4,14(sp)
    65f8:	4689                	li	a3,2
    65fa:	fff70793          	addi	a5,a4,-1
    65fe:	07c2                	slli	a5,a5,0x10
    6600:	83c1                	srli	a5,a5,0x10
    6602:	00f6e463          	bltu	a3,a5,660a <A_Uart_Process+0x3f4>
    6606:	47cd                	li	a5,19
    6608:	bddd                	j	64fe <A_Uart_Process+0x2e8>
    660a:	661d                	lui	a2,0x7
    660c:	e2060613          	addi	a2,a2,-480 # 6e20 <span.0+0x50>
    6610:	85a6                	mv	a1,s1
    6612:	b9518513          	addi	a0,gp,-1131 # 20000425 <s_frame+0x5>
    6616:	b2dff0ef          	jal	ra,6142 <Uart_BodyIs>
    661a:	47d1                	li	a5,20
    661c:	d4051de3          	bnez	a0,6376 <A_Uart_Process+0x160>
    6620:	661d                	lui	a2,0x7
    6622:	e2860613          	addi	a2,a2,-472 # 6e28 <span.0+0x58>
    6626:	85a6                	mv	a1,s1
    6628:	b9518513          	addi	a0,gp,-1131 # 20000425 <s_frame+0x5>
    662c:	b17ff0ef          	jal	ra,6142 <Uart_BodyIs>
    6630:	47d5                	li	a5,21
    6632:	d40512e3          	bnez	a0,6376 <A_Uart_Process+0x160>
    6636:	661d                	lui	a2,0x7
    6638:	e2c60613          	addi	a2,a2,-468 # 6e2c <span.0+0x5c>
    663c:	85a6                	mv	a1,s1
    663e:	b9518513          	addi	a0,gp,-1131 # 20000425 <s_frame+0x5>
    6642:	b01ff0ef          	jal	ra,6142 <Uart_BodyIs>
    6646:	d60505e3          	beqz	a0,63b0 <A_Uart_Process+0x19a>
    664a:	47d9                	li	a5,22
    664c:	b32d                	j	6376 <A_Uart_Process+0x160>
    664e:	83ac                	lhu	a1,22(sp)
    6650:	82a8                	lhu	a0,20(sp)
    6652:	946ff0ef          	jal	ra,5798 <A_Servo_Submit>
    6656:	b139                	j	6264 <A_Uart_Process+0x4e>
    6658:	9b5ff0ef          	jal	ra,600c <Reply_Begin>
    665c:	651d                	lui	a0,0x7
    665e:	e3050513          	addi	a0,a0,-464 # 6e30 <span.0+0x60>
    6662:	a21ff0ef          	jal	ra,6082 <Reply_Text>
    6666:	b0fff0ef          	jal	ra,6174 <Reply_Send>
    666a:	beed                	j	6264 <A_Uart_Process+0x4e>
    666c:	9a1ff0ef          	jal	ra,600c <Reply_Begin>
    6670:	bfdd                	j	6666 <A_Uart_Process+0x450>
    6672:	83bc                	lhu	a5,22(sp)
    6674:	4712                	lw	a4,4(sp)
    6676:	a71c                	sb	a5,8(a4)
    6678:	883fe0ef          	jal	ra,4efa <A_Config_MarkDirty>
    667c:	a021                	j	6684 <A_Uart_Process+0x46e>
    667e:	4501                	li	a0,0
    6680:	8d0ff0ef          	jal	ra,5750 <A_Servo_Release>
    6684:	b39ff0ef          	jal	ra,61bc <Reply_OK>
    6688:	bef1                	j	6264 <A_Uart_Process+0x4e>
    668a:	4505                	li	a0,1
    668c:	bfd5                	j	6680 <A_Uart_Process+0x46a>
    668e:	8d0ff0ef          	jal	ra,575e <A_Servo_RestoreTorque>
    6692:	bfcd                	j	6684 <A_Uart_Process+0x46e>
    6694:	fa3fe0ef          	jal	ra,5636 <A_Servo_Pause>
    6698:	b7f5                	j	6684 <A_Uart_Process+0x46e>
    669a:	fedfe0ef          	jal	ra,5686 <A_Servo_Resume>
    669e:	b7dd                	j	6684 <A_Uart_Process+0x46e>
    66a0:	856ff0ef          	jal	ra,56f6 <A_Servo_Stop>
    66a4:	b6c1                	j	6264 <A_Uart_Process+0x4e>
    66a6:	4792                	lw	a5,4(sp)
    66a8:	651d                	lui	a0,0x7
    66aa:	4601                	li	a2,0
    66ac:	378c                	lbu	a1,9(a5)
    66ae:	df050513          	addi	a0,a0,-528 # 6df0 <span.0+0x20>
    66b2:	ae3ff0ef          	jal	ra,6194 <Reply_Value>
    66b6:	b67d                	j	6264 <A_Uart_Process+0x4e>
    66b8:	4792                	lw	a5,4(sp)
    66ba:	651d                	lui	a0,0x7
    66bc:	4601                	li	a2,0
    66be:	37ac                	lbu	a1,11(a5)
    66c0:	e1c50513          	addi	a0,a0,-484 # 6e1c <span.0+0x4c>
    66c4:	b7fd                	j	66b2 <A_Uart_Process+0x49c>
    66c6:	95dfe0ef          	jal	ra,5022 <A_Config_Baudrate>
    66ca:	85aa                	mv	a1,a0
    66cc:	651d                	lui	a0,0x7
    66ce:	4601                	li	a2,0
    66d0:	e4850513          	addi	a0,a0,-440 # 6e48 <span.0+0x78>
    66d4:	bff9                	j	66b2 <A_Uart_Process+0x49c>
    66d6:	c0cff0ef          	jal	ra,5ae2 <A_Servo_GetPositionPwm>
    66da:	85aa                	mv	a1,a0
    66dc:	651d                	lui	a0,0x7
    66de:	4611                	li	a2,4
    66e0:	e4450513          	addi	a0,a0,-444 # 6e44 <span.0+0x74>
    66e4:	b7f9                	j	66b2 <A_Uart_Process+0x49c>
    66e6:	9e7fe0ef          	jal	ra,50cc <A_Protect_GetTorque>
    66ea:	85aa                	mv	a1,a0
    66ec:	651d                	lui	a0,0x7
    66ee:	460d                	li	a2,3
    66f0:	e0850513          	addi	a0,a0,-504 # 6e08 <span.0+0x38>
    66f4:	bf7d                	j	66b2 <A_Uart_Process+0x49c>
    66f6:	01614503          	lbu	a0,22(sp)
    66fa:	bbaff0ef          	jal	ra,5ab4 <A_Servo_SetMode>
    66fe:	b60503e3          	beqz	a0,6264 <A_Uart_Process+0x4e>
    6702:	b749                	j	6684 <A_Uart_Process+0x46e>
    6704:	01614503          	lbu	a0,22(sp)
    6708:	9a3fe0ef          	jal	ra,50aa <A_Protect_SetTorque>
    670c:	bfcd                	j	66fe <A_Uart_Process+0x4e8>
    670e:	beaff0ef          	jal	ra,5af8 <A_Servo_CalibrateMid>
    6712:	b7f5                	j	66fe <A_Uart_Process+0x4e8>
    6714:	4505                	li	a0,1
    6716:	c52ff0ef          	jal	ra,5b68 <A_Servo_SetTravelEnd>
    671a:	b7d5                	j	66fe <A_Uart_Process+0x4e8>
    671c:	4501                	li	a0,0
    671e:	bfe5                	j	6716 <A_Uart_Process+0x500>
    6720:	d06ff0ef          	jal	ra,5c26 <A_Servo_SaveStartup>
    6724:	bfe9                	j	66fe <A_Uart_Process+0x4e8>
    6726:	83bc                	lhu	a5,22(sp)
    6728:	4712                	lw	a4,4(sp)
    672a:	b73c                	sb	a5,11(a4)
    672c:	b7b1                	j	6678 <A_Uart_Process+0x462>
    672e:	83bc                	lhu	a5,22(sp)
    6730:	4712                	lw	a4,4(sp)
    6732:	a73c                	sb	a5,10(a4)
    6734:	fc6fe0ef          	jal	ra,4efa <A_Config_MarkDirty>
    6738:	a85ff0ef          	jal	ra,61bc <Reply_OK>
    673c:	8e7fe0ef          	jal	ra,5022 <A_Config_Baudrate>
    6740:	f03fc0ef          	jal	ra,3642 <D_UART_SetBaud_Deferred>
    6744:	b605                	j	6264 <A_Uart_Process+0x4e>
    6746:	1531                	addi	a0,a0,-20
    6748:	00153513          	seqz	a0,a0
    674c:	fbefe0ef          	jal	ra,4f0a <A_Config_Default>
    6750:	e8bfe0ef          	jal	ra,55da <A_Servo_ApplyConfig>
    6754:	b7d5                	j	6738 <A_Uart_Process+0x522>
    6756:	b93fe0ef          	jal	ra,52e8 <A_Temperature_Read>
    675a:	84aa                	mv	s1,a0
    675c:	b69fe0ef          	jal	ra,52c4 <A_Voltage_Read>
    6760:	45a9                	li	a1,10
    6762:	0515                	addi	a0,a0,5
    6764:	961f90ef          	jal	ra,c4 <__hidden___udivsi3>
    6768:	01051793          	slli	a5,a0,0x10
    676c:	83c1                	srli	a5,a5,0x10
    676e:	c03e                	sw	a5,0(sp)
    6770:	89dff0ef          	jal	ra,600c <Reply_Begin>
    6774:	651d                	lui	a0,0x7
    6776:	e5050513          	addi	a0,a0,-432 # 6e50 <span.0+0x80>
    677a:	909ff0ef          	jal	ra,6082 <Reply_Text>
    677e:	b64ff0ef          	jal	ra,5ae2 <A_Servo_GetPositionPwm>
    6782:	4591                	li	a1,4
    6784:	927ff0ef          	jal	ra,60aa <Reply_UInt>
    6788:	05400513          	li	a0,84
    678c:	8d9ff0ef          	jal	ra,6064 <Reply_Char>
    6790:	7761                	lui	a4,0xffff8
    6792:	4401                	li	s0,0
    6794:	02e48263          	beq	s1,a4,67b8 <A_Uart_Process+0x5a2>
    6798:	45a9                	li	a1,10
    679a:	8526                	mv	a0,s1
    679c:	921f90ef          	jal	ra,bc <__divsi3>
    67a0:	01051413          	slli	s0,a0,0x10
    67a4:	575d                	li	a4,-9
    67a6:	8441                	srai	s0,s0,0x10
    67a8:	00e4d863          	bge	s1,a4,67b8 <A_Uart_Process+0x5a2>
    67ac:	02d00513          	li	a0,45
    67b0:	8b5ff0ef          	jal	ra,6064 <Reply_Char>
    67b4:	40800433          	neg	s0,s0
    67b8:	4581                	li	a1,0
    67ba:	8522                	mv	a0,s0
    67bc:	8efff0ef          	jal	ra,60aa <Reply_UInt>
    67c0:	05600513          	li	a0,86
    67c4:	8a1ff0ef          	jal	ra,6064 <Reply_Char>
    67c8:	4502                	lw	a0,0(sp)
    67ca:	45a9                	li	a1,10
    67cc:	8f9f90ef          	jal	ra,c4 <__hidden___udivsi3>
    67d0:	0542                	slli	a0,a0,0x10
    67d2:	4581                	li	a1,0
    67d4:	8141                	srli	a0,a0,0x10
    67d6:	8d5ff0ef          	jal	ra,60aa <Reply_UInt>
    67da:	02e00513          	li	a0,46
    67de:	887ff0ef          	jal	ra,6064 <Reply_Char>
    67e2:	4502                	lw	a0,0(sp)
    67e4:	45a9                	li	a1,10
    67e6:	90bf90ef          	jal	ra,f0 <__umodsi3>
    67ea:	0542                	slli	a0,a0,0x10
    67ec:	4585                	li	a1,1
    67ee:	8141                	srli	a0,a0,0x10
    67f0:	8bbff0ef          	jal	ra,60aa <Reply_UInt>
    67f4:	bd8d                	j	6666 <A_Uart_Process+0x450>

000067f6 <__divdi3>:
    67f6:	7179                	addi	sp,sp,-48
    67f8:	d606                	sw	ra,44(sp)
    67fa:	d422                	sw	s0,40(sp)
    67fc:	d226                	sw	s1,36(sp)
    67fe:	c002                	sw	zero,0(sp)
    6800:	87aa                	mv	a5,a0
    6802:	1205c963          	bltz	a1,6934 <__divdi3+0x13e>
    6806:	0006dd63          	bgez	a3,6820 <__divdi3+0x2a>
    680a:	4702                	lw	a4,0(sp)
    680c:	00c03533          	snez	a0,a2
    6810:	40d006b3          	neg	a3,a3
    6814:	fff74713          	not	a4,a4
    6818:	c03a                	sw	a4,0(sp)
    681a:	8e89                	sub	a3,a3,a0
    681c:	40c00633          	neg	a2,a2
    6820:	84b2                	mv	s1,a2
    6822:	843e                	mv	s0,a5
    6824:	82ae                	mv	t0,a1
    6826:	e6e5                	bnez	a3,690e <__divdi3+0x118>
    6828:	16c5f463          	bgeu	a1,a2,6990 <__divdi3+0x19a>
    682c:	66c1                	lui	a3,0x10
    682e:	22d66e63          	bltu	a2,a3,6a6a <__divdi3+0x274>
    6832:	010006b7          	lui	a3,0x1000
    6836:	00d636b3          	sltu	a3,a2,a3
    683a:	40d006b3          	neg	a3,a3
    683e:	9ae1                	andi	a3,a3,-8
    6840:	06e1                	addi	a3,a3,24 # 1000018 <_data_lma+0xff905c>
    6842:	00d653b3          	srl	t2,a2,a3
    6846:	00000517          	auipc	a0,0x0
    684a:	67650513          	addi	a0,a0,1654 # 6ebc <__clz_tab>
    684e:	951e                	add	a0,a0,t2
    6850:	2108                	lbu	a0,0(a0)
    6852:	02000393          	li	t2,32
    6856:	96aa                	add	a3,a3,a0
    6858:	40d38533          	sub	a0,t2,a3
    685c:	00d38c63          	beq	t2,a3,6874 <__divdi3+0x7e>
    6860:	00a592b3          	sll	t0,a1,a0
    6864:	00d7d6b3          	srl	a3,a5,a3
    6868:	00a614b3          	sll	s1,a2,a0
    686c:	0056e2b3          	or	t0,a3,t0
    6870:	00a79433          	sll	s0,a5,a0
    6874:	0104d793          	srli	a5,s1,0x10
    6878:	85be                	mv	a1,a5
    687a:	8516                	mv	a0,t0
    687c:	c23e                	sw	a5,4(sp)
    687e:	ca16                	sw	t0,20(sp)
    6880:	845f90ef          	jal	ra,c4 <__hidden___udivsi3>
    6884:	01049713          	slli	a4,s1,0x10
    6888:	8341                	srli	a4,a4,0x10
    688a:	02a706b3          	mul	a3,a4,a0
    688e:	42d2                	lw	t0,20(sp)
    6890:	4592                	lw	a1,4(sp)
    6892:	c82a                	sw	a0,16(sp)
    6894:	8516                	mv	a0,t0
    6896:	c43a                	sw	a4,8(sp)
    6898:	c636                	sw	a3,12(sp)
    689a:	857f90ef          	jal	ra,f0 <__umodsi3>
    689e:	46b2                	lw	a3,12(sp)
    68a0:	0542                	slli	a0,a0,0x10
    68a2:	01045793          	srli	a5,s0,0x10
    68a6:	8fc9                	or	a5,a5,a0
    68a8:	4642                	lw	a2,16(sp)
    68aa:	00d7fa63          	bgeu	a5,a3,68be <__divdi3+0xc8>
    68ae:	97a6                	add	a5,a5,s1
    68b0:	fff60593          	addi	a1,a2,-1
    68b4:	0097e463          	bltu	a5,s1,68bc <__divdi3+0xc6>
    68b8:	3ed7ee63          	bltu	a5,a3,6cb4 <__divdi3+0x4be>
    68bc:	862e                	mv	a2,a1
    68be:	4592                	lw	a1,4(sp)
    68c0:	8f95                	sub	a5,a5,a3
    68c2:	853e                	mv	a0,a5
    68c4:	ca32                	sw	a2,20(sp)
    68c6:	c83e                	sw	a5,16(sp)
    68c8:	ffcf90ef          	jal	ra,c4 <__hidden___udivsi3>
    68cc:	47a2                	lw	a5,8(sp)
    68ce:	4592                	lw	a1,4(sp)
    68d0:	c62a                	sw	a0,12(sp)
    68d2:	02a782b3          	mul	t0,a5,a0
    68d6:	47c2                	lw	a5,16(sp)
    68d8:	0442                	slli	s0,s0,0x10
    68da:	8041                	srli	s0,s0,0x10
    68dc:	853e                	mv	a0,a5
    68de:	c416                	sw	t0,8(sp)
    68e0:	811f90ef          	jal	ra,f0 <__umodsi3>
    68e4:	42a2                	lw	t0,8(sp)
    68e6:	0542                	slli	a0,a0,0x10
    68e8:	8c49                	or	s0,s0,a0
    68ea:	46b2                	lw	a3,12(sp)
    68ec:	4652                	lw	a2,20(sp)
    68ee:	00547b63          	bgeu	s0,t0,6904 <__divdi3+0x10e>
    68f2:	9426                	add	s0,s0,s1
    68f4:	fff68793          	addi	a5,a3,-1
    68f8:	00946563          	bltu	s0,s1,6902 <__divdi3+0x10c>
    68fc:	16f9                	addi	a3,a3,-2
    68fe:	00546363          	bltu	s0,t0,6904 <__divdi3+0x10e>
    6902:	86be                	mv	a3,a5
    6904:	0642                	slli	a2,a2,0x10
    6906:	00d66533          	or	a0,a2,a3
    690a:	4781                	li	a5,0
    690c:	a029                	j	6916 <__divdi3+0x120>
    690e:	02d5fd63          	bgeu	a1,a3,6948 <__divdi3+0x152>
    6912:	4781                	li	a5,0
    6914:	4501                	li	a0,0
    6916:	85be                	mv	a1,a5
    6918:	4782                	lw	a5,0(sp)
    691a:	cb81                	beqz	a5,692a <__divdi3+0x134>
    691c:	00a037b3          	snez	a5,a0
    6920:	40b005b3          	neg	a1,a1
    6924:	8d9d                	sub	a1,a1,a5
    6926:	40a00533          	neg	a0,a0
    692a:	50b2                	lw	ra,44(sp)
    692c:	5422                	lw	s0,40(sp)
    692e:	5492                	lw	s1,36(sp)
    6930:	6145                	addi	sp,sp,48
    6932:	8082                	ret
    6934:	00a03733          	snez	a4,a0
    6938:	40b005b3          	neg	a1,a1
    693c:	8d99                	sub	a1,a1,a4
    693e:	577d                	li	a4,-1
    6940:	40a007b3          	neg	a5,a0
    6944:	c03a                	sw	a4,0(sp)
    6946:	b5c1                	j	6806 <__divdi3+0x10>
    6948:	6541                	lui	a0,0x10
    694a:	20a6e063          	bltu	a3,a0,6b4a <__divdi3+0x354>
    694e:	01000337          	lui	t1,0x1000
    6952:	0066b333          	sltu	t1,a3,t1
    6956:	40600333          	neg	t1,t1
    695a:	ff837313          	andi	t1,t1,-8
    695e:	0361                	addi	t1,t1,24 # 1000018 <_data_lma+0xff905c>
    6960:	0066d2b3          	srl	t0,a3,t1
    6964:	00000517          	auipc	a0,0x0
    6968:	55850513          	addi	a0,a0,1368 # 6ebc <__clz_tab>
    696c:	9516                	add	a0,a0,t0
    696e:	2108                	lbu	a0,0(a0)
    6970:	02000293          	li	t0,32
    6974:	951a                	add	a0,a0,t1
    6976:	40a28733          	sub	a4,t0,a0
    697a:	c23a                	sw	a4,4(sp)
    697c:	1ca29d63          	bne	t0,a0,6b56 <__divdi3+0x360>
    6980:	30b6ec63          	bltu	a3,a1,6c98 <__divdi3+0x4a2>
    6984:	00c7b633          	sltu	a2,a5,a2
    6988:	00164513          	xori	a0,a2,1
    698c:	4781                	li	a5,0
    698e:	b761                	j	6916 <__divdi3+0x120>
    6990:	c27d                	beqz	a2,6a76 <__divdi3+0x280>
    6992:	66c1                	lui	a3,0x10
    6994:	2ed67a63          	bgeu	a2,a3,6c88 <__divdi3+0x492>
    6998:	10063513          	sltiu	a0,a2,256
    699c:	00154513          	xori	a0,a0,1
    69a0:	050e                	slli	a0,a0,0x3
    69a2:	00a652b3          	srl	t0,a2,a0
    69a6:	00000697          	auipc	a3,0x0
    69aa:	51668693          	addi	a3,a3,1302 # 6ebc <__clz_tab>
    69ae:	9696                	add	a3,a3,t0
    69b0:	2294                	lbu	a3,0(a3)
    69b2:	02000393          	li	t2,32
    69b6:	96aa                	add	a3,a3,a0
    69b8:	40d382b3          	sub	t0,t2,a3
    69bc:	0cd39c63          	bne	t2,a3,6a94 <__divdi3+0x29e>
    69c0:	01065793          	srli	a5,a2,0x10
    69c4:	c23e                	sw	a5,4(sp)
    69c6:	01061793          	slli	a5,a2,0x10
    69ca:	83c1                	srli	a5,a5,0x10
    69cc:	c43e                	sw	a5,8(sp)
    69ce:	40c586b3          	sub	a3,a1,a2
    69d2:	4785                	li	a5,1
    69d4:	4592                	lw	a1,4(sp)
    69d6:	8536                	mv	a0,a3
    69d8:	cc3e                	sw	a5,24(sp)
    69da:	ca36                	sw	a3,20(sp)
    69dc:	ee8f90ef          	jal	ra,c4 <__hidden___udivsi3>
    69e0:	47a2                	lw	a5,8(sp)
    69e2:	46d2                	lw	a3,20(sp)
    69e4:	4592                	lw	a1,4(sp)
    69e6:	02f503b3          	mul	t2,a0,a5
    69ea:	c82a                	sw	a0,16(sp)
    69ec:	8536                	mv	a0,a3
    69ee:	c61e                	sw	t2,12(sp)
    69f0:	f00f90ef          	jal	ra,f0 <__umodsi3>
    69f4:	43b2                	lw	t2,12(sp)
    69f6:	0542                	slli	a0,a0,0x10
    69f8:	01045693          	srli	a3,s0,0x10
    69fc:	8ec9                	or	a3,a3,a0
    69fe:	4642                	lw	a2,16(sp)
    6a00:	47e2                	lw	a5,24(sp)
    6a02:	0076fa63          	bgeu	a3,t2,6a16 <__divdi3+0x220>
    6a06:	96a6                	add	a3,a3,s1
    6a08:	fff60593          	addi	a1,a2,-1
    6a0c:	0096e463          	bltu	a3,s1,6a14 <__divdi3+0x21e>
    6a10:	2876ef63          	bltu	a3,t2,6cae <__divdi3+0x4b8>
    6a14:	862e                	mv	a2,a1
    6a16:	4592                	lw	a1,4(sp)
    6a18:	407683b3          	sub	t2,a3,t2
    6a1c:	851e                	mv	a0,t2
    6a1e:	ca32                	sw	a2,20(sp)
    6a20:	cc3e                	sw	a5,24(sp)
    6a22:	c81e                	sw	t2,16(sp)
    6a24:	ea0f90ef          	jal	ra,c4 <__hidden___udivsi3>
    6a28:	47a2                	lw	a5,8(sp)
    6a2a:	43c2                	lw	t2,16(sp)
    6a2c:	4592                	lw	a1,4(sp)
    6a2e:	02f502b3          	mul	t0,a0,a5
    6a32:	c62a                	sw	a0,12(sp)
    6a34:	851e                	mv	a0,t2
    6a36:	0442                	slli	s0,s0,0x10
    6a38:	8041                	srli	s0,s0,0x10
    6a3a:	c416                	sw	t0,8(sp)
    6a3c:	eb4f90ef          	jal	ra,f0 <__umodsi3>
    6a40:	42a2                	lw	t0,8(sp)
    6a42:	0542                	slli	a0,a0,0x10
    6a44:	8c49                	or	s0,s0,a0
    6a46:	46b2                	lw	a3,12(sp)
    6a48:	4652                	lw	a2,20(sp)
    6a4a:	47e2                	lw	a5,24(sp)
    6a4c:	00547b63          	bgeu	s0,t0,6a62 <__divdi3+0x26c>
    6a50:	9426                	add	s0,s0,s1
    6a52:	fff68593          	addi	a1,a3,-1
    6a56:	00946563          	bltu	s0,s1,6a60 <__divdi3+0x26a>
    6a5a:	16f9                	addi	a3,a3,-2
    6a5c:	00546363          	bltu	s0,t0,6a62 <__divdi3+0x26c>
    6a60:	86ae                	mv	a3,a1
    6a62:	0642                	slli	a2,a2,0x10
    6a64:	00d66533          	or	a0,a2,a3
    6a68:	b57d                	j	6916 <__divdi3+0x120>
    6a6a:	10063693          	sltiu	a3,a2,256
    6a6e:	0016c693          	xori	a3,a3,1
    6a72:	068e                	slli	a3,a3,0x3
    6a74:	b3f9                	j	6842 <__divdi3+0x4c>
    6a76:	4281                	li	t0,0
    6a78:	00000697          	auipc	a3,0x0
    6a7c:	44468693          	addi	a3,a3,1092 # 6ebc <__clz_tab>
    6a80:	9696                	add	a3,a3,t0
    6a82:	2294                	lbu	a3,0(a3)
    6a84:	4501                	li	a0,0
    6a86:	02000393          	li	t2,32
    6a8a:	96aa                	add	a3,a3,a0
    6a8c:	40d382b3          	sub	t0,t2,a3
    6a90:	f2d388e3          	beq	t2,a3,69c0 <__divdi3+0x1ca>
    6a94:	005614b3          	sll	s1,a2,t0
    6a98:	005593b3          	sll	t2,a1,t0
    6a9c:	00d5d633          	srl	a2,a1,a3
    6aa0:	0104d713          	srli	a4,s1,0x10
    6aa4:	00d7d6b3          	srl	a3,a5,a3
    6aa8:	0076e6b3          	or	a3,a3,t2
    6aac:	85ba                	mv	a1,a4
    6aae:	8532                	mv	a0,a2
    6ab0:	00579433          	sll	s0,a5,t0
    6ab4:	c636                	sw	a3,12(sp)
    6ab6:	c23a                	sw	a4,4(sp)
    6ab8:	cc32                	sw	a2,24(sp)
    6aba:	e0af90ef          	jal	ra,c4 <__hidden___udivsi3>
    6abe:	01049613          	slli	a2,s1,0x10
    6ac2:	8241                	srli	a2,a2,0x10
    6ac4:	02a602b3          	mul	t0,a2,a0
    6ac8:	c432                	sw	a2,8(sp)
    6aca:	4662                	lw	a2,24(sp)
    6acc:	4592                	lw	a1,4(sp)
    6ace:	ca2a                	sw	a0,20(sp)
    6ad0:	8532                	mv	a0,a2
    6ad2:	c816                	sw	t0,16(sp)
    6ad4:	e1cf90ef          	jal	ra,f0 <__umodsi3>
    6ad8:	46b2                	lw	a3,12(sp)
    6ada:	42c2                	lw	t0,16(sp)
    6adc:	0542                	slli	a0,a0,0x10
    6ade:	82c1                	srli	a3,a3,0x10
    6ae0:	8ec9                	or	a3,a3,a0
    6ae2:	47d2                	lw	a5,20(sp)
    6ae4:	0056fb63          	bgeu	a3,t0,6afa <__divdi3+0x304>
    6ae8:	96a6                	add	a3,a3,s1
    6aea:	fff78613          	addi	a2,a5,-1
    6aee:	1a96ec63          	bltu	a3,s1,6ca6 <__divdi3+0x4b0>
    6af2:	1a56fa63          	bgeu	a3,t0,6ca6 <__divdi3+0x4b0>
    6af6:	17f9                	addi	a5,a5,-2
    6af8:	96a6                	add	a3,a3,s1
    6afa:	4592                	lw	a1,4(sp)
    6afc:	405686b3          	sub	a3,a3,t0
    6b00:	8536                	mv	a0,a3
    6b02:	ce3e                	sw	a5,28(sp)
    6b04:	cc36                	sw	a3,24(sp)
    6b06:	dbef90ef          	jal	ra,c4 <__hidden___udivsi3>
    6b0a:	47a2                	lw	a5,8(sp)
    6b0c:	46e2                	lw	a3,24(sp)
    6b0e:	4592                	lw	a1,4(sp)
    6b10:	02a782b3          	mul	t0,a5,a0
    6b14:	ca2a                	sw	a0,20(sp)
    6b16:	8536                	mv	a0,a3
    6b18:	c816                	sw	t0,16(sp)
    6b1a:	dd6f90ef          	jal	ra,f0 <__umodsi3>
    6b1e:	8634                	lhu	a3,12(sp)
    6b20:	42c2                	lw	t0,16(sp)
    6b22:	0542                	slli	a0,a0,0x10
    6b24:	8ec9                	or	a3,a3,a0
    6b26:	4652                	lw	a2,20(sp)
    6b28:	47f2                	lw	a5,28(sp)
    6b2a:	0056fb63          	bgeu	a3,t0,6b40 <__divdi3+0x34a>
    6b2e:	96a6                	add	a3,a3,s1
    6b30:	fff60593          	addi	a1,a2,-1
    6b34:	1696e563          	bltu	a3,s1,6c9e <__divdi3+0x4a8>
    6b38:	1656f363          	bgeu	a3,t0,6c9e <__divdi3+0x4a8>
    6b3c:	1679                	addi	a2,a2,-2
    6b3e:	96a6                	add	a3,a3,s1
    6b40:	07c2                	slli	a5,a5,0x10
    6b42:	405686b3          	sub	a3,a3,t0
    6b46:	8fd1                	or	a5,a5,a2
    6b48:	b571                	j	69d4 <__divdi3+0x1de>
    6b4a:	1006b313          	sltiu	t1,a3,256
    6b4e:	00134313          	xori	t1,t1,1
    6b52:	030e                	slli	t1,t1,0x3
    6b54:	b531                	j	6960 <__divdi3+0x16a>
    6b56:	4712                	lw	a4,4(sp)
    6b58:	00a65433          	srl	s0,a2,a0
    6b5c:	00a7d3b3          	srl	t2,a5,a0
    6b60:	00e696b3          	sll	a3,a3,a4
    6b64:	8c55                	or	s0,s0,a3
    6b66:	00e592b3          	sll	t0,a1,a4
    6b6a:	00a5d6b3          	srl	a3,a1,a0
    6b6e:	01045493          	srli	s1,s0,0x10
    6b72:	00e61733          	sll	a4,a2,a4
    6b76:	d03e                	sw	a5,32(sp)
    6b78:	85a6                	mv	a1,s1
    6b7a:	0053e7b3          	or	a5,t2,t0
    6b7e:	8536                	mv	a0,a3
    6b80:	c43e                	sw	a5,8(sp)
    6b82:	ce36                	sw	a3,28(sp)
    6b84:	c63a                	sw	a4,12(sp)
    6b86:	d3ef90ef          	jal	ra,c4 <__hidden___udivsi3>
    6b8a:	01041713          	slli	a4,s0,0x10
    6b8e:	8341                	srli	a4,a4,0x10
    6b90:	02a702b3          	mul	t0,a4,a0
    6b94:	46f2                	lw	a3,28(sp)
    6b96:	cc2a                	sw	a0,24(sp)
    6b98:	85a6                	mv	a1,s1
    6b9a:	8536                	mv	a0,a3
    6b9c:	c83a                	sw	a4,16(sp)
    6b9e:	ca16                	sw	t0,20(sp)
    6ba0:	d50f90ef          	jal	ra,f0 <__umodsi3>
    6ba4:	47a2                	lw	a5,8(sp)
    6ba6:	42d2                	lw	t0,20(sp)
    6ba8:	0542                	slli	a0,a0,0x10
    6baa:	0107d693          	srli	a3,a5,0x10
    6bae:	8ec9                	or	a3,a3,a0
    6bb0:	4662                	lw	a2,24(sp)
    6bb2:	5782                	lw	a5,32(sp)
    6bb4:	0056fb63          	bgeu	a3,t0,6bca <__divdi3+0x3d4>
    6bb8:	96a2                	add	a3,a3,s0
    6bba:	fff60593          	addi	a1,a2,-1
    6bbe:	0e86e663          	bltu	a3,s0,6caa <__divdi3+0x4b4>
    6bc2:	0e56f463          	bgeu	a3,t0,6caa <__divdi3+0x4b4>
    6bc6:	1679                	addi	a2,a2,-2
    6bc8:	96a2                	add	a3,a3,s0
    6bca:	405686b3          	sub	a3,a3,t0
    6bce:	85a6                	mv	a1,s1
    6bd0:	8536                	mv	a0,a3
    6bd2:	ce32                	sw	a2,28(sp)
    6bd4:	d03e                	sw	a5,32(sp)
    6bd6:	cc36                	sw	a3,24(sp)
    6bd8:	cecf90ef          	jal	ra,c4 <__hidden___udivsi3>
    6bdc:	47c2                	lw	a5,16(sp)
    6bde:	46e2                	lw	a3,24(sp)
    6be0:	ca2a                	sw	a0,20(sp)
    6be2:	02a782b3          	mul	t0,a5,a0
    6be6:	85a6                	mv	a1,s1
    6be8:	8536                	mv	a0,a3
    6bea:	c816                	sw	t0,16(sp)
    6bec:	d04f90ef          	jal	ra,f0 <__umodsi3>
    6bf0:	8434                	lhu	a3,8(sp)
    6bf2:	42c2                	lw	t0,16(sp)
    6bf4:	0542                	slli	a0,a0,0x10
    6bf6:	8ec9                	or	a3,a3,a0
    6bf8:	43d2                	lw	t2,20(sp)
    6bfa:	4672                	lw	a2,28(sp)
    6bfc:	5782                	lw	a5,32(sp)
    6bfe:	0056fb63          	bgeu	a3,t0,6c14 <__divdi3+0x41e>
    6c02:	96a2                	add	a3,a3,s0
    6c04:	fff38593          	addi	a1,t2,-1
    6c08:	0886ed63          	bltu	a3,s0,6ca2 <__divdi3+0x4ac>
    6c0c:	0856fb63          	bgeu	a3,t0,6ca2 <__divdi3+0x4ac>
    6c10:	13f9                	addi	t2,t2,-2
    6c12:	96a2                	add	a3,a3,s0
    6c14:	4732                	lw	a4,12(sp)
    6c16:	0642                	slli	a2,a2,0x10
    6c18:	6441                	lui	s0,0x10
    6c1a:	00766633          	or	a2,a2,t2
    6c1e:	fff40513          	addi	a0,s0,-1 # ffff <_data_lma+0x9043>
    6c22:	00a675b3          	and	a1,a2,a0
    6c26:	01075313          	srli	t1,a4,0x10
    6c2a:	01065393          	srli	t2,a2,0x10
    6c2e:	8d79                	and	a0,a0,a4
    6c30:	02a58733          	mul	a4,a1,a0
    6c34:	405686b3          	sub	a3,a3,t0
    6c38:	02a38533          	mul	a0,t2,a0
    6c3c:	01075293          	srli	t0,a4,0x10
    6c40:	026585b3          	mul	a1,a1,t1
    6c44:	95aa                	add	a1,a1,a0
    6c46:	9596                	add	a1,a1,t0
    6c48:	026383b3          	mul	t2,t2,t1
    6c4c:	00a5f363          	bgeu	a1,a0,6c52 <__divdi3+0x45c>
    6c50:	93a2                	add	t2,t2,s0
    6c52:	0105d513          	srli	a0,a1,0x10
    6c56:	951e                	add	a0,a0,t2
    6c58:	02a6e463          	bltu	a3,a0,6c80 <__divdi3+0x48a>
    6c5c:	00a68563          	beq	a3,a0,6c66 <__divdi3+0x470>
    6c60:	8532                	mv	a0,a2
    6c62:	4781                	li	a5,0
    6c64:	b94d                	j	6916 <__divdi3+0x120>
    6c66:	6541                	lui	a0,0x10
    6c68:	157d                	addi	a0,a0,-1 # ffff <_data_lma+0x9043>
    6c6a:	8de9                	and	a1,a1,a0
    6c6c:	01059693          	slli	a3,a1,0x10
    6c70:	00a775b3          	and	a1,a4,a0
    6c74:	4712                	lw	a4,4(sp)
    6c76:	96ae                	add	a3,a3,a1
    6c78:	00e797b3          	sll	a5,a5,a4
    6c7c:	fed7f2e3          	bgeu	a5,a3,6c60 <__divdi3+0x46a>
    6c80:	fff60513          	addi	a0,a2,-1
    6c84:	4781                	li	a5,0
    6c86:	b941                	j	6916 <__divdi3+0x120>
    6c88:	010006b7          	lui	a3,0x1000
    6c8c:	02d67763          	bgeu	a2,a3,6cba <__divdi3+0x4c4>
    6c90:	01065293          	srli	t0,a2,0x10
    6c94:	4541                	li	a0,16
    6c96:	bb01                	j	69a6 <__divdi3+0x1b0>
    6c98:	4781                	li	a5,0
    6c9a:	4505                	li	a0,1
    6c9c:	b9ad                	j	6916 <__divdi3+0x120>
    6c9e:	862e                	mv	a2,a1
    6ca0:	b545                	j	6b40 <__divdi3+0x34a>
    6ca2:	83ae                	mv	t2,a1
    6ca4:	bf85                	j	6c14 <__divdi3+0x41e>
    6ca6:	87b2                	mv	a5,a2
    6ca8:	bd89                	j	6afa <__divdi3+0x304>
    6caa:	862e                	mv	a2,a1
    6cac:	bf39                	j	6bca <__divdi3+0x3d4>
    6cae:	1679                	addi	a2,a2,-2
    6cb0:	96a6                	add	a3,a3,s1
    6cb2:	b395                	j	6a16 <__divdi3+0x220>
    6cb4:	1679                	addi	a2,a2,-2
    6cb6:	97a6                	add	a5,a5,s1
    6cb8:	b119                	j	68be <__divdi3+0xc8>
    6cba:	01865293          	srli	t0,a2,0x18
    6cbe:	4561                	li	a0,24
    6cc0:	b1dd                	j	69a6 <__divdi3+0x1b0>

00006cc2 <memcmp>:
    6cc2:	4701                	li	a4,0
    6cc4:	00e61463          	bne	a2,a4,6ccc <memcmp+0xa>
    6cc8:	4501                	li	a0,0
    6cca:	8082                	ret
    6ccc:	00e507b3          	add	a5,a0,a4
    6cd0:	0705                	addi	a4,a4,1 # ffff8001 <_eusrstack+0xdfff6001>
    6cd2:	00e586b3          	add	a3,a1,a4
    6cd6:	239c                	lbu	a5,0(a5)
    6cd8:	fff6c683          	lbu	a3,-1(a3) # ffffff <_data_lma+0xff9043>
    6cdc:	fed784e3          	beq	a5,a3,6cc4 <memcmp+0x2>
    6ce0:	40d78533          	sub	a0,a5,a3
    6ce4:	8082                	ret

00006ce6 <strlen>:
    6ce6:	87aa                	mv	a5,a0
    6ce8:	2398                	lbu	a4,0(a5)
    6cea:	0785                	addi	a5,a5,1
    6cec:	ff75                	bnez	a4,6ce8 <strlen+0x2>
    6cee:	40a78533          	sub	a0,a5,a0
    6cf2:	157d                	addi	a0,a0,-1
    6cf4:	8082                	ret
    6cf6:	0000                	unimp
    6cf8:	047c                	addi	a5,sp,524
    6cfa:	0000                	unimp
    6cfc:	048c                	addi	a1,sp,576
    6cfe:	0000                	unimp
    6d00:	04a6                	slli	s1,s1,0x9
    6d02:	0000                	unimp
    6d04:	04c0                	addi	s0,sp,580
    6d06:	0000                	unimp
    6d08:	0506                	slli	a0,a0,0x1
    6d0a:	0000                	unimp
    6d0c:	054c                	addi	a1,sp,644
    6d0e:	0000                	unimp
    6d10:	0582                	c.slli64	a1
    6d12:	0000                	unimp
    6d14:	0592                	slli	a1,a1,0x4
    6d16:	0000                	unimp
    6d18:	05a4                	addi	s1,sp,712
    6d1a:	0000                	unimp
    6d1c:	05b0                	addi	a2,sp,712
	...

00006d20 <TRAJ_G_Q15>:
    6d20:	7ccd 0000 799a 0000 7333 0000 6ccd 0000     .|...y..3s...l..
    6d30:	6666 0000 6000 0000 599a 0000 5333 0000     ff...`...Y..3S..
    6d40:	4ccd 0000 4666 0000 4333 0000 4148 0000     .L..fF..3C..HA..

00006d50 <TRAJ_H_Q12>:
    6d50:	000b 0000 002b 0000 00b6 0000 01b2 0000     ....+...........
    6d60:	0333 0000 0555 0000 083b 0000 0c10 0000     3...U...;.......
    6d70:	1111 0000 1790 0000 1b81 0000 1e21 0000     ............!...

00006d80 <TRAJ_F_Q15>:
    6d80:	0666 0000 0ccd 0000 199a 0000 2666 0000     f...........f&..
    6d90:	3333 0000 4000 0000 4ccd 0000 599a 0000     33...@...L...Y..
    6da0:	6666 0000 7333 0000 799a 0000 7d70 0000     ff..3s...y..p}..

00006db0 <baud.0>:
    6db0:	2580 0000 4b00 0000 9600 0000 e100 0000     .%...K..........
    6dc0:	c200 0001 f400 0001 e800 0003 4240 000f     ............@B..

00006dd0 <span.0>:
    6dd0:	6978 4650 0000 0000 4b4f 0000 4556 0052     xiPF....OK..VER.
    6de0:	4449 0000 4c55 004b 4c55 004d 4c55 0052     ID..ULK.ULM.ULR.
    6df0:	4f4d 0044 4152 0044 5044 0054 4344 0054     MOD.RAD.DPT.DCT.
    6e00:	5344 0054 4442 0000 5053 0000 4d53 0049     DST.BD..SP..SMI.
    6e10:	4d53 0058 4353 004b 5343 0044 5343 004d     SMX.SCK.CSD.CSM.
    6e20:	4c43 3045 0000 0000 4c43 0045 5452 0056     CLE0....CLE.RTV.
    6e30:	6553 7672 2d6f 3156 3228 3230 2d36 3930     Servo-V1(2026-09
    6e40:	312d 2930 0000 0000 4142 4455 0000 0000     -10)....BAUD....
    6e50:	5044 0000 664e 0000 6658 0000 666c 0000     DP..Nf..Xf..lf..
    6e60:	6672 0000 667e 0000 668a 0000 668e 0000     rf..~f...f...f..
    6e70:	66a6 0000 66f6 0000 66d6 0000 6694 0000     .f...f...f...f..
    6e80:	669a 0000 66a0 0000 66c6 0000 672e 0000     .f...f...f...g..
    6e90:	670e 0000 6720 0000 66b8 0000 6726 0000     .g.. g...f..&g..
    6ea0:	6746 0000 6746 0000 6756 0000 66e6 0000     Fg..Fg..Vg...f..
    6eb0:	6704 0000 6714 0000 671c 0000               .g...g...g..

00006ebc <__clz_tab>:
    6ebc:	0100 0202 0303 0303 0404 0404 0404 0404     ................
    6ecc:	0505 0505 0505 0505 0505 0505 0505 0505     ................
    6edc:	0606 0606 0606 0606 0606 0606 0606 0606     ................
    6eec:	0606 0606 0606 0606 0606 0606 0606 0606     ................
    6efc:	0707 0707 0707 0707 0707 0707 0707 0707     ................
    6f0c:	0707 0707 0707 0707 0707 0707 0707 0707     ................
    6f1c:	0707 0707 0707 0707 0707 0707 0707 0707     ................
    6f2c:	0707 0707 0707 0707 0707 0707 0707 0707     ................
    6f3c:	0808 0808 0808 0808 0808 0808 0808 0808     ................
    6f4c:	0808 0808 0808 0808 0808 0808 0808 0808     ................
    6f5c:	0808 0808 0808 0808 0808 0808 0808 0808     ................
    6f6c:	0808 0808 0808 0808 0808 0808 0808 0808     ................
    6f7c:	0808 0808 0808 0808 0808 0808 0808 0808     ................
    6f8c:	0808 0808 0808 0808 0808 0808 0808 0808     ................
    6f9c:	0808 0808 0808 0808 0808 0808 0808 0808     ................
    6fac:	0808 0808 0808 0808 0808 0808 0808 0808     ................
