
CH32V00X_APP.elf:     file format elf32-littleriscv
CH32V00X_APP.elf
architecture: riscv:rv32, flags 0x00000112:
EXEC_P, HAS_SYMS, D_PAGED
start address 0x00000000

Program Header:
0x70000003 off    0x00046812 vaddr 0x00000000 paddr 0x00000000 align 2**0
         filesz 0x00000030 memsz 0x00000000 flags r--
    LOAD off    0x00001000 vaddr 0x00000000 paddr 0x00000000 align 2**12
         filesz 0x00006fdc memsz 0x00006fdc flags r-x
    LOAD off    0x00008000 vaddr 0x20000000 paddr 0x00006fdc align 2**12
         filesz 0x00000090 memsz 0x00000470 flags rw-
    LOAD off    0x00000800 vaddr 0x20001800 paddr 0x20001800 align 2**12
         filesz 0x00000000 memsz 0x00000800 flags rw-

Sections:
Idx Name          Size      VMA       LMA       File off  Algn
  0 .init         000000a8  00000000  00000000  00001000  2**2
                  CONTENTS, ALLOC, LOAD, READONLY, CODE
  1 .text         00006f34  000000a8  000000a8  000010a8  2**2
                  CONTENTS, ALLOC, LOAD, READONLY, CODE
  2 .fini         00000000  00006fdc  00006fdc  00008090  2**0
                  CONTENTS, ALLOC, LOAD, CODE
  3 .dalign       00000000  20000000  20000000  00008090  2**0
                  CONTENTS
  4 .dlalign      00000000  00006fdc  00006fdc  00008090  2**0
                  CONTENTS
  5 .data         00000090  20000000  00006fdc  00008000  2**2
                  CONTENTS, ALLOC, LOAD, DATA
  6 .bss          000003e0  20000090  0000706c  00008090  2**2
                  ALLOC
  7 .stack        00000800  20001800  20001800  00008800  2**0
                  ALLOC
  8 .debug_info   00016284  00000000  00000000  00008090  2**0
                  CONTENTS, READONLY, DEBUGGING, OCTETS
  9 .debug_abbrev 0000560a  00000000  00000000  0001e314  2**0
                  CONTENTS, READONLY, DEBUGGING, OCTETS
 10 .debug_aranges 00001410  00000000  00000000  00023920  2**3
                  CONTENTS, READONLY, DEBUGGING, OCTETS
 11 .debug_rnglists 00001a50  00000000  00000000  00024d30  2**0
                  CONTENTS, READONLY, DEBUGGING, OCTETS
 12 .debug_line   00019e37  00000000  00000000  00026780  2**0
                  CONTENTS, READONLY, DEBUGGING, OCTETS
 13 .debug_str    00005777  00000000  00000000  000405b7  2**0
                  CONTENTS, READONLY, DEBUGGING, OCTETS
 14 .debug_line_str 00000ab3  00000000  00000000  00045d2e  2**0
                  CONTENTS, READONLY, DEBUGGING, OCTETS
 15 .comment      00000031  00000000  00000000  000467e1  2**0
                  CONTENTS, READONLY
 16 .riscv.attributes 00000030  00000000  00000000  00046812  2**0
                  CONTENTS, READONLY
 17 .debug_frame  00002c4c  00000000  00000000  00046844  2**2
                  CONTENTS, READONLY, DEBUGGING, OCTETS
 18 .debug_loclists 00008edc  00000000  00000000  00049490  2**0
                  CONTENTS, READONLY, DEBUGGING, OCTETS
SYMBOL TABLE:
00000000 l    d  .init	00000000 .init
000000a8 l    d  .text	00000000 .text
00006fdc l    d  .fini	00000000 .fini
20000000 l    d  .dalign	00000000 .dalign
00006fdc l    d  .dlalign	00000000 .dlalign
20000000 l    d  .data	00000000 .data
20000090 l    d  .bss	00000000 .bss
20001800 l    d  .stack	00000000 .stack
00000000 l    d  .debug_info	00000000 .debug_info
00000000 l    d  .debug_abbrev	00000000 .debug_abbrev
00000000 l    d  .debug_aranges	00000000 .debug_aranges
00000000 l    d  .debug_rnglists	00000000 .debug_rnglists
00000000 l    d  .debug_line	00000000 .debug_line
00000000 l    d  .debug_str	00000000 .debug_str
00000000 l    d  .debug_line_str	00000000 .debug_line_str
00000000 l    d  .comment	00000000 .comment
00000000 l    d  .riscv.attributes	00000000 .riscv.attributes
00000000 l    d  .debug_frame	00000000 .debug_frame
00000000 l    d  .debug_loclists	00000000 .debug_loclists
00000000 l    df *ABS*	00000000 startup_ch32v00X.o
00000000 l    df *ABS*	00000000 save-restore.o
00000000 l    df *ABS*	00000000 div.o
00000000 l    df *ABS*	00000000 lib_a-memcpy-asm.o
00000000 l    df *ABS*	00000000 lib_a-memset.o
00000000 l    df *ABS*	00000000 ch32v00X_it.c
20000090 l     O .bss	00000001 tick_cnt.0
00000000 l    df *ABS*	00000000 main.c
00000000 l    df *ABS*	00000000 flash.c
0000023c l     F .text	00000046 Flash_Crc16
00000282 l     F .text	00000052 Flash_RecordValid
00000000 l    df *ABS*	00000000 iap.c
20000095 l     O .bss	00000001 rx_state
20000092 l     O .bss	00000002 rx_cksum
20000094 l     O .bss	00000001 rx_idx
00000000 l    df *ABS*	00000000 system_ch32v00X.c
00000000 l    df *ABS*	00000000 ch32v00X_adc.c
00000000 l    df *ABS*	00000000 ch32v00X_dma.c
00000000 l    df *ABS*	00000000 ch32v00X_flash.c
00000aee l     F .text	000000ae ROM_ERASE
00000000 l    df *ABS*	00000000 ch32v00X_gpio.c
00000000 l    df *ABS*	00000000 ch32v00X_i2c.c
00000000 l    df *ABS*	00000000 ch32v00X_iwdg.c
00000000 l    df *ABS*	00000000 ch32v00X_misc.c
00000000 l    df *ABS*	00000000 ch32v00X_opa.c
00000000 l    df *ABS*	00000000 ch32v00X_rcc.c
20000028 l     O .data	00000010 PBHBPrescTable
20000014 l     O .data	00000014 ADCPrescTable
00000000 l    df *ABS*	00000000 ch32v00X_spi.c
00000000 l    df *ABS*	00000000 ch32v00X_tim.c
000017ec l     F .text	00000056 TI1_Config
00001842 l     F .text	00000066 TI2_Config
00000000 l    df *ABS*	00000000 ch32v00X_usart.c
00000000 l    df *ABS*	00000000 debug.c
200000e2 l     O .bss	00000001 p_us
200000e0 l     O .bss	00000002 p_ms
00000000 l    df *ABS*	00000000 core_riscv.c
00000000 l    df *ABS*	00000000 D_adc.c
000021b6 l     F .text	00000028 ADC_Block_Sum
200000f8 l     O .bss	00000050 s_adc_dma_buffer
200000ee l     O .bss	00000001 s_current_valid
200000f2 l     O .bss	00000002 s_current_filtered
200000e3 l     O .bss	00000001 s_encoder_valid
200000f4 l     O .bss	00000004 s_current_half_sum
200000e8 l     O .bss	00000004 s_encoder_half_sum
200000e4 l     O .bss	00000002 s_encoder_q4
200000ec l     O .bss	00000001 s_current_window_off
200000ed l     O .bss	00000001 s_discard_dma_block
200000f0 l     O .bss	00000002 s_current_offset
00000000 l    df *ABS*	00000000 D_i2c.c
0000262a l     F .text	0000001c I2C_BusDelay
00002646 l     F .text	0000002a I2C_ConfigPins
00002670 l     F .text	0000002a I2C_WaitStar1.constprop.0
0000269a l     F .text	0000004c I2C_ApplyConfig.constprop.0
000026e6 l     F .text	0000007e I2C_SoftReset.constprop.0
20000148 l     O .bss	00000001 s_i2c_initialized
00000000 l    df *ABS*	00000000 D_iwdg.c
00000000 l    df *ABS*	00000000 D_motor.c
20000038 l     O .data	00000002 s_motor_pwm
2000014a l     O .bss	00000001 s_motor_direction
20000149 l     O .bss	00000001 s_adc_window
00000000 l    df *ABS*	00000000 D_mt6701.c
00000000 l    df *ABS*	00000000 D_opa.c
00000000 l    df *ABS*	00000000 D_spi.c
00002dde l     F .text	0000001c SPI1_Recover
00000000 l    df *ABS*	00000000 D_tim.c
00002ed2 l     F .text	0000001e PWM_ResetCaptureState
2000015d l     O .bss	00000001 s_ic_wait_falling
2000015c l     O .bss	00000001 s_ic_have_rise
20000158 l     O .bss	00000004 s_ic_rise_time
20000154 l     O .bss	00000001 s_ic_period_valid
2000014c l     O .bss	00000002 s_pulse_us
20000150 l     O .bss	00000004 s_ic_overflow
00000000 l    df *ABS*	00000000 D_tmp112.c
00000000 l    df *ABS*	00000000 D_uart.c
0000341e l     F .text	00000044 Uart_ApplyParams
00003462 l     F .text	00000038 Uart_TxDone
20000165 l     O .bss	00000001 s_tx_busy
200001ec l     O .bss	00000082 s_rx_rb
20000168 l     O .bss	00000082 s_tx_rb
20000160 l     O .bss	00000004 s_pending_baud
20000164 l     O .bss	00000001 s_enabled
00000000 l    df *ABS*	00000000 D_ws2812.c
0000377a l     F .text	0000002a WS2812_Encode
20000270 l     O .bss	00000018 s_frame
00000000 l    df *ABS*	00000000 C_Pos_Ctrl.c
20000288 l     O .bss	00000014 s_ctl
00000000 l    df *ABS*	00000000 C_Ring_Buf.c
00000000 l    df *ABS*	00000000 C_Speed_Observer.c
2000029c l     O .bss	0000002c s_obs
00000000 l    df *ABS*	00000000 C_Task_Scheduler.c
200002cc l     O .bss	00000004 s_tasks
200002c8 l     O .bss	00000001 s_task_count
00000000 l    df *ABS*	00000000 C_Traj_Planner.c
00004032 l     F .text	0000002c Traj_Sqrt_Ceil
0000405e l     F .text	00000068 Traj_Div_U64
000040c6 l     F .text	00000076 Traj_Acc_Coef
0000413c l     F .text	0000003e Traj_Emit
200002d0 l     O .bss	00000098 s_tj
0000417a l     F .text	0000016c Traj_SCurve
000042e6 l     F .text	0000006e Traj_TblLerp
00006da0 l     O .text	00000030 TRAJ_F_Q15
00006d70 l     O .text	00000030 TRAJ_H_Q12
00006d40 l     O .text	00000030 TRAJ_G_Q15
00000000 l    df *ABS*	00000000 A_Config.c
2000036c l     O .bss	00000001 s_dirty
20000368 l     O .bss	00000004 s_save_event
20000370 l     O .bss	00000004 s_sequence
00006dd0 l     O .text	00000020 baud.0
00000000 l    df *ABS*	00000000 A_Protect.c
00004fb4 l     F .text	00000066 Protect_ApplyTorqueSetting
20000384 l     O .bss	0000000e s_prot
00000000 l    df *ABS*	00000000 A_Sensor.c
00000000 l    df *ABS*	00000000 A_Servo.c
00005324 l     F .text	00000014 Servo_IsPosition
20000394 l     O .bss	00000084 s_servo
00005338 l     F .text	00000028 Servo_Offset
00005360 l     F .text	0000001c Servo_EscapeStart
0000537c l     F .text	00000040 Servo_PositionToPwm
000053bc l     F .text	0000003a Servo_ResyncLoops
000053f6 l     F .text	0000005a Servo_SetModeFields
00006df0 l     O .text	00000006 span.0
00005450 l     F .text	0000006a Servo_SetTrajRange
000054ba l     F .text	00000046 Servo_ReadPosition
00005500 l     F .text	0000002c Servo_ApplyTorqueOutput
000059a6 l     F .text	00000046 Servo_ApplyBootAction
00000000 l    df *ABS*	00000000 A_Tasks.c
00005fa2 l     F .text	0000004e Task_State
20000419 l     O .bss	00000001 led_div.1
20000418 l     O .bss	00000001 led_on.0
00005ff0 l     F .text	00000004 Task_Protect
00005ff4 l     F .text	00000002 Task_Uart
00005ff6 l     F .text	00000004 Task_ServoControl
2000003c l     O .data	00000050 s_tasks
00000000 l    df *ABS*	00000000 A_UartCmd.c
0000601c l     F .text	00000058 Reply_Begin
2000041c l     O .bss	00000031 s_reply
00006074 l     F .text	0000001e Reply_Char
00006092 l     F .text	00000028 Reply_Text
000060ba l     F .text	00000098 Reply_UInt
00006152 l     F .text	00000032 Uart_BodyIs
00006184 l     F .text	00000020 Reply_Send
000061a4 l     F .text	00000028 Reply_Value
000061cc l     F .text	0000001a Reply_OK
000061e6 l     F .text	00000040 Uart_ParseDigits.part.0
2000044d l     O .bss	00000001 s_framing
2000044e l     O .bss	00000001 s_frame_idx
20000450 l     O .bss	00000020 s_frame
00000000 l    df *ABS*	00000000 _divdi3.o
00000000 l    df *ABS*	00000000 lib_a-memcmp.o
00000000 l    df *ABS*	00000000 lib_a-strlen.o
0000070e  w      .text	00000000 OPCM_IRQHandler
000022ba g     F .text	0000002a D_ADC_Current_Filter_Reset
000055ca g     F .text	0000005c A_Servo_ApplyConfig
0000303e g     F .text	00000146 D_TIM1_PWM_IC_Init
000052ba g     F .text	00000024 A_Voltage_Read
00001dae g     F .text	00000028 TIM_SetCompare2
00000aa6 g     F .text	00000014 DMA_Cmd
00006818 g     F .text	000004cc .hidden __divdi3
0000501a g     F .text	00000022 A_Protect_SetTorque
00001cfa g     F .text	00000020 TIM_CCxCmd
20000890 g       .data	00000000 __global_pointer$
00001e44 g     F .text	0000001a TIM_SetIC4Prescaler
00000ae4 g     F .text	00000002 DMA_GetITStatus
00000188 g     F .text	00000008 TIM1_CC_IRQHandler
00001408 g     F .text	00000008 I2C_ReceiveData
00005ffa g     F .text	00000022 A_Tasks_Init
000017de g     F .text	00000004 SPI_I2S_SendData
00000170 g     F .text	00000010 HardFault_Handler
00003f26 g     F .text	0000002e C_Task_Init
00000822 g     F .text	00000012 ADC_DMACmd
00002518 g     F .text	00000058 D_ADC_Current_Read
00001c1a g     F .text	0000003e TIM_OC1PreloadConfig
00005626 g     F .text	00000050 A_Servo_Pause
0000070e  w      .text	00000000 SysTick_Handler
000014de g     F .text	00000062 NVIC_Init
0000070e  w      .text	00000000 PVD_IRQHandler
000031ae g     F .text	000000c4 D_PWM_Input_Enable
00000160 g     F .text	00000010 NMI_Handler
00005554 g     F .text	0000000a A_Servo_TorqueOn
000052e2 g     F .text	00000042 A_Current_Read
000021aa g     F .text	00000006 __get_MSTATUS
00003822 g     F .text	0000001c C_PosCtrl_Set_Output_Limit
000037a4 g     F .text	00000040 D_WS2812_Send
0000041e g     F .text	0000003c RecData_Deal
00005c92 g     F .text	00000310 A_Servo_Control
00001e2e g     F .text	00000016 TIM_SetIC3Prescaler
000020d8 g     F .text	0000000a USART_GetFlagStatus
00002bac g     F .text	00000044 D_IWDG_Init
0000349a g     F .text	00000088 D_USART1_Cfg
20000090 g       .bss	00000000 _sbss
00000800 g       *ABS*	00000000 __stack_size
000009a2 g     F .text	0000000c ADC_GetFlagStatus
000008c0 g     F .text	00000018 ADC_ExternalTrigConvCmd
00000a6e g     F .text	00000038 DMA_Init
00002bf4 g     F .text	00000110 D_Motor_Set
0000369c g     F .text	00000006 D_UART_SetBaud_Deferred
00004eaa g     F .text	00000012 A_Config_BindSaveEvent
000000b2 g     F .text	0000000a .hidden __riscv_restore_2
0000452a g     F .text	00000798 C_Traj_Plan
000044da g     F .text	00000050 C_Traj_Hold
0000045a g     F .text	00000190 IAP_Rx_Deal
000052de g     F .text	00000004 A_Temperature_Read
000014aa g     F .text	00000008 IWDG_SetReload
00003fa4 g     F .text	0000008e C_Task_Run
00001b8a g     F .text	00000016 TIM_CtrlPWMOutputs
00003cb2 g     F .text	0000000c C_Ring_Buf_Init
0000013a g     F .text	00000016 memcpy
00000812 g     F .text	00000010 ADC_Cmd
00005b12 g     F .text	00000098 A_Servo_CalibrateMid
00000f40 g     F .text	000000a2 GPIO_PinRemapConfig
0000503c g     F .text	00000006 A_Protect_GetTorque
00001742 g     F .text	0000001e RCC_PB2PeriphResetCmd
00001780 g     F .text	00000010 RCC_ClearFlag
00001b34 g     F .text	00000056 TIM_Cmd
00004354 g     F .text	0000013c C_Traj_Init
00001c9e g     F .text	00000046 TIM_OC4PreloadConfig
000000c4 g     F .text	0000002c .hidden __hidden___udivsi3
20000010 g     O .data	00000004 SystemCoreClock
000020b8 g     F .text	00000008 USART_ReceiveData
00001f98 g     F .text	0000000c TIM_ClearFlag
000000c4 g     F .text	0000002c .hidden __udivsi3
00005728 g     F .text	00000018 A_Servo_HoldHere
000000a8 g       .init	00000000 _einit
00001fbc g     F .text	0000000c TIM_ClearITPendingBit
00000b9c g     F .text	0000001e FLASH_Unlock_Fast
000002d4 g     F .text	00000066 FLASH_Config_Load
00000eba g     F .text	00000076 GPIO_Init
0000161c g     F .text	00000016 RCC_ADCCLKConfig
200000dc g     O .bss	00000004 NVIC_Priority_Group
0000070e  w      .text	00000000 SPI1_IRQHandler
000036a2 g     F .text	00000028 D_UART_Service
00002064 g     F .text	00000014 USART_Cmd
000000a8 g     F .text	0000000a .hidden __riscv_save_1
000000b2 g     F .text	0000000a .hidden __riscv_restore_0
0000070e  w      .text	00000000 AWU_IRQHandler
0000070e  w      .text	00000000 EXTI7_0_IRQHandler
00000924 g     F .text	0000004e ADC_InjectedChannelConfig
00005afc g     F .text	00000016 A_Servo_GetPositionPwm
00000ae6 g     F .text	00000008 DMA_ClearITPendingBit
00001602 g     F .text	0000001a OPA_Cmd
00005048 g     F .text	00000018 A_Protect_Init
20001800 g       .stack	00000000 _heap_end
000037f2 g     F .text	00000016 C_PosCtrl_Reset
0000214e g     F .text	0000002e Delay_Us
000017e2 g     F .text	0000000a SPI_I2S_GetFlagStatus
0000070e  w      .text	00000000 DMA1_Channel4_IRQHandler
00000834 g     F .text	0000008c ADC_RegularChannelConfig
00001404 g     F .text	00000004 I2C_SendData
000033a4 g     F .text	00000036 D_TMP112_Init
0000070e  w      .text	00000000 ADC1_IRQHandler
00004e6a g     F .text	00000010 A_Config_MarkDirty
000014b2 g     F .text	0000000e IWDG_ReloadCounter
000012c0 g     F .text	000000de I2C_Init
00002d04 g     F .text	0000005e D_Motor_Release
00000ace g     F .text	0000000e DMA_GetFlagStatus
20000470 g       .bss	00000000 _ebss
000020e2 g     F .text	0000003c USART_GetITStatus
0000070e  w      .text	00000000 DMA1_Channel7_IRQHandler
00001914 g     F .text	000000a8 TIM_OC1Init
00002910 g     F .text	0000029c D_I2C_Read
00002bf0 g     F .text	00000004 D_IWDG_Feed
0000211e g     F .text	00000030 Delay_Init
00001760 g     F .text	00000020 RCC_GetFlagStatus
00001706 g     F .text	0000001e RCC_PB2PeriphClockCmd
00000fe2 g     F .text	000002de GPIO_IPD_Unused
00000f3c g     F .text	00000004 GPIO_SetBits
000008ea g     F .text	0000000e ADC_ExternalTrigInjectedConvConfig
00001bc2 g     F .text	00000058 TIM_ARRPreloadConfig
00004e40 g     F .text	00000016 C_Traj_Is_Done
000008d8 g     F .text	00000012 ADC_AutoInjectedConvCmd
0000090c g     F .text	00000018 ADC_SoftwareStartInjectedConvCmd
00003360 g     F .text	00000044 D_TIM1_UP_ISR
000000f0 g     F .text	00000008 .hidden __umodsi3
000013b6 g     F .text	0000001a I2C_GenerateSTART
00003d1c g     F .text	00000034 C_Ring_Buf_Get_Count
00004ebc g     F .text	0000002e A_Config_SaveTask
0000070e  w      .text	00000000 I2C1_EV_IRQHandler
00005ab8 g     F .text	00000044 A_Servo_SetMode
00001fa4 g     F .text	00000018 TIM_GetITStatus
00005676 g     F .text	00000070 A_Servo_Resume
00001646 g     F .text	000000a2 RCC_GetClocksFreq
00005788 g     F .text	0000021e A_Servo_Submit
0000070e  w      .text	00000000 DMA1_Channel6_IRQHandler
00001430 g     F .text	00000022 I2C_NACKPositionConfig
00003d50 g     F .text	0000003e C_SpeedObs_Init
00001fc8 g     F .text	0000009c USART_Init
0000070e  w      .text	00000000 RCC_IRQHandler
00002570 g     F .text	00000042 D_ADC_Encoder_Read
00005c6c g     F .text	00000026 A_Servo_SaveStartup
0000070e  w      .text	00000000 TIM1_TRG_COM_IRQHandler
000025b2 g     F .text	00000078 D_ADC_Voltage_Read
00003f54 g     F .text	00000050 C_Task_Tick_Update
000001ca g     F .text	00000008 DMA1_Channel1_IRQHandler
0000149a g     F .text	00000008 IWDG_WriteAccessCmd
00002d62 g     F .text	00000018 D_MT6701_Init
00000000 g       .init	00000000 _start
000021b0 g     F .text	00000006 __set_MSTATUS
000020c0 g     F .text	00000018 USART_HalfDuplexCmd
00001468 g     F .text	00000032 I2C_GetFlagStatus
000016e8 g     F .text	0000001e RCC_HBPeriphClockCmd
000037e4 g     F .text	0000000a D_WS2812_Off
00001c58 g     F .text	00000046 TIM_OC2PreloadConfig
00001bb2 g     F .text	00000010 TIM_SelectInputTrigger
00003522 g     F .text	000000ba D_UART_Enable
00001724 g     F .text	0000001e RCC_PB1PeriphClockCmd
00003184 g     F .text	0000002a D_PWM_Read
00001ba0 g     F .text	00000012 TIM_ITConfig
000019bc g     F .text	000000d8 TIM_OC2Init
00006226 g     F .text	000005f2 A_Uart_Process
000014c0 g     F .text	00000018 IWDG_Enable
000056e6 g     F .text	00000042 A_Servo_Stop
00002078 g     F .text	00000038 USART_ITConfig
00002fea g     F .text	00000054 D_TIM2_ADC_Trigger_Set
000021de g     F .text	000000dc D_ADC_DMA_ISR
00005baa g     F .text	000000c2 A_Servo_SetTravelEnd
0000139e g     F .text	00000018 I2C_Cmd
00001d1a g     F .text	00000018 TIM_SelectOutputTrigger
00000bba g     F .text	00000046 FLASH_ErasePage_Fast
20000000 g       .dalign	00000000 _data_vma
00003272 g     F .text	000000ee D_TIM1_CC_ISR
00006ce4 g     F .text	00000024 memcmp
00001a94 g     F .text	00000068 TIM_OC4Init
00002e74 g     F .text	0000005e D_SPI1_Send_Buf
00003d8e g     F .text	00000198 C_SpeedObs_Update
000036ca g     F .text	000000b0 D_UART1_ISR
0000156a g     F .text	00000098 OPA_Init
00002ef0 g     F .text	000000fa D_TIM2_PWM_Init
00001410 g     F .text	0000000e I2C_Send7bitAddress
00001dfe g     F .text	00000016 TIM_SetIC1Prescaler
00004cc2 g     F .text	0000017e C_Traj_Step
00000150 g     F .text	00000010 memset
000001d2 g     F .text	0000006a main
00004e56 g     F .text	00000014 C_Traj_Get_Ticks
00003cbe g     F .text	0000002c C_Ring_Buf_Put
0000070e  w      .text	00000000 DMA1_Channel5_IRQHandler
0000033a g     F .text	000000e4 FLASH_Config_Save
000000bc g     F .text	00000058 .hidden __divsi3
0000217c g     F .text	0000002e Delay_Ms
00001dd6 g     F .text	00000028 TIM_SetCompare4
000009b6 g     F .text	00000018 ADC_BufferCmd
00001f68 g     F .text	00000030 TIM_GetCapture2
000017c4 g     F .text	0000001a SPI_Cmd
00005042 g     F .text	00000006 A_Protect_Fault
00001540 g     F .text	0000001a OPA_Unlock
0000141e g     F .text	00000012 I2C_SoftwareResetCmd
000005ea g     F .text	000000c2 SystemInit
00001e5e g     F .text	0000010a TIM_ICInit
00000972 g     F .text	00000014 ADC_InjectedSequencerLengthConfig
000033da g     F .text	00000044 D_TMP112_Read_Temp
0000555e g     F .text	0000006c A_Servo_SampleMotion
00006edc g     O .text	00000100 .hidden __clz_tab
00000000 g       .init	00000000 _sinit
00001b1e g     F .text	00000016 TIM_ICStructInit
000035e6 g     F .text	000000b6 D_UART1_Tx_Write
0000070e  w      .text	00000000 DMA1_Channel3_IRQHandler
00000190 g     F .text	0000003a TIM1_UP_IRQHandler
0000070e  w      .text	00000000 WWDG_IRQHandler
00004f92 g     F .text	00000022 A_Config_Baudrate
000009ae g     F .text	00000008 ADC_ClearFlag
000027aa g     F .text	00000166 D_I2C_Write
00000aba g     F .text	00000014 DMA_ITConfig
000009ce g     F .text	0000000e ADC_Sample_ModeConfig
0000552c g     F .text	00000028 A_Servo_SetOutputLimit
000035dc g     F .text	0000000a D_UART1_Rx_Get
0000070e  w      .text	00000000 TIM2_IRQHandler
20002000 g       .stack	00000000 _eusrstack
000000a8 g     F .text	0000000a .hidden __riscv_save_2
0000070e  w      .text	00000000 SW_Handler
0000079a g     F .text	0000002a ADC_DeInit
00001afc g     F .text	00000022 TIM_OCStructInit
000008f8 g     F .text	00000014 ADC_ExternalTrigInjectedConvCmd
0000070e  w      .text	00000000 TIM1_BRK_IRQHandler
000007c4 g     F .text	0000004e ADC_Init
000020b0 g     F .text	00000008 USART_SendData
0000574e g     F .text	0000003a A_Servo_RestoreTorque
000059ec g     F .text	000000cc A_Servo_Init
20000090 g       .data	00000000 _edata
20000470 g       .bss	00000000 _end
000018a8 g     F .text	0000006c TIM_TimeBaseInit
00005740 g     F .text	0000000e A_Servo_Release
20000374 g     O .bss	0000000e g_config
00000986 g     F .text	0000001c ADC_GetInjectedConversionValue
00006fdc g       .dlalign	00000000 _data_lma
00005060 g     F .text	000001d0 A_Protect_Task
00002dfa g     F .text	0000007a D_SPI1_Init
0000070e  w      .text	00000000 USART2_IRQHandler
00002764 g     F .text	00000046 D_Bus_I2C_Init
000006ac g     F .text	00000062 SystemCoreClockUpdate
00000114 g     F .text	00000024 .hidden __modsi3
0000155a g     F .text	00000010 OPA_Lock
00000dbc g     F .text	000000fe FLASH_ROM_WRITE
00004e7a g     F .text	00000030 A_Config_Default
0000070e  w      .text	00000000 DMA1_Channel2_IRQHandler
20000000 g     O .data	00000010 HBPrescTable
00000adc g     F .text	00000008 DMA_ClearFlag
00000710  w      .text	00000000 handle_reset
000014a2 g     F .text	00000008 IWDG_SetPrescaler
0000070e  w      .text	00000000 FLASH_IRQHandler
000000a8 g     F .text	0000000a .hidden __riscv_save_0
00000180 g     F .text	00000008 USART1_IRQHandler
00001632 g     F .text	00000014 RCC_LSICmd
000013ea g     F .text	0000001a I2C_AcknowledgeConfig
00006d08 g     F .text	00000010 strlen
00001e14 g     F .text	0000001a TIM_SetIC2Prescaler
00001452 g     F .text	00000016 I2C_CheckEvent
00001d32 g     F .text	00000054 TIM_SelectSlaveMode
000013d0 g     F .text	0000001a I2C_GenerateSTOP
0000070e  w      .text	00000000 I2C1_ER_IRQHandler
00001790 g     F .text	00000034 SPI_Init
000014d8 g     F .text	00000006 NVIC_PriorityGroupConfig
000009dc g     F .text	00000092 DMA_DeInit
000022e4 g     F .text	00000034 D_ADC_Current_Window_Set
0000383e g     F .text	00000474 C_PosCtrl_Update
000000b2 g     F .text	0000000a .hidden __riscv_restore_1
000037ee g     F .text	00000004 D_WS2812_Init
00000c00 g     F .text	000001bc FLASH_ROM_ERASE
00001d86 g     F .text	00000028 TIM_SetCompare1
00001ce4 g     F .text	00000016 TIM_OC2PolarityConfig
00004eea g     F .text	000000a8 A_Config_Init
20000098 g     O .bss	00000044 EP2_Rx_Buffer
00000f30 g     F .text	0000000c GPIO_ReadInputDataBit
00005230 g     F .text	0000008a A_Encoder_Read
00003cea g     F .text	00000032 C_Ring_Buf_Get
00003808 g     F .text	0000001a C_PosCtrl_Init
00002318 g     F .text	00000200 D_ADC_DMA_Init
00002d7a g     F .text	00000064 D_OPA1_Init
00004490 g     F .text	0000004a C_Traj_Set_Range



Disassembly of section .init:

00000000 <_sinit>:
   0:	7100006f          	j	710 <handle_reset>
   4:	00000000          	.word	0x00000000
   8:	00000160          	.word	0x00000160
   c:	00000170          	.word	0x00000170
	...
  30:	0000070e          	.word	0x0000070e
  34:	00000000          	.word	0x00000000
  38:	0000070e          	.word	0x0000070e
  3c:	00000000          	.word	0x00000000
  40:	0000070e          	.word	0x0000070e
  44:	0000070e          	.word	0x0000070e
  48:	0000070e          	.word	0x0000070e
  4c:	0000070e          	.word	0x0000070e
  50:	0000070e          	.word	0x0000070e
  54:	0000070e          	.word	0x0000070e
  58:	000001ca          	.word	0x000001ca
  5c:	0000070e          	.word	0x0000070e
  60:	0000070e          	.word	0x0000070e
  64:	0000070e          	.word	0x0000070e
  68:	0000070e          	.word	0x0000070e
  6c:	0000070e          	.word	0x0000070e
  70:	0000070e          	.word	0x0000070e
  74:	0000070e          	.word	0x0000070e
  78:	0000070e          	.word	0x0000070e
  7c:	0000070e          	.word	0x0000070e
  80:	00000180          	.word	0x00000180
  84:	0000070e          	.word	0x0000070e
  88:	0000070e          	.word	0x0000070e
  8c:	00000190          	.word	0x00000190
  90:	0000070e          	.word	0x0000070e
  94:	00000188          	.word	0x00000188
  98:	0000070e          	.word	0x0000070e
  9c:	0000070e          	.word	0x0000070e
  a0:	0000070e          	.word	0x0000070e
  a4:	0000                	unimp
	...

Disassembly of section .text:

000000a8 <__riscv_save_0>:
      a8:	1151                	addi	sp,sp,-12
      aa:	c026                	sw	s1,0(sp)
      ac:	c222                	sw	s0,4(sp)
      ae:	c406                	sw	ra,8(sp)
      b0:	8282                	jr	t0

000000b2 <__riscv_restore_0>:
      b2:	4482                	lw	s1,0(sp)
      b4:	4412                	lw	s0,4(sp)
      b6:	40a2                	lw	ra,8(sp)
      b8:	0131                	addi	sp,sp,12
      ba:	8082                	ret

000000bc <__divsi3>:
      bc:	02054e63          	bltz	a0,f8 <__umodsi3+0x8>
      c0:	0405c363          	bltz	a1,106 <__umodsi3+0x16>

000000c4 <__hidden___udivsi3>:
      c4:	862e                	mv	a2,a1
      c6:	85aa                	mv	a1,a0
      c8:	557d                	li	a0,-1
      ca:	c215                	beqz	a2,ee <__hidden___udivsi3+0x2a>
      cc:	4685                	li	a3,1
      ce:	00b67863          	bgeu	a2,a1,de <__hidden___udivsi3+0x1a>
      d2:	00c05663          	blez	a2,de <__hidden___udivsi3+0x1a>
      d6:	0606                	slli	a2,a2,0x1
      d8:	0686                	slli	a3,a3,0x1
      da:	feb66ce3          	bltu	a2,a1,d2 <__hidden___udivsi3+0xe>
      de:	4501                	li	a0,0
      e0:	00c5e463          	bltu	a1,a2,e8 <__hidden___udivsi3+0x24>
      e4:	8d91                	sub	a1,a1,a2
      e6:	8d55                	or	a0,a0,a3
      e8:	8285                	srli	a3,a3,0x1
      ea:	8205                	srli	a2,a2,0x1
      ec:	faf5                	bnez	a3,e0 <__hidden___udivsi3+0x1c>
      ee:	8082                	ret

000000f0 <__umodsi3>:
      f0:	8286                	mv	t0,ra
      f2:	3fc9                	jal	c4 <__hidden___udivsi3>
      f4:	852e                	mv	a0,a1
      f6:	8282                	jr	t0
      f8:	40a00533          	neg	a0,a0
      fc:	00b04763          	bgtz	a1,10a <__umodsi3+0x1a>
     100:	40b005b3          	neg	a1,a1
     104:	b7c1                	j	c4 <__hidden___udivsi3>
     106:	40b005b3          	neg	a1,a1
     10a:	8286                	mv	t0,ra
     10c:	3f65                	jal	c4 <__hidden___udivsi3>
     10e:	40a00533          	neg	a0,a0
     112:	8282                	jr	t0

00000114 <__modsi3>:
     114:	8286                	mv	t0,ra
     116:	0005c763          	bltz	a1,124 <__modsi3+0x10>
     11a:	00054963          	bltz	a0,12c <__modsi3+0x18>
     11e:	375d                	jal	c4 <__hidden___udivsi3>
     120:	852e                	mv	a0,a1
     122:	8282                	jr	t0
     124:	40b005b3          	neg	a1,a1
     128:	fe055be3          	bgez	a0,11e <__modsi3+0xa>
     12c:	40a00533          	neg	a0,a0
     130:	3f51                	jal	c4 <__hidden___udivsi3>
     132:	40b00533          	neg	a0,a1
     136:	8282                	jr	t0
	...

0000013a <memcpy>:
     13a:	832a                	mv	t1,a0
     13c:	ca09                	beqz	a2,14e <memcpy+0x14>
     13e:	00058383          	lb	t2,0(a1)
     142:	00730023          	sb	t2,0(t1)
     146:	167d                	addi	a2,a2,-1
     148:	0305                	addi	t1,t1,1
     14a:	0585                	addi	a1,a1,1
     14c:	fa6d                	bnez	a2,13e <memcpy+0x4>
     14e:	8082                	ret

00000150 <memset>:
     150:	832a                	mv	t1,a0
     152:	c611                	beqz	a2,15e <memset+0xe>
     154:	00b30023          	sb	a1,0(t1)
     158:	167d                	addi	a2,a2,-1
     15a:	0305                	addi	t1,t1,1
     15c:	fe65                	bnez	a2,154 <memset+0x4>
     15e:	8082                	ret

00000160 <NMI_Handler>:
     160:	beef07b7          	lui	a5,0xbeef0
     164:	e000e737          	lui	a4,0xe000e
     168:	08078793          	addi	a5,a5,128 # beef0080 <_eusrstack+0x9eeee080>
     16c:	c73c                	sw	a5,72(a4)
     16e:	a001                	j	16e <NMI_Handler+0xe>

00000170 <HardFault_Handler>:
     170:	beef07b7          	lui	a5,0xbeef0
     174:	e000e737          	lui	a4,0xe000e
     178:	08078793          	addi	a5,a5,128 # beef0080 <_eusrstack+0x9eeee080>
     17c:	c73c                	sw	a5,72(a4)
     17e:	a001                	j	17e <HardFault_Handler+0xe>

00000180 <USART1_IRQHandler>:
     180:	54a030ef          	jal	ra,36ca <D_UART1_ISR>
     184:	30200073          	mret

00000188 <TIM1_CC_IRQHandler>:
     188:	0ea030ef          	jal	ra,3272 <D_TIM1_CC_ISR>
     18c:	30200073          	mret

00000190 <TIM1_UP_IRQHandler>:
     190:	40013537          	lui	a0,0x40013
     194:	4585                	li	a1,1
     196:	c0050513          	addi	a0,a0,-1024 # 40012c00 <_eusrstack+0x20010c00>
     19a:	60b010ef          	jal	ra,1fa4 <TIM_GetITStatus>
     19e:	cd19                	beqz	a0,1bc <TIM1_UP_IRQHandler+0x2c>
     1a0:	1c0030ef          	jal	ra,3360 <D_TIM1_UP_ISR>
     1a4:	20000737          	lui	a4,0x20000
     1a8:	09074783          	lbu	a5,144(a4) # 20000090 <tick_cnt.0>
     1ac:	46cd                	li	a3,19
     1ae:	0785                	addi	a5,a5,1
     1b0:	0ff7f793          	zext.b	a5,a5
     1b4:	00f6e663          	bltu	a3,a5,1c0 <TIM1_UP_IRQHandler+0x30>
     1b8:	08f70823          	sb	a5,144(a4)
     1bc:	30200073          	mret
     1c0:	08070823          	sb	zero,144(a4)
     1c4:	591030ef          	jal	ra,3f54 <C_Task_Tick_Update>
     1c8:	bfd5                	j	1bc <TIM1_UP_IRQHandler+0x2c>

000001ca <DMA1_Channel1_IRQHandler>:
     1ca:	014020ef          	jal	ra,21de <D_ADC_DMA_ISR>
     1ce:	30200073          	mret

000001d2 <main>:
     1d2:	ed7ff2ef          	jal	t0,a8 <__riscv_save_0>
     1d6:	4505                	li	a0,1
     1d8:	300010ef          	jal	ra,14d8 <NVIC_PriorityGroupConfig>
     1dc:	29c1                	jal	6ac <SystemCoreClockUpdate>
     1de:	741010ef          	jal	ra,211e <Delay_Init>
     1e2:	59e010ef          	jal	ra,1780 <RCC_ClearFlag>
     1e6:	06400513          	li	a0,100
     1ea:	793010ef          	jal	ra,217c <Delay_Ms>
     1ee:	4fd040ef          	jal	ra,4eea <A_Config_Init>
     1f2:	572020ef          	jal	ra,2764 <D_Bus_I2C_Init>
     1f6:	405020ef          	jal	ra,2dfa <D_SPI1_Init>
     1fa:	599040ef          	jal	ra,4f92 <A_Config_Baudrate>
     1fe:	29c030ef          	jal	ra,349a <D_USART1_Cfg>
     202:	4ef020ef          	jal	ra,2ef0 <D_TIM2_PWM_Init>
     206:	639020ef          	jal	ra,303e <D_TIM1_PWM_IC_Init>
     20a:	371020ef          	jal	ra,2d7a <D_OPA1_Init>
     20e:	10a020ef          	jal	ra,2318 <D_ADC_DMA_Init>
     212:	351020ef          	jal	ra,2d62 <D_MT6701_Init>
     216:	18e030ef          	jal	ra,33a4 <D_TMP112_Init>
     21a:	5d4030ef          	jal	ra,37ee <D_WS2812_Init>
     21e:	0c800513          	li	a0,200
     222:	75b010ef          	jal	ra,217c <Delay_Ms>
     226:	7c6050ef          	jal	ra,59ec <A_Servo_Init>
     22a:	61f040ef          	jal	ra,5048 <A_Protect_Init>
     22e:	5cd050ef          	jal	ra,5ffa <A_Tasks_Init>
     232:	17b020ef          	jal	ra,2bac <D_IWDG_Init>
     236:	56f030ef          	jal	ra,3fa4 <C_Task_Run>
     23a:	bff5                	j	236 <main+0x64>

0000023c <Flash_Crc16>:
     23c:	87aa                	mv	a5,a0
     23e:	00b78733          	add	a4,a5,a1
     242:	6541                	lui	a0,0x10
     244:	0742                	slli	a4,a4,0x10
     246:	6605                	lui	a2,0x1
     248:	157d                	addi	a0,a0,-1 # ffff <_data_lma+0x9023>
     24a:	8341                	srli	a4,a4,0x10
     24c:	02160613          	addi	a2,a2,33 # 1021 <GPIO_IPD_Unused+0x3f>
     250:	01079693          	slli	a3,a5,0x10
     254:	82c1                	srli	a3,a3,0x10
     256:	00d71363          	bne	a4,a3,25c <Flash_Crc16+0x20>
     25a:	8082                	ret
     25c:	2394                	lbu	a3,0(a5)
     25e:	0785                	addi	a5,a5,1
     260:	06a2                	slli	a3,a3,0x8
     262:	8d35                	xor	a0,a0,a3
     264:	46a1                	li	a3,8
     266:	01051593          	slli	a1,a0,0x10
     26a:	0506                	slli	a0,a0,0x1
     26c:	0542                	slli	a0,a0,0x10
     26e:	85c1                	srai	a1,a1,0x10
     270:	8141                	srli	a0,a0,0x10
     272:	0005d363          	bgez	a1,278 <Flash_Crc16+0x3c>
     276:	8d31                	xor	a0,a0,a2
     278:	16fd                	addi	a3,a3,-1
     27a:	0ff6f693          	zext.b	a3,a3
     27e:	f6e5                	bnez	a3,266 <Flash_Crc16+0x2a>
     280:	bfc1                	j	250 <Flash_Crc16+0x14>

00000282 <Flash_RecordValid>:
     282:	4110                	lw	a2,0(a0)
     284:	434646b7          	lui	a3,0x43464
     288:	73168693          	addi	a3,a3,1841 # 43464731 <_eusrstack+0x23462731>
     28c:	04d61163          	bne	a2,a3,2ce <Flash_RecordValid+0x4c>
     290:	2512                	lhu	a2,8(a0)
     292:	4689                	li	a3,2
     294:	87aa                	mv	a5,a0
     296:	4501                	li	a0,0
     298:	02d61d63          	bne	a2,a3,2d2 <Flash_RecordValid+0x50>
     29c:	27b6                	lhu	a3,10(a5)
     29e:	02b69a63          	bne	a3,a1,2d2 <Flash_RecordValid+0x50>
     2a2:	02000713          	li	a4,32
     2a6:	02d76663          	bltu	a4,a3,2d2 <Flash_RecordValid+0x50>
     2aa:	5b94                	lw	a3,48(a5)
     2ac:	5aa56737          	lui	a4,0x5aa56
     2b0:	aa570713          	addi	a4,a4,-1371 # 5aa55aa5 <_eusrstack+0x3aa53aa5>
     2b4:	00e69f63          	bne	a3,a4,2d2 <Flash_RecordValid+0x50>
     2b8:	df1ff2ef          	jal	t0,a8 <__riscv_save_0>
     2bc:	37c2                	lhu	s0,44(a5)
     2be:	00c78513          	addi	a0,a5,12
     2c2:	3fad                	jal	23c <Flash_Crc16>
     2c4:	40a40533          	sub	a0,s0,a0
     2c8:	00153513          	seqz	a0,a0
     2cc:	b3dd                	j	b2 <__riscv_restore_0>
     2ce:	4501                	li	a0,0
     2d0:	8082                	ret
     2d2:	8082                	ret

000002d4 <FLASH_Config_Load>:
     2d4:	dd5ff2ef          	jal	t0,a8 <__riscv_save_0>
     2d8:	1151                	addi	sp,sp,-12
     2da:	c02e                	sw	a1,0(sp)
     2dc:	c232                	sw	a2,4(sp)
     2de:	c42a                	sw	a0,8(sp)
     2e0:	c939                	beqz	a0,336 <FLASH_Config_Load+0x62>
     2e2:	4501                	li	a0,0
     2e4:	ca0d                	beqz	a2,316 <FLASH_Config_Load+0x42>
     2e6:	0800f437          	lui	s0,0x800f
     2ea:	50040513          	addi	a0,s0,1280 # 800f500 <_data_lma+0x8008524>
     2ee:	3f51                	jal	282 <Flash_RecordValid>
     2f0:	4582                	lw	a1,0(sp)
     2f2:	84aa                	mv	s1,a0
     2f4:	60040513          	addi	a0,s0,1536
     2f8:	3769                	jal	282 <Flash_RecordValid>
     2fa:	4322                	lw	t1,8(sp)
     2fc:	ec99                	bnez	s1,31a <FLASH_Config_Load+0x46>
     2fe:	cd01                	beqz	a0,316 <FLASH_Config_Load+0x42>
     300:	60040493          	addi	s1,s0,1536
     304:	4602                	lw	a2,0(sp)
     306:	00c48593          	addi	a1,s1,12
     30a:	851a                	mv	a0,t1
     30c:	353d                	jal	13a <memcpy>
     30e:	40dc                	lw	a5,4(s1)
     310:	4712                	lw	a4,4(sp)
     312:	4505                	li	a0,1
     314:	c31c                	sw	a5,0(a4)
     316:	0131                	addi	sp,sp,12
     318:	bb69                	j	b2 <__riscv_restore_0>
     31a:	50040493          	addi	s1,s0,1280
     31e:	8626                	mv	a2,s1
     320:	d175                	beqz	a0,304 <FLASH_Config_Load+0x30>
     322:	60040793          	addi	a5,s0,1536
     326:	40d4                	lw	a3,4(s1)
     328:	43d8                	lw	a4,4(a5)
     32a:	84be                	mv	s1,a5
     32c:	8e99                	sub	a3,a3,a4
     32e:	fcd05be3          	blez	a3,304 <FLASH_Config_Load+0x30>
     332:	84b2                	mv	s1,a2
     334:	bfc1                	j	304 <FLASH_Config_Load+0x30>
     336:	4501                	li	a0,0
     338:	bff9                	j	316 <FLASH_Config_Load+0x42>

0000033a <FLASH_Config_Save>:
     33a:	d6fff2ef          	jal	t0,a8 <__riscv_save_0>
     33e:	ebc10113          	addi	sp,sp,-324
     342:	0800f437          	lui	s0,0x800f
     346:	c22a                	sw	a0,4(sp)
     348:	50040513          	addi	a0,s0,1280 # 800f500 <_data_lma+0x8008524>
     34c:	c02e                	sw	a1,0(sp)
     34e:	c432                	sw	a2,8(sp)
     350:	3f0d                	jal	282 <Flash_RecordValid>
     352:	4582                	lw	a1,0(sp)
     354:	c62a                	sw	a0,12(sp)
     356:	60040513          	addi	a0,s0,1536
     35a:	3725                	jal	282 <Flash_RecordValid>
     35c:	4792                	lw	a5,4(sp)
     35e:	4732                	lw	a4,12(sp)
     360:	e789                	bnez	a5,36a <FLASH_Config_Save+0x30>
     362:	4501                	li	a0,0
     364:	14410113          	addi	sp,sp,324
     368:	b3a9                	j	b2 <__riscv_restore_0>
     36a:	4782                	lw	a5,0(sp)
     36c:	467d                	li	a2,31
     36e:	fff78693          	addi	a3,a5,-1
     372:	06c2                	slli	a3,a3,0x10
     374:	82c1                	srli	a3,a3,0x10
     376:	fed666e3          	bltu	a2,a3,362 <FLASH_Config_Save+0x28>
     37a:	50040493          	addi	s1,s0,1280
     37e:	cf01                	beqz	a4,396 <FLASH_Config_Save+0x5c>
     380:	60040493          	addi	s1,s0,1536
     384:	c909                	beqz	a0,396 <FLASH_Config_Save+0x5c>
     386:	50040793          	addi	a5,s0,1280
     38a:	40d8                	lw	a4,4(s1)
     38c:	43d4                	lw	a3,4(a5)
     38e:	8f15                	sub	a4,a4,a3
     390:	00e05363          	blez	a4,396 <FLASH_Config_Save+0x5c>
     394:	84be                	mv	s1,a5
     396:	02800613          	li	a2,40
     39a:	0ff00593          	li	a1,255
     39e:	0868                	addi	a0,sp,28
     3a0:	3b45                	jal	150 <memset>
     3a2:	434647b7          	lui	a5,0x43464
     3a6:	73178793          	addi	a5,a5,1841 # 43464731 <_eusrstack+0x23462731>
     3aa:	c83e                	sw	a5,16(sp)
     3ac:	47a2                	lw	a5,8(sp)
     3ae:	4592                	lw	a1,4(sp)
     3b0:	0868                	addi	a0,sp,28
     3b2:	ca3e                	sw	a5,20(sp)
     3b4:	4789                	li	a5,2
     3b6:	84fc                	sh	a5,24(sp)
     3b8:	4782                	lw	a5,0(sp)
     3ba:	863e                	mv	a2,a5
     3bc:	85fc                	sh	a5,26(sp)
     3be:	3bb5                	jal	13a <memcpy>
     3c0:	4582                	lw	a1,0(sp)
     3c2:	0868                	addi	a0,sp,28
     3c4:	3da5                	jal	23c <Flash_Crc16>
     3c6:	5aa567b7          	lui	a5,0x5aa56
     3ca:	aa578793          	addi	a5,a5,-1371 # 5aa55aa5 <_eusrstack+0x3aa53aa5>
     3ce:	02a11e23          	sh	a0,60(sp)
     3d2:	0cc00613          	li	a2,204
     3d6:	0ff00593          	li	a1,255
     3da:	18a8                	addi	a0,sp,120
     3dc:	c0be                	sw	a5,64(sp)
     3de:	3b8d                	jal	150 <memset>
     3e0:	03400613          	li	a2,52
     3e4:	080c                	addi	a1,sp,16
     3e6:	00c8                	addi	a0,sp,68
     3e8:	3b89                	jal	13a <memcpy>
     3ea:	10000593          	li	a1,256
     3ee:	8526                	mv	a0,s1
     3f0:	011000ef          	jal	ra,c00 <FLASH_ROM_ERASE>
     3f4:	4791                	li	a5,4
     3f6:	842a                	mv	s0,a0
     3f8:	f6f515e3          	bne	a0,a5,362 <FLASH_Config_Save+0x28>
     3fc:	10000613          	li	a2,256
     400:	00cc                	addi	a1,sp,68
     402:	8526                	mv	a0,s1
     404:	1b9000ef          	jal	ra,dbc <FLASH_ROM_WRITE>
     408:	f4851de3          	bne	a0,s0,362 <FLASH_Config_Save+0x28>
     40c:	10000613          	li	a2,256
     410:	00cc                	addi	a1,sp,68
     412:	8526                	mv	a0,s1
     414:	0d1060ef          	jal	ra,6ce4 <memcmp>
     418:	00153513          	seqz	a0,a0
     41c:	b7a1                	j	364 <FLASH_Config_Save+0x2a>

0000041e <RecData_Deal>:
     41e:	200007b7          	lui	a5,0x20000
     422:	0987c703          	lbu	a4,152(a5) # 20000098 <EP2_Rx_Buffer>
     426:	08400793          	li	a5,132
     42a:	02f71663          	bne	a4,a5,456 <RecData_Deal+0x38>
     42e:	c7bff2ef          	jal	t0,a8 <__riscv_save_0>
     432:	27ad                	jal	b9c <FLASH_Unlock_Fast>
     434:	0800f537          	lui	a0,0x800f
     438:	70050513          	addi	a0,a0,1792 # 800f700 <_data_lma+0x8008724>
     43c:	2fbd                	jal	bba <FLASH_ErasePage_Fast>
     43e:	400227b7          	lui	a5,0x40022
     442:	4b98                	lw	a4,16(a5)
     444:	66a1                	lui	a3,0x8
     446:	4501                	li	a0,0
     448:	8f55                	or	a4,a4,a3
     44a:	cb98                	sw	a4,16(a5)
     44c:	4b98                	lw	a4,16(a5)
     44e:	08076713          	ori	a4,a4,128
     452:	cb98                	sw	a4,16(a5)
     454:	b9b9                	j	b2 <__riscv_restore_0>
     456:	4505                	li	a0,1
     458:	8082                	ret

0000045a <IAP_Rx_Deal>:
     45a:	c4fff2ef          	jal	t0,a8 <__riscv_save_0>
     45e:	20000437          	lui	s0,0x20000
     462:	09544783          	lbu	a5,149(s0) # 20000095 <rx_state>
     466:	4725                	li	a4,9
     468:	1161                	addi	sp,sp,-8
     46a:	16f76d63          	bltu	a4,a5,5e4 <IAP_Rx_Deal+0x18a>
     46e:	671d                	lui	a4,0x7
     470:	078a                	slli	a5,a5,0x2
     472:	d1870713          	addi	a4,a4,-744 # 6d18 <strlen+0x10>
     476:	97ba                	add	a5,a5,a4
     478:	439c                	lw	a5,0(a5)
     47a:	8782                	jr	a5
     47c:	0aa00793          	li	a5,170
     480:	02f51163          	bne	a0,a5,4a2 <IAP_Rx_Deal+0x48>
     484:	4785                	li	a5,1
     486:	08f40aa3          	sb	a5,149(s0)
     48a:	a821                	j	4a2 <IAP_Rx_Deal+0x48>
     48c:	05500793          	li	a5,85
     490:	14f51a63          	bne	a0,a5,5e4 <IAP_Rx_Deal+0x18a>
     494:	4789                	li	a5,2
     496:	08f40aa3          	sb	a5,149(s0)
     49a:	200007b7          	lui	a5,0x20000
     49e:	08079923          	sh	zero,146(a5) # 20000092 <rx_cksum>
     4a2:	0121                	addi	sp,sp,8
     4a4:	b139                	j	b2 <__riscv_restore_0>
     4a6:	200007b7          	lui	a5,0x20000
     4aa:	20000737          	lui	a4,0x20000
     4ae:	08a78c23          	sb	a0,152(a5) # 20000098 <EP2_Rx_Buffer>
     4b2:	09275783          	lhu	a5,146(a4) # 20000092 <rx_cksum>
     4b6:	97aa                	add	a5,a5,a0
     4b8:	08f71923          	sh	a5,146(a4)
     4bc:	478d                	li	a5,3
     4be:	b7e1                	j	486 <IAP_Rx_Deal+0x2c>
     4c0:	200006b7          	lui	a3,0x20000
     4c4:	0926d703          	lhu	a4,146(a3) # 20000092 <rx_cksum>
     4c8:	200007b7          	lui	a5,0x20000
     4cc:	09878793          	addi	a5,a5,152 # 20000098 <EP2_Rx_Buffer>
     4d0:	972a                	add	a4,a4,a0
     4d2:	08e69923          	sh	a4,146(a3)
     4d6:	2398                	lbu	a4,0(a5)
     4d8:	b388                	sb	a0,1(a5)
     4da:	4685                	li	a3,1
     4dc:	07f70793          	addi	a5,a4,127
     4e0:	0ff7f793          	zext.b	a5,a5
     4e4:	00f6ea63          	bltu	a3,a5,4f8 <IAP_Rx_Deal+0x9e>
     4e8:	4791                	li	a5,4
     4ea:	08f40aa3          	sb	a5,149(s0)
     4ee:	200007b7          	lui	a5,0x20000
     4f2:	08078a23          	sb	zero,148(a5) # 20000094 <rx_idx>
     4f6:	b775                	j	4a2 <IAP_Rx_Deal+0x48>
     4f8:	08000793          	li	a5,128
     4fc:	04f71663          	bne	a4,a5,548 <IAP_Rx_Deal+0xee>
     500:	c521                	beqz	a0,548 <IAP_Rx_Deal+0xee>
     502:	4795                	li	a5,5
     504:	b7dd                	j	4ea <IAP_Rx_Deal+0x90>
     506:	20000637          	lui	a2,0x20000
     50a:	09464783          	lbu	a5,148(a2) # 20000094 <rx_idx>
     50e:	20000737          	lui	a4,0x20000
     512:	09870713          	addi	a4,a4,152 # 20000098 <EP2_Rx_Buffer>
     516:	00f706b3          	add	a3,a4,a5
     51a:	200005b7          	lui	a1,0x20000
     51e:	a2a8                	sb	a0,2(a3)
     520:	0925d683          	lhu	a3,146(a1) # 20000092 <rx_cksum>
     524:	0785                	addi	a5,a5,1
     526:	0ff7f793          	zext.b	a5,a5
     52a:	96aa                	add	a3,a3,a0
     52c:	08d59923          	sh	a3,146(a1)
     530:	08f60a23          	sb	a5,148(a2)
     534:	468d                	li	a3,3
     536:	f6f6f6e3          	bgeu	a3,a5,4a2 <IAP_Rx_Deal+0x48>
     53a:	2314                	lbu	a3,0(a4)
     53c:	08200793          	li	a5,130
     540:	00f69463          	bne	a3,a5,548 <IAP_Rx_Deal+0xee>
     544:	331c                	lbu	a5,1(a4)
     546:	ffd5                	bnez	a5,502 <IAP_Rx_Deal+0xa8>
     548:	4799                	li	a5,6
     54a:	bf35                	j	486 <IAP_Rx_Deal+0x2c>
     54c:	20000637          	lui	a2,0x20000
     550:	09464783          	lbu	a5,148(a2) # 20000094 <rx_idx>
     554:	20000737          	lui	a4,0x20000
     558:	09870713          	addi	a4,a4,152 # 20000098 <EP2_Rx_Buffer>
     55c:	00f706b3          	add	a3,a4,a5
     560:	200005b7          	lui	a1,0x20000
     564:	a2a8                	sb	a0,2(a3)
     566:	0925d683          	lhu	a3,146(a1) # 20000092 <rx_cksum>
     56a:	0785                	addi	a5,a5,1
     56c:	3318                	lbu	a4,1(a4)
     56e:	96aa                	add	a3,a3,a0
     570:	0ff7f793          	zext.b	a5,a5
     574:	08d59923          	sh	a3,146(a1)
     578:	08f60a23          	sb	a5,148(a2)
     57c:	fce7f6e3          	bgeu	a5,a4,548 <IAP_Rx_Deal+0xee>
     580:	b70d                	j	4a2 <IAP_Rx_Deal+0x48>
     582:	200007b7          	lui	a5,0x20000
     586:	0927c783          	lbu	a5,146(a5) # 20000092 <rx_cksum>
     58a:	04a79d63          	bne	a5,a0,5e4 <IAP_Rx_Deal+0x18a>
     58e:	479d                	li	a5,7
     590:	bddd                	j	486 <IAP_Rx_Deal+0x2c>
     592:	200007b7          	lui	a5,0x20000
     596:	0927d783          	lhu	a5,146(a5) # 20000092 <rx_cksum>
     59a:	83a1                	srli	a5,a5,0x8
     59c:	04a79463          	bne	a5,a0,5e4 <IAP_Rx_Deal+0x18a>
     5a0:	47a1                	li	a5,8
     5a2:	b5d5                	j	486 <IAP_Rx_Deal+0x2c>
     5a4:	05500793          	li	a5,85
     5a8:	02f51e63          	bne	a0,a5,5e4 <IAP_Rx_Deal+0x18a>
     5ac:	47a5                	li	a5,9
     5ae:	bde1                	j	486 <IAP_Rx_Deal+0x2c>
     5b0:	0aa00793          	li	a5,170
     5b4:	02f51863          	bne	a0,a5,5e4 <IAP_Rx_Deal+0x18a>
     5b8:	359d                	jal	41e <RecData_Deal>
     5ba:	4789                	li	a5,2
     5bc:	02f50463          	beq	a0,a5,5e4 <IAP_Rx_Deal+0x18a>
     5c0:	6795                	lui	a5,0x5
     5c2:	5aa78793          	addi	a5,a5,1450 # 55aa <A_Servo_SampleMotion+0x4c>
     5c6:	157d                	addi	a0,a0,-1
     5c8:	00153513          	seqz	a0,a0
     5cc:	807c                	sh	a5,0(sp)
     5ce:	77ed                	lui	a5,0xffffb
     5d0:	81c8                	sb	a0,3(sp)
     5d2:	a5578793          	addi	a5,a5,-1451 # ffffaa55 <_eusrstack+0xdfff8a55>
     5d6:	4599                	li	a1,6
     5d8:	850a                	mv	a0,sp
     5da:	00010123          	sb	zero,2(sp)
     5de:	827c                	sh	a5,4(sp)
     5e0:	006030ef          	jal	ra,35e6 <D_UART1_Tx_Write>
     5e4:	08040aa3          	sb	zero,149(s0)
     5e8:	bd6d                	j	4a2 <IAP_Rx_Deal+0x48>

000005ea <SystemInit>:
     5ea:	abfff2ef          	jal	t0,a8 <__riscv_save_0>
     5ee:	4689                	li	a3,2
     5f0:	400227b7          	lui	a5,0x40022
     5f4:	40021437          	lui	s0,0x40021
     5f8:	c394                	sw	a3,0(a5)
     5fa:	401c                	lw	a5,0(s0)
     5fc:	68ff0737          	lui	a4,0x68ff0
     600:	74c1                	lui	s1,0xffff0
     602:	0017e793          	ori	a5,a5,1
     606:	c01c                	sw	a5,0(s0)
     608:	405c                	lw	a5,4(s0)
     60a:	14fd                	addi	s1,s1,-1 # fffeffff <_eusrstack+0xdffedfff>
     60c:	8ff9                	and	a5,a5,a4
     60e:	c05c                	sw	a5,4(s0)
     610:	401c                	lw	a5,0(s0)
     612:	fed70737          	lui	a4,0xfed70
     616:	176d                	addi	a4,a4,-5 # fed6fffb <_eusrstack+0xded6dffb>
     618:	8ff9                	and	a5,a5,a4
     61a:	00100737          	lui	a4,0x100
     61e:	8fd9                	or	a5,a5,a4
     620:	c01c                	sw	a5,0(s0)
     622:	401c                	lw	a5,0(s0)
     624:	fffc0737          	lui	a4,0xfffc0
     628:	177d                	addi	a4,a4,-1 # fffbffff <_eusrstack+0xdffbdfff>
     62a:	8ff9                	and	a5,a5,a4
     62c:	c01c                	sw	a5,0(s0)
     62e:	405c                	lw	a5,4(s0)
     630:	8fe5                	and	a5,a5,s1
     632:	c05c                	sw	a5,4(s0)
     634:	009d07b7          	lui	a5,0x9d0
     638:	c41c                	sw	a5,8(s0)
     63a:	4c1c                	lw	a5,24(s0)
     63c:	0207e793          	ori	a5,a5,32
     640:	cc1c                	sw	a5,24(s0)
     642:	400117b7          	lui	a5,0x40011
     646:	40078793          	addi	a5,a5,1024 # 40011400 <_eusrstack+0x2000f400>
     64a:	4398                	lw	a4,0(a5)
     64c:	f0f77713          	andi	a4,a4,-241
     650:	c398                	sw	a4,0(a5)
     652:	4398                	lw	a4,0(a5)
     654:	08076713          	ori	a4,a4,128
     658:	c398                	sw	a4,0(a5)
     65a:	cb94                	sw	a3,16(a5)
     65c:	187000ef          	jal	ra,fe2 <GPIO_IPD_Unused>
     660:	405c                	lw	a5,4(s0)
     662:	01000737          	lui	a4,0x1000
     666:	020006b7          	lui	a3,0x2000
     66a:	c05c                	sw	a5,4(s0)
     66c:	405c                	lw	a5,4(s0)
     66e:	8fe5                	and	a5,a5,s1
     670:	c05c                	sw	a5,4(s0)
     672:	405c                	lw	a5,4(s0)
     674:	c05c                	sw	a5,4(s0)
     676:	401c                	lw	a5,0(s0)
     678:	8fd9                	or	a5,a5,a4
     67a:	c01c                	sw	a5,0(s0)
     67c:	400217b7          	lui	a5,0x40021
     680:	4398                	lw	a4,0(a5)
     682:	8f75                	and	a4,a4,a3
     684:	df75                	beqz	a4,680 <SystemInit+0x96>
     686:	43d8                	lw	a4,4(a5)
     688:	400216b7          	lui	a3,0x40021
     68c:	9b71                	andi	a4,a4,-4
     68e:	c3d8                	sw	a4,4(a5)
     690:	43d8                	lw	a4,4(a5)
     692:	00276713          	ori	a4,a4,2
     696:	c3d8                	sw	a4,4(a5)
     698:	4721                	li	a4,8
     69a:	42dc                	lw	a5,4(a3)
     69c:	8bb1                	andi	a5,a5,12
     69e:	fee79ee3          	bne	a5,a4,69a <SystemInit+0xb0>
     6a2:	400227b7          	lui	a5,0x40022
     6a6:	4709                	li	a4,2
     6a8:	c398                	sw	a4,0(a5)
     6aa:	b421                	j	b2 <__riscv_restore_0>

000006ac <SystemCoreClockUpdate>:
     6ac:	40021737          	lui	a4,0x40021
     6b0:	435c                	lw	a5,4(a4)
     6b2:	46a1                	li	a3,8
     6b4:	8bb1                	andi	a5,a5,12
     6b6:	04d79263          	bne	a5,a3,6fa <SystemCoreClockUpdate+0x4e>
     6ba:	435c                	lw	a5,4(a4)
     6bc:	02dc7537          	lui	a0,0x2dc7
     6c0:	c0050513          	addi	a0,a0,-1024 # 2dc6c00 <_data_lma+0x2dbfc24>
     6c4:	400216b7          	lui	a3,0x40021
     6c8:	42d8                	lw	a4,4(a3)
     6ca:	200007b7          	lui	a5,0x20000
     6ce:	00078793          	mv	a5,a5
     6d2:	8311                	srli	a4,a4,0x4
     6d4:	8b3d                	andi	a4,a4,15
     6d6:	97ba                	add	a5,a5,a4
     6d8:	239c                	lbu	a5,0(a5)
     6da:	42d8                	lw	a4,4(a3)
     6dc:	0ff7f593          	zext.b	a1,a5
     6e0:	08077713          	andi	a4,a4,128
     6e4:	00f557b3          	srl	a5,a0,a5
     6e8:	ef11                	bnez	a4,704 <SystemCoreClockUpdate+0x58>
     6ea:	9bfff2ef          	jal	t0,a8 <__riscv_save_0>
     6ee:	3ad9                	jal	c4 <__hidden___udivsi3>
     6f0:	20000737          	lui	a4,0x20000
     6f4:	00a72823          	sw	a0,16(a4) # 20000010 <SystemCoreClock>
     6f8:	ba6d                	j	b2 <__riscv_restore_0>
     6fa:	016e3537          	lui	a0,0x16e3
     6fe:	60050513          	addi	a0,a0,1536 # 16e3600 <_data_lma+0x16dc624>
     702:	b7c9                	j	6c4 <SystemCoreClockUpdate+0x18>
     704:	20000737          	lui	a4,0x20000
     708:	00f72823          	sw	a5,16(a4) # 20000010 <SystemCoreClock>
     70c:	8082                	ret

0000070e <ADC1_IRQHandler>:
     70e:	a001                	j	70e <ADC1_IRQHandler>

00000710 <handle_reset>:
     710:	20000197          	auipc	gp,0x20000
     714:	18018193          	addi	gp,gp,384 # 20000890 <__global_pointer$>
     718:	20002117          	auipc	sp,0x20002
     71c:	8e810113          	addi	sp,sp,-1816 # 20002000 <_eusrstack>
     720:	00007517          	auipc	a0,0x7
     724:	8bc50513          	addi	a0,a0,-1860 # 6fdc <_data_lma>
     728:	20000597          	auipc	a1,0x20000
     72c:	8d858593          	addi	a1,a1,-1832 # 20000000 <HBPrescTable>
     730:	20000617          	auipc	a2,0x20000
     734:	96060613          	addi	a2,a2,-1696 # 20000090 <tick_cnt.0>
     738:	00c5fa63          	bgeu	a1,a2,74c <handle_reset+0x3c>
     73c:	00052283          	lw	t0,0(a0)
     740:	0055a023          	sw	t0,0(a1)
     744:	0511                	addi	a0,a0,4
     746:	0591                	addi	a1,a1,4
     748:	fec5eae3          	bltu	a1,a2,73c <handle_reset+0x2c>
     74c:	20000517          	auipc	a0,0x20000
     750:	94450513          	addi	a0,a0,-1724 # 20000090 <tick_cnt.0>
     754:	be018593          	addi	a1,gp,-1056 # 20000470 <_ebss>
     758:	00b57763          	bgeu	a0,a1,766 <handle_reset+0x56>
     75c:	00052023          	sw	zero,0(a0)
     760:	0511                	addi	a0,a0,4
     762:	feb56de3          	bltu	a0,a1,75c <handle_reset+0x4c>
     766:	6289                	lui	t0,0x2
     768:	88028293          	addi	t0,t0,-1920 # 1880 <TI2_Config+0x3e>
     76c:	30029073          	.4byte	0x30029073
     770:	428d                	li	t0,3
     772:	80429073          	.4byte	0x80429073
     776:	00000297          	auipc	t0,0x0
     77a:	88a28293          	addi	t0,t0,-1910 # 0 <_sinit>
     77e:	0032e293          	ori	t0,t0,3
     782:	30529073          	.4byte	0x30529073
     786:	e65ff0ef          	jal	ra,5ea <SystemInit>
     78a:	00000297          	auipc	t0,0x0
     78e:	a4828293          	addi	t0,t0,-1464 # 1d2 <main>
     792:	34129073          	.4byte	0x34129073
     796:	30200073          	mret

0000079a <ADC_DeInit>:
     79a:	400127b7          	lui	a5,0x40012
     79e:	40078793          	addi	a5,a5,1024 # 40012400 <_eusrstack+0x20010400>
     7a2:	02f51063          	bne	a0,a5,7c2 <ADC_DeInit+0x28>
     7a6:	903ff2ef          	jal	t0,a8 <__riscv_save_0>
     7aa:	4585                	li	a1,1
     7ac:	20000513          	li	a0,512
     7b0:	793000ef          	jal	ra,1742 <RCC_PB2PeriphResetCmd>
     7b4:	4581                	li	a1,0
     7b6:	20000513          	li	a0,512
     7ba:	789000ef          	jal	ra,1742 <RCC_PB2PeriphResetCmd>
     7be:	8f5ff06f          	j	b2 <__riscv_restore_0>
     7c2:	8082                	ret

000007c4 <ADC_Init>:
     7c4:	4158                	lw	a4,4(a0)
     7c6:	fff107b7          	lui	a5,0xfff10
     7ca:	eff78793          	addi	a5,a5,-257 # fff0feff <_eusrstack+0xdff0deff>
     7ce:	8f7d                	and	a4,a4,a5
     7d0:	41dc                	lw	a5,4(a1)
     7d2:	4194                	lw	a3,0(a1)
     7d4:	07a2                	slli	a5,a5,0x8
     7d6:	8fd5                	or	a5,a5,a3
     7d8:	8fd9                	or	a5,a5,a4
     7da:	c15c                	sw	a5,4(a0)
     7dc:	4518                	lw	a4,8(a0)
     7de:	fff1f7b7          	lui	a5,0xfff1f
     7e2:	7fd78793          	addi	a5,a5,2045 # fff1f7fd <_eusrstack+0xdff1d7fd>
     7e6:	45d4                	lw	a3,12(a1)
     7e8:	8f7d                	and	a4,a4,a5
     7ea:	499c                	lw	a5,16(a1)
     7ec:	8fd5                	or	a5,a5,a3
     7ee:	4594                	lw	a3,8(a1)
     7f0:	0686                	slli	a3,a3,0x1
     7f2:	8fd5                	or	a5,a5,a3
     7f4:	8fd9                	or	a5,a5,a4
     7f6:	c51c                	sw	a5,8(a0)
     7f8:	5558                	lw	a4,44(a0)
     7fa:	ff1007b7          	lui	a5,0xff100
     7fe:	17fd                	addi	a5,a5,-1 # ff0fffff <_eusrstack+0xdf0fdfff>
     800:	8f7d                	and	a4,a4,a5
     802:	29dc                	lbu	a5,20(a1)
     804:	17fd                	addi	a5,a5,-1
     806:	0ff7f793          	zext.b	a5,a5
     80a:	07d2                	slli	a5,a5,0x14
     80c:	8fd9                	or	a5,a5,a4
     80e:	d55c                	sw	a5,44(a0)
     810:	8082                	ret

00000812 <ADC_Cmd>:
     812:	451c                	lw	a5,8(a0)
     814:	c589                	beqz	a1,81e <ADC_Cmd+0xc>
     816:	0017e793          	ori	a5,a5,1
     81a:	c51c                	sw	a5,8(a0)
     81c:	8082                	ret
     81e:	9bf9                	andi	a5,a5,-2
     820:	bfed                	j	81a <ADC_Cmd+0x8>

00000822 <ADC_DMACmd>:
     822:	451c                	lw	a5,8(a0)
     824:	c589                	beqz	a1,82e <ADC_DMACmd+0xc>
     826:	1007e793          	ori	a5,a5,256
     82a:	c51c                	sw	a5,8(a0)
     82c:	8082                	ret
     82e:	eff7f793          	andi	a5,a5,-257
     832:	bfe5                	j	82a <ADC_DMACmd+0x8>

00000834 <ADC_RegularChannelConfig>:
     834:	470d                	li	a4,3
     836:	02e58733          	mul	a4,a1,a4
     83a:	01052303          	lw	t1,16(a0)
     83e:	479d                	li	a5,7
     840:	00e797b3          	sll	a5,a5,a4
     844:	fff7c793          	not	a5,a5
     848:	0067f7b3          	and	a5,a5,t1
     84c:	00e696b3          	sll	a3,a3,a4
     850:	8edd                	or	a3,a3,a5
     852:	c914                	sw	a3,16(a0)
     854:	4799                	li	a5,6
     856:	02c7e263          	bltu	a5,a2,87a <ADC_RegularChannelConfig+0x46>
     85a:	4795                	li	a5,5
     85c:	167d                	addi	a2,a2,-1
     85e:	02f60633          	mul	a2,a2,a5
     862:	5958                	lw	a4,52(a0)
     864:	47fd                	li	a5,31
     866:	00c797b3          	sll	a5,a5,a2
     86a:	fff7c793          	not	a5,a5
     86e:	8ff9                	and	a5,a5,a4
     870:	00c59633          	sll	a2,a1,a2
     874:	8e5d                	or	a2,a2,a5
     876:	d950                	sw	a2,52(a0)
     878:	8082                	ret
     87a:	47b1                	li	a5,12
     87c:	02c7e263          	bltu	a5,a2,8a0 <ADC_RegularChannelConfig+0x6c>
     880:	4795                	li	a5,5
     882:	1665                	addi	a2,a2,-7
     884:	02f60633          	mul	a2,a2,a5
     888:	5918                	lw	a4,48(a0)
     88a:	47fd                	li	a5,31
     88c:	00c797b3          	sll	a5,a5,a2
     890:	fff7c793          	not	a5,a5
     894:	8ff9                	and	a5,a5,a4
     896:	00c59633          	sll	a2,a1,a2
     89a:	8e5d                	or	a2,a2,a5
     89c:	d910                	sw	a2,48(a0)
     89e:	8082                	ret
     8a0:	4795                	li	a5,5
     8a2:	164d                	addi	a2,a2,-13
     8a4:	02f60633          	mul	a2,a2,a5
     8a8:	5558                	lw	a4,44(a0)
     8aa:	47fd                	li	a5,31
     8ac:	00c797b3          	sll	a5,a5,a2
     8b0:	fff7c793          	not	a5,a5
     8b4:	8ff9                	and	a5,a5,a4
     8b6:	00c595b3          	sll	a1,a1,a2
     8ba:	8ddd                	or	a1,a1,a5
     8bc:	d54c                	sw	a1,44(a0)
     8be:	8082                	ret

000008c0 <ADC_ExternalTrigConvCmd>:
     8c0:	451c                	lw	a5,8(a0)
     8c2:	c591                	beqz	a1,8ce <ADC_ExternalTrigConvCmd+0xe>
     8c4:	00100737          	lui	a4,0x100
     8c8:	8fd9                	or	a5,a5,a4
     8ca:	c51c                	sw	a5,8(a0)
     8cc:	8082                	ret
     8ce:	fff00737          	lui	a4,0xfff00
     8d2:	177d                	addi	a4,a4,-1 # ffefffff <_eusrstack+0xdfefdfff>
     8d4:	8ff9                	and	a5,a5,a4
     8d6:	bfd5                	j	8ca <ADC_ExternalTrigConvCmd+0xa>

000008d8 <ADC_AutoInjectedConvCmd>:
     8d8:	415c                	lw	a5,4(a0)
     8da:	c589                	beqz	a1,8e4 <ADC_AutoInjectedConvCmd+0xc>
     8dc:	4007e793          	ori	a5,a5,1024
     8e0:	c15c                	sw	a5,4(a0)
     8e2:	8082                	ret
     8e4:	bff7f793          	andi	a5,a5,-1025
     8e8:	bfe5                	j	8e0 <ADC_AutoInjectedConvCmd+0x8>

000008ea <ADC_ExternalTrigInjectedConvConfig>:
     8ea:	451c                	lw	a5,8(a0)
     8ec:	7765                	lui	a4,0xffff9
     8ee:	177d                	addi	a4,a4,-1 # ffff8fff <_eusrstack+0xdfff6fff>
     8f0:	8ff9                	and	a5,a5,a4
     8f2:	8fcd                	or	a5,a5,a1
     8f4:	c51c                	sw	a5,8(a0)
     8f6:	8082                	ret

000008f8 <ADC_ExternalTrigInjectedConvCmd>:
     8f8:	451c                	lw	a5,8(a0)
     8fa:	c589                	beqz	a1,904 <ADC_ExternalTrigInjectedConvCmd+0xc>
     8fc:	6721                	lui	a4,0x8
     8fe:	8fd9                	or	a5,a5,a4
     900:	c51c                	sw	a5,8(a0)
     902:	8082                	ret
     904:	7761                	lui	a4,0xffff8
     906:	177d                	addi	a4,a4,-1 # ffff7fff <_eusrstack+0xdfff5fff>
     908:	8ff9                	and	a5,a5,a4
     90a:	bfdd                	j	900 <ADC_ExternalTrigInjectedConvCmd+0x8>

0000090c <ADC_SoftwareStartInjectedConvCmd>:
     90c:	451c                	lw	a5,8(a0)
     90e:	c591                	beqz	a1,91a <ADC_SoftwareStartInjectedConvCmd+0xe>
     910:	00208737          	lui	a4,0x208
     914:	8fd9                	or	a5,a5,a4
     916:	c51c                	sw	a5,8(a0)
     918:	8082                	ret
     91a:	ffdf8737          	lui	a4,0xffdf8
     91e:	177d                	addi	a4,a4,-1 # ffdf7fff <_eusrstack+0xdfdf5fff>
     920:	8ff9                	and	a5,a5,a4
     922:	bfd5                	j	916 <ADC_SoftwareStartInjectedConvCmd+0xa>

00000924 <ADC_InjectedChannelConfig>:
     924:	470d                	li	a4,3
     926:	02e58733          	mul	a4,a1,a4
     92a:	01052303          	lw	t1,16(a0)
     92e:	479d                	li	a5,7
     930:	00e797b3          	sll	a5,a5,a4
     934:	fff7c793          	not	a5,a5
     938:	0067f7b3          	and	a5,a5,t1
     93c:	00e696b3          	sll	a3,a3,a4
     940:	8edd                	or	a3,a3,a5
     942:	c914                	sw	a3,16(a0)
     944:	5d14                	lw	a3,56(a0)
     946:	00260793          	addi	a5,a2,2
     94a:	0146d713          	srli	a4,a3,0x14
     94e:	8b0d                	andi	a4,a4,3
     950:	8f99                	sub	a5,a5,a4
     952:	0ff7f793          	zext.b	a5,a5
     956:	4715                	li	a4,5
     958:	02e787b3          	mul	a5,a5,a4
     95c:	477d                	li	a4,31
     95e:	00f71733          	sll	a4,a4,a5
     962:	fff74713          	not	a4,a4
     966:	8f75                	and	a4,a4,a3
     968:	00f595b3          	sll	a1,a1,a5
     96c:	8dd9                	or	a1,a1,a4
     96e:	dd0c                	sw	a1,56(a0)
     970:	8082                	ret

00000972 <ADC_InjectedSequencerLengthConfig>:
     972:	5d1c                	lw	a5,56(a0)
     974:	ffd00737          	lui	a4,0xffd00
     978:	177d                	addi	a4,a4,-1 # ffcfffff <_eusrstack+0xdfcfdfff>
     97a:	15fd                	addi	a1,a1,-1
     97c:	8ff9                	and	a5,a5,a4
     97e:	05d2                	slli	a1,a1,0x14
     980:	8ddd                	or	a1,a1,a5
     982:	dd0c                	sw	a1,56(a0)
     984:	8082                	ret

00000986 <ADC_GetInjectedConversionValue>:
     986:	1171                	addi	sp,sp,-4
     988:	c002                	sw	zero,0(sp)
     98a:	c02a                	sw	a0,0(sp)
     98c:	4782                	lw	a5,0(sp)
     98e:	02878793          	addi	a5,a5,40
     992:	97ae                	add	a5,a5,a1
     994:	c03e                	sw	a5,0(sp)
     996:	4782                	lw	a5,0(sp)
     998:	4388                	lw	a0,0(a5)
     99a:	0111                	addi	sp,sp,4
     99c:	0542                	slli	a0,a0,0x10
     99e:	8141                	srli	a0,a0,0x10
     9a0:	8082                	ret

000009a2 <ADC_GetFlagStatus>:
     9a2:	411c                	lw	a5,0(a0)
     9a4:	00f5f533          	and	a0,a1,a5
     9a8:	00a03533          	snez	a0,a0
     9ac:	8082                	ret

000009ae <ADC_ClearFlag>:
     9ae:	fff5c593          	not	a1,a1
     9b2:	c10c                	sw	a1,0(a0)
     9b4:	8082                	ret

000009b6 <ADC_BufferCmd>:
     9b6:	415c                	lw	a5,4(a0)
     9b8:	c591                	beqz	a1,9c4 <ADC_BufferCmd+0xe>
     9ba:	04000737          	lui	a4,0x4000
     9be:	8fd9                	or	a5,a5,a4
     9c0:	c15c                	sw	a5,4(a0)
     9c2:	8082                	ret
     9c4:	fc000737          	lui	a4,0xfc000
     9c8:	177d                	addi	a4,a4,-1 # fbffffff <_eusrstack+0xdbffdfff>
     9ca:	8ff9                	and	a5,a5,a4
     9cc:	bfd5                	j	9c0 <ADC_BufferCmd+0xa>

000009ce <ADC_Sample_ModeConfig>:
     9ce:	493c                	lw	a5,80(a0)
     9d0:	9bf9                	andi	a5,a5,-2
     9d2:	c93c                	sw	a5,80(a0)
     9d4:	493c                	lw	a5,80(a0)
     9d6:	8fcd                	or	a5,a5,a1
     9d8:	c93c                	sw	a5,80(a0)
     9da:	8082                	ret

000009dc <DMA_DeInit>:
     9dc:	411c                	lw	a5,0(a0)
     9de:	6741                	lui	a4,0x10
     9e0:	1779                	addi	a4,a4,-2 # fffe <_data_lma+0x9022>
     9e2:	8ff9                	and	a5,a5,a4
     9e4:	c11c                	sw	a5,0(a0)
     9e6:	00052023          	sw	zero,0(a0)
     9ea:	00052223          	sw	zero,4(a0)
     9ee:	00052423          	sw	zero,8(a0)
     9f2:	400207b7          	lui	a5,0x40020
     9f6:	00052623          	sw	zero,12(a0)
     9fa:	00878713          	addi	a4,a5,8 # 40020008 <_eusrstack+0x2001e008>
     9fe:	00e51763          	bne	a0,a4,a0c <DMA_DeInit+0x30>
     a02:	43d8                	lw	a4,4(a5)
     a04:	00f76713          	ori	a4,a4,15
     a08:	c3d8                	sw	a4,4(a5)
     a0a:	8082                	ret
     a0c:	01c78713          	addi	a4,a5,28
     a10:	00e51663          	bne	a0,a4,a1c <DMA_DeInit+0x40>
     a14:	43d8                	lw	a4,4(a5)
     a16:	0f076713          	ori	a4,a4,240
     a1a:	b7fd                	j	a08 <DMA_DeInit+0x2c>
     a1c:	03078713          	addi	a4,a5,48
     a20:	00e51863          	bne	a0,a4,a30 <DMA_DeInit+0x54>
     a24:	43d8                	lw	a4,4(a5)
     a26:	6685                	lui	a3,0x1
     a28:	f0068693          	addi	a3,a3,-256 # f00 <GPIO_Init+0x46>
     a2c:	8f55                	or	a4,a4,a3
     a2e:	bfe9                	j	a08 <DMA_DeInit+0x2c>
     a30:	04478713          	addi	a4,a5,68
     a34:	00e51563          	bne	a0,a4,a3e <DMA_DeInit+0x62>
     a38:	43d8                	lw	a4,4(a5)
     a3a:	66bd                	lui	a3,0xf
     a3c:	bfc5                	j	a2c <DMA_DeInit+0x50>
     a3e:	05878713          	addi	a4,a5,88
     a42:	00e51663          	bne	a0,a4,a4e <DMA_DeInit+0x72>
     a46:	43d8                	lw	a4,4(a5)
     a48:	000f06b7          	lui	a3,0xf0
     a4c:	b7c5                	j	a2c <DMA_DeInit+0x50>
     a4e:	06c78713          	addi	a4,a5,108
     a52:	00e51663          	bne	a0,a4,a5e <DMA_DeInit+0x82>
     a56:	43d8                	lw	a4,4(a5)
     a58:	00f006b7          	lui	a3,0xf00
     a5c:	bfc1                	j	a2c <DMA_DeInit+0x50>
     a5e:	08078713          	addi	a4,a5,128
     a62:	fae514e3          	bne	a0,a4,a0a <DMA_DeInit+0x2e>
     a66:	43d8                	lw	a4,4(a5)
     a68:	0f0006b7          	lui	a3,0xf000
     a6c:	b7c1                	j	a2c <DMA_DeInit+0x50>

00000a6e <DMA_Init>:
     a6e:	4118                	lw	a4,0(a0)
     a70:	77e1                	lui	a5,0xffff8
     a72:	07bd                	addi	a5,a5,15 # ffff800f <_eusrstack+0xdfff600f>
     a74:	5194                	lw	a3,32(a1)
     a76:	8f7d                	and	a4,a4,a5
     a78:	459c                	lw	a5,8(a1)
     a7a:	8fd5                	or	a5,a5,a3
     a7c:	4994                	lw	a3,16(a1)
     a7e:	8fd5                	or	a5,a5,a3
     a80:	49d4                	lw	a3,20(a1)
     a82:	8fd5                	or	a5,a5,a3
     a84:	4d94                	lw	a3,24(a1)
     a86:	8fd5                	or	a5,a5,a3
     a88:	4dd4                	lw	a3,28(a1)
     a8a:	8fd5                	or	a5,a5,a3
     a8c:	51d4                	lw	a3,36(a1)
     a8e:	8fd5                	or	a5,a5,a3
     a90:	5594                	lw	a3,40(a1)
     a92:	8fd5                	or	a5,a5,a3
     a94:	8fd9                	or	a5,a5,a4
     a96:	c11c                	sw	a5,0(a0)
     a98:	45dc                	lw	a5,12(a1)
     a9a:	c15c                	sw	a5,4(a0)
     a9c:	419c                	lw	a5,0(a1)
     a9e:	c51c                	sw	a5,8(a0)
     aa0:	41dc                	lw	a5,4(a1)
     aa2:	c55c                	sw	a5,12(a0)
     aa4:	8082                	ret

00000aa6 <DMA_Cmd>:
     aa6:	411c                	lw	a5,0(a0)
     aa8:	c589                	beqz	a1,ab2 <DMA_Cmd+0xc>
     aaa:	0017e793          	ori	a5,a5,1
     aae:	c11c                	sw	a5,0(a0)
     ab0:	8082                	ret
     ab2:	6741                	lui	a4,0x10
     ab4:	1779                	addi	a4,a4,-2 # fffe <_data_lma+0x9022>
     ab6:	8ff9                	and	a5,a5,a4
     ab8:	bfdd                	j	aae <DMA_Cmd+0x8>

00000aba <DMA_ITConfig>:
     aba:	411c                	lw	a5,0(a0)
     abc:	c601                	beqz	a2,ac4 <DMA_ITConfig+0xa>
     abe:	8fcd                	or	a5,a5,a1
     ac0:	c11c                	sw	a5,0(a0)
     ac2:	8082                	ret
     ac4:	fff5c593          	not	a1,a1
     ac8:	8dfd                	and	a1,a1,a5
     aca:	c10c                	sw	a1,0(a0)
     acc:	8082                	ret

00000ace <DMA_GetFlagStatus>:
     ace:	400207b7          	lui	a5,0x40020
     ad2:	439c                	lw	a5,0(a5)
     ad4:	8d7d                	and	a0,a0,a5
     ad6:	00a03533          	snez	a0,a0
     ada:	8082                	ret

00000adc <DMA_ClearFlag>:
     adc:	400207b7          	lui	a5,0x40020
     ae0:	c3c8                	sw	a0,4(a5)
     ae2:	8082                	ret

00000ae4 <DMA_GetITStatus>:
     ae4:	b7ed                	j	ace <DMA_GetFlagStatus>

00000ae6 <DMA_ClearITPendingBit>:
     ae6:	400207b7          	lui	a5,0x40020
     aea:	c3c8                	sw	a0,4(a5)
     aec:	8082                	ret

00000aee <ROM_ERASE>:
     aee:	400226b7          	lui	a3,0x40022
     af2:	4a9c                	lw	a5,16(a3)
     af4:	7701                	lui	a4,0xfffe0
     af6:	fdf70713          	addi	a4,a4,-33 # fffdffdf <_eusrstack+0xdffddfdf>
     afa:	8ff9                	and	a5,a5,a4
     afc:	ca9c                	sw	a5,16(a3)
     afe:	67a1                	lui	a5,0x8
     b00:	00f61963          	bne	a2,a5,b12 <ROM_ERASE+0x24>
     b04:	40022737          	lui	a4,0x40022
     b08:	4b1c                	lw	a5,16(a4)
     b0a:	008006b7          	lui	a3,0x800
     b0e:	8fd5                	or	a5,a5,a3
     b10:	a811                	j	b24 <ROM_ERASE+0x36>
     b12:	40000793          	li	a5,1024
     b16:	02f61f63          	bne	a2,a5,b54 <ROM_ERASE+0x66>
     b1a:	40022737          	lui	a4,0x40022
     b1e:	4b1c                	lw	a5,16(a4)
     b20:	0027e793          	ori	a5,a5,2
     b24:	cb1c                	sw	a5,16(a4)
     b26:	400227b7          	lui	a5,0x40022
     b2a:	cbc8                	sw	a0,20(a5)
     b2c:	4b98                	lw	a4,16(a5)
     b2e:	04076713          	ori	a4,a4,64
     b32:	cb98                	sw	a4,16(a5)
     b34:	47d8                	lw	a4,12(a5)
     b36:	8b05                	andi	a4,a4,1
     b38:	ff75                	bnez	a4,b34 <ROM_ERASE+0x46>
     b3a:	6721                	lui	a4,0x8
     b3c:	15fd                	addi	a1,a1,-1
     b3e:	02e61563          	bne	a2,a4,b68 <ROM_ERASE+0x7a>
     b42:	4b98                	lw	a4,16(a5)
     b44:	ff8006b7          	lui	a3,0xff800
     b48:	16fd                	addi	a3,a3,-1 # ff7fffff <_eusrstack+0xdf7fdfff>
     b4a:	8f75                	and	a4,a4,a3
     b4c:	cb98                	sw	a4,16(a5)
     b4e:	9532                	add	a0,a0,a2
     b50:	f9d5                	bnez	a1,b04 <ROM_ERASE+0x16>
     b52:	8082                	ret
     b54:	10000793          	li	a5,256
     b58:	fcf617e3          	bne	a2,a5,b26 <ROM_ERASE+0x38>
     b5c:	40022737          	lui	a4,0x40022
     b60:	4b1c                	lw	a5,16(a4)
     b62:	000206b7          	lui	a3,0x20
     b66:	b765                	j	b0e <ROM_ERASE+0x20>
     b68:	40000713          	li	a4,1024
     b6c:	00e61963          	bne	a2,a4,b7e <ROM_ERASE+0x90>
     b70:	4b98                	lw	a4,16(a5)
     b72:	40050513          	addi	a0,a0,1024
     b76:	9b75                	andi	a4,a4,-3
     b78:	cb98                	sw	a4,16(a5)
     b7a:	fdc1                	bnez	a1,b12 <ROM_ERASE+0x24>
     b7c:	8082                	ret
     b7e:	10000713          	li	a4,256
     b82:	00e61b63          	bne	a2,a4,b98 <ROM_ERASE+0xaa>
     b86:	4b98                	lw	a4,16(a5)
     b88:	7681                	lui	a3,0xfffe0
     b8a:	16fd                	addi	a3,a3,-1 # fffdffff <_eusrstack+0xdffddfff>
     b8c:	8f75                	and	a4,a4,a3
     b8e:	cb98                	sw	a4,16(a5)
     b90:	10050513          	addi	a0,a0,256
     b94:	fdbd                	bnez	a1,b12 <ROM_ERASE+0x24>
     b96:	8082                	ret
     b98:	fdad                	bnez	a1,b12 <ROM_ERASE+0x24>
     b9a:	8082                	ret

00000b9c <FLASH_Unlock_Fast>:
     b9c:	456706b7          	lui	a3,0x45670
     ba0:	400227b7          	lui	a5,0x40022
     ba4:	12368693          	addi	a3,a3,291 # 45670123 <_eusrstack+0x2566e123>
     ba8:	cdef9737          	lui	a4,0xcdef9
     bac:	c3d4                	sw	a3,4(a5)
     bae:	9ab70713          	addi	a4,a4,-1621 # cdef89ab <_eusrstack+0xadef69ab>
     bb2:	c3d8                	sw	a4,4(a5)
     bb4:	d3d4                	sw	a3,36(a5)
     bb6:	d3d8                	sw	a4,36(a5)
     bb8:	8082                	ret

00000bba <FLASH_ErasePage_Fast>:
     bba:	f8000737          	lui	a4,0xf8000
     bbe:	67bd                	lui	a5,0xf
     bc0:	972a                	add	a4,a4,a0
     bc2:	7ff78793          	addi	a5,a5,2047 # f7ff <_data_lma+0x8823>
     bc6:	02e7ec63          	bltu	a5,a4,bfe <FLASH_ErasePage_Fast+0x44>
     bca:	400227b7          	lui	a5,0x40022
     bce:	4b98                	lw	a4,16(a5)
     bd0:	7681                	lui	a3,0xfffe0
     bd2:	fdf68693          	addi	a3,a3,-33 # fffdffdf <_eusrstack+0xdffddfdf>
     bd6:	8f75                	and	a4,a4,a3
     bd8:	cb98                	sw	a4,16(a5)
     bda:	4b98                	lw	a4,16(a5)
     bdc:	000206b7          	lui	a3,0x20
     be0:	8f55                	or	a4,a4,a3
     be2:	cb98                	sw	a4,16(a5)
     be4:	cbc8                	sw	a0,20(a5)
     be6:	4b98                	lw	a4,16(a5)
     be8:	04076713          	ori	a4,a4,64
     bec:	cb98                	sw	a4,16(a5)
     bee:	47d8                	lw	a4,12(a5)
     bf0:	8b05                	andi	a4,a4,1
     bf2:	ff75                	bnez	a4,bee <FLASH_ErasePage_Fast+0x34>
     bf4:	4b98                	lw	a4,16(a5)
     bf6:	7681                	lui	a3,0xfffe0
     bf8:	16fd                	addi	a3,a3,-1 # fffdffff <_eusrstack+0xdffddfff>
     bfa:	8f75                	and	a4,a4,a3
     bfc:	cb98                	sw	a4,16(a5)
     bfe:	8082                	ret

00000c00 <FLASH_ROM_ERASE>:
     c00:	f80006b7          	lui	a3,0xf8000
     c04:	673d                	lui	a4,0xf
     c06:	96aa                	add	a3,a3,a0
     c08:	7ff70713          	addi	a4,a4,2047 # f7ff <_data_lma+0x8823>
     c0c:	1ad76463          	bltu	a4,a3,db4 <FLASH_ROM_ERASE+0x1b4>
     c10:	080106b7          	lui	a3,0x8010
     c14:	00b50633          	add	a2,a0,a1
     c18:	80068693          	addi	a3,a3,-2048 # 800f800 <_data_lma+0x8008824>
     c1c:	87aa                	mv	a5,a0
     c1e:	0fd00713          	li	a4,253
     c22:	18c6eb63          	bltu	a3,a2,db8 <FLASH_ROM_ERASE+0x1b8>
     c26:	c82ff2ef          	jal	t0,a8 <__riscv_save_0>
     c2a:	00b564b3          	or	s1,a0,a1
     c2e:	0ff4f493          	zext.b	s1,s1
     c32:	1141                	addi	sp,sp,-16
     c34:	0fe00713          	li	a4,254
     c38:	14049263          	bnez	s1,d7c <FLASH_ROM_ERASE+0x17c>
     c3c:	14058063          	beqz	a1,d7c <FLASH_ROM_ERASE+0x17c>
     c40:	45670637          	lui	a2,0x45670
     c44:	40022737          	lui	a4,0x40022
     c48:	12360613          	addi	a2,a2,291 # 45670123 <_eusrstack+0x2566e123>
     c4c:	cdef96b7          	lui	a3,0xcdef9
     c50:	c350                	sw	a2,4(a4)
     c52:	9ab68693          	addi	a3,a3,-1621 # cdef89ab <_eusrstack+0xadef69ab>
     c56:	c354                	sw	a3,4(a4)
     c58:	d350                	sw	a2,36(a4)
     c5a:	d354                	sw	a3,36(a4)
     c5c:	6621                	lui	a2,0x8
     c5e:	04c5ef63          	bltu	a1,a2,cbc <FLASH_ROM_ERASE+0xbc>
     c62:	fff60313          	addi	t1,a2,-1 # 7fff <_data_lma+0x1023>
     c66:	00657333          	and	t1,a0,t1
     c6a:	406606b3          	sub	a3,a2,t1
     c6e:	40c58433          	sub	s0,a1,a2
     c72:	00d50733          	add	a4,a0,a3
     c76:	941a                	add	s0,s0,t1
     c78:	10c68663          	beq	a3,a2,d84 <FLASH_ROM_ERASE+0x184>
     c7c:	84b6                	mv	s1,a3
     c7e:	04c46d63          	bltu	s0,a2,cd8 <FLASH_ROM_ERASE+0xd8>
     c82:	00870633          	add	a2,a4,s0
     c86:	01161593          	slli	a1,a2,0x11
     c8a:	0115d293          	srli	t0,a1,0x11
     c8e:	833a                	mv	t1,a4
     c90:	c581                	beqz	a1,c98 <FLASH_ROM_ERASE+0x98>
     c92:	7361                	lui	t1,0xffff8
     c94:	00667333          	and	t1,a2,t1
     c98:	405405b3          	sub	a1,s0,t0
     c9c:	853a                	mv	a0,a4
     c9e:	6621                	lui	a2,0x8
     ca0:	81bd                	srli	a1,a1,0xf
     ca2:	c63e                	sw	a5,12(sp)
     ca4:	c436                	sw	a3,8(sp)
     ca6:	c21a                	sw	t1,4(sp)
     ca8:	c016                	sw	t0,0(sp)
     caa:	3591                	jal	aee <ROM_ERASE>
     cac:	46a2                	lw	a3,8(sp)
     cae:	4282                	lw	t0,0(sp)
     cb0:	4312                	lw	t1,4(sp)
     cb2:	47b2                	lw	a5,12(sp)
     cb4:	84b6                	mv	s1,a3
     cb6:	8416                	mv	s0,t0
     cb8:	871a                	mv	a4,t1
     cba:	a839                	j	cd8 <FLASH_ROM_ERASE+0xd8>
     cbc:	3ff00713          	li	a4,1023
     cc0:	08b77b63          	bgeu	a4,a1,d56 <FLASH_ROM_ERASE+0x156>
     cc4:	3ff57693          	andi	a3,a0,1023
     cc8:	40000493          	li	s1,1024
     ccc:	8c95                	sub	s1,s1,a3
     cce:	c0058413          	addi	s0,a1,-1024
     cd2:	00950733          	add	a4,a0,s1
     cd6:	9436                	add	s0,s0,a3
     cd8:	3ff00693          	li	a3,1023
     cdc:	0296f863          	bgeu	a3,s1,d0c <FLASH_ROM_ERASE+0x10c>
     ce0:	3ff7f693          	andi	a3,a5,1023
     ce4:	c689                	beqz	a3,cee <FLASH_ROM_ERASE+0xee>
     ce6:	40000613          	li	a2,1024
     cea:	40d606b3          	sub	a3,a2,a3
     cee:	40d485b3          	sub	a1,s1,a3
     cf2:	00f68533          	add	a0,a3,a5
     cf6:	40000613          	li	a2,1024
     cfa:	81a9                	srli	a1,a1,0xa
     cfc:	c43a                	sw	a4,8(sp)
     cfe:	c23e                	sw	a5,4(sp)
     d00:	c036                	sw	a3,0(sp)
     d02:	33f5                	jal	aee <ROM_ERASE>
     d04:	4682                	lw	a3,0(sp)
     d06:	4722                	lw	a4,8(sp)
     d08:	4792                	lw	a5,4(sp)
     d0a:	84b6                	mv	s1,a3
     d0c:	3ff00693          	li	a3,1023
     d10:	0286f963          	bgeu	a3,s0,d42 <FLASH_ROM_ERASE+0x142>
     d14:	00e40633          	add	a2,s0,a4
     d18:	3ff67693          	andi	a3,a2,1023
     d1c:	833a                	mv	t1,a4
     d1e:	c299                	beqz	a3,d24 <FLASH_ROM_ERASE+0x124>
     d20:	c0067313          	andi	t1,a2,-1024
     d24:	40d405b3          	sub	a1,s0,a3
     d28:	853a                	mv	a0,a4
     d2a:	40000613          	li	a2,1024
     d2e:	81a9                	srli	a1,a1,0xa
     d30:	c43e                	sw	a5,8(sp)
     d32:	c21a                	sw	t1,4(sp)
     d34:	c036                	sw	a3,0(sp)
     d36:	3b65                	jal	aee <ROM_ERASE>
     d38:	4682                	lw	a3,0(sp)
     d3a:	4312                	lw	t1,4(sp)
     d3c:	47a2                	lw	a5,8(sp)
     d3e:	8436                	mv	s0,a3
     d40:	871a                	mv	a4,t1
     d42:	c0a5                	beqz	s1,da2 <FLASH_ROM_ERASE+0x1a2>
     d44:	10000613          	li	a2,256
     d48:	0084d593          	srli	a1,s1,0x8
     d4c:	853e                	mv	a0,a5
     d4e:	c03a                	sw	a4,0(sp)
     d50:	3b79                	jal	aee <ROM_ERASE>
     d52:	4702                	lw	a4,0(sp)
     d54:	a0b9                	j	da2 <FLASH_ROM_ERASE+0x1a2>
     d56:	0ff00793          	li	a5,255
     d5a:	00b7f663          	bgeu	a5,a1,d66 <FLASH_ROM_ERASE+0x166>
     d5e:	10000613          	li	a2,256
     d62:	81a1                	srli	a1,a1,0x8
     d64:	3369                	jal	aee <ROM_ERASE>
     d66:	400227b7          	lui	a5,0x40022
     d6a:	4b98                	lw	a4,16(a5)
     d6c:	66a1                	lui	a3,0x8
     d6e:	8f55                	or	a4,a4,a3
     d70:	cb98                	sw	a4,16(a5)
     d72:	4b98                	lw	a4,16(a5)
     d74:	08076713          	ori	a4,a4,128
     d78:	cb98                	sw	a4,16(a5)
     d7a:	4711                	li	a4,4
     d7c:	853a                	mv	a0,a4
     d7e:	0141                	addi	sp,sp,16
     d80:	b32ff06f          	j	b2 <__riscv_restore_0>
     d84:	6621                	lui	a2,0x8
     d86:	4585                	li	a1,1
     d88:	c236                	sw	a3,4(sp)
     d8a:	c03a                	sw	a4,0(sp)
     d8c:	c42a                	sw	a0,8(sp)
     d8e:	3385                	jal	aee <ROM_ERASE>
     d90:	4692                	lw	a3,4(sp)
     d92:	4702                	lw	a4,0(sp)
     d94:	47a2                	lw	a5,8(sp)
     d96:	00d47d63          	bgeu	s0,a3,db0 <FLASH_ROM_ERASE+0x1b0>
     d9a:	3ff00693          	li	a3,1023
     d9e:	f686ebe3          	bltu	a3,s0,d14 <FLASH_ROM_ERASE+0x114>
     da2:	d071                	beqz	s0,d66 <FLASH_ROM_ERASE+0x166>
     da4:	10000613          	li	a2,256
     da8:	00845593          	srli	a1,s0,0x8
     dac:	853a                	mv	a0,a4
     dae:	bf5d                	j	d64 <FLASH_ROM_ERASE+0x164>
     db0:	4681                	li	a3,0
     db2:	bdc1                	j	c82 <FLASH_ROM_ERASE+0x82>
     db4:	0ff00713          	li	a4,255
     db8:	853a                	mv	a0,a4
     dba:	8082                	ret

00000dbc <FLASH_ROM_WRITE>:
     dbc:	f80006b7          	lui	a3,0xf8000
     dc0:	673d                	lui	a4,0xf
     dc2:	96aa                	add	a3,a3,a0
     dc4:	7ff70713          	addi	a4,a4,2047 # f7ff <_data_lma+0x8823>
     dc8:	0ed76563          	bltu	a4,a3,eb2 <FLASH_ROM_WRITE+0xf6>
     dcc:	08010737          	lui	a4,0x8010
     dd0:	00c506b3          	add	a3,a0,a2
     dd4:	80070713          	addi	a4,a4,-2048 # 800f800 <_data_lma+0x8008824>
     dd8:	87aa                	mv	a5,a0
     dda:	0fd00513          	li	a0,253
     dde:	0cd76d63          	bltu	a4,a3,eb8 <FLASH_ROM_WRITE+0xfc>
     de2:	00c7e733          	or	a4,a5,a2
     de6:	0ff77713          	zext.b	a4,a4
     dea:	0fe00513          	li	a0,254
     dee:	e769                	bnez	a4,eb8 <FLASH_ROM_WRITE+0xfc>
     df0:	c661                	beqz	a2,eb8 <FLASH_ROM_WRITE+0xfc>
     df2:	1151                	addi	sp,sp,-12
     df4:	45670537          	lui	a0,0x45670
     df8:	40022737          	lui	a4,0x40022
     dfc:	c422                	sw	s0,8(sp)
     dfe:	c226                	sw	s1,4(sp)
     e00:	12350513          	addi	a0,a0,291 # 45670123 <_eusrstack+0x2566e123>
     e04:	cdef96b7          	lui	a3,0xcdef9
     e08:	c348                	sw	a0,4(a4)
     e0a:	9ab68693          	addi	a3,a3,-1621 # cdef89ab <_eusrstack+0xadef69ab>
     e0e:	c354                	sw	a3,4(a4)
     e10:	d348                	sw	a0,36(a4)
     e12:	d354                	sw	a3,36(a4)
     e14:	4b14                	lw	a3,16(a4)
     e16:	7501                	lui	a0,0xfffe0
     e18:	fdf50513          	addi	a0,a0,-33 # fffdffdf <_eusrstack+0xdffddfdf>
     e1c:	8ee9                	and	a3,a3,a0
     e1e:	cb14                	sw	a3,16(a4)
     e20:	7741                	lui	a4,0xffff0
     e22:	177d                	addi	a4,a4,-1 # fffeffff <_eusrstack+0xdffedfff>
     e24:	853e                	mv	a0,a5
     e26:	8d9d                	sub	a1,a1,a5
     e28:	8221                	srli	a2,a2,0x8
     e2a:	400227b7          	lui	a5,0x40022
     e2e:	66c1                	lui	a3,0x10
     e30:	00040337          	lui	t1,0x40
     e34:	c03a                	sw	a4,0(sp)
     e36:	4b98                	lw	a4,16(a5)
     e38:	00080437          	lui	s0,0x80
     e3c:	00a583b3          	add	t2,a1,a0
     e40:	8f55                	or	a4,a4,a3
     e42:	cb98                	sw	a4,16(a5)
     e44:	4b98                	lw	a4,16(a5)
     e46:	8f41                	or	a4,a4,s0
     e48:	cb98                	sw	a4,16(a5)
     e4a:	47d8                	lw	a4,12(a5)
     e4c:	8b05                	andi	a4,a4,1
     e4e:	ff75                	bnez	a4,e4a <FLASH_ROM_WRITE+0x8e>
     e50:	10000293          	li	t0,256
     e54:	00e38433          	add	s0,t2,a4
     e58:	4004                	lw	s1,0(s0)
     e5a:	00e50433          	add	s0,a0,a4
     e5e:	c004                	sw	s1,0(s0)
     e60:	4b80                	lw	s0,16(a5)
     e62:	00646433          	or	s0,s0,t1
     e66:	cb80                	sw	s0,16(a5)
     e68:	47c0                	lw	s0,12(a5)
     e6a:	8805                	andi	s0,s0,1
     e6c:	fc75                	bnez	s0,e68 <FLASH_ROM_WRITE+0xac>
     e6e:	0711                	addi	a4,a4,4
     e70:	fe5712e3          	bne	a4,t0,e54 <FLASH_ROM_WRITE+0x98>
     e74:	cbc8                	sw	a0,20(a5)
     e76:	4b98                	lw	a4,16(a5)
     e78:	10050293          	addi	t0,a0,256
     e7c:	04076713          	ori	a4,a4,64
     e80:	cb98                	sw	a4,16(a5)
     e82:	47d8                	lw	a4,12(a5)
     e84:	8b05                	andi	a4,a4,1
     e86:	ff75                	bnez	a4,e82 <FLASH_ROM_WRITE+0xc6>
     e88:	4b98                	lw	a4,16(a5)
     e8a:	4502                	lw	a0,0(sp)
     e8c:	167d                	addi	a2,a2,-1 # 7fff <_data_lma+0x1023>
     e8e:	8f69                	and	a4,a4,a0
     e90:	cb98                	sw	a4,16(a5)
     e92:	ee11                	bnez	a2,eae <FLASH_ROM_WRITE+0xf2>
     e94:	4b98                	lw	a4,16(a5)
     e96:	66a1                	lui	a3,0x8
     e98:	4422                	lw	s0,8(sp)
     e9a:	8f55                	or	a4,a4,a3
     e9c:	cb98                	sw	a4,16(a5)
     e9e:	4b98                	lw	a4,16(a5)
     ea0:	4492                	lw	s1,4(sp)
     ea2:	4511                	li	a0,4
     ea4:	08076713          	ori	a4,a4,128
     ea8:	cb98                	sw	a4,16(a5)
     eaa:	0131                	addi	sp,sp,12
     eac:	8082                	ret
     eae:	8516                	mv	a0,t0
     eb0:	b759                	j	e36 <FLASH_ROM_WRITE+0x7a>
     eb2:	0ff00513          	li	a0,255
     eb6:	8082                	ret
     eb8:	8082                	ret

00000eba <GPIO_Init>:
     eba:	4594                	lw	a3,8(a1)
     ebc:	0106f793          	andi	a5,a3,16
     ec0:	00f6f313          	andi	t1,a3,15
     ec4:	c781                	beqz	a5,ecc <GPIO_Init+0x12>
     ec6:	41dc                	lw	a5,4(a1)
     ec8:	00f36333          	or	t1,t1,a5
     ecc:	0005d283          	lhu	t0,0(a1)
     ed0:	0ff2f793          	zext.b	a5,t0
     ed4:	cfa9                	beqz	a5,f2e <GPIO_Init+0x74>
     ed6:	410c                	lw	a1,0(a0)
     ed8:	1161                	addi	sp,sp,-8
     eda:	c222                	sw	s0,4(sp)
     edc:	c026                	sw	s1,0(sp)
     ede:	4781                	li	a5,0
     ee0:	02800393          	li	t2,40
     ee4:	443d                	li	s0,15
     ee6:	04800493          	li	s1,72
     eea:	4705                	li	a4,1
     eec:	00f71733          	sll	a4,a4,a5
     ef0:	00e2f633          	and	a2,t0,a4
     ef4:	02c71063          	bne	a4,a2,f14 <GPIO_Init+0x5a>
     ef8:	02769763          	bne	a3,t2,f26 <GPIO_Init+0x6c>
     efc:	c958                	sw	a4,20(a0)
     efe:	00279613          	slli	a2,a5,0x2
     f02:	00c41733          	sll	a4,s0,a2
     f06:	fff74713          	not	a4,a4
     f0a:	8f6d                	and	a4,a4,a1
     f0c:	00c31633          	sll	a2,t1,a2
     f10:	00e665b3          	or	a1,a2,a4
     f14:	0785                	addi	a5,a5,1 # 40022001 <_eusrstack+0x20020001>
     f16:	4721                	li	a4,8
     f18:	fce799e3          	bne	a5,a4,eea <GPIO_Init+0x30>
     f1c:	4412                	lw	s0,4(sp)
     f1e:	c10c                	sw	a1,0(a0)
     f20:	4482                	lw	s1,0(sp)
     f22:	0121                	addi	sp,sp,8
     f24:	8082                	ret
     f26:	fc969ce3          	bne	a3,s1,efe <GPIO_Init+0x44>
     f2a:	c918                	sw	a4,16(a0)
     f2c:	bfc9                	j	efe <GPIO_Init+0x44>
     f2e:	8082                	ret

00000f30 <GPIO_ReadInputDataBit>:
     f30:	451c                	lw	a5,8(a0)
     f32:	00f5f533          	and	a0,a1,a5
     f36:	00a03533          	snez	a0,a0
     f3a:	8082                	ret

00000f3c <GPIO_SetBits>:
     f3c:	c90c                	sw	a1,16(a0)
     f3e:	8082                	ret

00000f40 <GPIO_PinRemapConfig>:
     f40:	40010337          	lui	t1,0x40010
     f44:	080007b7          	lui	a5,0x8000
     f48:	00c32683          	lw	a3,12(t1) # 4001000c <_eusrstack+0x2000e00c>
     f4c:	01055613          	srli	a2,a0,0x10
     f50:	01051713          	slli	a4,a0,0x10
     f54:	8fe9                	and	a5,a5,a0
     f56:	8a3d                	andi	a2,a2,15
     f58:	8341                	srli	a4,a4,0x10
     f5a:	c7bd                	beqz	a5,fc8 <GPIO_PinRemapConfig+0x88>
     f5c:	003007b7          	lui	a5,0x300
     f60:	00f572b3          	and	t0,a0,a5
     f64:	02f29463          	bne	t0,a5,f8c <GPIO_PinRemapConfig+0x4c>
     f68:	f9000637          	lui	a2,0xf9000
     f6c:	167d                	addi	a2,a2,-1 # f8ffffff <_eusrstack+0xd8ffdfff>
     f6e:	00c6f7b3          	and	a5,a3,a2
     f72:	00c32683          	lw	a3,12(t1)
     f76:	8ef1                	and	a3,a3,a2
     f78:	00d32623          	sw	a3,12(t1)
     f7c:	c595                	beqz	a1,fa8 <GPIO_PinRemapConfig+0x68>
     f7e:	8145                	srli	a0,a0,0x11
     f80:	07057513          	andi	a0,a0,112
     f84:	00a71733          	sll	a4,a4,a0
     f88:	8fd9                	or	a5,a5,a4
     f8a:	a839                	j	fa8 <GPIO_PinRemapConfig+0x68>
     f8c:	004007b7          	lui	a5,0x400
     f90:	8fe9                	and	a5,a5,a0
     f92:	cf99                	beqz	a5,fb0 <GPIO_PinRemapConfig+0x70>
     f94:	479d                	li	a5,7
     f96:	00c797b3          	sll	a5,a5,a2
     f9a:	fff7c793          	not	a5,a5
     f9e:	8ff5                	and	a5,a5,a3
     fa0:	c581                	beqz	a1,fa8 <GPIO_PinRemapConfig+0x68>
     fa2:	00c71633          	sll	a2,a4,a2
     fa6:	8fd1                	or	a5,a5,a2
     fa8:	40010737          	lui	a4,0x40010
     fac:	c75c                	sw	a5,12(a4)
     fae:	8082                	ret
     fb0:	002007b7          	lui	a5,0x200
     fb4:	00f29363          	bne	t0,a5,fba <GPIO_PinRemapConfig+0x7a>
     fb8:	0641                	addi	a2,a2,16
     fba:	479d                	li	a5,7
     fbc:	00c797b3          	sll	a5,a5,a2
     fc0:	fff7c793          	not	a5,a5
     fc4:	8ff5                	and	a5,a5,a3
     fc6:	bf5d                	j	f7c <GPIO_PinRemapConfig+0x3c>
     fc8:	001007b7          	lui	a5,0x100
     fcc:	8fe9                	and	a5,a5,a0
     fce:	c399                	beqz	a5,fd4 <GPIO_PinRemapConfig+0x94>
     fd0:	47bd                	li	a5,15
     fd2:	b7ed                	j	fbc <GPIO_PinRemapConfig+0x7c>
     fd4:	01155793          	srli	a5,a0,0x11
     fd8:	0707f793          	andi	a5,a5,112
     fdc:	00f717b3          	sll	a5,a4,a5
     fe0:	b7c5                	j	fc0 <GPIO_PinRemapConfig+0x80>

00000fe2 <GPIO_IPD_Unused>:
     fe2:	8c6ff2ef          	jal	t0,a8 <__riscv_save_0>
     fe6:	1151                	addi	sp,sp,-12
     fe8:	4585                	li	a1,1
     fea:	03c00513          	li	a0,60
     fee:	c002                	sw	zero,0(sp)
     ff0:	c202                	sw	zero,4(sp)
     ff2:	c402                	sw	zero,8(sp)
     ff4:	2f09                	jal	1706 <RCC_PB2PeriphClockCmd>
     ff6:	1ffff7b7          	lui	a5,0x1ffff
     ffa:	7047a703          	lw	a4,1796(a5) # 1ffff704 <_data_lma+0x1fff8728>
     ffe:	005206b7          	lui	a3,0x520
    1002:	60068693          	addi	a3,a3,1536 # 520600 <_data_lma+0x519624>
    1006:	f0f77793          	andi	a5,a4,-241
    100a:	0ad78663          	beq	a5,a3,10b6 <GPIO_IPD_Unused+0xd4>
    100e:	0cf6e263          	bltu	a3,a5,10d2 <GPIO_IPD_Unused+0xf0>
    1012:	002406b7          	lui	a3,0x240
    1016:	60068693          	addi	a3,a3,1536 # 240600 <_data_lma+0x239624>
    101a:	20d78063          	beq	a5,a3,121a <GPIO_IPD_Unused+0x238>
    101e:	04f6e063          	bltu	a3,a5,105e <GPIO_IPD_Unused+0x7c>
    1022:	002206b7          	lui	a3,0x220
    1026:	60068693          	addi	a3,a3,1536 # 220600 <_data_lma+0x219624>
    102a:	24d78f63          	beq	a5,a3,1288 <GPIO_IPD_Unused+0x2a6>
    102e:	00f6ef63          	bltu	a3,a5,104c <GPIO_IPD_Unused+0x6a>
    1032:	77c1                	lui	a5,0xffff0
    1034:	f0f78793          	addi	a5,a5,-241 # fffeff0f <_eusrstack+0xdffedf0f>
    1038:	8ff9                	and	a5,a5,a4
    103a:	00200737          	lui	a4,0x200
    103e:	60070713          	addi	a4,a4,1536 # 200600 <_data_lma+0x1f9624>
    1042:	00e79b63          	bne	a5,a4,1058 <GPIO_IPD_Unused+0x76>
    1046:	0f900793          	li	a5,249
    104a:	a835                	j	1086 <GPIO_IPD_Unused+0xa4>
    104c:	00230737          	lui	a4,0x230
    1050:	60070713          	addi	a4,a4,1536 # 230600 <_data_lma+0x229624>
    1054:	20e78463          	beq	a5,a4,125c <GPIO_IPD_Unused+0x27a>
    1058:	0131                	addi	sp,sp,12
    105a:	858ff06f          	j	b2 <__riscv_restore_0>
    105e:	005006b7          	lui	a3,0x500
    1062:	60068693          	addi	a3,a3,1536 # 500600 <_data_lma+0x4f9624>
    1066:	1ad78363          	beq	a5,a3,120c <GPIO_IPD_Unused+0x22a>
    106a:	04f6e063          	bltu	a3,a5,10aa <GPIO_IPD_Unused+0xc8>
    106e:	77c1                	lui	a5,0xffff0
    1070:	f0f78793          	addi	a5,a5,-241 # fffeff0f <_eusrstack+0xdffedf0f>
    1074:	8f7d                	and	a4,a4,a5
    1076:	004007b7          	lui	a5,0x400
    107a:	60078793          	addi	a5,a5,1536 # 400600 <_data_lma+0x3f9624>
    107e:	fce79de3          	bne	a5,a4,1058 <GPIO_IPD_Unused+0x76>
    1082:	0e900793          	li	a5,233
    1086:	40011437          	lui	s0,0x40011
    108a:	807c                	sh	a5,0(sp)
    108c:	858a                	mv	a1,sp
    108e:	02800793          	li	a5,40
    1092:	80040513          	addi	a0,s0,-2048 # 40010800 <_eusrstack+0x2000e800>
    1096:	c43e                	sw	a5,8(sp)
    1098:	350d                	jal	eba <GPIO_Init>
    109a:	07f00793          	li	a5,127
    109e:	807c                	sh	a5,0(sp)
    10a0:	858a                	mv	a1,sp
    10a2:	c0040513          	addi	a0,s0,-1024
    10a6:	3d11                	jal	eba <GPIO_Init>
    10a8:	bf45                	j	1058 <GPIO_IPD_Unused+0x76>
    10aa:	00510737          	lui	a4,0x510
    10ae:	60070713          	addi	a4,a4,1536 # 510600 <_data_lma+0x509624>
    10b2:	fae793e3          	bne	a5,a4,1058 <GPIO_IPD_Unused+0x76>
    10b6:	06900793          	li	a5,105
    10ba:	40011437          	lui	s0,0x40011
    10be:	807c                	sh	a5,0(sp)
    10c0:	858a                	mv	a1,sp
    10c2:	02800793          	li	a5,40
    10c6:	80040513          	addi	a0,s0,-2048 # 40010800 <_eusrstack+0x2000e800>
    10ca:	c43e                	sw	a5,8(sp)
    10cc:	33fd                	jal	eba <GPIO_Init>
    10ce:	47ad                	li	a5,11
    10d0:	b7f9                	j	109e <GPIO_IPD_Unused+0xbc>
    10d2:	00640737          	lui	a4,0x640
    10d6:	60070713          	addi	a4,a4,1536 # 640600 <_data_lma+0x639624>
    10da:	f6e786e3          	beq	a5,a4,1046 <GPIO_IPD_Unused+0x64>
    10de:	06f76163          	bltu	a4,a5,1140 <GPIO_IPD_Unused+0x15e>
    10e2:	00620737          	lui	a4,0x620
    10e6:	60070713          	addi	a4,a4,1536 # 620600 <_data_lma+0x619624>
    10ea:	f8e78ce3          	beq	a5,a4,1082 <GPIO_IPD_Unused+0xa0>
    10ee:	04f76463          	bltu	a4,a5,1136 <GPIO_IPD_Unused+0x154>
    10f2:	00530737          	lui	a4,0x530
    10f6:	60070713          	addi	a4,a4,1536 # 530600 <_data_lma+0x529624>
    10fa:	0ce78d63          	beq	a5,a4,11d4 <GPIO_IPD_Unused+0x1f2>
    10fe:	00610737          	lui	a4,0x610
    1102:	60070713          	addi	a4,a4,1536 # 610600 <_data_lma+0x609624>
    1106:	f4e799e3          	bne	a5,a4,1058 <GPIO_IPD_Unused+0x76>
    110a:	08000793          	li	a5,128
    110e:	40011437          	lui	s0,0x40011
    1112:	807c                	sh	a5,0(sp)
    1114:	858a                	mv	a1,sp
    1116:	02800793          	li	a5,40
    111a:	80040513          	addi	a0,s0,-2048 # 40010800 <_eusrstack+0x2000e800>
    111e:	c43e                	sw	a5,8(sp)
    1120:	3b69                	jal	eba <GPIO_Init>
    1122:	07400793          	li	a5,116
    1126:	858a                	mv	a1,sp
    1128:	c0040513          	addi	a0,s0,-1024
    112c:	807c                	sh	a5,0(sp)
    112e:	3371                	jal	eba <GPIO_Init>
    1130:	0c800793          	li	a5,200
    1134:	a0ad                	j	119e <GPIO_IPD_Unused+0x1bc>
    1136:	00630737          	lui	a4,0x630
    113a:	60070713          	addi	a4,a4,1536 # 630600 <_data_lma+0x629624>
    113e:	b781                	j	107e <GPIO_IPD_Unused+0x9c>
    1140:	00731737          	lui	a4,0x731
    1144:	80070713          	addi	a4,a4,-2048 # 730800 <_data_lma+0x729824>
    1148:	02e78663          	beq	a5,a4,1174 <GPIO_IPD_Unused+0x192>
    114c:	00f76b63          	bltu	a4,a5,1162 <GPIO_IPD_Unused+0x180>
    1150:	00701737          	lui	a4,0x701
    1154:	80070713          	addi	a4,a4,-2048 # 700800 <_data_lma+0x6f9824>
    1158:	04e78863          	beq	a5,a4,11a8 <GPIO_IPD_Unused+0x1c6>
    115c:	00710737          	lui	a4,0x710
    1160:	b74d                	j	1102 <GPIO_IPD_Unused+0x120>
    1162:	00741737          	lui	a4,0x741
    1166:	80070713          	addi	a4,a4,-2048 # 740800 <_data_lma+0x739824>
    116a:	eee797e3          	bne	a5,a4,1058 <GPIO_IPD_Unused+0x76>
    116e:	0c000793          	li	a5,192
    1172:	bf71                	j	110e <GPIO_IPD_Unused+0x12c>
    1174:	0c000793          	li	a5,192
    1178:	40011437          	lui	s0,0x40011
    117c:	807c                	sh	a5,0(sp)
    117e:	858a                	mv	a1,sp
    1180:	02800793          	li	a5,40
    1184:	80040513          	addi	a0,s0,-2048 # 40010800 <_eusrstack+0x2000e800>
    1188:	c43e                	sw	a5,8(sp)
    118a:	3b05                	jal	eba <GPIO_Init>
    118c:	07400793          	li	a5,116
    1190:	858a                	mv	a1,sp
    1192:	c0040513          	addi	a0,s0,-1024
    1196:	807c                	sh	a5,0(sp)
    1198:	330d                	jal	eba <GPIO_Init>
    119a:	0c900793          	li	a5,201
    119e:	807c                	sh	a5,0(sp)
    11a0:	858a                	mv	a1,sp
    11a2:	40011537          	lui	a0,0x40011
    11a6:	b701                	j	10a6 <GPIO_IPD_Unused+0xc4>
    11a8:	0c000793          	li	a5,192
    11ac:	40011437          	lui	s0,0x40011
    11b0:	807c                	sh	a5,0(sp)
    11b2:	858a                	mv	a1,sp
    11b4:	02800793          	li	a5,40
    11b8:	80040513          	addi	a0,s0,-2048 # 40010800 <_eusrstack+0x2000e800>
    11bc:	c43e                	sw	a5,8(sp)
    11be:	39f5                	jal	eba <GPIO_Init>
    11c0:	07400793          	li	a5,116
    11c4:	858a                	mv	a1,sp
    11c6:	c0040513          	addi	a0,s0,-1024
    11ca:	807c                	sh	a5,0(sp)
    11cc:	31fd                	jal	eba <GPIO_Init>
    11ce:	0cb00793          	li	a5,203
    11d2:	b7f1                	j	119e <GPIO_IPD_Unused+0x1bc>
    11d4:	06900793          	li	a5,105
    11d8:	40011437          	lui	s0,0x40011
    11dc:	807c                	sh	a5,0(sp)
    11de:	858a                	mv	a1,sp
    11e0:	02800793          	li	a5,40
    11e4:	80040513          	addi	a0,s0,-2048 # 40010800 <_eusrstack+0x2000e800>
    11e8:	c43e                	sw	a5,8(sp)
    11ea:	39c1                	jal	eba <GPIO_Init>
    11ec:	47ad                	li	a5,11
    11ee:	858a                	mv	a1,sp
    11f0:	c0040513          	addi	a0,s0,-1024
    11f4:	807c                	sh	a5,0(sp)
    11f6:	31d1                	jal	eba <GPIO_Init>
    11f8:	02c00793          	li	a5,44
    11fc:	858a                	mv	a1,sp
    11fe:	40011537          	lui	a0,0x40011
    1202:	807c                	sh	a5,0(sp)
    1204:	395d                	jal	eba <GPIO_Init>
    1206:	06c00793          	li	a5,108
    120a:	a0a1                	j	1252 <GPIO_IPD_Unused+0x270>
    120c:	0c800793          	li	a5,200
    1210:	807c                	sh	a5,0(sp)
    1212:	02800793          	li	a5,40
    1216:	c43e                	sw	a5,8(sp)
    1218:	b761                	j	11a0 <GPIO_IPD_Unused+0x1be>
    121a:	0f900793          	li	a5,249
    121e:	40011437          	lui	s0,0x40011
    1222:	807c                	sh	a5,0(sp)
    1224:	858a                	mv	a1,sp
    1226:	02800793          	li	a5,40
    122a:	80040513          	addi	a0,s0,-2048 # 40010800 <_eusrstack+0x2000e800>
    122e:	c43e                	sw	a5,8(sp)
    1230:	3169                	jal	eba <GPIO_Init>
    1232:	07f00793          	li	a5,127
    1236:	858a                	mv	a1,sp
    1238:	c0040513          	addi	a0,s0,-1024
    123c:	807c                	sh	a5,0(sp)
    123e:	39b5                	jal	eba <GPIO_Init>
    1240:	0e900793          	li	a5,233
    1244:	858a                	mv	a1,sp
    1246:	40011537          	lui	a0,0x40011
    124a:	807c                	sh	a5,0(sp)
    124c:	31bd                	jal	eba <GPIO_Init>
    124e:	08d00793          	li	a5,141
    1252:	807c                	sh	a5,0(sp)
    1254:	858a                	mv	a1,sp
    1256:	40040513          	addi	a0,s0,1024
    125a:	b5b1                	j	10a6 <GPIO_IPD_Unused+0xc4>
    125c:	0f900793          	li	a5,249
    1260:	40011437          	lui	s0,0x40011
    1264:	807c                	sh	a5,0(sp)
    1266:	858a                	mv	a1,sp
    1268:	02800793          	li	a5,40
    126c:	80040513          	addi	a0,s0,-2048 # 40010800 <_eusrstack+0x2000e800>
    1270:	c43e                	sw	a5,8(sp)
    1272:	31a1                	jal	eba <GPIO_Init>
    1274:	07f00793          	li	a5,127
    1278:	858a                	mv	a1,sp
    127a:	c0040513          	addi	a0,s0,-1024
    127e:	807c                	sh	a5,0(sp)
    1280:	392d                	jal	eba <GPIO_Init>
    1282:	02600793          	li	a5,38
    1286:	bf9d                	j	11fc <GPIO_IPD_Unused+0x21a>
    1288:	0f900793          	li	a5,249
    128c:	40011437          	lui	s0,0x40011
    1290:	807c                	sh	a5,0(sp)
    1292:	858a                	mv	a1,sp
    1294:	02800793          	li	a5,40
    1298:	80040513          	addi	a0,s0,-2048 # 40010800 <_eusrstack+0x2000e800>
    129c:	c43e                	sw	a5,8(sp)
    129e:	3931                	jal	eba <GPIO_Init>
    12a0:	07f00793          	li	a5,127
    12a4:	858a                	mv	a1,sp
    12a6:	c0040513          	addi	a0,s0,-1024
    12aa:	807c                	sh	a5,0(sp)
    12ac:	3139                	jal	eba <GPIO_Init>
    12ae:	02000793          	li	a5,32
    12b2:	858a                	mv	a1,sp
    12b4:	40011537          	lui	a0,0x40011
    12b8:	807c                	sh	a5,0(sp)
    12ba:	3101                	jal	eba <GPIO_Init>
    12bc:	47b5                	li	a5,13
    12be:	bf51                	j	1252 <GPIO_IPD_Unused+0x270>

000012c0 <I2C_Init>:
    12c0:	de9fe2ef          	jal	t0,a8 <__riscv_save_0>
    12c4:	215e                	lhu	a5,4(a0)
    12c6:	1111                	addi	sp,sp,-28
    12c8:	84aa                	mv	s1,a0
    12ca:	07c2                	slli	a5,a5,0x10
    12cc:	83c1                	srli	a5,a5,0x10
    12ce:	fc07f793          	andi	a5,a5,-64
    12d2:	07c2                	slli	a5,a5,0x10
    12d4:	83c1                	srli	a5,a5,0x10
    12d6:	0028                	addi	a0,sp,8
    12d8:	842e                	mv	s0,a1
    12da:	c23e                	sw	a5,4(sp)
    12dc:	26ad                	jal	1646 <RCC_GetClocksFreq>
    12de:	47c2                	lw	a5,16(sp)
    12e0:	000f45b7          	lui	a1,0xf4
    12e4:	24058593          	addi	a1,a1,576 # f4240 <_data_lma+0xed264>
    12e8:	853e                	mv	a0,a5
    12ea:	c03e                	sw	a5,0(sp)
    12ec:	dd9fe0ef          	jal	ra,c4 <__hidden___udivsi3>
    12f0:	4792                	lw	a5,4(sp)
    12f2:	400c                	lw	a1,0(s0)
    12f4:	8fc9                	or	a5,a5,a0
    12f6:	07c2                	slli	a5,a5,0x10
    12f8:	83c1                	srli	a5,a5,0x10
    12fa:	a0de                	sh	a5,4(s1)
    12fc:	209e                	lhu	a5,0(s1)
    12fe:	07c2                	slli	a5,a5,0x10
    1300:	83c1                	srli	a5,a5,0x10
    1302:	9bf9                	andi	a5,a5,-2
    1304:	07c2                	slli	a5,a5,0x10
    1306:	83c1                	srli	a5,a5,0x10
    1308:	a09e                	sh	a5,0(s1)
    130a:	67e1                	lui	a5,0x18
    130c:	6a078793          	addi	a5,a5,1696 # 186a0 <_data_lma+0x116c4>
    1310:	04b7e563          	bltu	a5,a1,135a <I2C_Init+0x9a>
    1314:	4502                	lw	a0,0(sp)
    1316:	0586                	slli	a1,a1,0x1
    1318:	dadfe0ef          	jal	ra,c4 <__hidden___udivsi3>
    131c:	87aa                	mv	a5,a0
    131e:	0542                	slli	a0,a0,0x10
    1320:	8141                	srli	a0,a0,0x10
    1322:	4691                	li	a3,4
    1324:	00d57363          	bgeu	a0,a3,132a <I2C_Init+0x6a>
    1328:	4791                	li	a5,4
    132a:	07c2                	slli	a5,a5,0x10
    132c:	83c1                	srli	a5,a5,0x10
    132e:	acde                	sh	a5,28(s1)
    1330:	209e                	lhu	a5,0(s1)
    1332:	2056                	lhu	a3,4(s0)
    1334:	2432                	lhu	a2,10(s0)
    1336:	0017e793          	ori	a5,a5,1
    133a:	a09e                	sh	a5,0(s1)
    133c:	209e                	lhu	a5,0(s1)
    133e:	8ed1                	or	a3,a3,a2
    1340:	07c2                	slli	a5,a5,0x10
    1342:	83c1                	srli	a5,a5,0x10
    1344:	bf57f793          	andi	a5,a5,-1035
    1348:	8fd5                	or	a5,a5,a3
    134a:	a09e                	sh	a5,0(s1)
    134c:	2416                	lhu	a3,8(s0)
    134e:	245e                	lhu	a5,12(s0)
    1350:	8fd5                	or	a5,a5,a3
    1352:	a49e                	sh	a5,8(s1)
    1354:	0171                	addi	sp,sp,28
    1356:	d5dfe06f          	j	b2 <__riscv_restore_0>
    135a:	2076                	lhu	a3,6(s0)
    135c:	67b1                	lui	a5,0xc
    135e:	17fd                	addi	a5,a5,-1 # bfff <_data_lma+0x5023>
    1360:	02f69363          	bne	a3,a5,1386 <I2C_Init+0xc6>
    1364:	478d                	li	a5,3
    1366:	02f585b3          	mul	a1,a1,a5
    136a:	4502                	lw	a0,0(sp)
    136c:	d59fe0ef          	jal	ra,c4 <__hidden___udivsi3>
    1370:	01051793          	slli	a5,a0,0x10
    1374:	83c1                	srli	a5,a5,0x10
    1376:	01479693          	slli	a3,a5,0x14
    137a:	e299                	bnez	a3,1380 <I2C_Init+0xc0>
    137c:	0017e793          	ori	a5,a5,1
    1380:	66a1                	lui	a3,0x8
    1382:	8fd5                	or	a5,a5,a3
    1384:	b76d                	j	132e <I2C_Init+0x6e>
    1386:	47e5                	li	a5,25
    1388:	02f585b3          	mul	a1,a1,a5
    138c:	4502                	lw	a0,0(sp)
    138e:	d37fe0ef          	jal	ra,c4 <__hidden___udivsi3>
    1392:	01051793          	slli	a5,a0,0x10
    1396:	83c1                	srli	a5,a5,0x10
    1398:	6691                	lui	a3,0x4
    139a:	8fd5                	or	a5,a5,a3
    139c:	bfe9                	j	1376 <I2C_Init+0xb6>

0000139e <I2C_Cmd>:
    139e:	211e                	lhu	a5,0(a0)
    13a0:	c589                	beqz	a1,13aa <I2C_Cmd+0xc>
    13a2:	0017e793          	ori	a5,a5,1
    13a6:	a11e                	sh	a5,0(a0)
    13a8:	8082                	ret
    13aa:	07c2                	slli	a5,a5,0x10
    13ac:	83c1                	srli	a5,a5,0x10
    13ae:	9bf9                	andi	a5,a5,-2
    13b0:	07c2                	slli	a5,a5,0x10
    13b2:	83c1                	srli	a5,a5,0x10
    13b4:	bfcd                	j	13a6 <I2C_Cmd+0x8>

000013b6 <I2C_GenerateSTART>:
    13b6:	211e                	lhu	a5,0(a0)
    13b8:	c589                	beqz	a1,13c2 <I2C_GenerateSTART+0xc>
    13ba:	1007e793          	ori	a5,a5,256
    13be:	a11e                	sh	a5,0(a0)
    13c0:	8082                	ret
    13c2:	07c2                	slli	a5,a5,0x10
    13c4:	83c1                	srli	a5,a5,0x10
    13c6:	eff7f793          	andi	a5,a5,-257
    13ca:	07c2                	slli	a5,a5,0x10
    13cc:	83c1                	srli	a5,a5,0x10
    13ce:	bfc5                	j	13be <I2C_GenerateSTART+0x8>

000013d0 <I2C_GenerateSTOP>:
    13d0:	211e                	lhu	a5,0(a0)
    13d2:	c589                	beqz	a1,13dc <I2C_GenerateSTOP+0xc>
    13d4:	2007e793          	ori	a5,a5,512
    13d8:	a11e                	sh	a5,0(a0)
    13da:	8082                	ret
    13dc:	07c2                	slli	a5,a5,0x10
    13de:	83c1                	srli	a5,a5,0x10
    13e0:	dff7f793          	andi	a5,a5,-513
    13e4:	07c2                	slli	a5,a5,0x10
    13e6:	83c1                	srli	a5,a5,0x10
    13e8:	bfc5                	j	13d8 <I2C_GenerateSTOP+0x8>

000013ea <I2C_AcknowledgeConfig>:
    13ea:	211e                	lhu	a5,0(a0)
    13ec:	c589                	beqz	a1,13f6 <I2C_AcknowledgeConfig+0xc>
    13ee:	4007e793          	ori	a5,a5,1024
    13f2:	a11e                	sh	a5,0(a0)
    13f4:	8082                	ret
    13f6:	07c2                	slli	a5,a5,0x10
    13f8:	83c1                	srli	a5,a5,0x10
    13fa:	bff7f793          	andi	a5,a5,-1025
    13fe:	07c2                	slli	a5,a5,0x10
    1400:	83c1                	srli	a5,a5,0x10
    1402:	bfc5                	j	13f2 <I2C_AcknowledgeConfig+0x8>

00001404 <I2C_SendData>:
    1404:	a90e                	sh	a1,16(a0)
    1406:	8082                	ret

00001408 <I2C_ReceiveData>:
    1408:	290a                	lhu	a0,16(a0)
    140a:	0ff57513          	zext.b	a0,a0
    140e:	8082                	ret

00001410 <I2C_Send7bitAddress>:
    1410:	0fe5f793          	andi	a5,a1,254
    1414:	c219                	beqz	a2,141a <I2C_Send7bitAddress+0xa>
    1416:	0015e793          	ori	a5,a1,1
    141a:	a91e                	sh	a5,16(a0)
    141c:	8082                	ret

0000141e <I2C_SoftwareResetCmd>:
    141e:	211e                	lhu	a5,0(a0)
    1420:	c589                	beqz	a1,142a <I2C_SoftwareResetCmd+0xc>
    1422:	6721                	lui	a4,0x8
    1424:	8fd9                	or	a5,a5,a4
    1426:	a11e                	sh	a5,0(a0)
    1428:	8082                	ret
    142a:	07c6                	slli	a5,a5,0x11
    142c:	83c5                	srli	a5,a5,0x11
    142e:	bfe5                	j	1426 <I2C_SoftwareResetCmd+0x8>

00001430 <I2C_NACKPositionConfig>:
    1430:	211e                	lhu	a5,0(a0)
    1432:	80058593          	addi	a1,a1,-2048
    1436:	e989                	bnez	a1,1448 <I2C_NACKPositionConfig+0x18>
    1438:	6705                	lui	a4,0x1
    143a:	80070713          	addi	a4,a4,-2048 # 800 <__stack_size>
    143e:	8fd9                	or	a5,a5,a4
    1440:	07c2                	slli	a5,a5,0x10
    1442:	83c1                	srli	a5,a5,0x10
    1444:	a11e                	sh	a5,0(a0)
    1446:	8082                	ret
    1448:	777d                	lui	a4,0xfffff
    144a:	7ff70713          	addi	a4,a4,2047 # fffff7ff <_eusrstack+0xdfffd7ff>
    144e:	8ff9                	and	a5,a5,a4
    1450:	bfd5                	j	1444 <I2C_NACKPositionConfig+0x14>

00001452 <I2C_CheckEvent>:
    1452:	295e                	lhu	a5,20(a0)
    1454:	2d0a                	lhu	a0,24(a0)
    1456:	0542                	slli	a0,a0,0x10
    1458:	8d5d                	or	a0,a0,a5
    145a:	8d6d                	and	a0,a0,a1
    145c:	0522                	slli	a0,a0,0x8
    145e:	8121                	srli	a0,a0,0x8
    1460:	8d0d                	sub	a0,a0,a1
    1462:	00153513          	seqz	a0,a0
    1466:	8082                	ret

00001468 <I2C_GetFlagStatus>:
    1468:	1161                	addi	sp,sp,-8
    146a:	c002                	sw	zero,0(sp)
    146c:	c202                	sw	zero,4(sp)
    146e:	01c5d793          	srli	a5,a1,0x1c
    1472:	c22a                	sw	a0,4(sp)
    1474:	c03e                	sw	a5,0(sp)
    1476:	4782                	lw	a5,0(sp)
    1478:	05a2                	slli	a1,a1,0x8
    147a:	81a1                	srli	a1,a1,0x8
    147c:	cb99                	beqz	a5,1492 <I2C_GetFlagStatus+0x2a>
    147e:	4792                	lw	a5,4(sp)
    1480:	07d1                	addi	a5,a5,20
    1482:	c23e                	sw	a5,4(sp)
    1484:	4792                	lw	a5,4(sp)
    1486:	4388                	lw	a0,0(a5)
    1488:	0121                	addi	sp,sp,8
    148a:	8d6d                	and	a0,a0,a1
    148c:	00a03533          	snez	a0,a0
    1490:	8082                	ret
    1492:	4792                	lw	a5,4(sp)
    1494:	81c1                	srli	a1,a1,0x10
    1496:	07e1                	addi	a5,a5,24
    1498:	b7ed                	j	1482 <I2C_GetFlagStatus+0x1a>

0000149a <IWDG_WriteAccessCmd>:
    149a:	400037b7          	lui	a5,0x40003
    149e:	c388                	sw	a0,0(a5)
    14a0:	8082                	ret

000014a2 <IWDG_SetPrescaler>:
    14a2:	400037b7          	lui	a5,0x40003
    14a6:	c3c8                	sw	a0,4(a5)
    14a8:	8082                	ret

000014aa <IWDG_SetReload>:
    14aa:	400037b7          	lui	a5,0x40003
    14ae:	c788                	sw	a0,8(a5)
    14b0:	8082                	ret

000014b2 <IWDG_ReloadCounter>:
    14b2:	67ad                	lui	a5,0xb
    14b4:	40003737          	lui	a4,0x40003
    14b8:	aaa78793          	addi	a5,a5,-1366 # aaaa <_data_lma+0x3ace>
    14bc:	c31c                	sw	a5,0(a4)
    14be:	8082                	ret

000014c0 <IWDG_Enable>:
    14c0:	67b5                	lui	a5,0xd
    14c2:	40003737          	lui	a4,0x40003
    14c6:	ccc78793          	addi	a5,a5,-820 # cccc <_data_lma+0x5cf0>
    14ca:	c31c                	sw	a5,0(a4)
    14cc:	40021737          	lui	a4,0x40021
    14d0:	535c                	lw	a5,36(a4)
    14d2:	8b89                	andi	a5,a5,2
    14d4:	dff5                	beqz	a5,14d0 <IWDG_Enable+0x10>
    14d6:	8082                	ret

000014d8 <NVIC_PriorityGroupConfig>:
    14d8:	84a1a623          	sw	a0,-1972(gp) # 200000dc <NVIC_Priority_Group>
    14dc:	8082                	ret

000014de <NVIC_Init>:
    14de:	84c1a703          	lw	a4,-1972(gp) # 200000dc <NVIC_Priority_Group>
    14e2:	4785                	li	a5,1
    14e4:	2114                	lbu	a3,0(a0)
    14e6:	02f71063          	bne	a4,a5,1506 <NVIC_Init+0x28>
    14ea:	311c                	lbu	a5,1(a0)
    14ec:	02e79c63          	bne	a5,a4,1524 <NVIC_Init+0x46>
    14f0:	213c                	lbu	a5,2(a0)
    14f2:	079a                	slli	a5,a5,0x6
    14f4:	f807e793          	ori	a5,a5,-128
    14f8:	e000e737          	lui	a4,0xe000e
    14fc:	0ff7f793          	zext.b	a5,a5
    1500:	9736                	add	a4,a4,a3
    1502:	40f70023          	sb	a5,1024(a4) # e000e400 <_eusrstack+0xc000c400>
    1506:	4705                	li	a4,1
    1508:	0056d793          	srli	a5,a3,0x5
    150c:	00d71733          	sll	a4,a4,a3
    1510:	4154                	lw	a3,4(a0)
    1512:	ce89                	beqz	a3,152c <NVIC_Init+0x4e>
    1514:	04078793          	addi	a5,a5,64
    1518:	078a                	slli	a5,a5,0x2
    151a:	e000e6b7          	lui	a3,0xe000e
    151e:	97b6                	add	a5,a5,a3
    1520:	c398                	sw	a4,0(a5)
    1522:	8082                	ret
    1524:	f3ed                	bnez	a5,1506 <NVIC_Init+0x28>
    1526:	213c                	lbu	a5,2(a0)
    1528:	079a                	slli	a5,a5,0x6
    152a:	b7f9                	j	14f8 <NVIC_Init+0x1a>
    152c:	06078793          	addi	a5,a5,96
    1530:	e000e6b7          	lui	a3,0xe000e
    1534:	078a                	slli	a5,a5,0x2
    1536:	97b6                	add	a5,a5,a3
    1538:	c398                	sw	a4,0(a5)
    153a:	0000100f          	.4byte	0x100f
    153e:	8082                	ret

00001540 <OPA_Unlock>:
    1540:	456707b7          	lui	a5,0x45670
    1544:	40024737          	lui	a4,0x40024
    1548:	12378793          	addi	a5,a5,291 # 45670123 <_eusrstack+0x2566e123>
    154c:	cb1c                	sw	a5,16(a4)
    154e:	cdef97b7          	lui	a5,0xcdef9
    1552:	9ab78793          	addi	a5,a5,-1621 # cdef89ab <_eusrstack+0xadef69ab>
    1556:	cb1c                	sw	a5,16(a4)
    1558:	8082                	ret

0000155a <OPA_Lock>:
    155a:	40024737          	lui	a4,0x40024
    155e:	435c                	lw	a5,4(a4)
    1560:	800006b7          	lui	a3,0x80000
    1564:	8fd5                	or	a5,a5,a3
    1566:	c35c                	sw	a5,4(a4)
    1568:	8082                	ret

0000156a <OPA_Init>:
    156a:	40024737          	lui	a4,0x40024
    156e:	431c                	lw	a5,0(a4)
    1570:	f1c10637          	lui	a2,0xf1c10
    1574:	a0260613          	addi	a2,a2,-1534 # f1c0fa02 <_eusrstack+0xd1c0da02>
    1578:	8ff1                	and	a5,a5,a2
    157a:	4110                	lw	a2,0(a0)
    157c:	590c                	lw	a1,48(a0)
    157e:	4354                	lw	a3,4(a4)
    1580:	8fd1                	or	a5,a5,a2
    1582:	4150                	lw	a2,4(a0)
    1584:	0592                	slli	a1,a1,0x4
    1586:	060a                	slli	a2,a2,0x2
    1588:	8fd1                	or	a5,a5,a2
    158a:	4510                	lw	a2,8(a0)
    158c:	0612                	slli	a2,a2,0x4
    158e:	8fd1                	or	a5,a5,a2
    1590:	4550                	lw	a2,12(a0)
    1592:	0616                	slli	a2,a2,0x5
    1594:	8fd1                	or	a5,a5,a2
    1596:	4910                	lw	a2,16(a0)
    1598:	061e                	slli	a2,a2,0x7
    159a:	8fd1                	or	a5,a5,a2
    159c:	4950                	lw	a2,20(a0)
    159e:	0622                	slli	a2,a2,0x8
    15a0:	8fd1                	or	a5,a5,a2
    15a2:	4d10                	lw	a2,24(a0)
    15a4:	062a                	slli	a2,a2,0xa
    15a6:	8fd1                	or	a5,a5,a2
    15a8:	4d50                	lw	a2,28(a0)
    15aa:	0642                	slli	a2,a2,0x10
    15ac:	8fd1                	or	a5,a5,a2
    15ae:	5110                	lw	a2,32(a0)
    15b0:	064a                	slli	a2,a2,0x12
    15b2:	8fd1                	or	a5,a5,a2
    15b4:	5150                	lw	a2,36(a0)
    15b6:	0652                	slli	a2,a2,0x14
    15b8:	8fd1                	or	a5,a5,a2
    15ba:	5510                	lw	a2,40(a0)
    15bc:	0666                	slli	a2,a2,0x19
    15be:	8e5d                	or	a2,a2,a5
    15c0:	555c                	lw	a5,44(a0)
    15c2:	0786                	slli	a5,a5,0x1
    15c4:	8fcd                	or	a5,a5,a1
    15c6:	ffe0e5b7          	lui	a1,0xffe0e
    15ca:	0c958593          	addi	a1,a1,201 # ffe0e0c9 <_eusrstack+0xdfe0c0c9>
    15ce:	8eed                	and	a3,a3,a1
    15d0:	8fd5                	or	a5,a5,a3
    15d2:	5954                	lw	a3,52(a0)
    15d4:	06a2                	slli	a3,a3,0x8
    15d6:	8fd5                	or	a5,a5,a3
    15d8:	5d14                	lw	a3,56(a0)
    15da:	06ae                	slli	a3,a3,0xb
    15dc:	8fd5                	or	a5,a5,a3
    15de:	5d54                	lw	a3,60(a0)
    15e0:	06b2                	slli	a3,a3,0xc
    15e2:	8fd5                	or	a5,a5,a3
    15e4:	4134                	lw	a3,64(a0)
    15e6:	06c2                	slli	a3,a3,0x10
    15e8:	8fd5                	or	a5,a5,a3
    15ea:	4174                	lw	a3,68(a0)
    15ec:	06c6                	slli	a3,a3,0x11
    15ee:	8fd5                	or	a5,a5,a3
    15f0:	4534                	lw	a3,72(a0)
    15f2:	06ca                	slli	a3,a3,0x12
    15f4:	8fd5                	or	a5,a5,a3
    15f6:	4574                	lw	a3,76(a0)
    15f8:	c310                	sw	a2,0(a4)
    15fa:	06d2                	slli	a3,a3,0x14
    15fc:	8fd5                	or	a5,a5,a3
    15fe:	c35c                	sw	a5,4(a4)
    1600:	8082                	ret

00001602 <OPA_Cmd>:
    1602:	4785                	li	a5,1
    1604:	40024737          	lui	a4,0x40024
    1608:	00f51763          	bne	a0,a5,1616 <OPA_Cmd+0x14>
    160c:	435c                	lw	a5,4(a4)
    160e:	0017e793          	ori	a5,a5,1
    1612:	c35c                	sw	a5,4(a4)
    1614:	8082                	ret
    1616:	435c                	lw	a5,4(a4)
    1618:	9bf9                	andi	a5,a5,-2
    161a:	bfe5                	j	1612 <OPA_Cmd+0x10>

0000161c <RCC_ADCCLKConfig>:
    161c:	400216b7          	lui	a3,0x40021
    1620:	42dc                	lw	a5,4(a3)
    1622:	7fff0737          	lui	a4,0x7fff0
    1626:	7ff70713          	addi	a4,a4,2047 # 7fff07ff <_eusrstack+0x5ffee7ff>
    162a:	8ff9                	and	a5,a5,a4
    162c:	8fc9                	or	a5,a5,a0
    162e:	c2dc                	sw	a5,4(a3)
    1630:	8082                	ret

00001632 <RCC_LSICmd>:
    1632:	40021737          	lui	a4,0x40021
    1636:	535c                	lw	a5,36(a4)
    1638:	c509                	beqz	a0,1642 <RCC_LSICmd+0x10>
    163a:	0017e793          	ori	a5,a5,1
    163e:	d35c                	sw	a5,36(a4)
    1640:	8082                	ret
    1642:	9bf9                	andi	a5,a5,-2
    1644:	bfed                	j	163e <RCC_LSICmd+0xc>

00001646 <RCC_GetClocksFreq>:
    1646:	a63fe2ef          	jal	t0,a8 <__riscv_save_0>
    164a:	40021737          	lui	a4,0x40021
    164e:	435c                	lw	a5,4(a4)
    1650:	46a1                	li	a3,8
    1652:	842a                	mv	s0,a0
    1654:	8bb1                	andi	a5,a5,12
    1656:	08d79463          	bne	a5,a3,16de <RCC_GetClocksFreq+0x98>
    165a:	435c                	lw	a5,4(a4)
    165c:	02dc77b7          	lui	a5,0x2dc7
    1660:	c0078793          	addi	a5,a5,-1024 # 2dc6c00 <_data_lma+0x2dbfc24>
    1664:	c01c                	sw	a5,0(s0)
    1666:	40021637          	lui	a2,0x40021
    166a:	4254                	lw	a3,4(a2)
    166c:	20000737          	lui	a4,0x20000
    1670:	02870713          	addi	a4,a4,40 # 20000028 <PBHBPrescTable>
    1674:	8291                	srli	a3,a3,0x4
    1676:	8abd                	andi	a3,a3,15
    1678:	9736                	add	a4,a4,a3
    167a:	2308                	lbu	a0,0(a4)
    167c:	4258                	lw	a4,4(a2)
    167e:	0ff57593          	zext.b	a1,a0
    1682:	08077713          	andi	a4,a4,128
    1686:	00a7d533          	srl	a0,a5,a0
    168a:	e701                	bnez	a4,1692 <RCC_GetClocksFreq+0x4c>
    168c:	853e                	mv	a0,a5
    168e:	a37fe0ef          	jal	ra,c4 <__hidden___udivsi3>
    1692:	c048                	sw	a0,4(s0)
    1694:	c408                	sw	a0,8(s0)
    1696:	c448                	sw	a0,12(s0)
    1698:	400217b7          	lui	a5,0x40021
    169c:	43dc                	lw	a5,4(a5)
    169e:	468d                	li	a3,3
    16a0:	83ad                	srli	a5,a5,0xb
    16a2:	8bfd                	andi	a5,a5,31
    16a4:	0037d713          	srli	a4,a5,0x3
    16a8:	078a                	slli	a5,a5,0x2
    16aa:	8bf1                	andi	a5,a5,28
    16ac:	8fd9                	or	a5,a5,a4
    16ae:	0137f613          	andi	a2,a5,19
    16b2:	0037f713          	andi	a4,a5,3
    16b6:	00c6f463          	bgeu	a3,a2,16be <RCC_GetClocksFreq+0x78>
    16ba:	ff478713          	addi	a4,a5,-12 # 40020ff4 <_eusrstack+0x2001eff4>
    16be:	400217b7          	lui	a5,0x40021
    16c2:	43dc                	lw	a5,4(a5)
    16c4:	0007ca63          	bltz	a5,16d8 <RCC_GetClocksFreq+0x92>
    16c8:	200007b7          	lui	a5,0x20000
    16cc:	01478793          	addi	a5,a5,20 # 20000014 <ADCPrescTable>
    16d0:	97ba                	add	a5,a5,a4
    16d2:	238c                	lbu	a1,0(a5)
    16d4:	9f1fe0ef          	jal	ra,c4 <__hidden___udivsi3>
    16d8:	c808                	sw	a0,16(s0)
    16da:	9d9fe06f          	j	b2 <__riscv_restore_0>
    16de:	016e37b7          	lui	a5,0x16e3
    16e2:	60078793          	addi	a5,a5,1536 # 16e3600 <_data_lma+0x16dc624>
    16e6:	bfbd                	j	1664 <RCC_GetClocksFreq+0x1e>

000016e8 <RCC_HBPeriphClockCmd>:
    16e8:	c599                	beqz	a1,16f6 <RCC_HBPeriphClockCmd+0xe>
    16ea:	40021737          	lui	a4,0x40021
    16ee:	4b5c                	lw	a5,20(a4)
    16f0:	8fc9                	or	a5,a5,a0
    16f2:	cb5c                	sw	a5,20(a4)
    16f4:	8082                	ret
    16f6:	400217b7          	lui	a5,0x40021
    16fa:	4bd8                	lw	a4,20(a5)
    16fc:	fff54513          	not	a0,a0
    1700:	8d79                	and	a0,a0,a4
    1702:	cbc8                	sw	a0,20(a5)
    1704:	8082                	ret

00001706 <RCC_PB2PeriphClockCmd>:
    1706:	c599                	beqz	a1,1714 <RCC_PB2PeriphClockCmd+0xe>
    1708:	40021737          	lui	a4,0x40021
    170c:	4f1c                	lw	a5,24(a4)
    170e:	8fc9                	or	a5,a5,a0
    1710:	cf1c                	sw	a5,24(a4)
    1712:	8082                	ret
    1714:	400217b7          	lui	a5,0x40021
    1718:	4f98                	lw	a4,24(a5)
    171a:	fff54513          	not	a0,a0
    171e:	8d79                	and	a0,a0,a4
    1720:	cf88                	sw	a0,24(a5)
    1722:	8082                	ret

00001724 <RCC_PB1PeriphClockCmd>:
    1724:	c599                	beqz	a1,1732 <RCC_PB1PeriphClockCmd+0xe>
    1726:	40021737          	lui	a4,0x40021
    172a:	4f5c                	lw	a5,28(a4)
    172c:	8fc9                	or	a5,a5,a0
    172e:	cf5c                	sw	a5,28(a4)
    1730:	8082                	ret
    1732:	400217b7          	lui	a5,0x40021
    1736:	4fd8                	lw	a4,28(a5)
    1738:	fff54513          	not	a0,a0
    173c:	8d79                	and	a0,a0,a4
    173e:	cfc8                	sw	a0,28(a5)
    1740:	8082                	ret

00001742 <RCC_PB2PeriphResetCmd>:
    1742:	c599                	beqz	a1,1750 <RCC_PB2PeriphResetCmd+0xe>
    1744:	40021737          	lui	a4,0x40021
    1748:	475c                	lw	a5,12(a4)
    174a:	8fc9                	or	a5,a5,a0
    174c:	c75c                	sw	a5,12(a4)
    174e:	8082                	ret
    1750:	400217b7          	lui	a5,0x40021
    1754:	47d8                	lw	a4,12(a5)
    1756:	fff54513          	not	a0,a0
    175a:	8d79                	and	a0,a0,a4
    175c:	c7c8                	sw	a0,12(a5)
    175e:	8082                	ret

00001760 <RCC_GetFlagStatus>:
    1760:	00555713          	srli	a4,a0,0x5
    1764:	4785                	li	a5,1
    1766:	00f71963          	bne	a4,a5,1778 <RCC_GetFlagStatus+0x18>
    176a:	400217b7          	lui	a5,0x40021
    176e:	439c                	lw	a5,0(a5)
    1770:	00a7d533          	srl	a0,a5,a0
    1774:	8905                	andi	a0,a0,1
    1776:	8082                	ret
    1778:	400217b7          	lui	a5,0x40021
    177c:	53dc                	lw	a5,36(a5)
    177e:	bfcd                	j	1770 <RCC_GetFlagStatus+0x10>

00001780 <RCC_ClearFlag>:
    1780:	40021737          	lui	a4,0x40021
    1784:	535c                	lw	a5,36(a4)
    1786:	010006b7          	lui	a3,0x1000
    178a:	8fd5                	or	a5,a5,a3
    178c:	d35c                	sw	a5,36(a4)
    178e:	8082                	ret

00001790 <SPI_Init>:
    1790:	211e                	lhu	a5,0(a0)
    1792:	668d                	lui	a3,0x3
    1794:	04068693          	addi	a3,a3,64 # 3040 <D_TIM1_PWM_IC_Init+0x2>
    1798:	00d7f733          	and	a4,a5,a3
    179c:	21b6                	lhu	a3,2(a1)
    179e:	219e                	lhu	a5,0(a1)
    17a0:	8fd5                	or	a5,a5,a3
    17a2:	21d6                	lhu	a3,4(a1)
    17a4:	8fd5                	or	a5,a5,a3
    17a6:	21f6                	lhu	a3,6(a1)
    17a8:	8fd5                	or	a5,a5,a3
    17aa:	2596                	lhu	a3,8(a1)
    17ac:	8fd5                	or	a5,a5,a3
    17ae:	25b6                	lhu	a3,10(a1)
    17b0:	8fd5                	or	a5,a5,a3
    17b2:	25d6                	lhu	a3,12(a1)
    17b4:	8fd5                	or	a5,a5,a3
    17b6:	25f6                	lhu	a3,14(a1)
    17b8:	8fd5                	or	a5,a5,a3
    17ba:	8fd9                	or	a5,a5,a4
    17bc:	a11e                	sh	a5,0(a0)
    17be:	299e                	lhu	a5,16(a1)
    17c0:	a91e                	sh	a5,16(a0)
    17c2:	8082                	ret

000017c4 <SPI_Cmd>:
    17c4:	211e                	lhu	a5,0(a0)
    17c6:	c589                	beqz	a1,17d0 <SPI_Cmd+0xc>
    17c8:	0407e793          	ori	a5,a5,64
    17cc:	a11e                	sh	a5,0(a0)
    17ce:	8082                	ret
    17d0:	07c2                	slli	a5,a5,0x10
    17d2:	83c1                	srli	a5,a5,0x10
    17d4:	fbf7f793          	andi	a5,a5,-65
    17d8:	07c2                	slli	a5,a5,0x10
    17da:	83c1                	srli	a5,a5,0x10
    17dc:	bfc5                	j	17cc <SPI_Cmd+0x8>

000017de <SPI_I2S_SendData>:
    17de:	a54e                	sh	a1,12(a0)
    17e0:	8082                	ret

000017e2 <SPI_I2S_GetFlagStatus>:
    17e2:	250a                	lhu	a0,8(a0)
    17e4:	8d6d                	and	a0,a0,a1
    17e6:	00a03533          	snez	a0,a0
    17ea:	8082                	ret

000017ec <TI1_Config>:
    17ec:	311e                	lhu	a5,32(a0)
    17ee:	0692                	slli	a3,a3,0x4
    17f0:	07c2                	slli	a5,a5,0x10
    17f2:	83c1                	srli	a5,a5,0x10
    17f4:	9bf9                	andi	a5,a5,-2
    17f6:	07c2                	slli	a5,a5,0x10
    17f8:	83c1                	srli	a5,a5,0x10
    17fa:	b11e                	sh	a5,32(a0)
    17fc:	2d1e                	lhu	a5,24(a0)
    17fe:	311a                	lhu	a4,32(a0)
    1800:	01855303          	lhu	t1,24(a0) # 40011018 <_eusrstack+0x2000f018>
    1804:	07c2                	slli	a5,a5,0x10
    1806:	83c1                	srli	a5,a5,0x10
    1808:	00c36333          	or	t1,t1,a2
    180c:	f0c7f793          	andi	a5,a5,-244
    1810:	8e55                	or	a2,a2,a3
    1812:	8fd1                	or	a5,a5,a2
    1814:	400136b7          	lui	a3,0x40013
    1818:	0742                	slli	a4,a4,0x10
    181a:	07c2                	slli	a5,a5,0x10
    181c:	00651c23          	sh	t1,24(a0)
    1820:	c0068693          	addi	a3,a3,-1024 # 40012c00 <_eusrstack+0x20010c00>
    1824:	8341                	srli	a4,a4,0x10
    1826:	83c1                	srli	a5,a5,0x10
    1828:	00d50663          	beq	a0,a3,1834 <TI1_Config+0x48>
    182c:	400006b7          	lui	a3,0x40000
    1830:	00d51663          	bne	a0,a3,183c <TI1_Config+0x50>
    1834:	9b75                	andi	a4,a4,-3
    1836:	8dd9                	or	a1,a1,a4
    1838:	0015e713          	ori	a4,a1,1
    183c:	ad1e                	sh	a5,24(a0)
    183e:	b11a                	sh	a4,32(a0)
    1840:	8082                	ret

00001842 <TI2_Config>:
    1842:	311e                	lhu	a5,32(a0)
    1844:	6305                	lui	t1,0x1
    1846:	cff30313          	addi	t1,t1,-769 # cff <FLASH_ROM_ERASE+0xff>
    184a:	07c2                	slli	a5,a5,0x10
    184c:	83c1                	srli	a5,a5,0x10
    184e:	9bbd                	andi	a5,a5,-17
    1850:	07c2                	slli	a5,a5,0x10
    1852:	83c1                	srli	a5,a5,0x10
    1854:	b11e                	sh	a5,32(a0)
    1856:	2d1a                	lhu	a4,24(a0)
    1858:	0622                	slli	a2,a2,0x8
    185a:	311e                	lhu	a5,32(a0)
    185c:	00677733          	and	a4,a4,t1
    1860:	01855303          	lhu	t1,24(a0)
    1864:	0642                	slli	a2,a2,0x10
    1866:	8241                	srli	a2,a2,0x10
    1868:	06b2                	slli	a3,a3,0xc
    186a:	00c36333          	or	t1,t1,a2
    186e:	8e55                	or	a2,a2,a3
    1870:	8f51                	or	a4,a4,a2
    1872:	400136b7          	lui	a3,0x40013
    1876:	07c2                	slli	a5,a5,0x10
    1878:	0742                	slli	a4,a4,0x10
    187a:	00651c23          	sh	t1,24(a0)
    187e:	c0068693          	addi	a3,a3,-1024 # 40012c00 <_eusrstack+0x20010c00>
    1882:	83c1                	srli	a5,a5,0x10
    1884:	8341                	srli	a4,a4,0x10
    1886:	00d50663          	beq	a0,a3,1892 <TI2_Config+0x50>
    188a:	400006b7          	lui	a3,0x40000
    188e:	00d51a63          	bne	a0,a3,18a2 <TI2_Config+0x60>
    1892:	fdf7f793          	andi	a5,a5,-33
    1896:	0592                	slli	a1,a1,0x4
    1898:	8ddd                	or	a1,a1,a5
    189a:	05c2                	slli	a1,a1,0x10
    189c:	81c1                	srli	a1,a1,0x10
    189e:	0105e793          	ori	a5,a1,16
    18a2:	ad1a                	sh	a4,24(a0)
    18a4:	b11e                	sh	a5,32(a0)
    18a6:	8082                	ret

000018a8 <TIM_TimeBaseInit>:
    18a8:	400137b7          	lui	a5,0x40013
    18ac:	c0078793          	addi	a5,a5,-1024 # 40012c00 <_eusrstack+0x20010c00>
    18b0:	00f50663          	beq	a0,a5,18bc <TIM_TimeBaseInit+0x14>
    18b4:	400007b7          	lui	a5,0x40000
    18b8:	02f51d63          	bne	a0,a5,18f2 <TIM_TimeBaseInit+0x4a>
    18bc:	211e                	lhu	a5,0(a0)
    18be:	21ba                	lhu	a4,2(a1)
    18c0:	07c2                	slli	a5,a5,0x10
    18c2:	83c1                	srli	a5,a5,0x10
    18c4:	f8f7f793          	andi	a5,a5,-113
    18c8:	8fd9                	or	a5,a5,a4
    18ca:	21fa                	lhu	a4,6(a1)
    18cc:	cff7f793          	andi	a5,a5,-769
    18d0:	8fd9                	or	a5,a5,a4
    18d2:	a11e                	sh	a5,0(a0)
    18d4:	21de                	lhu	a5,4(a1)
    18d6:	b55e                	sh	a5,44(a0)
    18d8:	219e                	lhu	a5,0(a1)
    18da:	b51e                	sh	a5,40(a0)
    18dc:	400137b7          	lui	a5,0x40013
    18e0:	c0078793          	addi	a5,a5,-1024 # 40012c00 <_eusrstack+0x20010c00>
    18e4:	00f51463          	bne	a0,a5,18ec <TIM_TimeBaseInit+0x44>
    18e8:	259c                	lbu	a5,8(a1)
    18ea:	b91e                	sh	a5,48(a0)
    18ec:	4785                	li	a5,1
    18ee:	a95e                	sh	a5,20(a0)
    18f0:	8082                	ret
    18f2:	400017b7          	lui	a5,0x40001
    18f6:	80078793          	addi	a5,a5,-2048 # 40000800 <_eusrstack+0x1fffe800>
    18fa:	00f51c63          	bne	a0,a5,1912 <TIM_TimeBaseInit+0x6a>
    18fe:	211e                	lhu	a5,0(a0)
    1900:	21ba                	lhu	a4,2(a1)
    1902:	07c2                	slli	a5,a5,0x10
    1904:	83c1                	srli	a5,a5,0x10
    1906:	f8f7f793          	andi	a5,a5,-113
    190a:	8fd9                	or	a5,a5,a4
    190c:	a11e                	sh	a5,0(a0)
    190e:	21de                	lhu	a5,4(a1)
    1910:	a55e                	sh	a5,12(a0)
    1912:	8082                	ret

00001914 <TIM_OC1Init>:
    1914:	311e                	lhu	a5,32(a0)
    1916:	219a                	lhu	a4,0(a1)
    1918:	0085d303          	lhu	t1,8(a1)
    191c:	07c2                	slli	a5,a5,0x10
    191e:	83c1                	srli	a5,a5,0x10
    1920:	9bf9                	andi	a5,a5,-2
    1922:	07c2                	slli	a5,a5,0x10
    1924:	83c1                	srli	a5,a5,0x10
    1926:	b11e                	sh	a5,32(a0)
    1928:	311e                	lhu	a5,32(a0)
    192a:	2152                	lhu	a2,4(a0)
    192c:	2d16                	lhu	a3,24(a0)
    192e:	07c2                	slli	a5,a5,0x10
    1930:	83c1                	srli	a5,a5,0x10
    1932:	06c2                	slli	a3,a3,0x10
    1934:	82c1                	srli	a3,a3,0x10
    1936:	f8c6f693          	andi	a3,a3,-116
    193a:	8ed9                	or	a3,a3,a4
    193c:	21ba                	lhu	a4,2(a1)
    193e:	9bf5                	andi	a5,a5,-3
    1940:	0642                	slli	a2,a2,0x10
    1942:	00e36733          	or	a4,t1,a4
    1946:	8fd9                	or	a5,a5,a4
    1948:	40013737          	lui	a4,0x40013
    194c:	c0070713          	addi	a4,a4,-1024 # 40012c00 <_eusrstack+0x20010c00>
    1950:	8241                	srli	a2,a2,0x10
    1952:	02e51663          	bne	a0,a4,197e <TIM_OC1Init+0x6a>
    1956:	25ba                	lhu	a4,10(a1)
    1958:	9bdd                	andi	a5,a5,-9
    195a:	00e5d303          	lhu	t1,14(a1)
    195e:	8fd9                	or	a5,a5,a4
    1960:	21da                	lhu	a4,4(a1)
    1962:	9bed                	andi	a5,a5,-5
    1964:	cff67613          	andi	a2,a2,-769
    1968:	8fd9                	or	a5,a5,a4
    196a:	25da                	lhu	a4,12(a1)
    196c:	00676733          	or	a4,a4,t1
    1970:	8e59                	or	a2,a2,a4
    1972:	21fa                	lhu	a4,6(a1)
    1974:	a152                	sh	a2,4(a0)
    1976:	ad16                	sh	a3,24(a0)
    1978:	d958                	sw	a4,52(a0)
    197a:	b11e                	sh	a5,32(a0)
    197c:	8082                	ret
    197e:	40000737          	lui	a4,0x40000
    1982:	fee518e3          	bne	a0,a4,1972 <TIM_OC1Init+0x5e>
    1986:	04455703          	lhu	a4,68(a0)
    198a:	0306                	slli	t1,t1,0x1
    198c:	0742                	slli	a4,a4,0x10
    198e:	8341                	srli	a4,a4,0x10
    1990:	9b49                	andi	a4,a4,-14
    1992:	0742                	slli	a4,a4,0x10
    1994:	8341                	srli	a4,a4,0x10
    1996:	04e51223          	sh	a4,68(a0)
    199a:	04455283          	lhu	t0,68(a0)
    199e:	21da                	lhu	a4,4(a1)
    19a0:	00a5d383          	lhu	t2,10(a1)
    19a4:	8309                	srli	a4,a4,0x2
    19a6:	0072e2b3          	or	t0,t0,t2
    19aa:	00576733          	or	a4,a4,t0
    19ae:	00676733          	or	a4,a4,t1
    19b2:	0742                	slli	a4,a4,0x10
    19b4:	8341                	srli	a4,a4,0x10
    19b6:	04e51223          	sh	a4,68(a0)
    19ba:	bf65                	j	1972 <TIM_OC1Init+0x5e>

000019bc <TIM_OC2Init>:
    19bc:	311e                	lhu	a5,32(a0)
    19be:	7765                	lui	a4,0xffff9
    19c0:	cff70713          	addi	a4,a4,-769 # ffff8cff <_eusrstack+0xdfff6cff>
    19c4:	07c2                	slli	a5,a5,0x10
    19c6:	83c1                	srli	a5,a5,0x10
    19c8:	9bbd                	andi	a5,a5,-17
    19ca:	07c2                	slli	a5,a5,0x10
    19cc:	83c1                	srli	a5,a5,0x10
    19ce:	b11e                	sh	a5,32(a0)
    19d0:	311e                	lhu	a5,32(a0)
    19d2:	2152                	lhu	a2,4(a0)
    19d4:	2d16                	lhu	a3,24(a0)
    19d6:	0085d303          	lhu	t1,8(a1)
    19da:	07c2                	slli	a5,a5,0x10
    19dc:	8ef9                	and	a3,a3,a4
    19de:	219a                	lhu	a4,0(a1)
    19e0:	83c1                	srli	a5,a5,0x10
    19e2:	fdf7f793          	andi	a5,a5,-33
    19e6:	0722                	slli	a4,a4,0x8
    19e8:	8ed9                	or	a3,a3,a4
    19ea:	21ba                	lhu	a4,2(a1)
    19ec:	0642                	slli	a2,a2,0x10
    19ee:	06c2                	slli	a3,a3,0x10
    19f0:	00e36733          	or	a4,t1,a4
    19f4:	0712                	slli	a4,a4,0x4
    19f6:	8fd9                	or	a5,a5,a4
    19f8:	40013737          	lui	a4,0x40013
    19fc:	07c2                	slli	a5,a5,0x10
    19fe:	c0070713          	addi	a4,a4,-1024 # 40012c00 <_eusrstack+0x20010c00>
    1a02:	8241                	srli	a2,a2,0x10
    1a04:	82c1                	srli	a3,a3,0x10
    1a06:	83c1                	srli	a5,a5,0x10
    1a08:	04e51463          	bne	a0,a4,1a50 <TIM_OC2Init+0x94>
    1a0c:	25ba                	lhu	a4,10(a1)
    1a0e:	f7f7f793          	andi	a5,a5,-129
    1a12:	00c5d303          	lhu	t1,12(a1)
    1a16:	0712                	slli	a4,a4,0x4
    1a18:	8fd9                	or	a5,a5,a4
    1a1a:	21da                	lhu	a4,4(a1)
    1a1c:	07c2                	slli	a5,a5,0x10
    1a1e:	83c1                	srli	a5,a5,0x10
    1a20:	0712                	slli	a4,a4,0x4
    1a22:	fbf7f793          	andi	a5,a5,-65
    1a26:	8fd9                	or	a5,a5,a4
    1a28:	777d                	lui	a4,0xfffff
    1a2a:	3ff70713          	addi	a4,a4,1023 # fffff3ff <_eusrstack+0xdfffd3ff>
    1a2e:	8f71                	and	a4,a4,a2
    1a30:	25f2                	lhu	a2,14(a1)
    1a32:	07c2                	slli	a5,a5,0x10
    1a34:	83c1                	srli	a5,a5,0x10
    1a36:	00666633          	or	a2,a2,t1
    1a3a:	060a                	slli	a2,a2,0x2
    1a3c:	8f51                	or	a4,a4,a2
    1a3e:	01071613          	slli	a2,a4,0x10
    1a42:	8241                	srli	a2,a2,0x10
    1a44:	21fa                	lhu	a4,6(a1)
    1a46:	a152                	sh	a2,4(a0)
    1a48:	ad16                	sh	a3,24(a0)
    1a4a:	dd18                	sw	a4,56(a0)
    1a4c:	b11e                	sh	a5,32(a0)
    1a4e:	8082                	ret
    1a50:	40000737          	lui	a4,0x40000
    1a54:	fee518e3          	bne	a0,a4,1a44 <TIM_OC2Init+0x88>
    1a58:	04455703          	lhu	a4,68(a0)
    1a5c:	030e                	slli	t1,t1,0x3
    1a5e:	0742                	slli	a4,a4,0x10
    1a60:	8341                	srli	a4,a4,0x10
    1a62:	fcd77713          	andi	a4,a4,-51
    1a66:	0742                	slli	a4,a4,0x10
    1a68:	8341                	srli	a4,a4,0x10
    1a6a:	04e51223          	sh	a4,68(a0)
    1a6e:	25ba                	lhu	a4,10(a1)
    1a70:	04455283          	lhu	t0,68(a0)
    1a74:	070a                	slli	a4,a4,0x2
    1a76:	00676733          	or	a4,a4,t1
    1a7a:	0045d303          	lhu	t1,4(a1)
    1a7e:	00135313          	srli	t1,t1,0x1
    1a82:	0062e333          	or	t1,t0,t1
    1a86:	00676733          	or	a4,a4,t1
    1a8a:	0742                	slli	a4,a4,0x10
    1a8c:	8341                	srli	a4,a4,0x10
    1a8e:	04e51223          	sh	a4,68(a0)
    1a92:	bf4d                	j	1a44 <TIM_OC2Init+0x88>

00001a94 <TIM_OC4Init>:
    1a94:	311e                	lhu	a5,32(a0)
    1a96:	777d                	lui	a4,0xfffff
    1a98:	177d                	addi	a4,a4,-1 # ffffefff <_eusrstack+0xdfffcfff>
    1a9a:	8ff9                	and	a5,a5,a4
    1a9c:	b11e                	sh	a5,32(a0)
    1a9e:	311e                	lhu	a5,32(a0)
    1aa0:	2152                	lhu	a2,4(a0)
    1aa2:	2d56                	lhu	a3,28(a0)
    1aa4:	7765                	lui	a4,0xffff9
    1aa6:	cff70713          	addi	a4,a4,-769 # ffff8cff <_eusrstack+0xdfff6cff>
    1aaa:	8ef9                	and	a3,a3,a4
    1aac:	219a                	lhu	a4,0(a1)
    1aae:	0085d303          	lhu	t1,8(a1)
    1ab2:	0642                	slli	a2,a2,0x10
    1ab4:	0722                	slli	a4,a4,0x8
    1ab6:	8ed9                	or	a3,a3,a4
    1ab8:	7779                	lui	a4,0xffffe
    1aba:	177d                	addi	a4,a4,-1 # ffffdfff <_eusrstack+0xdfffbfff>
    1abc:	8ff9                	and	a5,a5,a4
    1abe:	21ba                	lhu	a4,2(a1)
    1ac0:	06c2                	slli	a3,a3,0x10
    1ac2:	8241                	srli	a2,a2,0x10
    1ac4:	00676733          	or	a4,a4,t1
    1ac8:	0732                	slli	a4,a4,0xc
    1aca:	8fd9                	or	a5,a5,a4
    1acc:	40013737          	lui	a4,0x40013
    1ad0:	07c2                	slli	a5,a5,0x10
    1ad2:	c0070713          	addi	a4,a4,-1024 # 40012c00 <_eusrstack+0x20010c00>
    1ad6:	82c1                	srli	a3,a3,0x10
    1ad8:	83c1                	srli	a5,a5,0x10
    1ada:	00e51b63          	bne	a0,a4,1af0 <TIM_OC4Init+0x5c>
    1ade:	7771                	lui	a4,0xffffc
    1ae0:	177d                	addi	a4,a4,-1 # ffffbfff <_eusrstack+0xdfff9fff>
    1ae2:	8f71                	and	a4,a4,a2
    1ae4:	25d2                	lhu	a2,12(a1)
    1ae6:	061a                	slli	a2,a2,0x6
    1ae8:	8f51                	or	a4,a4,a2
    1aea:	01071613          	slli	a2,a4,0x10
    1aee:	8241                	srli	a2,a2,0x10
    1af0:	21fa                	lhu	a4,6(a1)
    1af2:	a152                	sh	a2,4(a0)
    1af4:	ad56                	sh	a3,28(a0)
    1af6:	c138                	sw	a4,64(a0)
    1af8:	b11e                	sh	a5,32(a0)
    1afa:	8082                	ret

00001afc <TIM_OCStructInit>:
    1afc:	00051023          	sh	zero,0(a0)
    1b00:	00051123          	sh	zero,2(a0)
    1b04:	00051223          	sh	zero,4(a0)
    1b08:	00051323          	sh	zero,6(a0)
    1b0c:	00051423          	sh	zero,8(a0)
    1b10:	00051523          	sh	zero,10(a0)
    1b14:	00051623          	sh	zero,12(a0)
    1b18:	00051723          	sh	zero,14(a0)
    1b1c:	8082                	ret

00001b1e <TIM_ICStructInit>:
    1b1e:	4785                	li	a5,1
    1b20:	00051023          	sh	zero,0(a0)
    1b24:	00051123          	sh	zero,2(a0)
    1b28:	a15e                	sh	a5,4(a0)
    1b2a:	00051323          	sh	zero,6(a0)
    1b2e:	00051423          	sh	zero,8(a0)
    1b32:	8082                	ret

00001b34 <TIM_Cmd>:
    1b34:	400137b7          	lui	a5,0x40013
    1b38:	c0078793          	addi	a5,a5,-1024 # 40012c00 <_eusrstack+0x20010c00>
    1b3c:	c19d                	beqz	a1,1b62 <TIM_Cmd+0x2e>
    1b3e:	00f50663          	beq	a0,a5,1b4a <TIM_Cmd+0x16>
    1b42:	400007b7          	lui	a5,0x40000
    1b46:	00f51763          	bne	a0,a5,1b54 <TIM_Cmd+0x20>
    1b4a:	211e                	lhu	a5,0(a0)
    1b4c:	0017e793          	ori	a5,a5,1
    1b50:	a11e                	sh	a5,0(a0)
    1b52:	a039                	j	1b60 <TIM_Cmd+0x2c>
    1b54:	400017b7          	lui	a5,0x40001
    1b58:	80078793          	addi	a5,a5,-2048 # 40000800 <_eusrstack+0x1fffe800>
    1b5c:	fef507e3          	beq	a0,a5,1b4a <TIM_Cmd+0x16>
    1b60:	8082                	ret
    1b62:	00f50663          	beq	a0,a5,1b6e <TIM_Cmd+0x3a>
    1b66:	400007b7          	lui	a5,0x40000
    1b6a:	00f51963          	bne	a0,a5,1b7c <TIM_Cmd+0x48>
    1b6e:	211e                	lhu	a5,0(a0)
    1b70:	07c2                	slli	a5,a5,0x10
    1b72:	83c1                	srli	a5,a5,0x10
    1b74:	9bf9                	andi	a5,a5,-2
    1b76:	07c2                	slli	a5,a5,0x10
    1b78:	83c1                	srli	a5,a5,0x10
    1b7a:	bfd9                	j	1b50 <TIM_Cmd+0x1c>
    1b7c:	400017b7          	lui	a5,0x40001
    1b80:	80078793          	addi	a5,a5,-2048 # 40000800 <_eusrstack+0x1fffe800>
    1b84:	fcf51ee3          	bne	a0,a5,1b60 <TIM_Cmd+0x2c>
    1b88:	b7dd                	j	1b6e <TIM_Cmd+0x3a>

00001b8a <TIM_CtrlPWMOutputs>:
    1b8a:	04455783          	lhu	a5,68(a0)
    1b8e:	c591                	beqz	a1,1b9a <TIM_CtrlPWMOutputs+0x10>
    1b90:	6721                	lui	a4,0x8
    1b92:	8fd9                	or	a5,a5,a4
    1b94:	04f51223          	sh	a5,68(a0)
    1b98:	8082                	ret
    1b9a:	07c6                	slli	a5,a5,0x11
    1b9c:	83c5                	srli	a5,a5,0x11
    1b9e:	bfdd                	j	1b94 <TIM_CtrlPWMOutputs+0xa>

00001ba0 <TIM_ITConfig>:
    1ba0:	255e                	lhu	a5,12(a0)
    1ba2:	c601                	beqz	a2,1baa <TIM_ITConfig+0xa>
    1ba4:	8fcd                	or	a5,a5,a1
    1ba6:	a55e                	sh	a5,12(a0)
    1ba8:	8082                	ret
    1baa:	fff5c593          	not	a1,a1
    1bae:	8fed                	and	a5,a5,a1
    1bb0:	bfdd                	j	1ba6 <TIM_ITConfig+0x6>

00001bb2 <TIM_SelectInputTrigger>:
    1bb2:	251e                	lhu	a5,8(a0)
    1bb4:	07c2                	slli	a5,a5,0x10
    1bb6:	83c1                	srli	a5,a5,0x10
    1bb8:	f8f7f793          	andi	a5,a5,-113
    1bbc:	8fcd                	or	a5,a5,a1
    1bbe:	a51e                	sh	a5,8(a0)
    1bc0:	8082                	ret

00001bc2 <TIM_ARRPreloadConfig>:
    1bc2:	400137b7          	lui	a5,0x40013
    1bc6:	c0078793          	addi	a5,a5,-1024 # 40012c00 <_eusrstack+0x20010c00>
    1bca:	c19d                	beqz	a1,1bf0 <TIM_ARRPreloadConfig+0x2e>
    1bcc:	00f50663          	beq	a0,a5,1bd8 <TIM_ARRPreloadConfig+0x16>
    1bd0:	400007b7          	lui	a5,0x40000
    1bd4:	00f51763          	bne	a0,a5,1be2 <TIM_ARRPreloadConfig+0x20>
    1bd8:	211e                	lhu	a5,0(a0)
    1bda:	0807e793          	ori	a5,a5,128
    1bde:	a11e                	sh	a5,0(a0)
    1be0:	a039                	j	1bee <TIM_ARRPreloadConfig+0x2c>
    1be2:	400017b7          	lui	a5,0x40001
    1be6:	80078793          	addi	a5,a5,-2048 # 40000800 <_eusrstack+0x1fffe800>
    1bea:	fef507e3          	beq	a0,a5,1bd8 <TIM_ARRPreloadConfig+0x16>
    1bee:	8082                	ret
    1bf0:	00f50663          	beq	a0,a5,1bfc <TIM_ARRPreloadConfig+0x3a>
    1bf4:	400007b7          	lui	a5,0x40000
    1bf8:	00f51a63          	bne	a0,a5,1c0c <TIM_ARRPreloadConfig+0x4a>
    1bfc:	211e                	lhu	a5,0(a0)
    1bfe:	07c2                	slli	a5,a5,0x10
    1c00:	83c1                	srli	a5,a5,0x10
    1c02:	f7f7f793          	andi	a5,a5,-129
    1c06:	07c2                	slli	a5,a5,0x10
    1c08:	83c1                	srli	a5,a5,0x10
    1c0a:	bfd1                	j	1bde <TIM_ARRPreloadConfig+0x1c>
    1c0c:	400017b7          	lui	a5,0x40001
    1c10:	80078793          	addi	a5,a5,-2048 # 40000800 <_eusrstack+0x1fffe800>
    1c14:	fcf51de3          	bne	a0,a5,1bee <TIM_ARRPreloadConfig+0x2c>
    1c18:	b7d5                	j	1bfc <TIM_ARRPreloadConfig+0x3a>

00001c1a <TIM_OC1PreloadConfig>:
    1c1a:	400137b7          	lui	a5,0x40013
    1c1e:	c0078793          	addi	a5,a5,-1024 # 40012c00 <_eusrstack+0x20010c00>
    1c22:	00f50663          	beq	a0,a5,1c2e <TIM_OC1PreloadConfig+0x14>
    1c26:	400007b7          	lui	a5,0x40000
    1c2a:	00f51963          	bne	a0,a5,1c3c <TIM_OC1PreloadConfig+0x22>
    1c2e:	2d1e                	lhu	a5,24(a0)
    1c30:	07c2                	slli	a5,a5,0x10
    1c32:	83c1                	srli	a5,a5,0x10
    1c34:	9bdd                	andi	a5,a5,-9
    1c36:	8ddd                	or	a1,a1,a5
    1c38:	ad0e                	sh	a1,24(a0)
    1c3a:	8082                	ret
    1c3c:	400017b7          	lui	a5,0x40001
    1c40:	80078793          	addi	a5,a5,-2048 # 40000800 <_eusrstack+0x1fffe800>
    1c44:	00f51963          	bne	a0,a5,1c56 <TIM_OC1PreloadConfig+0x3c>
    1c48:	215e                	lhu	a5,4(a0)
    1c4a:	818d                	srli	a1,a1,0x3
    1c4c:	07c2                	slli	a5,a5,0x10
    1c4e:	83c1                	srli	a5,a5,0x10
    1c50:	9bf9                	andi	a5,a5,-2
    1c52:	8ddd                	or	a1,a1,a5
    1c54:	a14e                	sh	a1,4(a0)
    1c56:	8082                	ret

00001c58 <TIM_OC2PreloadConfig>:
    1c58:	400137b7          	lui	a5,0x40013
    1c5c:	c0078793          	addi	a5,a5,-1024 # 40012c00 <_eusrstack+0x20010c00>
    1c60:	00f50663          	beq	a0,a5,1c6c <TIM_OC2PreloadConfig+0x14>
    1c64:	400007b7          	lui	a5,0x40000
    1c68:	00f51d63          	bne	a0,a5,1c82 <TIM_OC2PreloadConfig+0x2a>
    1c6c:	2d1e                	lhu	a5,24(a0)
    1c6e:	777d                	lui	a4,0xfffff
    1c70:	7ff70713          	addi	a4,a4,2047 # fffff7ff <_eusrstack+0xdfffd7ff>
    1c74:	8ff9                	and	a5,a5,a4
    1c76:	05a2                	slli	a1,a1,0x8
    1c78:	8fcd                	or	a5,a5,a1
    1c7a:	07c2                	slli	a5,a5,0x10
    1c7c:	83c1                	srli	a5,a5,0x10
    1c7e:	ad1e                	sh	a5,24(a0)
    1c80:	8082                	ret
    1c82:	400017b7          	lui	a5,0x40001
    1c86:	80078793          	addi	a5,a5,-2048 # 40000800 <_eusrstack+0x1fffe800>
    1c8a:	00f51963          	bne	a0,a5,1c9c <TIM_OC2PreloadConfig+0x44>
    1c8e:	215e                	lhu	a5,4(a0)
    1c90:	8189                	srli	a1,a1,0x2
    1c92:	07c2                	slli	a5,a5,0x10
    1c94:	83c1                	srli	a5,a5,0x10
    1c96:	9bf5                	andi	a5,a5,-3
    1c98:	8ddd                	or	a1,a1,a5
    1c9a:	a14e                	sh	a1,4(a0)
    1c9c:	8082                	ret

00001c9e <TIM_OC4PreloadConfig>:
    1c9e:	400137b7          	lui	a5,0x40013
    1ca2:	c0078793          	addi	a5,a5,-1024 # 40012c00 <_eusrstack+0x20010c00>
    1ca6:	872e                	mv	a4,a1
    1ca8:	00f50663          	beq	a0,a5,1cb4 <TIM_OC4PreloadConfig+0x16>
    1cac:	400007b7          	lui	a5,0x40000
    1cb0:	00f51d63          	bne	a0,a5,1cca <TIM_OC4PreloadConfig+0x2c>
    1cb4:	2d4e                	lhu	a1,28(a0)
    1cb6:	77fd                	lui	a5,0xfffff
    1cb8:	7ff78793          	addi	a5,a5,2047 # fffff7ff <_eusrstack+0xdfffd7ff>
    1cbc:	8dfd                	and	a1,a1,a5
    1cbe:	0722                	slli	a4,a4,0x8
    1cc0:	8dd9                	or	a1,a1,a4
    1cc2:	05c2                	slli	a1,a1,0x10
    1cc4:	81c1                	srli	a1,a1,0x10
    1cc6:	ad4e                	sh	a1,28(a0)
    1cc8:	8082                	ret
    1cca:	400017b7          	lui	a5,0x40001
    1cce:	80078793          	addi	a5,a5,-2048 # 40000800 <_eusrstack+0x1fffe800>
    1cd2:	00f51863          	bne	a0,a5,1ce2 <TIM_OC4PreloadConfig+0x44>
    1cd6:	215e                	lhu	a5,4(a0)
    1cd8:	07c2                	slli	a5,a5,0x10
    1cda:	83c1                	srli	a5,a5,0x10
    1cdc:	9bdd                	andi	a5,a5,-9
    1cde:	8ddd                	or	a1,a1,a5
    1ce0:	a14e                	sh	a1,4(a0)
    1ce2:	8082                	ret

00001ce4 <TIM_OC2PolarityConfig>:
    1ce4:	311e                	lhu	a5,32(a0)
    1ce6:	0592                	slli	a1,a1,0x4
    1ce8:	07c2                	slli	a5,a5,0x10
    1cea:	83c1                	srli	a5,a5,0x10
    1cec:	fdf7f793          	andi	a5,a5,-33
    1cf0:	8fcd                	or	a5,a5,a1
    1cf2:	07c2                	slli	a5,a5,0x10
    1cf4:	83c1                	srli	a5,a5,0x10
    1cf6:	b11e                	sh	a5,32(a0)
    1cf8:	8082                	ret

00001cfa <TIM_CCxCmd>:
    1cfa:	311a                	lhu	a4,32(a0)
    1cfc:	4785                	li	a5,1
    1cfe:	00b797b3          	sll	a5,a5,a1
    1d02:	fff7c793          	not	a5,a5
    1d06:	8ff9                	and	a5,a5,a4
    1d08:	b11e                	sh	a5,32(a0)
    1d0a:	311e                	lhu	a5,32(a0)
    1d0c:	00b61633          	sll	a2,a2,a1
    1d10:	8fd1                	or	a5,a5,a2
    1d12:	07c2                	slli	a5,a5,0x10
    1d14:	83c1                	srli	a5,a5,0x10
    1d16:	b11e                	sh	a5,32(a0)
    1d18:	8082                	ret

00001d1a <TIM_SelectOutputTrigger>:
    1d1a:	215e                	lhu	a5,4(a0)
    1d1c:	07c2                	slli	a5,a5,0x10
    1d1e:	83c1                	srli	a5,a5,0x10
    1d20:	f8f7f793          	andi	a5,a5,-113
    1d24:	07c2                	slli	a5,a5,0x10
    1d26:	83c1                	srli	a5,a5,0x10
    1d28:	a15e                	sh	a5,4(a0)
    1d2a:	215e                	lhu	a5,4(a0)
    1d2c:	8fcd                	or	a5,a5,a1
    1d2e:	a15e                	sh	a5,4(a0)
    1d30:	8082                	ret

00001d32 <TIM_SelectSlaveMode>:
    1d32:	400137b7          	lui	a5,0x40013
    1d36:	c0078793          	addi	a5,a5,-1024 # 40012c00 <_eusrstack+0x20010c00>
    1d3a:	00f50663          	beq	a0,a5,1d46 <TIM_SelectSlaveMode+0x14>
    1d3e:	400007b7          	lui	a5,0x40000
    1d42:	00f51d63          	bne	a0,a5,1d5c <TIM_SelectSlaveMode+0x2a>
    1d46:	251e                	lhu	a5,8(a0)
    1d48:	07c2                	slli	a5,a5,0x10
    1d4a:	83c1                	srli	a5,a5,0x10
    1d4c:	9be1                	andi	a5,a5,-8
    1d4e:	07c2                	slli	a5,a5,0x10
    1d50:	83c1                	srli	a5,a5,0x10
    1d52:	a51e                	sh	a5,8(a0)
    1d54:	251e                	lhu	a5,8(a0)
    1d56:	8fcd                	or	a5,a5,a1
    1d58:	a51e                	sh	a5,8(a0)
    1d5a:	8082                	ret
    1d5c:	400017b7          	lui	a5,0x40001
    1d60:	80078793          	addi	a5,a5,-2048 # 40000800 <_eusrstack+0x1fffe800>
    1d64:	02f51063          	bne	a0,a5,1d84 <TIM_SelectSlaveMode+0x52>
    1d68:	211e                	lhu	a5,0(a0)
    1d6a:	05a2                	slli	a1,a1,0x8
    1d6c:	07c2                	slli	a5,a5,0x10
    1d6e:	83c1                	srli	a5,a5,0x10
    1d70:	8ff7f793          	andi	a5,a5,-1793
    1d74:	07c2                	slli	a5,a5,0x10
    1d76:	83c1                	srli	a5,a5,0x10
    1d78:	a11e                	sh	a5,0(a0)
    1d7a:	211e                	lhu	a5,0(a0)
    1d7c:	8fcd                	or	a5,a5,a1
    1d7e:	07c2                	slli	a5,a5,0x10
    1d80:	83c1                	srli	a5,a5,0x10
    1d82:	a11e                	sh	a5,0(a0)
    1d84:	8082                	ret

00001d86 <TIM_SetCompare1>:
    1d86:	400137b7          	lui	a5,0x40013
    1d8a:	c0078793          	addi	a5,a5,-1024 # 40012c00 <_eusrstack+0x20010c00>
    1d8e:	00f50663          	beq	a0,a5,1d9a <TIM_SetCompare1+0x14>
    1d92:	400007b7          	lui	a5,0x40000
    1d96:	00f51463          	bne	a0,a5,1d9e <TIM_SetCompare1+0x18>
    1d9a:	d94c                	sw	a1,52(a0)
    1d9c:	8082                	ret
    1d9e:	400017b7          	lui	a5,0x40001
    1da2:	80078793          	addi	a5,a5,-2048 # 40000800 <_eusrstack+0x1fffe800>
    1da6:	00f51363          	bne	a0,a5,1dac <TIM_SetCompare1+0x26>
    1daa:	a90e                	sh	a1,16(a0)
    1dac:	8082                	ret

00001dae <TIM_SetCompare2>:
    1dae:	400137b7          	lui	a5,0x40013
    1db2:	c0078793          	addi	a5,a5,-1024 # 40012c00 <_eusrstack+0x20010c00>
    1db6:	00f50663          	beq	a0,a5,1dc2 <TIM_SetCompare2+0x14>
    1dba:	400007b7          	lui	a5,0x40000
    1dbe:	00f51463          	bne	a0,a5,1dc6 <TIM_SetCompare2+0x18>
    1dc2:	dd0c                	sw	a1,56(a0)
    1dc4:	8082                	ret
    1dc6:	400017b7          	lui	a5,0x40001
    1dca:	80078793          	addi	a5,a5,-2048 # 40000800 <_eusrstack+0x1fffe800>
    1dce:	00f51363          	bne	a0,a5,1dd4 <TIM_SetCompare2+0x26>
    1dd2:	a94e                	sh	a1,20(a0)
    1dd4:	8082                	ret

00001dd6 <TIM_SetCompare4>:
    1dd6:	400137b7          	lui	a5,0x40013
    1dda:	c0078793          	addi	a5,a5,-1024 # 40012c00 <_eusrstack+0x20010c00>
    1dde:	00f50663          	beq	a0,a5,1dea <TIM_SetCompare4+0x14>
    1de2:	400007b7          	lui	a5,0x40000
    1de6:	00f51463          	bne	a0,a5,1dee <TIM_SetCompare4+0x18>
    1dea:	c12c                	sw	a1,64(a0)
    1dec:	8082                	ret
    1dee:	400017b7          	lui	a5,0x40001
    1df2:	80078793          	addi	a5,a5,-2048 # 40000800 <_eusrstack+0x1fffe800>
    1df6:	00f51363          	bne	a0,a5,1dfc <TIM_SetCompare4+0x26>
    1dfa:	ad4e                	sh	a1,28(a0)
    1dfc:	8082                	ret

00001dfe <TIM_SetIC1Prescaler>:
    1dfe:	2d1e                	lhu	a5,24(a0)
    1e00:	07c2                	slli	a5,a5,0x10
    1e02:	83c1                	srli	a5,a5,0x10
    1e04:	9bcd                	andi	a5,a5,-13
    1e06:	07c2                	slli	a5,a5,0x10
    1e08:	83c1                	srli	a5,a5,0x10
    1e0a:	ad1e                	sh	a5,24(a0)
    1e0c:	2d1e                	lhu	a5,24(a0)
    1e0e:	8fcd                	or	a5,a5,a1
    1e10:	ad1e                	sh	a5,24(a0)
    1e12:	8082                	ret

00001e14 <TIM_SetIC2Prescaler>:
    1e14:	2d1e                	lhu	a5,24(a0)
    1e16:	777d                	lui	a4,0xfffff
    1e18:	3ff70713          	addi	a4,a4,1023 # fffff3ff <_eusrstack+0xdfffd3ff>
    1e1c:	8ff9                	and	a5,a5,a4
    1e1e:	ad1e                	sh	a5,24(a0)
    1e20:	2d1e                	lhu	a5,24(a0)
    1e22:	05a2                	slli	a1,a1,0x8
    1e24:	8fcd                	or	a5,a5,a1
    1e26:	07c2                	slli	a5,a5,0x10
    1e28:	83c1                	srli	a5,a5,0x10
    1e2a:	ad1e                	sh	a5,24(a0)
    1e2c:	8082                	ret

00001e2e <TIM_SetIC3Prescaler>:
    1e2e:	2d5e                	lhu	a5,28(a0)
    1e30:	07c2                	slli	a5,a5,0x10
    1e32:	83c1                	srli	a5,a5,0x10
    1e34:	9bcd                	andi	a5,a5,-13
    1e36:	07c2                	slli	a5,a5,0x10
    1e38:	83c1                	srli	a5,a5,0x10
    1e3a:	ad5e                	sh	a5,28(a0)
    1e3c:	2d5e                	lhu	a5,28(a0)
    1e3e:	8fcd                	or	a5,a5,a1
    1e40:	ad5e                	sh	a5,28(a0)
    1e42:	8082                	ret

00001e44 <TIM_SetIC4Prescaler>:
    1e44:	2d5e                	lhu	a5,28(a0)
    1e46:	777d                	lui	a4,0xfffff
    1e48:	3ff70713          	addi	a4,a4,1023 # fffff3ff <_eusrstack+0xdfffd3ff>
    1e4c:	8ff9                	and	a5,a5,a4
    1e4e:	ad5e                	sh	a5,28(a0)
    1e50:	2d5e                	lhu	a5,28(a0)
    1e52:	05a2                	slli	a1,a1,0x8
    1e54:	8fcd                	or	a5,a5,a1
    1e56:	07c2                	slli	a5,a5,0x10
    1e58:	83c1                	srli	a5,a5,0x10
    1e5a:	ad5e                	sh	a5,28(a0)
    1e5c:	8082                	ret

00001e5e <TIM_ICInit>:
    1e5e:	a4afe2ef          	jal	t0,a8 <__riscv_save_0>
    1e62:	219a                	lhu	a4,0(a1)
    1e64:	21be                	lhu	a5,2(a1)
    1e66:	21d2                	lhu	a2,4(a1)
    1e68:	2596                	lhu	a3,8(a1)
    1e6a:	842a                	mv	s0,a0
    1e6c:	84ae                	mv	s1,a1
    1e6e:	eb09                	bnez	a4,1e80 <TIM_ICInit+0x22>
    1e70:	85be                	mv	a1,a5
    1e72:	97bff0ef          	jal	ra,17ec <TI1_Config>
    1e76:	20ee                	lhu	a1,6(s1)
    1e78:	8522                	mv	a0,s0
    1e7a:	3751                	jal	1dfe <TIM_SetIC1Prescaler>
    1e7c:	a36fe06f          	j	b2 <__riscv_restore_0>
    1e80:	4591                	li	a1,4
    1e82:	00b71963          	bne	a4,a1,1e94 <TIM_ICInit+0x36>
    1e86:	85be                	mv	a1,a5
    1e88:	9bbff0ef          	jal	ra,1842 <TI2_Config>
    1e8c:	20ee                	lhu	a1,6(s1)
    1e8e:	8522                	mv	a0,s0
    1e90:	3751                	jal	1e14 <TIM_SetIC2Prescaler>
    1e92:	b7ed                	j	1e7c <TIM_ICInit+0x1e>
    1e94:	4521                	li	a0,8
    1e96:	20ee                	lhu	a1,6(s1)
    1e98:	06a71463          	bne	a4,a0,1f00 <TIM_ICInit+0xa2>
    1e9c:	301a                	lhu	a4,32(s0)
    1e9e:	0692                	slli	a3,a3,0x4
    1ea0:	0742                	slli	a4,a4,0x10
    1ea2:	8341                	srli	a4,a4,0x10
    1ea4:	eff77713          	andi	a4,a4,-257
    1ea8:	0742                	slli	a4,a4,0x10
    1eaa:	8341                	srli	a4,a4,0x10
    1eac:	b01a                	sh	a4,32(s0)
    1eae:	2c5a                	lhu	a4,28(s0)
    1eb0:	300a                	lhu	a0,32(s0)
    1eb2:	01c45303          	lhu	t1,28(s0)
    1eb6:	0742                	slli	a4,a4,0x10
    1eb8:	8341                	srli	a4,a4,0x10
    1eba:	f0c77713          	andi	a4,a4,-244
    1ebe:	8f51                	or	a4,a4,a2
    1ec0:	8f55                	or	a4,a4,a3
    1ec2:	00c36333          	or	t1,t1,a2
    1ec6:	400136b7          	lui	a3,0x40013
    1eca:	0542                	slli	a0,a0,0x10
    1ecc:	0742                	slli	a4,a4,0x10
    1ece:	00641e23          	sh	t1,28(s0)
    1ed2:	c0068693          	addi	a3,a3,-1024 # 40012c00 <_eusrstack+0x20010c00>
    1ed6:	8141                	srli	a0,a0,0x10
    1ed8:	8341                	srli	a4,a4,0x10
    1eda:	00d40663          	beq	s0,a3,1ee6 <TIM_ICInit+0x88>
    1ede:	400006b7          	lui	a3,0x40000
    1ee2:	00d41a63          	bne	s0,a3,1ef6 <TIM_ICInit+0x98>
    1ee6:	dff57513          	andi	a0,a0,-513
    1eea:	07a2                	slli	a5,a5,0x8
    1eec:	8fc9                	or	a5,a5,a0
    1eee:	07c2                	slli	a5,a5,0x10
    1ef0:	83c1                	srli	a5,a5,0x10
    1ef2:	1007e513          	ori	a0,a5,256
    1ef6:	ac5a                	sh	a4,28(s0)
    1ef8:	b00a                	sh	a0,32(s0)
    1efa:	8522                	mv	a0,s0
    1efc:	3f0d                	jal	1e2e <TIM_SetIC3Prescaler>
    1efe:	bfbd                	j	1e7c <TIM_ICInit+0x1e>
    1f00:	301a                	lhu	a4,32(s0)
    1f02:	757d                	lui	a0,0xfffff
    1f04:	157d                	addi	a0,a0,-1 # ffffefff <_eusrstack+0xdfffcfff>
    1f06:	8f69                	and	a4,a4,a0
    1f08:	b01a                	sh	a4,32(s0)
    1f0a:	2c4a                	lhu	a0,28(s0)
    1f0c:	6305                	lui	t1,0x1
    1f0e:	cff30313          	addi	t1,t1,-769 # cff <FLASH_ROM_ERASE+0xff>
    1f12:	301a                	lhu	a4,32(s0)
    1f14:	00657533          	and	a0,a0,t1
    1f18:	0622                	slli	a2,a2,0x8
    1f1a:	01c45303          	lhu	t1,28(s0)
    1f1e:	0642                	slli	a2,a2,0x10
    1f20:	8241                	srli	a2,a2,0x10
    1f22:	06b2                	slli	a3,a3,0xc
    1f24:	00c36333          	or	t1,t1,a2
    1f28:	8e55                	or	a2,a2,a3
    1f2a:	8d51                	or	a0,a0,a2
    1f2c:	400136b7          	lui	a3,0x40013
    1f30:	0742                	slli	a4,a4,0x10
    1f32:	0542                	slli	a0,a0,0x10
    1f34:	00641e23          	sh	t1,28(s0)
    1f38:	c0068693          	addi	a3,a3,-1024 # 40012c00 <_eusrstack+0x20010c00>
    1f3c:	8341                	srli	a4,a4,0x10
    1f3e:	8141                	srli	a0,a0,0x10
    1f40:	00d40663          	beq	s0,a3,1f4c <TIM_ICInit+0xee>
    1f44:	400006b7          	lui	a3,0x40000
    1f48:	00d41b63          	bne	s0,a3,1f5e <TIM_ICInit+0x100>
    1f4c:	76f9                	lui	a3,0xffffe
    1f4e:	16fd                	addi	a3,a3,-1 # ffffdfff <_eusrstack+0xdfffbfff>
    1f50:	8f75                	and	a4,a4,a3
    1f52:	07b2                	slli	a5,a5,0xc
    1f54:	8fd9                	or	a5,a5,a4
    1f56:	07c2                	slli	a5,a5,0x10
    1f58:	83c1                	srli	a5,a5,0x10
    1f5a:	6705                	lui	a4,0x1
    1f5c:	8f5d                	or	a4,a4,a5
    1f5e:	ac4a                	sh	a0,28(s0)
    1f60:	b01a                	sh	a4,32(s0)
    1f62:	8522                	mv	a0,s0
    1f64:	35c5                	jal	1e44 <TIM_SetIC4Prescaler>
    1f66:	bf19                	j	1e7c <TIM_ICInit+0x1e>

00001f68 <TIM_GetCapture2>:
    1f68:	40013737          	lui	a4,0x40013
    1f6c:	c0070713          	addi	a4,a4,-1024 # 40012c00 <_eusrstack+0x20010c00>
    1f70:	87aa                	mv	a5,a0
    1f72:	00e50663          	beq	a0,a4,1f7e <TIM_GetCapture2+0x16>
    1f76:	40000737          	lui	a4,0x40000
    1f7a:	00e51663          	bne	a0,a4,1f86 <TIM_GetCapture2+0x1e>
    1f7e:	5f88                	lw	a0,56(a5)
    1f80:	0542                	slli	a0,a0,0x10
    1f82:	8141                	srli	a0,a0,0x10
    1f84:	8082                	ret
    1f86:	40001737          	lui	a4,0x40001
    1f8a:	80070713          	addi	a4,a4,-2048 # 40000800 <_eusrstack+0x1fffe800>
    1f8e:	4501                	li	a0,0
    1f90:	fee79ae3          	bne	a5,a4,1f84 <TIM_GetCapture2+0x1c>
    1f94:	2bca                	lhu	a0,20(a5)
    1f96:	b7ed                	j	1f80 <TIM_GetCapture2+0x18>

00001f98 <TIM_ClearFlag>:
    1f98:	fff5c593          	not	a1,a1
    1f9c:	05c2                	slli	a1,a1,0x10
    1f9e:	81c1                	srli	a1,a1,0x10
    1fa0:	a90e                	sh	a1,16(a0)
    1fa2:	8082                	ret

00001fa4 <TIM_GetITStatus>:
    1fa4:	291e                	lhu	a5,16(a0)
    1fa6:	254a                	lhu	a0,12(a0)
    1fa8:	8fed                	and	a5,a5,a1
    1faa:	0542                	slli	a0,a0,0x10
    1fac:	8141                	srli	a0,a0,0x10
    1fae:	c789                	beqz	a5,1fb8 <TIM_GetITStatus+0x14>
    1fb0:	8d6d                	and	a0,a0,a1
    1fb2:	00a03533          	snez	a0,a0
    1fb6:	8082                	ret
    1fb8:	4501                	li	a0,0
    1fba:	8082                	ret

00001fbc <TIM_ClearITPendingBit>:
    1fbc:	fff5c593          	not	a1,a1
    1fc0:	05c2                	slli	a1,a1,0x10
    1fc2:	81c1                	srli	a1,a1,0x10
    1fc4:	a90e                	sh	a1,16(a0)
    1fc6:	8082                	ret

00001fc8 <USART_Init>:
    1fc8:	8e0fe2ef          	jal	t0,a8 <__riscv_save_0>
    1fcc:	2916                	lhu	a3,16(a0)
    1fce:	77f5                	lui	a5,0xffffd
    1fd0:	17fd                	addi	a5,a5,-1 # ffffcfff <_eusrstack+0xdfffafff>
    1fd2:	8efd                	and	a3,a3,a5
    1fd4:	21fe                	lhu	a5,6(a1)
    1fd6:	25da                	lhu	a4,12(a1)
    1fd8:	1121                	addi	sp,sp,-24
    1fda:	8fd5                	or	a5,a5,a3
    1fdc:	a91e                	sh	a5,16(a0)
    1fde:	2556                	lhu	a3,12(a0)
    1fe0:	77fd                	lui	a5,0xfffff
    1fe2:	9f378793          	addi	a5,a5,-1549 # ffffe9f3 <_eusrstack+0xdfffc9f3>
    1fe6:	8efd                	and	a3,a3,a5
    1fe8:	21de                	lhu	a5,4(a1)
    1fea:	842a                	mv	s0,a0
    1fec:	84ae                	mv	s1,a1
    1fee:	8fd5                	or	a5,a5,a3
    1ff0:	2596                	lhu	a3,8(a1)
    1ff2:	8fd5                	or	a5,a5,a3
    1ff4:	25b6                	lhu	a3,10(a1)
    1ff6:	8fd5                	or	a5,a5,a3
    1ff8:	a55e                	sh	a5,12(a0)
    1ffa:	295e                	lhu	a5,20(a0)
    1ffc:	07c2                	slli	a5,a5,0x10
    1ffe:	83c1                	srli	a5,a5,0x10
    2000:	cff7f793          	andi	a5,a5,-769
    2004:	8fd9                	or	a5,a5,a4
    2006:	a95e                	sh	a5,20(a0)
    2008:	0048                	addi	a0,sp,4
    200a:	e3cff0ef          	jal	ra,1646 <RCC_GetClocksFreq>
    200e:	400147b7          	lui	a5,0x40014
    2012:	80078793          	addi	a5,a5,-2048 # 40013800 <_eusrstack+0x20011800>
    2016:	04f41563          	bne	s0,a5,2060 <USART_Init+0x98>
    201a:	47c2                	lw	a5,16(sp)
    201c:	4565                	li	a0,25
    201e:	02a78533          	mul	a0,a5,a0
    2022:	408c                	lw	a1,0(s1)
    2024:	058a                	slli	a1,a1,0x2
    2026:	89efe0ef          	jal	ra,c4 <__hidden___udivsi3>
    202a:	06400593          	li	a1,100
    202e:	c02a                	sw	a0,0(sp)
    2030:	894fe0ef          	jal	ra,c4 <__hidden___udivsi3>
    2034:	00451493          	slli	s1,a0,0x4
    2038:	4502                	lw	a0,0(sp)
    203a:	06400593          	li	a1,100
    203e:	8b2fe0ef          	jal	ra,f0 <__umodsi3>
    2042:	0512                	slli	a0,a0,0x4
    2044:	06400593          	li	a1,100
    2048:	03250513          	addi	a0,a0,50
    204c:	878fe0ef          	jal	ra,c4 <__hidden___udivsi3>
    2050:	893d                	andi	a0,a0,15
    2052:	8d45                	or	a0,a0,s1
    2054:	0542                	slli	a0,a0,0x10
    2056:	8141                	srli	a0,a0,0x10
    2058:	a40a                	sh	a0,8(s0)
    205a:	0161                	addi	sp,sp,24
    205c:	856fe06f          	j	b2 <__riscv_restore_0>
    2060:	47b2                	lw	a5,12(sp)
    2062:	bf6d                	j	201c <USART_Init+0x54>

00002064 <USART_Cmd>:
    2064:	255e                	lhu	a5,12(a0)
    2066:	c589                	beqz	a1,2070 <USART_Cmd+0xc>
    2068:	6709                	lui	a4,0x2
    206a:	8fd9                	or	a5,a5,a4
    206c:	a55e                	sh	a5,12(a0)
    206e:	8082                	ret
    2070:	7779                	lui	a4,0xffffe
    2072:	177d                	addi	a4,a4,-1 # ffffdfff <_eusrstack+0xdfffbfff>
    2074:	8ff9                	and	a5,a5,a4
    2076:	bfdd                	j	206c <USART_Cmd+0x8>

00002078 <USART_ITConfig>:
    2078:	0ff5f713          	zext.b	a4,a1
    207c:	4785                	li	a5,1
    207e:	8315                	srli	a4,a4,0x5
    2080:	00b795b3          	sll	a1,a5,a1
    2084:	00f71963          	bne	a4,a5,2096 <USART_ITConfig+0x1e>
    2088:	00c50793          	addi	a5,a0,12
    208c:	4398                	lw	a4,0(a5)
    208e:	ce01                	beqz	a2,20a6 <USART_ITConfig+0x2e>
    2090:	8f4d                	or	a4,a4,a1
    2092:	c398                	sw	a4,0(a5)
    2094:	8082                	ret
    2096:	4689                	li	a3,2
    2098:	01450793          	addi	a5,a0,20
    209c:	fed718e3          	bne	a4,a3,208c <USART_ITConfig+0x14>
    20a0:	01050793          	addi	a5,a0,16
    20a4:	b7e5                	j	208c <USART_ITConfig+0x14>
    20a6:	fff5c593          	not	a1,a1
    20aa:	8df9                	and	a1,a1,a4
    20ac:	c38c                	sw	a1,0(a5)
    20ae:	8082                	ret

000020b0 <USART_SendData>:
    20b0:	1ff5f593          	andi	a1,a1,511
    20b4:	a14e                	sh	a1,4(a0)
    20b6:	8082                	ret

000020b8 <USART_ReceiveData>:
    20b8:	214a                	lhu	a0,4(a0)
    20ba:	1ff57513          	andi	a0,a0,511
    20be:	8082                	ret

000020c0 <USART_HalfDuplexCmd>:
    20c0:	295e                	lhu	a5,20(a0)
    20c2:	c589                	beqz	a1,20cc <USART_HalfDuplexCmd+0xc>
    20c4:	0087e793          	ori	a5,a5,8
    20c8:	a95e                	sh	a5,20(a0)
    20ca:	8082                	ret
    20cc:	07c2                	slli	a5,a5,0x10
    20ce:	83c1                	srli	a5,a5,0x10
    20d0:	9bdd                	andi	a5,a5,-9
    20d2:	07c2                	slli	a5,a5,0x10
    20d4:	83c1                	srli	a5,a5,0x10
    20d6:	bfcd                	j	20c8 <USART_HalfDuplexCmd+0x8>

000020d8 <USART_GetFlagStatus>:
    20d8:	210a                	lhu	a0,0(a0)
    20da:	8d6d                	and	a0,a0,a1
    20dc:	00a03533          	snez	a0,a0
    20e0:	8082                	ret

000020e2 <USART_GetITStatus>:
    20e2:	0ff5f713          	zext.b	a4,a1
    20e6:	4685                	li	a3,1
    20e8:	8315                	srli	a4,a4,0x5
    20ea:	87aa                	mv	a5,a0
    20ec:	00b69533          	sll	a0,a3,a1
    20f0:	02d71063          	bne	a4,a3,2110 <USART_GetITStatus+0x2e>
    20f4:	27da                	lhu	a4,12(a5)
    20f6:	239e                	lhu	a5,0(a5)
    20f8:	8d79                	and	a0,a0,a4
    20fa:	07c2                	slli	a5,a5,0x10
    20fc:	83c1                	srli	a5,a5,0x10
    20fe:	c901                	beqz	a0,210e <USART_GetITStatus+0x2c>
    2100:	81a1                	srli	a1,a1,0x8
    2102:	4705                	li	a4,1
    2104:	00b71733          	sll	a4,a4,a1
    2108:	8ff9                	and	a5,a5,a4
    210a:	00f03533          	snez	a0,a5
    210e:	8082                	ret
    2110:	4689                	li	a3,2
    2112:	00d71463          	bne	a4,a3,211a <USART_GetITStatus+0x38>
    2116:	2b9a                	lhu	a4,16(a5)
    2118:	bff9                	j	20f6 <USART_GetITStatus+0x14>
    211a:	2bda                	lhu	a4,20(a5)
    211c:	bfe9                	j	20f6 <USART_GetITStatus+0x14>

0000211e <Delay_Init>:
    211e:	f8bfd2ef          	jal	t0,a8 <__riscv_save_0>
    2122:	200007b7          	lui	a5,0x20000
    2126:	0107a503          	lw	a0,16(a5) # 20000010 <SystemCoreClock>
    212a:	007a15b7          	lui	a1,0x7a1
    212e:	20058593          	addi	a1,a1,512 # 7a1200 <_data_lma+0x79a224>
    2132:	f93fd0ef          	jal	ra,c4 <__hidden___udivsi3>
    2136:	0ff57513          	zext.b	a0,a0
    213a:	84a18923          	sb	a0,-1966(gp) # 200000e2 <p_us>
    213e:	3e800793          	li	a5,1000
    2142:	02f50533          	mul	a0,a0,a5
    2146:	84a19823          	sh	a0,-1968(gp) # 200000e0 <p_ms>
    214a:	f69fd06f          	j	b2 <__riscv_restore_0>

0000214e <Delay_Us>:
    214e:	e000f7b7          	lui	a5,0xe000f
    2152:	43d8                	lw	a4,4(a5)
    2154:	9b79                	andi	a4,a4,-2
    2156:	c3d8                	sw	a4,4(a5)
    2158:	8521c703          	lbu	a4,-1966(gp) # 200000e2 <p_us>
    215c:	02a70733          	mul	a4,a4,a0
    2160:	cb98                	sw	a4,16(a5)
    2162:	0007a423          	sw	zero,8(a5) # e000f008 <_eusrstack+0xc000d008>
    2166:	4398                	lw	a4,0(a5)
    2168:	00176713          	ori	a4,a4,1
    216c:	c398                	sw	a4,0(a5)
    216e:	43d8                	lw	a4,4(a5)
    2170:	8b05                	andi	a4,a4,1
    2172:	df75                	beqz	a4,216e <Delay_Us+0x20>
    2174:	4398                	lw	a4,0(a5)
    2176:	9b79                	andi	a4,a4,-2
    2178:	c398                	sw	a4,0(a5)
    217a:	8082                	ret

0000217c <Delay_Ms>:
    217c:	e000f7b7          	lui	a5,0xe000f
    2180:	43d8                	lw	a4,4(a5)
    2182:	9b79                	andi	a4,a4,-2
    2184:	c3d8                	sw	a4,4(a5)
    2186:	8501d703          	lhu	a4,-1968(gp) # 200000e0 <p_ms>
    218a:	02a70733          	mul	a4,a4,a0
    218e:	cb98                	sw	a4,16(a5)
    2190:	0007a423          	sw	zero,8(a5) # e000f008 <_eusrstack+0xc000d008>
    2194:	4398                	lw	a4,0(a5)
    2196:	00176713          	ori	a4,a4,1
    219a:	c398                	sw	a4,0(a5)
    219c:	43d8                	lw	a4,4(a5)
    219e:	8b05                	andi	a4,a4,1
    21a0:	df75                	beqz	a4,219c <Delay_Ms+0x20>
    21a2:	4398                	lw	a4,0(a5)
    21a4:	9b79                	andi	a4,a4,-2
    21a6:	c398                	sw	a4,0(a5)
    21a8:	8082                	ret

000021aa <__get_MSTATUS>:
    21aa:	30002573          	.4byte	0x30002573
    21ae:	8082                	ret

000021b0 <__set_MSTATUS>:
    21b0:	30051073          	.4byte	0x30051073
    21b4:	8082                	ret

000021b6 <ADC_Block_Sum>:
    21b6:	00151713          	slli	a4,a0,0x1
    21ba:	963a                	add	a2,a2,a4
    21bc:	87aa                	mv	a5,a0
    21be:	86818713          	addi	a4,gp,-1944 # 200000f8 <s_adc_dma_buffer>
    21c2:	4501                	li	a0,0
    21c4:	00b79363          	bne	a5,a1,21ca <ADC_Block_Sum+0x14>
    21c8:	8082                	ret
    21ca:	00161693          	slli	a3,a2,0x1
    21ce:	96ba                	add	a3,a3,a4
    21d0:	2296                	lhu	a3,0(a3)
    21d2:	0785                	addi	a5,a5,1
    21d4:	0ff7f793          	zext.b	a5,a5
    21d8:	9536                	add	a0,a0,a3
    21da:	0609                	addi	a2,a2,2 # 40021002 <_eusrstack+0x2001f002>
    21dc:	b7e5                	j	21c4 <ADC_Block_Sum+0xe>

000021de <D_ADC_DMA_ISR>:
    21de:	ecbfd2ef          	jal	t0,a8 <__riscv_save_0>
    21e2:	4521                	li	a0,8
    21e4:	901fe0ef          	jal	ra,ae4 <DMA_GetITStatus>
    21e8:	cd01                	beqz	a0,2200 <D_ADC_DMA_ISR+0x22>
    21ea:	4505                	li	a0,1
    21ec:	8fbfe0ef          	jal	ra,ae6 <DMA_ClearITPendingBit>
    21f0:	84018f23          	sb	zero,-1954(gp) # 200000ee <s_current_valid>
    21f4:	86019123          	sh	zero,-1950(gp) # 200000f2 <s_current_filtered>
    21f8:	840189a3          	sb	zero,-1965(gp) # 200000e3 <s_encoder_valid>
    21fc:	eb7fd06f          	j	b2 <__riscv_restore_0>
    2200:	4511                	li	a0,4
    2202:	8e3fe0ef          	jal	ra,ae4 <DMA_GetITStatus>
    2206:	c105                	beqz	a0,2226 <D_ADC_DMA_ISR+0x48>
    2208:	4511                	li	a0,4
    220a:	8ddfe0ef          	jal	ra,ae6 <DMA_ClearITPendingBit>
    220e:	4601                	li	a2,0
    2210:	45a9                	li	a1,10
    2212:	4501                	li	a0,0
    2214:	374d                	jal	21b6 <ADC_Block_Sum>
    2216:	86a1a223          	sw	a0,-1948(gp) # 200000f4 <s_current_half_sum>
    221a:	4605                	li	a2,1
    221c:	45a9                	li	a1,10
    221e:	4501                	li	a0,0
    2220:	3f59                	jal	21b6 <ADC_Block_Sum>
    2222:	84a1ac23          	sw	a0,-1960(gp) # 200000e8 <s_encoder_half_sum>
    2226:	4509                	li	a0,2
    2228:	8bdfe0ef          	jal	ra,ae4 <DMA_GetITStatus>
    222c:	d961                	beqz	a0,21fc <D_ADC_DMA_ISR+0x1e>
    222e:	4509                	li	a0,2
    2230:	8b7fe0ef          	jal	ra,ae6 <DMA_ClearITPendingBit>
    2234:	4605                	li	a2,1
    2236:	45d1                	li	a1,20
    2238:	4529                	li	a0,10
    223a:	3fb5                	jal	21b6 <ADC_Block_Sum>
    223c:	8581a783          	lw	a5,-1960(gp) # 200000e8 <s_encoder_half_sum>
    2240:	45d1                	li	a1,20
    2242:	953e                	add	a0,a0,a5
    2244:	0512                	slli	a0,a0,0x4
    2246:	0529                	addi	a0,a0,10
    2248:	e7dfd0ef          	jal	ra,c4 <__hidden___udivsi3>
    224c:	0542                	slli	a0,a0,0x10
    224e:	8141                	srli	a0,a0,0x10
    2250:	84a19a23          	sh	a0,-1964(gp) # 200000e4 <s_encoder_q4>
    2254:	4705                	li	a4,1
    2256:	84e189a3          	sb	a4,-1965(gp) # 200000e3 <s_encoder_valid>
    225a:	85c1c683          	lbu	a3,-1956(gp) # 200000ec <s_current_window_off>
    225e:	c691                	beqz	a3,226a <D_ADC_DMA_ISR+0x8c>
    2260:	84018f23          	sb	zero,-1954(gp) # 200000ee <s_current_valid>
    2264:	84e18ea3          	sb	a4,-1955(gp) # 200000ed <s_discard_dma_block>
    2268:	bf51                	j	21fc <D_ADC_DMA_ISR+0x1e>
    226a:	85d1c703          	lbu	a4,-1955(gp) # 200000ed <s_discard_dma_block>
    226e:	c701                	beqz	a4,2276 <D_ADC_DMA_ISR+0x98>
    2270:	84018ea3          	sb	zero,-1955(gp) # 200000ed <s_discard_dma_block>
    2274:	b761                	j	21fc <D_ADC_DMA_ISR+0x1e>
    2276:	4601                	li	a2,0
    2278:	45d1                	li	a1,20
    227a:	4529                	li	a0,10
    227c:	3f2d                	jal	21b6 <ADC_Block_Sum>
    227e:	8641a783          	lw	a5,-1948(gp) # 200000f4 <s_current_half_sum>
    2282:	45d1                	li	a1,20
    2284:	07a9                	addi	a5,a5,10
    2286:	953e                	add	a0,a0,a5
    2288:	e3dfd0ef          	jal	ra,c4 <__hidden___udivsi3>
    228c:	85e1c783          	lbu	a5,-1954(gp) # 200000ee <s_current_valid>
    2290:	c385                	beqz	a5,22b0 <D_ADC_DMA_ISR+0xd2>
    2292:	8621d783          	lhu	a5,-1950(gp) # 200000f2 <s_current_filtered>
    2296:	0542                	slli	a0,a0,0x10
    2298:	8141                	srli	a0,a0,0x10
    229a:	0785                	addi	a5,a5,1
    229c:	97aa                	add	a5,a5,a0
    229e:	8385                	srli	a5,a5,0x1
    22a0:	07c2                	slli	a5,a5,0x10
    22a2:	83c1                	srli	a5,a5,0x10
    22a4:	86f19123          	sh	a5,-1950(gp) # 200000f2 <s_current_filtered>
    22a8:	4785                	li	a5,1
    22aa:	84f18f23          	sb	a5,-1954(gp) # 200000ee <s_current_valid>
    22ae:	b7b9                	j	21fc <D_ADC_DMA_ISR+0x1e>
    22b0:	0542                	slli	a0,a0,0x10
    22b2:	8141                	srli	a0,a0,0x10
    22b4:	86a19123          	sh	a0,-1950(gp) # 200000f2 <s_current_filtered>
    22b8:	bfc5                	j	22a8 <D_ADC_DMA_ISR+0xca>

000022ba <D_ADC_Current_Filter_Reset>:
    22ba:	deffd2ef          	jal	t0,a8 <__riscv_save_0>
    22be:	35f5                	jal	21aa <__get_MSTATUS>
    22c0:	08800793          	li	a5,136
    22c4:	3007b073          	.4byte	0x3007b073
    22c8:	0000100f          	.4byte	0x100f
    22cc:	86019123          	sh	zero,-1950(gp) # 200000f2 <s_current_filtered>
    22d0:	8601a223          	sw	zero,-1948(gp) # 200000f4 <s_current_half_sum>
    22d4:	84018f23          	sb	zero,-1954(gp) # 200000ee <s_current_valid>
    22d8:	4705                	li	a4,1
    22da:	84e18ea3          	sb	a4,-1955(gp) # 200000ed <s_discard_dma_block>
    22de:	3dc9                	jal	21b0 <__set_MSTATUS>
    22e0:	dd3fd06f          	j	b2 <__riscv_restore_0>

000022e4 <D_ADC_Current_Window_Set>:
    22e4:	dc5fd2ef          	jal	t0,a8 <__riscv_save_0>
    22e8:	842a                	mv	s0,a0
    22ea:	35c1                	jal	21aa <__get_MSTATUS>
    22ec:	08800793          	li	a5,136
    22f0:	3007b073          	.4byte	0x3007b073
    22f4:	0000100f          	.4byte	0x100f
    22f8:	00143413          	seqz	s0,s0
    22fc:	84818e23          	sb	s0,-1956(gp) # 200000ec <s_current_window_off>
    2300:	85c1c783          	lbu	a5,-1956(gp) # 200000ec <s_current_window_off>
    2304:	c799                	beqz	a5,2312 <D_ADC_Current_Window_Set+0x2e>
    2306:	86019123          	sh	zero,-1950(gp) # 200000f2 <s_current_filtered>
    230a:	8601a223          	sw	zero,-1948(gp) # 200000f4 <s_current_half_sum>
    230e:	84018f23          	sb	zero,-1954(gp) # 200000ee <s_current_valid>
    2312:	3d79                	jal	21b0 <__set_MSTATUS>
    2314:	d9ffd06f          	j	b2 <__riscv_restore_0>

00002318 <D_ADC_DMA_Init>:
    2318:	d91fd2ef          	jal	t0,a8 <__riscv_save_0>
    231c:	fa810113          	addi	sp,sp,-88
    2320:	4661                	li	a2,24
    2322:	4581                	li	a1,0
    2324:	0848                	addi	a0,sp,20
    2326:	e2bfd0ef          	jal	ra,150 <memset>
    232a:	02c00613          	li	a2,44
    232e:	4581                	li	a1,0
    2330:	1068                	addi	a0,sp,44
    2332:	e1ffd0ef          	jal	ra,150 <memset>
    2336:	4585                	li	a1,1
    2338:	4505                	li	a0,1
    233a:	c402                	sw	zero,8(sp)
    233c:	c602                	sw	zero,12(sp)
    233e:	c802                	sw	zero,16(sp)
    2340:	c002                	sw	zero,0(sp)
    2342:	c202                	sw	zero,4(sp)
    2344:	ba4ff0ef          	jal	ra,16e8 <RCC_HBPeriphClockCmd>
    2348:	4585                	li	a1,1
    234a:	23000513          	li	a0,560
    234e:	bb8ff0ef          	jal	ra,1706 <RCC_PB2PeriphClockCmd>
    2352:	4501                	li	a0,0
    2354:	ac8ff0ef          	jal	ra,161c <RCC_ADCCLKConfig>
    2358:	40011537          	lui	a0,0x40011
    235c:	04000793          	li	a5,64
    2360:	002c                	addi	a1,sp,8
    2362:	40050513          	addi	a0,a0,1024 # 40011400 <_eusrstack+0x2000f400>
    2366:	847c                	sh	a5,8(sp)
    2368:	c802                	sw	zero,16(sp)
    236a:	b51fe0ef          	jal	ra,eba <GPIO_Init>
    236e:	47c1                	li	a5,16
    2370:	002c                	addi	a1,sp,8
    2372:	40011537          	lui	a0,0x40011
    2376:	40012437          	lui	s0,0x40012
    237a:	847c                	sh	a5,8(sp)
    237c:	b3ffe0ef          	jal	ra,eba <GPIO_Init>
    2380:	40040513          	addi	a0,s0,1024 # 40012400 <_eusrstack+0x20010400>
    2384:	c16fe0ef          	jal	ra,79a <ADC_DeInit>
    2388:	000607b7          	lui	a5,0x60
    238c:	4705                	li	a4,1
    238e:	d03e                	sw	a5,32(sp)
    2390:	084c                	addi	a1,sp,20
    2392:	4789                	li	a5,2
    2394:	40040513          	addi	a0,s0,1024
    2398:	cc3a                	sw	a4,24(sp)
    239a:	02f10423          	sb	a5,40(sp)
    239e:	ca02                	sw	zero,20(sp)
    23a0:	ce02                	sw	zero,28(sp)
    23a2:	d202                	sw	zero,36(sp)
    23a4:	c20fe0ef          	jal	ra,7c4 <ADC_Init>
    23a8:	468d                	li	a3,3
    23aa:	4605                	li	a2,1
    23ac:	45a5                	li	a1,9
    23ae:	40040513          	addi	a0,s0,1024
    23b2:	c82fe0ef          	jal	ra,834 <ADC_RegularChannelConfig>
    23b6:	469d                	li	a3,7
    23b8:	4609                	li	a2,2
    23ba:	4589                	li	a1,2
    23bc:	40040513          	addi	a0,s0,1024
    23c0:	c74fe0ef          	jal	ra,834 <ADC_RegularChannelConfig>
    23c4:	4585                	li	a1,1
    23c6:	40040513          	addi	a0,s0,1024
    23ca:	da8fe0ef          	jal	ra,972 <ADC_InjectedSequencerLengthConfig>
    23ce:	469d                	li	a3,7
    23d0:	4605                	li	a2,1
    23d2:	4599                	li	a1,6
    23d4:	40040513          	addi	a0,s0,1024
    23d8:	d4cfe0ef          	jal	ra,924 <ADC_InjectedChannelConfig>
    23dc:	659d                	lui	a1,0x7
    23de:	40040513          	addi	a0,s0,1024
    23e2:	d08fe0ef          	jal	ra,8ea <ADC_ExternalTrigInjectedConvConfig>
    23e6:	4581                	li	a1,0
    23e8:	40040513          	addi	a0,s0,1024
    23ec:	d0cfe0ef          	jal	ra,8f8 <ADC_ExternalTrigInjectedConvCmd>
    23f0:	4581                	li	a1,0
    23f2:	40040513          	addi	a0,s0,1024
    23f6:	ce2fe0ef          	jal	ra,8d8 <ADC_AutoInjectedConvCmd>
    23fa:	4585                	li	a1,1
    23fc:	40040513          	addi	a0,s0,1024
    2400:	dcefe0ef          	jal	ra,9ce <ADC_Sample_ModeConfig>
    2404:	4581                	li	a1,0
    2406:	40040513          	addi	a0,s0,1024
    240a:	dacfe0ef          	jal	ra,9b6 <ADC_BufferCmd>
    240e:	400204b7          	lui	s1,0x40020
    2412:	00848513          	addi	a0,s1,8 # 40020008 <_eusrstack+0x2001e008>
    2416:	dc6fe0ef          	jal	ra,9dc <DMA_DeInit>
    241a:	44c40793          	addi	a5,s0,1100
    241e:	d63e                	sw	a5,44(sp)
    2420:	86818793          	addi	a5,gp,-1944 # 200000f8 <s_adc_dma_buffer>
    2424:	d83e                	sw	a5,48(sp)
    2426:	02800793          	li	a5,40
    242a:	dc3e                	sw	a5,56(sp)
    242c:	08000793          	li	a5,128
    2430:	c0be                	sw	a5,64(sp)
    2432:	10000793          	li	a5,256
    2436:	c2be                	sw	a5,68(sp)
    2438:	40000793          	li	a5,1024
    243c:	c4be                	sw	a5,72(sp)
    243e:	02000793          	li	a5,32
    2442:	106c                	addi	a1,sp,44
    2444:	c6be                	sw	a5,76(sp)
    2446:	00848513          	addi	a0,s1,8
    244a:	6789                	lui	a5,0x2
    244c:	c8be                	sw	a5,80(sp)
    244e:	da02                	sw	zero,52(sp)
    2450:	de02                	sw	zero,60(sp)
    2452:	ca82                	sw	zero,84(sp)
    2454:	e1afe0ef          	jal	ra,a6e <DMA_Init>
    2458:	4505                	li	a0,1
    245a:	e82fe0ef          	jal	ra,adc <DMA_ClearFlag>
    245e:	4605                	li	a2,1
    2460:	45b9                	li	a1,14
    2462:	00848513          	addi	a0,s1,8
    2466:	e54fe0ef          	jal	ra,aba <DMA_ITConfig>
    246a:	47d9                	li	a5,22
    246c:	4705                	li	a4,1
    246e:	850a                	mv	a0,sp
    2470:	807c                	sh	a5,0(sp)
    2472:	c23a                	sw	a4,4(sp)
    2474:	00010123          	sb	zero,2(sp)
    2478:	866ff0ef          	jal	ra,14de <NVIC_Init>
    247c:	86019123          	sh	zero,-1950(gp) # 200000f2 <s_current_filtered>
    2480:	86019023          	sh	zero,-1952(gp) # 200000f0 <s_current_offset>
    2484:	8601a223          	sw	zero,-1948(gp) # 200000f4 <s_current_half_sum>
    2488:	84018f23          	sb	zero,-1954(gp) # 200000ee <s_current_valid>
    248c:	84018ea3          	sb	zero,-1955(gp) # 200000ed <s_discard_dma_block>
    2490:	84018e23          	sb	zero,-1956(gp) # 200000ec <s_current_window_off>
    2494:	8401ac23          	sw	zero,-1960(gp) # 200000e8 <s_encoder_half_sum>
    2498:	84019a23          	sh	zero,-1964(gp) # 200000e4 <s_encoder_q4>
    249c:	4599                	li	a1,6
    249e:	40040513          	addi	a0,s0,1024
    24a2:	840189a3          	sb	zero,-1965(gp) # 200000e3 <s_encoder_valid>
    24a6:	d08fe0ef          	jal	ra,9ae <ADC_ClearFlag>
    24aa:	4585                	li	a1,1
    24ac:	40040513          	addi	a0,s0,1024
    24b0:	b72fe0ef          	jal	ra,822 <ADC_DMACmd>
    24b4:	4585                	li	a1,1
    24b6:	00848513          	addi	a0,s1,8
    24ba:	decfe0ef          	jal	ra,aa6 <DMA_Cmd>
    24be:	4585                	li	a1,1
    24c0:	40040513          	addi	a0,s0,1024
    24c4:	b4efe0ef          	jal	ra,812 <ADC_Cmd>
    24c8:	4509                	li	a0,2
    24ca:	3151                	jal	214e <Delay_Us>
    24cc:	4585                	li	a1,1
    24ce:	40040513          	addi	a0,s0,1024
    24d2:	beefe0ef          	jal	ra,8c0 <ADC_ExternalTrigConvCmd>
    24d6:	6505                	lui	a0,0x1
    24d8:	96050513          	addi	a0,a0,-1696 # 960 <ADC_InjectedChannelConfig+0x3c>
    24dc:	30f000ef          	jal	ra,2fea <D_TIM2_ADC_Trigger_Set>
    24e0:	3511                	jal	22e4 <D_ADC_Current_Window_Set>
    24e2:	3be1                	jal	22ba <D_ADC_Current_Filter_Reset>
    24e4:	67e1                	lui	a5,0x18
    24e6:	6a078793          	addi	a5,a5,1696 # 186a0 <_data_lma+0x116c4>
    24ea:	85e1c683          	lbu	a3,-1954(gp) # 200000ee <s_current_valid>
    24ee:	ee81                	bnez	a3,2506 <D_ADC_DMA_Init+0x1ee>
    24f0:	17fd                	addi	a5,a5,-1
    24f2:	ffe5                	bnez	a5,24ea <D_ADC_DMA_Init+0x1d2>
    24f4:	4501                	li	a0,0
    24f6:	2f5000ef          	jal	ra,2fea <D_TIM2_ADC_Trigger_Set>
    24fa:	33ed                	jal	22e4 <D_ADC_Current_Window_Set>
    24fc:	3b7d                	jal	22ba <D_ADC_Current_Filter_Reset>
    24fe:	05810113          	addi	sp,sp,88
    2502:	bb1fd06f          	j	b2 <__riscv_restore_0>
    2506:	4511                	li	a0,4
    2508:	3995                	jal	217c <Delay_Ms>
    250a:	8621d783          	lhu	a5,-1950(gp) # 200000f2 <s_current_filtered>
    250e:	07c2                	slli	a5,a5,0x10
    2510:	83c1                	srli	a5,a5,0x10
    2512:	86f19023          	sh	a5,-1952(gp) # 200000f0 <s_current_offset>
    2516:	bff9                	j	24f4 <D_ADC_DMA_Init+0x1dc>

00002518 <D_ADC_Current_Read>:
    2518:	b91fd2ef          	jal	t0,a8 <__riscv_save_0>
    251c:	1161                	addi	sp,sp,-8
    251e:	84aa                	mv	s1,a0
    2520:	3169                	jal	21aa <__get_MSTATUS>
    2522:	e491                	bnez	s1,252e <D_ADC_Current_Read+0x16>
    2524:	4781                	li	a5,0
    2526:	853e                	mv	a0,a5
    2528:	0121                	addi	sp,sp,8
    252a:	b89fd06f          	j	b2 <__riscv_restore_0>
    252e:	08800793          	li	a5,136
    2532:	3007b073          	.4byte	0x3007b073
    2536:	0000100f          	.4byte	0x100f
    253a:	85e1c783          	lbu	a5,-1954(gp) # 200000ee <s_current_valid>
    253e:	8621d403          	lhu	s0,-1950(gp) # 200000f2 <s_current_filtered>
    2542:	8601d703          	lhu	a4,-1952(gp) # 200000f0 <s_current_offset>
    2546:	0ff7f793          	zext.b	a5,a5
    254a:	c23e                	sw	a5,4(sp)
    254c:	0742                	slli	a4,a4,0x10
    254e:	8341                	srli	a4,a4,0x10
    2550:	c03a                	sw	a4,0(sp)
    2552:	39b9                	jal	21b0 <__set_MSTATUS>
    2554:	4792                	lw	a5,4(sp)
    2556:	0442                	slli	s0,s0,0x10
    2558:	8041                	srli	s0,s0,0x10
    255a:	d7e9                	beqz	a5,2524 <D_ADC_Current_Read+0xc>
    255c:	4702                	lw	a4,0(sp)
    255e:	4681                	li	a3,0
    2560:	00875663          	bge	a4,s0,256c <D_ADC_Current_Read+0x54>
    2564:	8c19                	sub	s0,s0,a4
    2566:	01041693          	slli	a3,s0,0x10
    256a:	82c1                	srli	a3,a3,0x10
    256c:	a096                	sh	a3,0(s1)
    256e:	bf65                	j	2526 <D_ADC_Current_Read+0xe>

00002570 <D_ADC_Encoder_Read>:
    2570:	b39fd2ef          	jal	t0,a8 <__riscv_save_0>
    2574:	1171                	addi	sp,sp,-4
    2576:	84aa                	mv	s1,a0
    2578:	c33ff0ef          	jal	ra,21aa <__get_MSTATUS>
    257c:	e491                	bnez	s1,2588 <D_ADC_Encoder_Read+0x18>
    257e:	4401                	li	s0,0
    2580:	8522                	mv	a0,s0
    2582:	0111                	addi	sp,sp,4
    2584:	b2ffd06f          	j	b2 <__riscv_restore_0>
    2588:	08800793          	li	a5,136
    258c:	3007b073          	.4byte	0x3007b073
    2590:	0000100f          	.4byte	0x100f
    2594:	8531c403          	lbu	s0,-1965(gp) # 200000e3 <s_encoder_valid>
    2598:	8541d783          	lhu	a5,-1964(gp) # 200000e4 <s_encoder_q4>
    259c:	0ff47413          	zext.b	s0,s0
    25a0:	07c2                	slli	a5,a5,0x10
    25a2:	83c1                	srli	a5,a5,0x10
    25a4:	c03e                	sw	a5,0(sp)
    25a6:	c0bff0ef          	jal	ra,21b0 <__set_MSTATUS>
    25aa:	d871                	beqz	s0,257e <D_ADC_Encoder_Read+0xe>
    25ac:	4782                	lw	a5,0(sp)
    25ae:	a09e                	sh	a5,0(s1)
    25b0:	bfc1                	j	2580 <D_ADC_Encoder_Read+0x10>

000025b2 <D_ADC_Voltage_Read>:
    25b2:	af7fd2ef          	jal	t0,a8 <__riscv_save_0>
    25b6:	40012437          	lui	s0,0x40012
    25ba:	4581                	li	a1,0
    25bc:	40040513          	addi	a0,s0,1024 # 40012400 <_eusrstack+0x20010400>
    25c0:	b00fe0ef          	jal	ra,8c0 <ADC_ExternalTrigConvCmd>
    25c4:	4511                	li	a0,4
    25c6:	b89ff0ef          	jal	ra,214e <Delay_Us>
    25ca:	40040513          	addi	a0,s0,1024
    25ce:	4591                	li	a1,4
    25d0:	bdefe0ef          	jal	ra,9ae <ADC_ClearFlag>
    25d4:	40040513          	addi	a0,s0,1024
    25d8:	4585                	li	a1,1
    25da:	6461                	lui	s0,0x18
    25dc:	b30fe0ef          	jal	ra,90c <ADC_SoftwareStartInjectedConvCmd>
    25e0:	6a040413          	addi	s0,s0,1696 # 186a0 <_data_lma+0x116c4>
    25e4:	400124b7          	lui	s1,0x40012
    25e8:	400127b7          	lui	a5,0x40012
    25ec:	4591                	li	a1,4
    25ee:	40078513          	addi	a0,a5,1024 # 40012400 <_eusrstack+0x20010400>
    25f2:	bb0fe0ef          	jal	ra,9a2 <ADC_GetFlagStatus>
    25f6:	e11d                	bnez	a0,261c <D_ADC_Voltage_Read+0x6a>
    25f8:	147d                	addi	s0,s0,-1
    25fa:	f47d                	bnez	s0,25e8 <D_ADC_Voltage_Read+0x36>
    25fc:	400124b7          	lui	s1,0x40012
    2600:	40048513          	addi	a0,s1,1024 # 40012400 <_eusrstack+0x20010400>
    2604:	4591                	li	a1,4
    2606:	ba8fe0ef          	jal	ra,9ae <ADC_ClearFlag>
    260a:	40048513          	addi	a0,s1,1024
    260e:	4585                	li	a1,1
    2610:	ab0fe0ef          	jal	ra,8c0 <ADC_ExternalTrigConvCmd>
    2614:	315d                	jal	22ba <D_ADC_Current_Filter_Reset>
    2616:	8522                	mv	a0,s0
    2618:	a9bfd06f          	j	b2 <__riscv_restore_0>
    261c:	45d1                	li	a1,20
    261e:	40048513          	addi	a0,s1,1024
    2622:	b64fe0ef          	jal	ra,986 <ADC_GetInjectedConversionValue>
    2626:	842a                	mv	s0,a0
    2628:	bfd1                	j	25fc <D_ADC_Voltage_Read+0x4a>

0000262a <I2C_BusDelay>:
    262a:	1171                	addi	sp,sp,-4
    262c:	47e1                	li	a5,24
    262e:	81dc                	sb	a5,3(sp)
    2630:	8198                	lbu	a4,3(sp)
    2632:	fff70793          	addi	a5,a4,-1
    2636:	0ff7f793          	zext.b	a5,a5
    263a:	81dc                	sb	a5,3(sp)
    263c:	e319                	bnez	a4,2642 <I2C_BusDelay+0x18>
    263e:	0111                	addi	sp,sp,4
    2640:	8082                	ret
    2642:	0001                	nop
    2644:	b7f5                	j	2630 <I2C_BusDelay+0x6>

00002646 <I2C_ConfigPins>:
    2646:	a63fd2ef          	jal	t0,a8 <__riscv_save_0>
    264a:	1151                	addi	sp,sp,-12
    264c:	00011123          	sh	zero,2(sp)
    2650:	4799                	li	a5,6
    2652:	40011737          	lui	a4,0x40011
    2656:	cb1c                	sw	a5,16(a4)
    2658:	807c                	sh	a5,0(sp)
    265a:	c42a                	sw	a0,8(sp)
    265c:	4785                	li	a5,1
    265e:	858a                	mv	a1,sp
    2660:	40011537          	lui	a0,0x40011
    2664:	c23e                	sw	a5,4(sp)
    2666:	855fe0ef          	jal	ra,eba <GPIO_Init>
    266a:	0131                	addi	sp,sp,12
    266c:	a47fd06f          	j	b2 <__riscv_restore_0>

00002670 <I2C_WaitStar1.constprop.0>:
    2670:	400057b7          	lui	a5,0x40005
    2674:	6605                	lui	a2,0x1
    2676:	3e800693          	li	a3,1000
    267a:	40078793          	addi	a5,a5,1024 # 40005400 <_eusrstack+0x20003400>
    267e:	f0060613          	addi	a2,a2,-256 # f00 <GPIO_Init+0x46>
    2682:	2bda                	lhu	a4,20(a5)
    2684:	8f69                	and	a4,a4,a0
    2686:	c319                	beqz	a4,268c <I2C_WaitStar1.constprop.0+0x1c>
    2688:	4501                	li	a0,0
    268a:	8082                	ret
    268c:	2bda                	lhu	a4,20(a5)
    268e:	8f71                	and	a4,a4,a2
    2690:	e319                	bnez	a4,2696 <I2C_WaitStar1.constprop.0+0x26>
    2692:	16fd                	addi	a3,a3,-1
    2694:	f6fd                	bnez	a3,2682 <I2C_WaitStar1.constprop.0+0x12>
    2696:	4505                	li	a0,1
    2698:	8082                	ret

0000269a <I2C_ApplyConfig.constprop.0>:
    269a:	a0ffd2ef          	jal	t0,a8 <__riscv_save_0>
    269e:	000627b7          	lui	a5,0x62
    26a2:	1141                	addi	sp,sp,-16
    26a4:	a8078793          	addi	a5,a5,-1408 # 61a80 <_data_lma+0x5aaa4>
    26a8:	c03e                	sw	a5,0(sp)
    26aa:	400007b7          	lui	a5,0x40000
    26ae:	40005437          	lui	s0,0x40005
    26b2:	c23e                	sw	a5,4(sp)
    26b4:	040007b7          	lui	a5,0x4000
    26b8:	c43e                	sw	a5,8(sp)
    26ba:	858a                	mv	a1,sp
    26bc:	6791                	lui	a5,0x4
    26be:	40040513          	addi	a0,s0,1024 # 40005400 <_eusrstack+0x20003400>
    26c2:	c63e                	sw	a5,12(sp)
    26c4:	bfdfe0ef          	jal	ra,12c0 <I2C_Init>
    26c8:	65bd                	lui	a1,0xf
    26ca:	40040513          	addi	a0,s0,1024
    26ce:	7ff58593          	addi	a1,a1,2047 # f7ff <_data_lma+0x8823>
    26d2:	d5ffe0ef          	jal	ra,1430 <I2C_NACKPositionConfig>
    26d6:	4585                	li	a1,1
    26d8:	40040513          	addi	a0,s0,1024
    26dc:	cc3fe0ef          	jal	ra,139e <I2C_Cmd>
    26e0:	0141                	addi	sp,sp,16
    26e2:	9d1fd06f          	j	b2 <__riscv_restore_0>

000026e6 <I2C_SoftReset.constprop.0>:
    26e6:	9c3fd2ef          	jal	t0,a8 <__riscv_save_0>
    26ea:	40005537          	lui	a0,0x40005
    26ee:	4581                	li	a1,0
    26f0:	40050513          	addi	a0,a0,1024 # 40005400 <_eusrstack+0x20003400>
    26f4:	cabfe0ef          	jal	ra,139e <I2C_Cmd>
    26f8:	4551                	li	a0,20
    26fa:	37b1                	jal	2646 <I2C_ConfigPins>
    26fc:	400117b7          	lui	a5,0x40011
    2700:	4719                	li	a4,6
    2702:	cb98                	sw	a4,16(a5)
    2704:	371d                	jal	262a <I2C_BusDelay>
    2706:	4425                	li	s0,9
    2708:	4589                	li	a1,2
    270a:	40011537          	lui	a0,0x40011
    270e:	823fe0ef          	jal	ra,f30 <GPIO_ReadInputDataBit>
    2712:	ed09                	bnez	a0,272c <I2C_SoftReset.constprop.0+0x46>
    2714:	4791                	li	a5,4
    2716:	400114b7          	lui	s1,0x40011
    271a:	c8dc                	sw	a5,20(s1)
    271c:	3739                	jal	262a <I2C_BusDelay>
    271e:	4791                	li	a5,4
    2720:	147d                	addi	s0,s0,-1
    2722:	c89c                	sw	a5,16(s1)
    2724:	0ff47413          	zext.b	s0,s0
    2728:	3709                	jal	262a <I2C_BusDelay>
    272a:	fc79                	bnez	s0,2708 <I2C_SoftReset.constprop.0+0x22>
    272c:	40011437          	lui	s0,0x40011
    2730:	4799                	li	a5,6
    2732:	c85c                	sw	a5,20(s0)
    2734:	3ddd                	jal	262a <I2C_BusDelay>
    2736:	4791                	li	a5,4
    2738:	c81c                	sw	a5,16(s0)
    273a:	3dc5                	jal	262a <I2C_BusDelay>
    273c:	4789                	li	a5,2
    273e:	c81c                	sw	a5,16(s0)
    2740:	35ed                	jal	262a <I2C_BusDelay>
    2742:	4571                	li	a0,28
    2744:	3709                	jal	2646 <I2C_ConfigPins>
    2746:	40005437          	lui	s0,0x40005
    274a:	40040513          	addi	a0,s0,1024 # 40005400 <_eusrstack+0x20003400>
    274e:	4585                	li	a1,1
    2750:	ccffe0ef          	jal	ra,141e <I2C_SoftwareResetCmd>
    2754:	4581                	li	a1,0
    2756:	40040513          	addi	a0,s0,1024
    275a:	cc5fe0ef          	jal	ra,141e <I2C_SoftwareResetCmd>
    275e:	3f35                	jal	269a <I2C_ApplyConfig.constprop.0>
    2760:	953fd06f          	j	b2 <__riscv_restore_0>

00002764 <D_Bus_I2C_Init>:
    2764:	945fd2ef          	jal	t0,a8 <__riscv_save_0>
    2768:	8b81c783          	lbu	a5,-1864(gp) # 20000148 <s_i2c_initialized>
    276c:	1151                	addi	sp,sp,-12
    276e:	eb9d                	bnez	a5,27a4 <D_Bus_I2C_Init+0x40>
    2770:	4585                	li	a1,1
    2772:	4545                	li	a0,17
    2774:	c002                	sw	zero,0(sp)
    2776:	c202                	sw	zero,4(sp)
    2778:	c402                	sw	zero,8(sp)
    277a:	f8dfe0ef          	jal	ra,1706 <RCC_PB2PeriphClockCmd>
    277e:	4585                	li	a1,1
    2780:	00200537          	lui	a0,0x200
    2784:	fa1fe0ef          	jal	ra,1724 <RCC_PB1PeriphClockCmd>
    2788:	4799                	li	a5,6
    278a:	807c                	sh	a5,0(sp)
    278c:	4485                	li	s1,1
    278e:	47f1                	li	a5,28
    2790:	858a                	mv	a1,sp
    2792:	40011537          	lui	a0,0x40011
    2796:	c43e                	sw	a5,8(sp)
    2798:	c226                	sw	s1,4(sp)
    279a:	f20fe0ef          	jal	ra,eba <GPIO_Init>
    279e:	3df5                	jal	269a <I2C_ApplyConfig.constprop.0>
    27a0:	8a918c23          	sb	s1,-1864(gp) # 20000148 <s_i2c_initialized>
    27a4:	0131                	addi	sp,sp,12
    27a6:	90dfd06f          	j	b2 <__riscv_restore_0>

000027aa <D_I2C_Write>:
    27aa:	8fffd2ef          	jal	t0,a8 <__riscv_save_0>
    27ae:	1141                	addi	sp,sp,-16
    27b0:	c22a                	sw	a0,4(sp)
    27b2:	c42e                	sw	a1,8(sp)
    27b4:	c036                	sw	a3,0(sp)
    27b6:	ca61                	beqz	a2,2886 <D_I2C_Write+0xdc>
    27b8:	c6f9                	beqz	a3,2886 <D_I2C_Write+0xdc>
    27ba:	8432                	mv	s0,a2
    27bc:	3e800793          	li	a5,1000
    27c0:	400054b7          	lui	s1,0x40005
    27c4:	c63e                	sw	a5,12(sp)
    27c6:	400057b7          	lui	a5,0x40005
    27ca:	40078513          	addi	a0,a5,1024 # 40005400 <_eusrstack+0x20003400>
    27ce:	000205b7          	lui	a1,0x20
    27d2:	c97fe0ef          	jal	ra,1468 <I2C_GetFlagStatus>
    27d6:	47b2                	lw	a5,12(sp)
    27d8:	e545                	bnez	a0,2880 <D_I2C_Write+0xd6>
    27da:	4585                	li	a1,1
    27dc:	40048513          	addi	a0,s1,1024 # 40005400 <_eusrstack+0x20003400>
    27e0:	bd7fe0ef          	jal	ra,13b6 <I2C_GenerateSTART>
    27e4:	000304b7          	lui	s1,0x30
    27e8:	3e800793          	li	a5,1000
    27ec:	00148593          	addi	a1,s1,1 # 30001 <_data_lma+0x29025>
    27f0:	400054b7          	lui	s1,0x40005
    27f4:	40048513          	addi	a0,s1,1024 # 40005400 <_eusrstack+0x20003400>
    27f8:	c63e                	sw	a5,12(sp)
    27fa:	c59fe0ef          	jal	ra,1452 <I2C_CheckEvent>
    27fe:	000307b7          	lui	a5,0x30
    2802:	00178593          	addi	a1,a5,1 # 30001 <_data_lma+0x29025>
    2806:	47b2                	lw	a5,12(sp)
    2808:	c159                	beqz	a0,288e <D_I2C_Write+0xe4>
    280a:	4792                	lw	a5,4(sp)
    280c:	40048513          	addi	a0,s1,1024
    2810:	4601                	li	a2,0
    2812:	00179593          	slli	a1,a5,0x1
    2816:	0fe5f593          	andi	a1,a1,254
    281a:	bf7fe0ef          	jal	ra,1410 <I2C_Send7bitAddress>
    281e:	000704b7          	lui	s1,0x70
    2822:	3e800793          	li	a5,1000
    2826:	08248593          	addi	a1,s1,130 # 70082 <_data_lma+0x690a6>
    282a:	400054b7          	lui	s1,0x40005
    282e:	40048513          	addi	a0,s1,1024 # 40005400 <_eusrstack+0x20003400>
    2832:	c23e                	sw	a5,4(sp)
    2834:	c1ffe0ef          	jal	ra,1452 <I2C_CheckEvent>
    2838:	000707b7          	lui	a5,0x70
    283c:	08278593          	addi	a1,a5,130 # 70082 <_data_lma+0x690a6>
    2840:	4792                	lw	a5,4(sp)
    2842:	c929                	beqz	a0,2894 <D_I2C_Write+0xea>
    2844:	45a2                	lw	a1,8(sp)
    2846:	40048513          	addi	a0,s1,1024
    284a:	000704b7          	lui	s1,0x70
    284e:	bb7fe0ef          	jal	ra,1404 <I2C_SendData>
    2852:	3e800793          	li	a5,1000
    2856:	08448493          	addi	s1,s1,132 # 70084 <_data_lma+0x690a8>
    285a:	40005537          	lui	a0,0x40005
    285e:	85a6                	mv	a1,s1
    2860:	40050513          	addi	a0,a0,1024 # 40005400 <_eusrstack+0x20003400>
    2864:	c23e                	sw	a5,4(sp)
    2866:	bedfe0ef          	jal	ra,1452 <I2C_CheckEvent>
    286a:	4792                	lw	a5,4(sp)
    286c:	c51d                	beqz	a0,289a <D_I2C_Write+0xf0>
    286e:	10000737          	lui	a4,0x10000
    2872:	08070793          	addi	a5,a4,128 # 10000080 <_data_lma+0xfff90a4>
    2876:	84a2                	mv	s1,s0
    2878:	c23e                	sw	a5,4(sp)
    287a:	3e800713          	li	a4,1000
    287e:	a01d                	j	28a4 <D_I2C_Write+0xfa>
    2880:	17fd                	addi	a5,a5,-1
    2882:	f3a9                	bnez	a5,27c4 <D_I2C_Write+0x1a>
    2884:	358d                	jal	26e6 <I2C_SoftReset.constprop.0>
    2886:	4505                	li	a0,1
    2888:	0141                	addi	sp,sp,16
    288a:	829fd06f          	j	b2 <__riscv_restore_0>
    288e:	17fd                	addi	a5,a5,-1
    2890:	f3a5                	bnez	a5,27f0 <D_I2C_Write+0x46>
    2892:	bfcd                	j	2884 <D_I2C_Write+0xda>
    2894:	17fd                	addi	a5,a5,-1
    2896:	fbd1                	bnez	a5,282a <D_I2C_Write+0x80>
    2898:	b7f5                	j	2884 <D_I2C_Write+0xda>
    289a:	17fd                	addi	a5,a5,-1
    289c:	ffdd                	bnez	a5,285a <D_I2C_Write+0xb0>
    289e:	b7dd                	j	2884 <D_I2C_Write+0xda>
    28a0:	177d                	addi	a4,a4,-1
    28a2:	d36d                	beqz	a4,2884 <D_I2C_Write+0xda>
    28a4:	4592                	lw	a1,4(sp)
    28a6:	400056b7          	lui	a3,0x40005
    28aa:	40068513          	addi	a0,a3,1024 # 40005400 <_eusrstack+0x20003400>
    28ae:	c43a                	sw	a4,8(sp)
    28b0:	bb9fe0ef          	jal	ra,1468 <I2C_GetFlagStatus>
    28b4:	4722                	lw	a4,8(sp)
    28b6:	400056b7          	lui	a3,0x40005
    28ba:	d17d                	beqz	a0,28a0 <D_I2C_Write+0xf6>
    28bc:	208c                	lbu	a1,0(s1)
    28be:	40068513          	addi	a0,a3,1024 # 40005400 <_eusrstack+0x20003400>
    28c2:	0485                	addi	s1,s1,1
    28c4:	b41fe0ef          	jal	ra,1404 <I2C_SendData>
    28c8:	4782                	lw	a5,0(sp)
    28ca:	0ff4f693          	zext.b	a3,s1
    28ce:	00f40733          	add	a4,s0,a5
    28d2:	0ff77713          	zext.b	a4,a4
    28d6:	fad712e3          	bne	a4,a3,287a <D_I2C_Write+0xd0>
    28da:	00070437          	lui	s0,0x70
    28de:	3e800493          	li	s1,1000
    28e2:	08440593          	addi	a1,s0,132 # 70084 <_data_lma+0x690a8>
    28e6:	40005437          	lui	s0,0x40005
    28ea:	40040513          	addi	a0,s0,1024 # 40005400 <_eusrstack+0x20003400>
    28ee:	b65fe0ef          	jal	ra,1452 <I2C_CheckEvent>
    28f2:	000707b7          	lui	a5,0x70
    28f6:	08478593          	addi	a1,a5,132 # 70084 <_data_lma+0x690a8>
    28fa:	c901                	beqz	a0,290a <D_I2C_Write+0x160>
    28fc:	40040513          	addi	a0,s0,1024
    2900:	4585                	li	a1,1
    2902:	acffe0ef          	jal	ra,13d0 <I2C_GenerateSTOP>
    2906:	4501                	li	a0,0
    2908:	b741                	j	2888 <D_I2C_Write+0xde>
    290a:	14fd                	addi	s1,s1,-1
    290c:	fce9                	bnez	s1,28e6 <D_I2C_Write+0x13c>
    290e:	bf9d                	j	2884 <D_I2C_Write+0xda>

00002910 <D_I2C_Read>:
    2910:	f98fd2ef          	jal	t0,a8 <__riscv_save_0>
    2914:	1131                	addi	sp,sp,-20
    2916:	c22a                	sw	a0,4(sp)
    2918:	c42e                	sw	a1,8(sp)
    291a:	c036                	sw	a3,0(sp)
    291c:	16060863          	beqz	a2,2a8c <D_I2C_Read+0x17c>
    2920:	16068663          	beqz	a3,2a8c <D_I2C_Read+0x17c>
    2924:	40005437          	lui	s0,0x40005
    2928:	40040513          	addi	a0,s0,1024 # 40005400 <_eusrstack+0x20003400>
    292c:	4585                	li	a1,1
    292e:	84b2                	mv	s1,a2
    2930:	abbfe0ef          	jal	ra,13ea <I2C_AcknowledgeConfig>
    2934:	65bd                	lui	a1,0xf
    2936:	40040513          	addi	a0,s0,1024
    293a:	7ff58593          	addi	a1,a1,2047 # f7ff <_data_lma+0x8823>
    293e:	af3fe0ef          	jal	ra,1430 <I2C_NACKPositionConfig>
    2942:	41445783          	lhu	a5,1044(s0)
    2946:	777d                	lui	a4,0xfffff
    2948:	0ff70713          	addi	a4,a4,255 # fffff0ff <_eusrstack+0xdfffd0ff>
    294c:	8ff9                	and	a5,a5,a4
    294e:	40040413          	addi	s0,s0,1024
    2952:	3e800713          	li	a4,1000
    2956:	a85e                	sh	a5,20(s0)
    2958:	2c1e                	lhu	a5,24(s0)
    295a:	8b89                	andi	a5,a5,2
    295c:	12079363          	bnez	a5,2a82 <D_I2C_Read+0x172>
    2960:	8522                	mv	a0,s0
    2962:	4585                	li	a1,1
    2964:	a53fe0ef          	jal	ra,13b6 <I2C_GenerateSTART>
    2968:	4505                	li	a0,1
    296a:	d07ff0ef          	jal	ra,2670 <I2C_WaitStar1.constprop.0>
    296e:	10051d63          	bnez	a0,2a88 <D_I2C_Read+0x178>
    2972:	4792                	lw	a5,4(sp)
    2974:	8522                	mv	a0,s0
    2976:	4601                	li	a2,0
    2978:	0786                	slli	a5,a5,0x1
    297a:	0ff7f793          	zext.b	a5,a5
    297e:	85be                	mv	a1,a5
    2980:	c23e                	sw	a5,4(sp)
    2982:	a8ffe0ef          	jal	ra,1410 <I2C_Send7bitAddress>
    2986:	4509                	li	a0,2
    2988:	ce9ff0ef          	jal	ra,2670 <I2C_WaitStar1.constprop.0>
    298c:	0e051e63          	bnez	a0,2a88 <D_I2C_Read+0x178>
    2990:	285e                	lhu	a5,20(s0)
    2992:	45a2                	lw	a1,8(sp)
    2994:	8522                	mv	a0,s0
    2996:	07c2                	slli	a5,a5,0x10
    2998:	83c1                	srli	a5,a5,0x10
    299a:	867c                	sh	a5,12(sp)
    299c:	2c1e                	lhu	a5,24(s0)
    299e:	07c2                	slli	a5,a5,0x10
    29a0:	83c1                	srli	a5,a5,0x10
    29a2:	867c                	sh	a5,12(sp)
    29a4:	863c                	lhu	a5,12(sp)
    29a6:	a5ffe0ef          	jal	ra,1404 <I2C_SendData>
    29aa:	4511                	li	a0,4
    29ac:	cc5ff0ef          	jal	ra,2670 <I2C_WaitStar1.constprop.0>
    29b0:	0c051c63          	bnez	a0,2a88 <D_I2C_Read+0x178>
    29b4:	8522                	mv	a0,s0
    29b6:	4585                	li	a1,1
    29b8:	9fffe0ef          	jal	ra,13b6 <I2C_GenerateSTART>
    29bc:	4505                	li	a0,1
    29be:	cb3ff0ef          	jal	ra,2670 <I2C_WaitStar1.constprop.0>
    29c2:	e179                	bnez	a0,2a88 <D_I2C_Read+0x178>
    29c4:	4702                	lw	a4,0(sp)
    29c6:	4789                	li	a5,2
    29c8:	00f71863          	bne	a4,a5,29d8 <D_I2C_Read+0xc8>
    29cc:	6585                	lui	a1,0x1
    29ce:	80058593          	addi	a1,a1,-2048 # 800 <__stack_size>
    29d2:	8522                	mv	a0,s0
    29d4:	a5dfe0ef          	jal	ra,1430 <I2C_NACKPositionConfig>
    29d8:	4592                	lw	a1,4(sp)
    29da:	40005437          	lui	s0,0x40005
    29de:	4605                	li	a2,1
    29e0:	40040513          	addi	a0,s0,1024 # 40005400 <_eusrstack+0x20003400>
    29e4:	a2dfe0ef          	jal	ra,1410 <I2C_Send7bitAddress>
    29e8:	4509                	li	a0,2
    29ea:	c87ff0ef          	jal	ra,2670 <I2C_WaitStar1.constprop.0>
    29ee:	c22a                	sw	a0,4(sp)
    29f0:	ed41                	bnez	a0,2a88 <D_I2C_Read+0x178>
    29f2:	4702                	lw	a4,0(sp)
    29f4:	4785                	li	a5,1
    29f6:	08f71e63          	bne	a4,a5,2a92 <D_I2C_Read+0x182>
    29fa:	fb0ff0ef          	jal	ra,21aa <__get_MSTATUS>
    29fe:	c02a                	sw	a0,0(sp)
    2a00:	08800793          	li	a5,136
    2a04:	3007b073          	.4byte	0x3007b073
    2a08:	0000100f          	.4byte	0x100f
    2a0c:	4581                	li	a1,0
    2a0e:	40040513          	addi	a0,s0,1024
    2a12:	9d9fe0ef          	jal	ra,13ea <I2C_AcknowledgeConfig>
    2a16:	41445783          	lhu	a5,1044(s0)
    2a1a:	40040413          	addi	s0,s0,1024
    2a1e:	4585                	li	a1,1
    2a20:	07c2                	slli	a5,a5,0x10
    2a22:	83c1                	srli	a5,a5,0x10
    2a24:	877c                	sh	a5,14(sp)
    2a26:	2c1e                	lhu	a5,24(s0)
    2a28:	8522                	mv	a0,s0
    2a2a:	07c2                	slli	a5,a5,0x10
    2a2c:	83c1                	srli	a5,a5,0x10
    2a2e:	877c                	sh	a5,14(sp)
    2a30:	873c                	lhu	a5,14(sp)
    2a32:	99ffe0ef          	jal	ra,13d0 <I2C_GenerateSTOP>
    2a36:	4502                	lw	a0,0(sp)
    2a38:	f78ff0ef          	jal	ra,21b0 <__set_MSTATUS>
    2a3c:	04000513          	li	a0,64
    2a40:	c31ff0ef          	jal	ra,2670 <I2C_WaitStar1.constprop.0>
    2a44:	e131                	bnez	a0,2a88 <D_I2C_Read+0x178>
    2a46:	8522                	mv	a0,s0
    2a48:	9c1fe0ef          	jal	ra,1408 <I2C_ReceiveData>
    2a4c:	a088                	sb	a0,0(s1)
    2a4e:	40005537          	lui	a0,0x40005
    2a52:	3e800713          	li	a4,1000
    2a56:	40050513          	addi	a0,a0,1024 # 40005400 <_eusrstack+0x20003400>
    2a5a:	2d1e                	lhu	a5,24(a0)
    2a5c:	8b89                	andi	a5,a5,2
    2a5e:	14079363          	bnez	a5,2ba4 <D_I2C_Read+0x294>
    2a62:	4585                	li	a1,1
    2a64:	987fe0ef          	jal	ra,13ea <I2C_AcknowledgeConfig>
    2a68:	65bd                	lui	a1,0xf
    2a6a:	400057b7          	lui	a5,0x40005
    2a6e:	7ff58593          	addi	a1,a1,2047 # f7ff <_data_lma+0x8823>
    2a72:	40078513          	addi	a0,a5,1024 # 40005400 <_eusrstack+0x20003400>
    2a76:	9bbfe0ef          	jal	ra,1430 <I2C_NACKPositionConfig>
    2a7a:	4512                	lw	a0,4(sp)
    2a7c:	0151                	addi	sp,sp,20
    2a7e:	e34fd06f          	j	b2 <__riscv_restore_0>
    2a82:	177d                	addi	a4,a4,-1
    2a84:	ec071ae3          	bnez	a4,2958 <D_I2C_Read+0x48>
    2a88:	c5fff0ef          	jal	ra,26e6 <I2C_SoftReset.constprop.0>
    2a8c:	4785                	li	a5,1
    2a8e:	c23e                	sw	a5,4(sp)
    2a90:	b7ed                	j	2a7a <D_I2C_Read+0x16a>
    2a92:	4702                	lw	a4,0(sp)
    2a94:	4789                	li	a5,2
    2a96:	06f71c63          	bne	a4,a5,2b0e <D_I2C_Read+0x1fe>
    2a9a:	f10ff0ef          	jal	ra,21aa <__get_MSTATUS>
    2a9e:	c02a                	sw	a0,0(sp)
    2aa0:	08800793          	li	a5,136
    2aa4:	3007b073          	.4byte	0x3007b073
    2aa8:	0000100f          	.4byte	0x100f
    2aac:	4581                	li	a1,0
    2aae:	40040513          	addi	a0,s0,1024
    2ab2:	939fe0ef          	jal	ra,13ea <I2C_AcknowledgeConfig>
    2ab6:	41445783          	lhu	a5,1044(s0)
    2aba:	4502                	lw	a0,0(sp)
    2abc:	40040413          	addi	s0,s0,1024
    2ac0:	07c2                	slli	a5,a5,0x10
    2ac2:	83c1                	srli	a5,a5,0x10
    2ac4:	80fc                	sh	a5,16(sp)
    2ac6:	2c1e                	lhu	a5,24(s0)
    2ac8:	07c2                	slli	a5,a5,0x10
    2aca:	83c1                	srli	a5,a5,0x10
    2acc:	80fc                	sh	a5,16(sp)
    2ace:	80bc                	lhu	a5,16(sp)
    2ad0:	ee0ff0ef          	jal	ra,21b0 <__set_MSTATUS>
    2ad4:	4511                	li	a0,4
    2ad6:	b9bff0ef          	jal	ra,2670 <I2C_WaitStar1.constprop.0>
    2ada:	f55d                	bnez	a0,2a88 <D_I2C_Read+0x178>
    2adc:	eceff0ef          	jal	ra,21aa <__get_MSTATUS>
    2ae0:	c02a                	sw	a0,0(sp)
    2ae2:	08800793          	li	a5,136
    2ae6:	3007b073          	.4byte	0x3007b073
    2aea:	0000100f          	.4byte	0x100f
    2aee:	4585                	li	a1,1
    2af0:	8522                	mv	a0,s0
    2af2:	8dffe0ef          	jal	ra,13d0 <I2C_GenerateSTOP>
    2af6:	8522                	mv	a0,s0
    2af8:	911fe0ef          	jal	ra,1408 <I2C_ReceiveData>
    2afc:	a088                	sb	a0,0(s1)
    2afe:	8522                	mv	a0,s0
    2b00:	909fe0ef          	jal	ra,1408 <I2C_ReceiveData>
    2b04:	b088                	sb	a0,1(s1)
    2b06:	4502                	lw	a0,0(sp)
    2b08:	ea8ff0ef          	jal	ra,21b0 <__set_MSTATUS>
    2b0c:	b789                	j	2a4e <D_I2C_Read+0x13e>
    2b0e:	41445783          	lhu	a5,1044(s0)
    2b12:	07c2                	slli	a5,a5,0x10
    2b14:	83c1                	srli	a5,a5,0x10
    2b16:	81fc                	sh	a5,18(sp)
    2b18:	41845783          	lhu	a5,1048(s0)
    2b1c:	07c2                	slli	a5,a5,0x10
    2b1e:	83c1                	srli	a5,a5,0x10
    2b20:	81fc                	sh	a5,18(sp)
    2b22:	81bc                	lhu	a5,18(sp)
    2b24:	4782                	lw	a5,0(sp)
    2b26:	97a6                	add	a5,a5,s1
    2b28:	0ff7f413          	zext.b	s0,a5
    2b2c:	409407b3          	sub	a5,s0,s1
    2b30:	0ff7f793          	zext.b	a5,a5
    2b34:	470d                	li	a4,3
    2b36:	04e79763          	bne	a5,a4,2b84 <D_I2C_Read+0x274>
    2b3a:	4511                	li	a0,4
    2b3c:	b35ff0ef          	jal	ra,2670 <I2C_WaitStar1.constprop.0>
    2b40:	f521                	bnez	a0,2a88 <D_I2C_Read+0x178>
    2b42:	40005437          	lui	s0,0x40005
    2b46:	4581                	li	a1,0
    2b48:	40040513          	addi	a0,s0,1024 # 40005400 <_eusrstack+0x20003400>
    2b4c:	89ffe0ef          	jal	ra,13ea <I2C_AcknowledgeConfig>
    2b50:	40040513          	addi	a0,s0,1024
    2b54:	8b5fe0ef          	jal	ra,1408 <I2C_ReceiveData>
    2b58:	a088                	sb	a0,0(s1)
    2b5a:	4511                	li	a0,4
    2b5c:	b15ff0ef          	jal	ra,2670 <I2C_WaitStar1.constprop.0>
    2b60:	f20514e3          	bnez	a0,2a88 <D_I2C_Read+0x178>
    2b64:	4585                	li	a1,1
    2b66:	40040513          	addi	a0,s0,1024
    2b6a:	867fe0ef          	jal	ra,13d0 <I2C_GenerateSTOP>
    2b6e:	40040513          	addi	a0,s0,1024
    2b72:	897fe0ef          	jal	ra,1408 <I2C_ReceiveData>
    2b76:	b088                	sb	a0,1(s1)
    2b78:	40040513          	addi	a0,s0,1024
    2b7c:	88dfe0ef          	jal	ra,1408 <I2C_ReceiveData>
    2b80:	a0a8                	sb	a0,2(s1)
    2b82:	b5f1                	j	2a4e <D_I2C_Read+0x13e>
    2b84:	04000513          	li	a0,64
    2b88:	ae9ff0ef          	jal	ra,2670 <I2C_WaitStar1.constprop.0>
    2b8c:	ee051ee3          	bnez	a0,2a88 <D_I2C_Read+0x178>
    2b90:	40005537          	lui	a0,0x40005
    2b94:	40050513          	addi	a0,a0,1024 # 40005400 <_eusrstack+0x20003400>
    2b98:	0485                	addi	s1,s1,1
    2b9a:	86ffe0ef          	jal	ra,1408 <I2C_ReceiveData>
    2b9e:	fea48fa3          	sb	a0,-1(s1)
    2ba2:	b769                	j	2b2c <D_I2C_Read+0x21c>
    2ba4:	177d                	addi	a4,a4,-1
    2ba6:	ea071ae3          	bnez	a4,2a5a <D_I2C_Read+0x14a>
    2baa:	bdf9                	j	2a88 <D_I2C_Read+0x178>

00002bac <D_IWDG_Init>:
    2bac:	cfcfd2ef          	jal	t0,a8 <__riscv_save_0>
    2bb0:	4505                	li	a0,1
    2bb2:	6461                	lui	s0,0x18
    2bb4:	a7ffe0ef          	jal	ra,1632 <RCC_LSICmd>
    2bb8:	6a040413          	addi	s0,s0,1696 # 186a0 <_data_lma+0x116c4>
    2bbc:	06100513          	li	a0,97
    2bc0:	ba1fe0ef          	jal	ra,1760 <RCC_GetFlagStatus>
    2bc4:	e509                	bnez	a0,2bce <D_IWDG_Init+0x22>
    2bc6:	147d                	addi	s0,s0,-1
    2bc8:	f875                	bnez	s0,2bbc <D_IWDG_Init+0x10>
    2bca:	ce8fd06f          	j	b2 <__riscv_restore_0>
    2bce:	6515                	lui	a0,0x5
    2bd0:	55550513          	addi	a0,a0,1365 # 5555 <A_Servo_TorqueOn+0x1>
    2bd4:	8c7fe0ef          	jal	ra,149a <IWDG_WriteAccessCmd>
    2bd8:	4519                	li	a0,6
    2bda:	8c9fe0ef          	jal	ra,14a2 <IWDG_SetPrescaler>
    2bde:	3e800513          	li	a0,1000
    2be2:	8c9fe0ef          	jal	ra,14aa <IWDG_SetReload>
    2be6:	8cdfe0ef          	jal	ra,14b2 <IWDG_ReloadCounter>
    2bea:	8d7fe0ef          	jal	ra,14c0 <IWDG_Enable>
    2bee:	bff1                	j	2bca <D_IWDG_Init+0x1e>

00002bf0 <D_IWDG_Feed>:
    2bf0:	8c3fe06f          	j	14b2 <IWDG_ReloadCounter>

00002bf4 <D_Motor_Set>:
    2bf4:	cb4fd2ef          	jal	t0,a8 <__riscv_save_0>
    2bf8:	76fd                	lui	a3,0xfffff
    2bfa:	6a068693          	addi	a3,a3,1696 # fffff6a0 <_eusrstack+0xdfffd6a0>
    2bfe:	1131                	addi	sp,sp,-20
    2c00:	84aa                	mv	s1,a0
    2c02:	87b6                	mv	a5,a3
    2c04:	00d54363          	blt	a0,a3,2c0a <D_Motor_Set+0x16>
    2c08:	87aa                	mv	a5,a0
    2c0a:	01079613          	slli	a2,a5,0x10
    2c0e:	6685                	lui	a3,0x1
    2c10:	8641                	srai	a2,a2,0x10
    2c12:	96068693          	addi	a3,a3,-1696 # 960 <ADC_InjectedChannelConfig+0x3c>
    2c16:	00c6d363          	bge	a3,a2,2c1c <D_Motor_Set+0x28>
    2c1a:	87b6                	mv	a5,a3
    2c1c:	01079713          	slli	a4,a5,0x10
    2c20:	8741                	srai	a4,a4,0x10
    2c22:	c63a                	sw	a4,12(sp)
    2c24:	20000737          	lui	a4,0x20000
    2c28:	03871683          	lh	a3,56(a4) # 20000038 <s_motor_pwm>
    2c2c:	01079713          	slli	a4,a5,0x10
    2c30:	8741                	srai	a4,a4,0x10
    2c32:	08e68e63          	beq	a3,a4,2cce <D_Motor_Set+0xda>
    2c36:	01079513          	slli	a0,a5,0x10
    2c3a:	4785                	li	a5,1
    2c3c:	c03e                	sw	a5,0(sp)
    2c3e:	8141                	srli	a0,a0,0x10
    2c40:	00904b63          	bgtz	s1,2c56 <D_Motor_Set+0x62>
    2c44:	c002                	sw	zero,0(sp)
    2c46:	c881                	beqz	s1,2c56 <D_Motor_Set+0x62>
    2c48:	40a007b3          	neg	a5,a0
    2c4c:	01079513          	slli	a0,a5,0x10
    2c50:	57fd                	li	a5,-1
    2c52:	8141                	srli	a0,a0,0x10
    2c54:	c03e                	sw	a5,0(sp)
    2c56:	6405                	lui	s0,0x1
    2c58:	96040413          	addi	s0,s0,-1696 # 960 <ADC_InjectedChannelConfig+0x3c>
    2c5c:	8c09                	sub	s0,s0,a0
    2c5e:	01041793          	slli	a5,s0,0x10
    2c62:	83c1                	srli	a5,a5,0x10
    2c64:	c43e                	sw	a5,8(sp)
    2c66:	8ba18683          	lb	a3,-1862(gp) # 2000014a <s_motor_direction>
    2c6a:	c836                	sw	a3,16(sp)
    2c6c:	2ebd                	jal	2fea <D_TIM2_ADC_Trigger_Set>
    2c6e:	c22a                	sw	a0,4(sp)
    2c70:	e74ff0ef          	jal	ra,22e4 <D_ADC_Current_Window_Set>
    2c74:	4782                	lw	a5,0(sp)
    2c76:	46c2                	lw	a3,16(sp)
    2c78:	04d78f63          	beq	a5,a3,2cd6 <D_Motor_Set+0xe2>
    2c7c:	e3eff0ef          	jal	ra,22ba <D_ADC_Current_Filter_Reset>
    2c80:	4792                	lw	a5,4(sp)
    2c82:	4581                	li	a1,0
    2c84:	40000537          	lui	a0,0x40000
    2c88:	8af18ca3          	sb	a5,-1863(gp) # 20000149 <s_adc_window>
    2c8c:	922ff0ef          	jal	ra,1dae <TIM_SetCompare2>
    2c90:	40013537          	lui	a0,0x40013
    2c94:	4581                	li	a1,0
    2c96:	c0050513          	addi	a0,a0,-1024 # 40012c00 <_eusrstack+0x20010c00>
    2c9a:	8ecff0ef          	jal	ra,1d86 <TIM_SetCompare1>
    2c9e:	6585                	lui	a1,0x1
    2ca0:	96058593          	addi	a1,a1,-1696 # 960 <ADC_InjectedChannelConfig+0x3c>
    2ca4:	0404c463          	bltz	s1,2cec <D_Motor_Set+0xf8>
    2ca8:	40000537          	lui	a0,0x40000
    2cac:	902ff0ef          	jal	ra,1dae <TIM_SetCompare2>
    2cb0:	45a2                	lw	a1,8(sp)
    2cb2:	40013537          	lui	a0,0x40013
    2cb6:	c0050513          	addi	a0,a0,-1024 # 40012c00 <_eusrstack+0x20010c00>
    2cba:	8ccff0ef          	jal	ra,1d86 <TIM_SetCompare1>
    2cbe:	4702                	lw	a4,0(sp)
    2cc0:	8ae18d23          	sb	a4,-1862(gp) # 2000014a <s_motor_direction>
    2cc4:	4732                	lw	a4,12(sp)
    2cc6:	200007b7          	lui	a5,0x20000
    2cca:	02e79c23          	sh	a4,56(a5) # 20000038 <s_motor_pwm>
    2cce:	4532                	lw	a0,12(sp)
    2cd0:	0151                	addi	sp,sp,20
    2cd2:	be0fd06f          	j	b2 <__riscv_restore_0>
    2cd6:	8b91c683          	lbu	a3,-1863(gp) # 20000149 <s_adc_window>
    2cda:	4792                	lw	a5,4(sp)
    2cdc:	fcf681e3          	beq	a3,a5,2c9e <D_Motor_Set+0xaa>
    2ce0:	ddaff0ef          	jal	ra,22ba <D_ADC_Current_Filter_Reset>
    2ce4:	4792                	lw	a5,4(sp)
    2ce6:	8af18ca3          	sb	a5,-1863(gp) # 20000149 <s_adc_window>
    2cea:	bf55                	j	2c9e <D_Motor_Set+0xaa>
    2cec:	40013537          	lui	a0,0x40013
    2cf0:	c0050513          	addi	a0,a0,-1024 # 40012c00 <_eusrstack+0x20010c00>
    2cf4:	892ff0ef          	jal	ra,1d86 <TIM_SetCompare1>
    2cf8:	45a2                	lw	a1,8(sp)
    2cfa:	40000537          	lui	a0,0x40000
    2cfe:	8b0ff0ef          	jal	ra,1dae <TIM_SetCompare2>
    2d02:	bf75                	j	2cbe <D_Motor_Set+0xca>

00002d04 <D_Motor_Release>:
    2d04:	ba4fd2ef          	jal	t0,a8 <__riscv_save_0>
    2d08:	842a                	mv	s0,a0
    2d0a:	4501                	li	a0,0
    2d0c:	2cf9                	jal	2fea <D_TIM2_ADC_Trigger_Set>
    2d0e:	dd6ff0ef          	jal	ra,22e4 <D_ADC_Current_Window_Set>
    2d12:	da8ff0ef          	jal	ra,22ba <D_ADC_Current_Filter_Reset>
    2d16:	cc0d                	beqz	s0,2d50 <D_Motor_Release+0x4c>
    2d18:	6405                	lui	s0,0x1
    2d1a:	40013537          	lui	a0,0x40013
    2d1e:	96040593          	addi	a1,s0,-1696 # 960 <ADC_InjectedChannelConfig+0x3c>
    2d22:	c0050513          	addi	a0,a0,-1024 # 40012c00 <_eusrstack+0x20010c00>
    2d26:	860ff0ef          	jal	ra,1d86 <TIM_SetCompare1>
    2d2a:	96040593          	addi	a1,s0,-1696
    2d2e:	40000537          	lui	a0,0x40000
    2d32:	87cff0ef          	jal	ra,1dae <TIM_SetCompare2>
    2d36:	8a018d23          	sb	zero,-1862(gp) # 2000014a <s_motor_direction>
    2d3a:	6785                	lui	a5,0x1
    2d3c:	20000737          	lui	a4,0x20000
    2d40:	96178793          	addi	a5,a5,-1695 # 961 <ADC_InjectedChannelConfig+0x3d>
    2d44:	02f71c23          	sh	a5,56(a4) # 20000038 <s_motor_pwm>
    2d48:	8a018ca3          	sb	zero,-1863(gp) # 20000149 <s_adc_window>
    2d4c:	b66fd06f          	j	b2 <__riscv_restore_0>
    2d50:	40013537          	lui	a0,0x40013
    2d54:	4581                	li	a1,0
    2d56:	c0050513          	addi	a0,a0,-1024 # 40012c00 <_eusrstack+0x20010c00>
    2d5a:	82cff0ef          	jal	ra,1d86 <TIM_SetCompare1>
    2d5e:	4581                	li	a1,0
    2d60:	b7f9                	j	2d2e <D_Motor_Release+0x2a>

00002d62 <D_MT6701_Init>:
    2d62:	b46fd2ef          	jal	t0,a8 <__riscv_save_0>
    2d66:	1171                	addi	sp,sp,-4
    2d68:	860a                	mv	a2,sp
    2d6a:	4689                	li	a3,2
    2d6c:	458d                	li	a1,3
    2d6e:	4519                	li	a0,6
    2d70:	ba1ff0ef          	jal	ra,2910 <D_I2C_Read>
    2d74:	0111                	addi	sp,sp,4
    2d76:	b3cfd06f          	j	b2 <__riscv_restore_0>

00002d7a <D_OPA1_Init>:
    2d7a:	b2efd2ef          	jal	t0,a8 <__riscv_save_0>
    2d7e:	fa410113          	addi	sp,sp,-92
    2d82:	05000613          	li	a2,80
    2d86:	4581                	li	a1,0
    2d88:	0068                	addi	a0,sp,12
    2d8a:	c002                	sw	zero,0(sp)
    2d8c:	c202                	sw	zero,4(sp)
    2d8e:	c402                	sw	zero,8(sp)
    2d90:	bc0fd0ef          	jal	ra,150 <memset>
    2d94:	facfe0ef          	jal	ra,1540 <OPA_Unlock>
    2d98:	4585                	li	a1,1
    2d9a:	4511                	li	a0,4
    2d9c:	96bfe0ef          	jal	ra,1706 <RCC_PB2PeriphClockCmd>
    2da0:	40011537          	lui	a0,0x40011
    2da4:	858a                	mv	a1,sp
    2da6:	4411                	li	s0,4
    2da8:	80050513          	addi	a0,a0,-2048 # 40010800 <_eusrstack+0x2000e800>
    2dac:	8060                	sh	s0,0(sp)
    2dae:	c402                	sw	zero,8(sp)
    2db0:	90afe0ef          	jal	ra,eba <GPIO_Init>
    2db4:	4785                	li	a5,1
    2db6:	0068                	addi	a0,sp,12
    2db8:	c2be                	sw	a5,68(sp)
    2dba:	ccbe                	sw	a5,88(sp)
    2dbc:	c6be                	sw	a5,76(sp)
    2dbe:	c8be                	sw	a5,80(sp)
    2dc0:	c0a2                	sw	s0,64(sp)
    2dc2:	dc02                	sw	zero,56(sp)
    2dc4:	c482                	sw	zero,72(sp)
    2dc6:	de02                	sw	zero,60(sp)
    2dc8:	fa2fe0ef          	jal	ra,156a <OPA_Init>
    2dcc:	4505                	li	a0,1
    2dce:	835fe0ef          	jal	ra,1602 <OPA_Cmd>
    2dd2:	f88fe0ef          	jal	ra,155a <OPA_Lock>
    2dd6:	05c10113          	addi	sp,sp,92
    2dda:	ad8fd06f          	j	b2 <__riscv_restore_0>

00002dde <SPI1_Recover>:
    2dde:	acafd2ef          	jal	t0,a8 <__riscv_save_0>
    2de2:	4581                	li	a1,0
    2de4:	40013537          	lui	a0,0x40013
    2de8:	9ddfe0ef          	jal	ra,17c4 <SPI_Cmd>
    2dec:	4585                	li	a1,1
    2dee:	40013537          	lui	a0,0x40013
    2df2:	9d3fe0ef          	jal	ra,17c4 <SPI_Cmd>
    2df6:	abcfd06f          	j	b2 <__riscv_restore_0>

00002dfa <D_SPI1_Init>:
    2dfa:	aaefd2ef          	jal	t0,a8 <__riscv_save_0>
    2dfe:	6505                	lui	a0,0x1
    2e00:	1101                	addi	sp,sp,-32
    2e02:	4585                	li	a1,1
    2e04:	0541                	addi	a0,a0,16 # 1010 <GPIO_IPD_Unused+0x2e>
    2e06:	c002                	sw	zero,0(sp)
    2e08:	c202                	sw	zero,4(sp)
    2e0a:	c402                	sw	zero,8(sp)
    2e0c:	c602                	sw	zero,12(sp)
    2e0e:	c802                	sw	zero,16(sp)
    2e10:	ca02                	sw	zero,20(sp)
    2e12:	cc02                	sw	zero,24(sp)
    2e14:	00011e23          	sh	zero,28(sp)
    2e18:	8effe0ef          	jal	ra,1706 <RCC_PB2PeriphClockCmd>
    2e1c:	02000793          	li	a5,32
    2e20:	807c                	sh	a5,0(sp)
    2e22:	47e1                	li	a5,24
    2e24:	c43e                	sw	a5,8(sp)
    2e26:	858a                	mv	a1,sp
    2e28:	4785                	li	a5,1
    2e2a:	40011537          	lui	a0,0x40011
    2e2e:	c23e                	sw	a5,4(sp)
    2e30:	88afe0ef          	jal	ra,eba <GPIO_Init>
    2e34:	04000793          	li	a5,64
    2e38:	858a                	mv	a1,sp
    2e3a:	40011537          	lui	a0,0x40011
    2e3e:	807c                	sh	a5,0(sp)
    2e40:	87afe0ef          	jal	ra,eba <GPIO_Init>
    2e44:	010407b7          	lui	a5,0x1040
    2e48:	c63e                	sw	a5,12(sp)
    2e4a:	020007b7          	lui	a5,0x2000
    2e4e:	ca3e                	sw	a5,20(sp)
    2e50:	47c1                	li	a5,16
    2e52:	cc3e                	sw	a5,24(sp)
    2e54:	006c                	addi	a1,sp,12
    2e56:	479d                	li	a5,7
    2e58:	40013537          	lui	a0,0x40013
    2e5c:	86fc                	sh	a5,28(sp)
    2e5e:	c802                	sw	zero,16(sp)
    2e60:	931fe0ef          	jal	ra,1790 <SPI_Init>
    2e64:	4585                	li	a1,1
    2e66:	40013537          	lui	a0,0x40013
    2e6a:	95bfe0ef          	jal	ra,17c4 <SPI_Cmd>
    2e6e:	6105                	addi	sp,sp,32
    2e70:	a42fd06f          	j	b2 <__riscv_restore_0>

00002e74 <D_SPI1_Send_Buf>:
    2e74:	a34fd2ef          	jal	t0,a8 <__riscv_save_0>
    2e78:	1161                	addi	sp,sp,-8
    2e7a:	00b507b3          	add	a5,a0,a1
    2e7e:	6409                	lui	s0,0x2
    2e80:	84aa                	mv	s1,a0
    2e82:	c03e                	sw	a5,0(sp)
    2e84:	71040413          	addi	s0,s0,1808 # 2710 <I2C_SoftReset.constprop.0+0x2a>
    2e88:	4782                	lw	a5,0(sp)
    2e8a:	02f49463          	bne	s1,a5,2eb2 <D_SPI1_Send_Buf+0x3e>
    2e8e:	08000593          	li	a1,128
    2e92:	40013537          	lui	a0,0x40013
    2e96:	94dfe0ef          	jal	ra,17e2 <SPI_I2S_GetFlagStatus>
    2e9a:	4785                	li	a5,1
    2e9c:	00f51863          	bne	a0,a5,2eac <D_SPI1_Send_Buf+0x38>
    2ea0:	147d                	addi	s0,s0,-1
    2ea2:	f475                	bnez	s0,2e8e <D_SPI1_Send_Buf+0x1a>
    2ea4:	a019                	j	2eaa <D_SPI1_Send_Buf+0x36>
    2ea6:	177d                	addi	a4,a4,-1
    2ea8:	e711                	bnez	a4,2eb4 <D_SPI1_Send_Buf+0x40>
    2eaa:	3f15                	jal	2dde <SPI1_Recover>
    2eac:	0121                	addi	sp,sp,8
    2eae:	a04fd06f          	j	b2 <__riscv_restore_0>
    2eb2:	8722                	mv	a4,s0
    2eb4:	4589                	li	a1,2
    2eb6:	40013537          	lui	a0,0x40013
    2eba:	c23a                	sw	a4,4(sp)
    2ebc:	927fe0ef          	jal	ra,17e2 <SPI_I2S_GetFlagStatus>
    2ec0:	4712                	lw	a4,4(sp)
    2ec2:	d175                	beqz	a0,2ea6 <D_SPI1_Send_Buf+0x32>
    2ec4:	208c                	lbu	a1,0(s1)
    2ec6:	40013537          	lui	a0,0x40013
    2eca:	0485                	addi	s1,s1,1
    2ecc:	913fe0ef          	jal	ra,17de <SPI_I2S_SendData>
    2ed0:	bf65                	j	2e88 <D_SPI1_Send_Buf+0x14>

00002ed2 <PWM_ResetCaptureState>:
    2ed2:	8c0186a3          	sb	zero,-1843(gp) # 2000015d <s_ic_wait_falling>
    2ed6:	8c018623          	sb	zero,-1844(gp) # 2000015c <s_ic_have_rise>
    2eda:	40013537          	lui	a0,0x40013
    2ede:	8c01a423          	sw	zero,-1848(gp) # 20000158 <s_ic_rise_time>
    2ee2:	4581                	li	a1,0
    2ee4:	c0050513          	addi	a0,a0,-1024 # 40012c00 <_eusrstack+0x20010c00>
    2ee8:	8c018223          	sb	zero,-1852(gp) # 20000154 <s_ic_period_valid>
    2eec:	df9fe06f          	j	1ce4 <TIM_OC2PolarityConfig>

00002ef0 <D_TIM2_PWM_Init>:
    2ef0:	9b8fd2ef          	jal	t0,a8 <__riscv_save_0>
    2ef4:	fd810113          	addi	sp,sp,-40
    2ef8:	4585                	li	a1,1
    2efa:	02000513          	li	a0,32
    2efe:	c602                	sw	zero,12(sp)
    2f00:	c802                	sw	zero,16(sp)
    2f02:	ca02                	sw	zero,20(sp)
    2f04:	c002                	sw	zero,0(sp)
    2f06:	c202                	sw	zero,4(sp)
    2f08:	00011423          	sh	zero,8(sp)
    2f0c:	cc02                	sw	zero,24(sp)
    2f0e:	ce02                	sw	zero,28(sp)
    2f10:	d002                	sw	zero,32(sp)
    2f12:	d202                	sw	zero,36(sp)
    2f14:	ff2fe0ef          	jal	ra,1706 <RCC_PB2PeriphClockCmd>
    2f18:	4585                	li	a1,1
    2f1a:	4505                	li	a0,1
    2f1c:	809fe0ef          	jal	ra,1724 <RCC_PB1PeriphClockCmd>
    2f20:	47a1                	li	a5,8
    2f22:	867c                	sh	a5,12(sp)
    2f24:	40011537          	lui	a0,0x40011
    2f28:	4785                	li	a5,1
    2f2a:	c83e                	sw	a5,16(sp)
    2f2c:	006c                	addi	a1,sp,12
    2f2e:	47e1                	li	a5,24
    2f30:	40050513          	addi	a0,a0,1024 # 40011400 <_eusrstack+0x2000f400>
    2f34:	ca3e                	sw	a5,20(sp)
    2f36:	f85fd0ef          	jal	ra,eba <GPIO_Init>
    2f3a:	6785                	lui	a5,0x1
    2f3c:	95f78793          	addi	a5,a5,-1697 # 95f <ADC_InjectedChannelConfig+0x3b>
    2f40:	858a                	mv	a1,sp
    2f42:	40000537          	lui	a0,0x40000
    2f46:	c23e                	sw	a5,4(sp)
    2f48:	c002                	sw	zero,0(sp)
    2f4a:	95ffe0ef          	jal	ra,18a8 <TIM_TimeBaseInit>
    2f4e:	0828                	addi	a0,sp,24
    2f50:	badfe0ef          	jal	ra,1afc <TIM_OCStructInit>
    2f54:	67c1                	lui	a5,0x10
    2f56:	06078793          	addi	a5,a5,96 # 10060 <_data_lma+0x9084>
    2f5a:	082c                	addi	a1,sp,24
    2f5c:	40000537          	lui	a0,0x40000
    2f60:	cc3e                	sw	a5,24(sp)
    2f62:	00011f23          	sh	zero,30(sp)
    2f66:	02011023          	sh	zero,32(sp)
    2f6a:	a53fe0ef          	jal	ra,19bc <TIM_OC2Init>
    2f6e:	4605                	li	a2,1
    2f70:	4591                	li	a1,4
    2f72:	40000537          	lui	a0,0x40000
    2f76:	d85fe0ef          	jal	ra,1cfa <TIM_CCxCmd>
    2f7a:	45a1                	li	a1,8
    2f7c:	40000537          	lui	a0,0x40000
    2f80:	cd9fe0ef          	jal	ra,1c58 <TIM_OC2PreloadConfig>
    2f84:	4585                	li	a1,1
    2f86:	40000537          	lui	a0,0x40000
    2f8a:	c39fe0ef          	jal	ra,1bc2 <TIM_ARRPreloadConfig>
    2f8e:	0828                	addi	a0,sp,24
    2f90:	b6dfe0ef          	jal	ra,1afc <TIM_OCStructInit>
    2f94:	07000793          	li	a5,112
    2f98:	cc3e                	sw	a5,24(sp)
    2f9a:	082c                	addi	a1,sp,24
    2f9c:	4b000793          	li	a5,1200
    2fa0:	40000537          	lui	a0,0x40000
    2fa4:	87fc                	sh	a5,30(sp)
    2fa6:	02011023          	sh	zero,32(sp)
    2faa:	aebfe0ef          	jal	ra,1a94 <TIM_OC4Init>
    2fae:	45a1                	li	a1,8
    2fb0:	40000537          	lui	a0,0x40000
    2fb4:	cebfe0ef          	jal	ra,1c9e <TIM_OC4PreloadConfig>
    2fb8:	07000593          	li	a1,112
    2fbc:	40000537          	lui	a0,0x40000
    2fc0:	d5bfe0ef          	jal	ra,1d1a <TIM_SelectOutputTrigger>
    2fc4:	4581                	li	a1,0
    2fc6:	40000537          	lui	a0,0x40000
    2fca:	be9fe0ef          	jal	ra,1bb2 <TIM_SelectInputTrigger>
    2fce:	4591                	li	a1,4
    2fd0:	40000537          	lui	a0,0x40000
    2fd4:	d5ffe0ef          	jal	ra,1d32 <TIM_SelectSlaveMode>
    2fd8:	4585                	li	a1,1
    2fda:	40000537          	lui	a0,0x40000
    2fde:	b57fe0ef          	jal	ra,1b34 <TIM_Cmd>
    2fe2:	02810113          	addi	sp,sp,40
    2fe6:	8ccfd06f          	j	b2 <__riscv_restore_0>

00002fea <D_TIM2_ADC_Trigger_Set>:
    2fea:	8befd2ef          	jal	t0,a8 <__riscv_save_0>
    2fee:	6785                	lui	a5,0x1
    2ff0:	96078793          	addi	a5,a5,-1696 # 960 <ADC_InjectedChannelConfig+0x3c>
    2ff4:	00a7ef63          	bltu	a5,a0,3012 <D_TIM2_ADC_Trigger_Set+0x28>
    2ff8:	0d300793          	li	a5,211
    2ffc:	00a7ec63          	bltu	a5,a0,3014 <D_TIM2_ADC_Trigger_Set+0x2a>
    3000:	40000537          	lui	a0,0x40000
    3004:	4b000593          	li	a1,1200
    3008:	dcffe0ef          	jal	ra,1dd6 <TIM_SetCompare4>
    300c:	4501                	li	a0,0
    300e:	8a4fd06f          	j	b2 <__riscv_restore_0>
    3012:	853e                	mv	a0,a5
    3014:	6785                	lui	a5,0x1
    3016:	00155713          	srli	a4,a0,0x1
    301a:	94078593          	addi	a1,a5,-1728 # 940 <ADC_InjectedChannelConfig+0x1c>
    301e:	9c678793          	addi	a5,a5,-1594
    3022:	40a78533          	sub	a0,a5,a0
    3026:	8d99                	sub	a1,a1,a4
    3028:	00a5f363          	bgeu	a1,a0,302e <D_TIM2_ADC_Trigger_Set+0x44>
    302c:	85aa                	mv	a1,a0
    302e:	05c2                	slli	a1,a1,0x10
    3030:	40000537          	lui	a0,0x40000
    3034:	81c1                	srli	a1,a1,0x10
    3036:	da1fe0ef          	jal	ra,1dd6 <TIM_SetCompare4>
    303a:	4505                	li	a0,1
    303c:	bfc9                	j	300e <D_TIM2_ADC_Trigger_Set+0x24>

0000303e <D_TIM1_PWM_IC_Init>:
    303e:	86afd2ef          	jal	t0,a8 <__riscv_save_0>
    3042:	6605                	lui	a2,0x1
    3044:	fc410113          	addi	sp,sp,-60
    3048:	82460513          	addi	a0,a2,-2012 # 824 <ADC_DMACmd+0x2>
    304c:	4585                	li	a1,1
    304e:	40011437          	lui	s0,0x40011
    3052:	d002                	sw	zero,32(sp)
    3054:	d202                	sw	zero,36(sp)
    3056:	d402                	sw	zero,40(sp)
    3058:	c002                	sw	zero,0(sp)
    305a:	c202                	sw	zero,4(sp)
    305c:	c402                	sw	zero,8(sp)
    305e:	c602                	sw	zero,12(sp)
    3060:	00011823          	sh	zero,16(sp)
    3064:	d602                	sw	zero,44(sp)
    3066:	d802                	sw	zero,48(sp)
    3068:	da02                	sw	zero,52(sp)
    306a:	dc02                	sw	zero,56(sp)
    306c:	ca02                	sw	zero,20(sp)
    306e:	cc02                	sw	zero,24(sp)
    3070:	00011e23          	sh	zero,28(sp)
    3074:	e92fe0ef          	jal	ra,1706 <RCC_PB2PeriphClockCmd>
    3078:	4711                	li	a4,4
    307a:	47e1                	li	a5,24
    307c:	4485                	li	s1,1
    307e:	100c                	addi	a1,sp,32
    3080:	40040513          	addi	a0,s0,1024 # 40011400 <_eusrstack+0x2000f400>
    3084:	02e11023          	sh	a4,32(sp)
    3088:	d43e                	sw	a5,40(sp)
    308a:	d226                	sw	s1,36(sp)
    308c:	e2ffd0ef          	jal	ra,eba <GPIO_Init>
    3090:	80040513          	addi	a0,s0,-2048
    3094:	4589                	li	a1,2
    3096:	ea7fd0ef          	jal	ra,f3c <GPIO_SetBits>
    309a:	4689                	li	a3,2
    309c:	02d11023          	sh	a3,32(sp)
    30a0:	100c                	addi	a1,sp,32
    30a2:	46d1                	li	a3,20
    30a4:	80040513          	addi	a0,s0,-2048
    30a8:	d436                	sw	a3,40(sp)
    30aa:	e11fd0ef          	jal	ra,eba <GPIO_Init>
    30ae:	6605                	lui	a2,0x1
    30b0:	95f60413          	addi	s0,a2,-1697 # 95f <ADC_InjectedChannelConfig+0x3b>
    30b4:	c622                	sw	s0,12(sp)
    30b6:	40013437          	lui	s0,0x40013
    30ba:	002c                	addi	a1,sp,8
    30bc:	c0040513          	addi	a0,s0,-1024 # 40012c00 <_eusrstack+0x20010c00>
    30c0:	c402                	sw	zero,8(sp)
    30c2:	00010823          	sb	zero,16(sp)
    30c6:	fe2fe0ef          	jal	ra,18a8 <TIM_TimeBaseInit>
    30ca:	1068                	addi	a0,sp,44
    30cc:	a31fe0ef          	jal	ra,1afc <TIM_OCStructInit>
    30d0:	67c1                	lui	a5,0x10
    30d2:	06078793          	addi	a5,a5,96 # 10060 <_data_lma+0x9084>
    30d6:	106c                	addi	a1,sp,44
    30d8:	c0040513          	addi	a0,s0,-1024
    30dc:	d63e                	sw	a5,44(sp)
    30de:	02011923          	sh	zero,50(sp)
    30e2:	02011a23          	sh	zero,52(sp)
    30e6:	82ffe0ef          	jal	ra,1914 <TIM_OC1Init>
    30ea:	c0040513          	addi	a0,s0,-1024
    30ee:	4585                	li	a1,1
    30f0:	ad3fe0ef          	jal	ra,1bc2 <TIM_ARRPreloadConfig>
    30f4:	c0040513          	addi	a0,s0,-1024
    30f8:	02000593          	li	a1,32
    30fc:	c1ffe0ef          	jal	ra,1d1a <TIM_SelectOutputTrigger>
    3100:	45a1                	li	a1,8
    3102:	c0040513          	addi	a0,s0,-1024
    3106:	b15fe0ef          	jal	ra,1c1a <TIM_OC1PreloadConfig>
    310a:	0848                	addi	a0,sp,20
    310c:	a13fe0ef          	jal	ra,1b1e <TIM_ICStructInit>
    3110:	4711                	li	a4,4
    3112:	084c                	addi	a1,sp,20
    3114:	c0040513          	addi	a0,s0,-1024
    3118:	ca3a                	sw	a4,20(sp)
    311a:	cc26                	sw	s1,24(sp)
    311c:	00011e23          	sh	zero,28(sp)
    3120:	d3ffe0ef          	jal	ra,1e5e <TIM_ICInit>
    3124:	c0040513          	addi	a0,s0,-1024
    3128:	4595                	li	a1,5
    312a:	e93fe0ef          	jal	ra,1fbc <TIM_ClearITPendingBit>
    312e:	c0040513          	addi	a0,s0,-1024
    3132:	40000593          	li	a1,1024
    3136:	e63fe0ef          	jal	ra,1f98 <TIM_ClearFlag>
    313a:	4605                	li	a2,1
    313c:	4585                	li	a1,1
    313e:	c0040513          	addi	a0,s0,-1024
    3142:	a5ffe0ef          	jal	ra,1ba0 <TIM_ITConfig>
    3146:	02500793          	li	a5,37
    314a:	850a                	mv	a0,sp
    314c:	807c                	sh	a5,0(sp)
    314e:	8144                	sb	s1,2(sp)
    3150:	c202                	sw	zero,4(sp)
    3152:	b8cfe0ef          	jal	ra,14de <NVIC_Init>
    3156:	12300793          	li	a5,291
    315a:	850a                	mv	a0,sp
    315c:	807c                	sh	a5,0(sp)
    315e:	c226                	sw	s1,4(sp)
    3160:	00010123          	sb	zero,2(sp)
    3164:	b7afe0ef          	jal	ra,14de <NVIC_Init>
    3168:	c0040513          	addi	a0,s0,-1024
    316c:	4585                	li	a1,1
    316e:	a1dfe0ef          	jal	ra,1b8a <TIM_CtrlPWMOutputs>
    3172:	4585                	li	a1,1
    3174:	c0040513          	addi	a0,s0,-1024
    3178:	9bdfe0ef          	jal	ra,1b34 <TIM_Cmd>
    317c:	03c10113          	addi	sp,sp,60
    3180:	f33fc06f          	j	b2 <__riscv_restore_0>

00003184 <D_PWM_Read>:
    3184:	f25fc2ef          	jal	t0,a8 <__riscv_save_0>
    3188:	822ff0ef          	jal	ra,21aa <__get_MSTATUS>
    318c:	08800793          	li	a5,136
    3190:	3007b073          	.4byte	0x3007b073
    3194:	0000100f          	.4byte	0x100f
    3198:	8bc1d403          	lhu	s0,-1860(gp) # 2000014c <s_pulse_us>
    319c:	8a019e23          	sh	zero,-1860(gp) # 2000014c <s_pulse_us>
    31a0:	810ff0ef          	jal	ra,21b0 <__set_MSTATUS>
    31a4:	0442                	slli	s0,s0,0x10
    31a6:	8041                	srli	s0,s0,0x10
    31a8:	8522                	mv	a0,s0
    31aa:	f09fc06f          	j	b2 <__riscv_restore_0>

000031ae <D_PWM_Input_Enable>:
    31ae:	efbfc2ef          	jal	t0,a8 <__riscv_save_0>
    31b2:	1141                	addi	sp,sp,-16
    31b4:	4709                	li	a4,2
    31b6:	40013437          	lui	s0,0x40013
    31ba:	c02a                	sw	a0,0(sp)
    31bc:	8278                	sh	a4,4(sp)
    31be:	4601                	li	a2,0
    31c0:	4705                	li	a4,1
    31c2:	4591                	li	a1,4
    31c4:	c0040513          	addi	a0,s0,-1024 # 40012c00 <_eusrstack+0x20010c00>
    31c8:	00011323          	sh	zero,6(sp)
    31cc:	00011623          	sh	zero,12(sp)
    31d0:	00011723          	sh	zero,14(sp)
    31d4:	c43a                	sw	a4,8(sp)
    31d6:	9cbfe0ef          	jal	ra,1ba0 <TIM_ITConfig>
    31da:	02000493          	li	s1,32
    31de:	e000e7b7          	lui	a5,0xe000e
    31e2:	1897a223          	sw	s1,388(a5) # e000e184 <_eusrstack+0xc000c184>
    31e6:	0000100f          	.4byte	0x100f
    31ea:	4591                	li	a1,4
    31ec:	c0040513          	addi	a0,s0,-1024
    31f0:	dcdfe0ef          	jal	ra,1fbc <TIM_ClearITPendingBit>
    31f4:	40000593          	li	a1,1024
    31f8:	c0040513          	addi	a0,s0,-1024
    31fc:	d9dfe0ef          	jal	ra,1f98 <TIM_ClearFlag>
    3200:	8c01a023          	sw	zero,-1856(gp) # 20000150 <s_ic_overflow>
    3204:	ccfff0ef          	jal	ra,2ed2 <PWM_ResetCaptureState>
    3208:	4782                	lw	a5,0(sp)
    320a:	8a019e23          	sh	zero,-1860(gp) # 2000014c <s_pulse_us>
    320e:	c3b9                	beqz	a5,3254 <D_PWM_Input_Enable+0xa6>
    3210:	40011537          	lui	a0,0x40011
    3214:	04800793          	li	a5,72
    3218:	004c                	addi	a1,sp,4
    321a:	80050513          	addi	a0,a0,-2048 # 40010800 <_eusrstack+0x2000e800>
    321e:	c63e                	sw	a5,12(sp)
    3220:	c9bfd0ef          	jal	ra,eba <GPIO_Init>
    3224:	4591                	li	a1,4
    3226:	c0040513          	addi	a0,s0,-1024
    322a:	d93fe0ef          	jal	ra,1fbc <TIM_ClearITPendingBit>
    322e:	40000593          	li	a1,1024
    3232:	c0040513          	addi	a0,s0,-1024
    3236:	d63fe0ef          	jal	ra,1f98 <TIM_ClearFlag>
    323a:	4605                	li	a2,1
    323c:	4591                	li	a1,4
    323e:	c0040513          	addi	a0,s0,-1024
    3242:	95ffe0ef          	jal	ra,1ba0 <TIM_ITConfig>
    3246:	e000e7b7          	lui	a5,0xe000e
    324a:	1097a223          	sw	s1,260(a5) # e000e104 <_eusrstack+0xc000c104>
    324e:	0141                	addi	sp,sp,16
    3250:	e63fc06f          	j	b2 <__riscv_restore_0>
    3254:	40011437          	lui	s0,0x40011
    3258:	80040513          	addi	a0,s0,-2048 # 40010800 <_eusrstack+0x2000e800>
    325c:	4589                	li	a1,2
    325e:	cdffd0ef          	jal	ra,f3c <GPIO_SetBits>
    3262:	47d1                	li	a5,20
    3264:	004c                	addi	a1,sp,4
    3266:	80040513          	addi	a0,s0,-2048
    326a:	c63e                	sw	a5,12(sp)
    326c:	c4ffd0ef          	jal	ra,eba <GPIO_Init>
    3270:	bff9                	j	324e <D_PWM_Input_Enable+0xa0>

00003272 <D_TIM1_CC_ISR>:
    3272:	e37fc2ef          	jal	t0,a8 <__riscv_save_0>
    3276:	40013537          	lui	a0,0x40013
    327a:	c1055783          	lhu	a5,-1008(a0) # 40012c10 <_eusrstack+0x20010c10>
    327e:	c0050513          	addi	a0,a0,-1024
    3282:	01079413          	slli	s0,a5,0x10
    3286:	4047f793          	andi	a5,a5,1028
    328a:	c785                	beqz	a5,32b2 <D_TIM1_CC_ISR+0x40>
    328c:	8041                	srli	s0,s0,0x10
    328e:	40047793          	andi	a5,s0,1024
    3292:	c395                	beqz	a5,32b6 <D_TIM1_CC_ISR+0x44>
    3294:	c3fff0ef          	jal	ra,2ed2 <PWM_ResetCaptureState>
    3298:	40013437          	lui	s0,0x40013
    329c:	40000593          	li	a1,1024
    32a0:	c0040513          	addi	a0,s0,-1024 # 40012c00 <_eusrstack+0x20010c00>
    32a4:	cf5fe0ef          	jal	ra,1f98 <TIM_ClearFlag>
    32a8:	4591                	li	a1,4
    32aa:	c0040513          	addi	a0,s0,-1024
    32ae:	d0ffe0ef          	jal	ra,1fbc <TIM_ClearITPendingBit>
    32b2:	e01fc06f          	j	b2 <__riscv_restore_0>
    32b6:	cb3fe0ef          	jal	ra,1f68 <TIM_GetCapture2>
    32ba:	8c01a783          	lw	a5,-1856(gp) # 20000150 <s_ic_overflow>
    32be:	6705                	lui	a4,0x1
    32c0:	96070713          	addi	a4,a4,-1696 # 960 <ADC_InjectedChannelConfig+0x3c>
    32c4:	02e787b3          	mul	a5,a5,a4
    32c8:	8805                	andi	s0,s0,1
    32ca:	97aa                	add	a5,a5,a0
    32cc:	c411                	beqz	s0,32d8 <D_TIM1_CC_ISR+0x66>
    32ce:	4af00693          	li	a3,1199
    32d2:	00a6e363          	bltu	a3,a0,32d8 <D_TIM1_CC_ISR+0x66>
    32d6:	97ba                	add	a5,a5,a4
    32d8:	8c81a503          	lw	a0,-1848(gp) # 20000158 <s_ic_rise_time>
    32dc:	8cd1c703          	lbu	a4,-1843(gp) # 2000015d <s_ic_wait_falling>
    32e0:	40a78533          	sub	a0,a5,a0
    32e4:	e729                	bnez	a4,332e <D_TIM1_CC_ISR+0xbc>
    32e6:	8cc1c683          	lbu	a3,-1844(gp) # 2000015c <s_ic_have_rise>
    32ea:	ce81                	beqz	a3,3302 <D_TIM1_CC_ISR+0x90>
    32ec:	fff2d737          	lui	a4,0xfff2d
    32f0:	10070713          	addi	a4,a4,256 # fff2d100 <_eusrstack+0xdff2b100>
    32f4:	0002f6b7          	lui	a3,0x2f
    32f8:	972a                	add	a4,a4,a0
    32fa:	e0168693          	addi	a3,a3,-511 # 2ee01 <_data_lma+0x27e25>
    32fe:	00d73733          	sltu	a4,a4,a3
    3302:	8ce18223          	sb	a4,-1852(gp) # 20000154 <s_ic_period_valid>
    3306:	4705                	li	a4,1
    3308:	8cf1a423          	sw	a5,-1848(gp) # 20000158 <s_ic_rise_time>
    330c:	8ce18623          	sb	a4,-1844(gp) # 2000015c <s_ic_have_rise>
    3310:	8ce186a3          	sb	a4,-1843(gp) # 2000015d <s_ic_wait_falling>
    3314:	4589                	li	a1,2
    3316:	40013537          	lui	a0,0x40013
    331a:	c0050513          	addi	a0,a0,-1024 # 40012c00 <_eusrstack+0x20010c00>
    331e:	9c7fe0ef          	jal	ra,1ce4 <TIM_OC2PolarityConfig>
    3322:	40013537          	lui	a0,0x40013
    3326:	4591                	li	a1,4
    3328:	c0050513          	addi	a0,a0,-1024 # 40012c00 <_eusrstack+0x20010c00>
    332c:	b749                	j	32ae <D_TIM1_CC_ISR+0x3c>
    332e:	8c41c783          	lbu	a5,-1852(gp) # 20000154 <s_ic_period_valid>
    3332:	c39d                	beqz	a5,3358 <D_TIM1_CC_ISR+0xe6>
    3334:	77e9                	lui	a5,0xffffa
    3336:	24078793          	addi	a5,a5,576 # ffffa240 <_eusrstack+0xdfff8240>
    333a:	675d                	lui	a4,0x17
    333c:	97aa                	add	a5,a5,a0
    333e:	70070713          	addi	a4,a4,1792 # 17700 <_data_lma+0x10724>
    3342:	00f76b63          	bltu	a4,a5,3358 <D_TIM1_CC_ISR+0xe6>
    3346:	03000593          	li	a1,48
    334a:	0561                	addi	a0,a0,24
    334c:	d79fc0ef          	jal	ra,c4 <__hidden___udivsi3>
    3350:	0542                	slli	a0,a0,0x10
    3352:	8141                	srli	a0,a0,0x10
    3354:	8aa19e23          	sh	a0,-1860(gp) # 2000014c <s_pulse_us>
    3358:	8c0186a3          	sb	zero,-1843(gp) # 2000015d <s_ic_wait_falling>
    335c:	4581                	li	a1,0
    335e:	bf65                	j	3316 <D_TIM1_CC_ISR+0xa4>

00003360 <D_TIM1_UP_ISR>:
    3360:	d49fc2ef          	jal	t0,a8 <__riscv_save_0>
    3364:	400134b7          	lui	s1,0x40013
    3368:	4585                	li	a1,1
    336a:	c0048513          	addi	a0,s1,-1024 # 40012c00 <_eusrstack+0x20010c00>
    336e:	c37fe0ef          	jal	ra,1fa4 <TIM_GetITStatus>
    3372:	c51d                	beqz	a0,33a0 <D_TIM1_UP_ISR+0x40>
    3374:	e37fe0ef          	jal	ra,21aa <__get_MSTATUS>
    3378:	842a                	mv	s0,a0
    337a:	08800793          	li	a5,136
    337e:	3007b073          	.4byte	0x3007b073
    3382:	0000100f          	.4byte	0x100f
    3386:	8c01a783          	lw	a5,-1856(gp) # 20000150 <s_ic_overflow>
    338a:	c0048513          	addi	a0,s1,-1024
    338e:	4585                	li	a1,1
    3390:	0785                	addi	a5,a5,1
    3392:	8cf1a023          	sw	a5,-1856(gp) # 20000150 <s_ic_overflow>
    3396:	c27fe0ef          	jal	ra,1fbc <TIM_ClearITPendingBit>
    339a:	8522                	mv	a0,s0
    339c:	e15fe0ef          	jal	ra,21b0 <__set_MSTATUS>
    33a0:	d13fc06f          	j	b2 <__riscv_restore_0>

000033a4 <D_TMP112_Init>:
    33a4:	d05fc2ef          	jal	t0,a8 <__riscv_save_0>
    33a8:	1171                	addi	sp,sp,-4
    33aa:	4689                	li	a3,2
    33ac:	860a                	mv	a2,sp
    33ae:	4585                	li	a1,1
    33b0:	04800513          	li	a0,72
    33b4:	d5cff0ef          	jal	ra,2910 <D_I2C_Read>
    33b8:	c509                	beqz	a0,33c2 <D_TMP112_Init+0x1e>
    33ba:	4505                	li	a0,1
    33bc:	0111                	addi	sp,sp,4
    33be:	cf5fc06f          	j	b2 <__riscv_restore_0>
    33c2:	77e9                	lui	a5,0xffffa
    33c4:	06078793          	addi	a5,a5,96 # ffffa060 <_eusrstack+0xdfff8060>
    33c8:	4689                	li	a3,2
    33ca:	860a                	mv	a2,sp
    33cc:	4585                	li	a1,1
    33ce:	04800513          	li	a0,72
    33d2:	807c                	sh	a5,0(sp)
    33d4:	bd6ff0ef          	jal	ra,27aa <D_I2C_Write>
    33d8:	b7d5                	j	33bc <D_TMP112_Init+0x18>

000033da <D_TMP112_Read_Temp>:
    33da:	ccffc2ef          	jal	t0,a8 <__riscv_save_0>
    33de:	1171                	addi	sp,sp,-4
    33e0:	4689                	li	a3,2
    33e2:	860a                	mv	a2,sp
    33e4:	4581                	li	a1,0
    33e6:	04800513          	li	a0,72
    33ea:	d26ff0ef          	jal	ra,2910 <D_I2C_Read>
    33ee:	87aa                	mv	a5,a0
    33f0:	7561                	lui	a0,0xffff8
    33f2:	e39d                	bnez	a5,3418 <D_TMP112_Read_Temp+0x3e>
    33f4:	8038                	lhu	a4,0(sp)
    33f6:	27100513          	li	a0,625
    33fa:	3e800593          	li	a1,1000
    33fe:	00871793          	slli	a5,a4,0x8
    3402:	8321                	srli	a4,a4,0x8
    3404:	8fd9                	or	a5,a5,a4
    3406:	07c2                	slli	a5,a5,0x10
    3408:	87c1                	srai	a5,a5,0x10
    340a:	8791                	srai	a5,a5,0x4
    340c:	02a78533          	mul	a0,a5,a0
    3410:	cadfc0ef          	jal	ra,bc <__divsi3>
    3414:	0542                	slli	a0,a0,0x10
    3416:	8541                	srai	a0,a0,0x10
    3418:	0111                	addi	sp,sp,4
    341a:	c99fc06f          	j	b2 <__riscv_restore_0>

0000341e <Uart_ApplyParams>:
    341e:	c8bfc2ef          	jal	t0,a8 <__riscv_save_0>
    3422:	1141                	addi	sp,sp,-16
    3424:	40014437          	lui	s0,0x40014
    3428:	47b1                	li	a5,12
    342a:	c402                	sw	zero,8(sp)
    342c:	c02a                	sw	a0,0(sp)
    342e:	4581                	li	a1,0
    3430:	80040513          	addi	a0,s0,-2048 # 40013800 <_eusrstack+0x20011800>
    3434:	857c                	sh	a5,10(sp)
    3436:	c202                	sw	zero,4(sp)
    3438:	c602                	sw	zero,12(sp)
    343a:	c2bfe0ef          	jal	ra,2064 <USART_Cmd>
    343e:	858a                	mv	a1,sp
    3440:	80040513          	addi	a0,s0,-2048
    3444:	b85fe0ef          	jal	ra,1fc8 <USART_Init>
    3448:	80040513          	addi	a0,s0,-2048
    344c:	4585                	li	a1,1
    344e:	c73fe0ef          	jal	ra,20c0 <USART_HalfDuplexCmd>
    3452:	4585                	li	a1,1
    3454:	80040513          	addi	a0,s0,-2048
    3458:	c0dfe0ef          	jal	ra,2064 <USART_Cmd>
    345c:	0141                	addi	sp,sp,16
    345e:	c55fc06f          	j	b2 <__riscv_restore_0>

00003462 <Uart_TxDone>:
    3462:	c47fc2ef          	jal	t0,a8 <__riscv_save_0>
    3466:	40014437          	lui	s0,0x40014
    346a:	02000593          	li	a1,32
    346e:	80040513          	addi	a0,s0,-2048 # 40013800 <_eusrstack+0x20011800>
    3472:	c67fe0ef          	jal	ra,20d8 <USART_GetFlagStatus>
    3476:	c509                	beqz	a0,3480 <Uart_TxDone+0x1e>
    3478:	80040513          	addi	a0,s0,-2048
    347c:	c3dfe0ef          	jal	ra,20b8 <USART_ReceiveData>
    3480:	40014537          	lui	a0,0x40014
    3484:	4605                	li	a2,1
    3486:	52500593          	li	a1,1317
    348a:	80050513          	addi	a0,a0,-2048 # 40013800 <_eusrstack+0x20011800>
    348e:	bebfe0ef          	jal	ra,2078 <USART_ITConfig>
    3492:	8c018aa3          	sb	zero,-1835(gp) # 20000165 <s_tx_busy>
    3496:	c1dfc06f          	j	b2 <__riscv_restore_0>

0000349a <D_USART1_Cfg>:
    349a:	c0ffc2ef          	jal	t0,a8 <__riscv_save_0>
    349e:	84aa                	mv	s1,a0
    34a0:	6511                	lui	a0,0x4
    34a2:	1131                	addi	sp,sp,-20
    34a4:	4585                	li	a1,1
    34a6:	0545                	addi	a0,a0,17 # 4011 <C_Task_Run+0x6d>
    34a8:	c402                	sw	zero,8(sp)
    34aa:	c602                	sw	zero,12(sp)
    34ac:	c802                	sw	zero,16(sp)
    34ae:	c002                	sw	zero,0(sp)
    34b0:	c202                	sw	zero,4(sp)
    34b2:	a54fe0ef          	jal	ra,1706 <RCC_PB2PeriphClockCmd>
    34b6:	00160537          	lui	a0,0x160
    34ba:	4585                	li	a1,1
    34bc:	0c050513          	addi	a0,a0,192 # 1600c0 <_data_lma+0x1590e4>
    34c0:	a81fd0ef          	jal	ra,f40 <GPIO_PinRemapConfig>
    34c4:	4405                	li	s0,1
    34c6:	002c                	addi	a1,sp,8
    34c8:	47e1                	li	a5,24
    34ca:	40011537          	lui	a0,0x40011
    34ce:	c83e                	sw	a5,16(sp)
    34d0:	8460                	sh	s0,8(sp)
    34d2:	c622                	sw	s0,12(sp)
    34d4:	9e7fd0ef          	jal	ra,eba <GPIO_Init>
    34d8:	95c18513          	addi	a0,gp,-1700 # 200001ec <s_rx_rb>
    34dc:	7d6000ef          	jal	ra,3cb2 <C_Ring_Buf_Init>
    34e0:	8d818513          	addi	a0,gp,-1832 # 20000168 <s_tx_rb>
    34e4:	7ce000ef          	jal	ra,3cb2 <C_Ring_Buf_Init>
    34e8:	8526                	mv	a0,s1
    34ea:	8c018aa3          	sb	zero,-1835(gp) # 20000165 <s_tx_busy>
    34ee:	8c01a823          	sw	zero,-1840(gp) # 20000160 <s_pending_baud>
    34f2:	f2dff0ef          	jal	ra,341e <Uart_ApplyParams>
    34f6:	40014537          	lui	a0,0x40014
    34fa:	4605                	li	a2,1
    34fc:	52500593          	li	a1,1317
    3500:	80050513          	addi	a0,a0,-2048 # 40013800 <_eusrstack+0x20011800>
    3504:	b75fe0ef          	jal	ra,2078 <USART_ITConfig>
    3508:	12000793          	li	a5,288
    350c:	850a                	mv	a0,sp
    350e:	807c                	sh	a5,0(sp)
    3510:	8140                	sb	s0,2(sp)
    3512:	c222                	sw	s0,4(sp)
    3514:	fcbfd0ef          	jal	ra,14de <NVIC_Init>
    3518:	8c818a23          	sb	s0,-1836(gp) # 20000164 <s_enabled>
    351c:	0151                	addi	sp,sp,20
    351e:	b95fc06f          	j	b2 <__riscv_restore_0>

00003522 <D_UART_Enable>:
    3522:	b87fc2ef          	jal	t0,a8 <__riscv_save_0>
    3526:	1151                	addi	sp,sp,-12
    3528:	4485                	li	s1,1
    352a:	00011123          	sh	zero,2(sp)
    352e:	00011423          	sh	zero,8(sp)
    3532:	00011523          	sh	zero,10(sp)
    3536:	8064                	sh	s1,0(sp)
    3538:	c226                	sw	s1,4(sp)
    353a:	cd1d                	beqz	a0,3578 <D_UART_Enable+0x56>
    353c:	4761                	li	a4,24
    353e:	858a                	mv	a1,sp
    3540:	40011537          	lui	a0,0x40011
    3544:	c43a                	sw	a4,8(sp)
    3546:	40014437          	lui	s0,0x40014
    354a:	971fd0ef          	jal	ra,eba <GPIO_Init>
    354e:	4585                	li	a1,1
    3550:	80040513          	addi	a0,s0,-2048 # 40013800 <_eusrstack+0x20011800>
    3554:	b11fe0ef          	jal	ra,2064 <USART_Cmd>
    3558:	4605                	li	a2,1
    355a:	52500593          	li	a1,1317
    355e:	80040513          	addi	a0,s0,-2048
    3562:	8c918a23          	sb	s1,-1836(gp) # 20000164 <s_enabled>
    3566:	b13fe0ef          	jal	ra,2078 <USART_ITConfig>
    356a:	e000e737          	lui	a4,0xe000e
    356e:	10972223          	sw	s1,260(a4) # e000e104 <_eusrstack+0xc000c104>
    3572:	0131                	addi	sp,sp,12
    3574:	b3ffc06f          	j	b2 <__riscv_restore_0>
    3578:	40014437          	lui	s0,0x40014
    357c:	80040513          	addi	a0,s0,-2048 # 40013800 <_eusrstack+0x20011800>
    3580:	4601                	li	a2,0
    3582:	52500593          	li	a1,1317
    3586:	af3fe0ef          	jal	ra,2078 <USART_ITConfig>
    358a:	80040513          	addi	a0,s0,-2048
    358e:	4601                	li	a2,0
    3590:	72700593          	li	a1,1831
    3594:	ae5fe0ef          	jal	ra,2078 <USART_ITConfig>
    3598:	4601                	li	a2,0
    359a:	62600593          	li	a1,1574
    359e:	80040513          	addi	a0,s0,-2048
    35a2:	ad7fe0ef          	jal	ra,2078 <USART_ITConfig>
    35a6:	e000e737          	lui	a4,0xe000e
    35aa:	18972223          	sw	s1,388(a4) # e000e184 <_eusrstack+0xc000c184>
    35ae:	0000100f          	.4byte	0x100f
    35b2:	4581                	li	a1,0
    35b4:	80040513          	addi	a0,s0,-2048
    35b8:	aadfe0ef          	jal	ra,2064 <USART_Cmd>
    35bc:	8c018a23          	sb	zero,-1836(gp) # 20000164 <s_enabled>
    35c0:	8d818513          	addi	a0,gp,-1832 # 20000168 <s_tx_rb>
    35c4:	8c018aa3          	sb	zero,-1835(gp) # 20000165 <s_tx_busy>
    35c8:	6ea000ef          	jal	ra,3cb2 <C_Ring_Buf_Init>
    35cc:	4791                	li	a5,4
    35ce:	858a                	mv	a1,sp
    35d0:	40011537          	lui	a0,0x40011
    35d4:	c43e                	sw	a5,8(sp)
    35d6:	8e5fd0ef          	jal	ra,eba <GPIO_Init>
    35da:	bf61                	j	3572 <D_UART_Enable+0x50>

000035dc <D_UART1_Rx_Get>:
    35dc:	85aa                	mv	a1,a0
    35de:	95c18513          	addi	a0,gp,-1700 # 200001ec <s_rx_rb>
    35e2:	7080006f          	j	3cea <C_Ring_Buf_Get>

000035e6 <D_UART1_Tx_Write>:
    35e6:	8d41c783          	lbu	a5,-1836(gp) # 20000164 <s_enabled>
    35ea:	e799                	bnez	a5,35f8 <D_UART1_Tx_Write+0x12>
    35ec:	4501                	li	a0,0
    35ee:	8082                	ret
    35f0:	4501                	li	a0,0
    35f2:	0121                	addi	sp,sp,8
    35f4:	abffc06f          	j	b2 <__riscv_restore_0>
    35f8:	ab1fc2ef          	jal	t0,a8 <__riscv_save_0>
    35fc:	1161                	addi	sp,sp,-8
    35fe:	842a                	mv	s0,a0
    3600:	d965                	beqz	a0,35f0 <D_UART1_Tx_Write+0xa>
    3602:	c02e                	sw	a1,0(sp)
    3604:	d5f5                	beqz	a1,35f0 <D_UART1_Tx_Write+0xa>
    3606:	8d818513          	addi	a0,gp,-1832 # 20000168 <s_tx_rb>
    360a:	712000ef          	jal	ra,3d1c <C_Ring_Buf_Get_Count>
    360e:	4582                	lw	a1,0(sp)
    3610:	07f00793          	li	a5,127
    3614:	952e                	add	a0,a0,a1
    3616:	fca7cde3          	blt	a5,a0,35f0 <D_UART1_Tx_Write+0xa>
    361a:	00b407b3          	add	a5,s0,a1
    361e:	200c                	lbu	a1,0(s0)
    3620:	8d818513          	addi	a0,gp,-1832 # 20000168 <s_tx_rb>
    3624:	c03e                	sw	a5,0(sp)
    3626:	2d61                	jal	3cbe <C_Ring_Buf_Put>
    3628:	4782                	lw	a5,0(sp)
    362a:	0405                	addi	s0,s0,1
    362c:	fef419e3          	bne	s0,a5,361e <D_UART1_Tx_Write+0x38>
    3630:	b7bfe0ef          	jal	ra,21aa <__get_MSTATUS>
    3634:	c02a                	sw	a0,0(sp)
    3636:	08800793          	li	a5,136
    363a:	3007b073          	.4byte	0x3007b073
    363e:	0000100f          	.4byte	0x100f
    3642:	8d51c703          	lbu	a4,-1835(gp) # 20000165 <s_tx_busy>
    3646:	e731                	bnez	a4,3692 <D_UART1_Tx_Write+0xac>
    3648:	00710593          	addi	a1,sp,7
    364c:	8d818513          	addi	a0,gp,-1832 # 20000168 <s_tx_rb>
    3650:	2d69                	jal	3cea <C_Ring_Buf_Get>
    3652:	c121                	beqz	a0,3692 <D_UART1_Tx_Write+0xac>
    3654:	400144b7          	lui	s1,0x40014
    3658:	4705                	li	a4,1
    365a:	4601                	li	a2,0
    365c:	52500593          	li	a1,1317
    3660:	80048513          	addi	a0,s1,-2048 # 40013800 <_eusrstack+0x20011800>
    3664:	8ce18aa3          	sb	a4,-1835(gp) # 20000165 <s_tx_busy>
    3668:	a11fe0ef          	jal	ra,2078 <USART_ITConfig>
    366c:	4601                	li	a2,0
    366e:	62600593          	li	a1,1574
    3672:	80048513          	addi	a0,s1,-2048
    3676:	a03fe0ef          	jal	ra,2078 <USART_ITConfig>
    367a:	838c                	lbu	a1,7(sp)
    367c:	80048513          	addi	a0,s1,-2048
    3680:	a31fe0ef          	jal	ra,20b0 <USART_SendData>
    3684:	4605                	li	a2,1
    3686:	72700593          	li	a1,1831
    368a:	80048513          	addi	a0,s1,-2048
    368e:	9ebfe0ef          	jal	ra,2078 <USART_ITConfig>
    3692:	4502                	lw	a0,0(sp)
    3694:	b1dfe0ef          	jal	ra,21b0 <__set_MSTATUS>
    3698:	4505                	li	a0,1
    369a:	bfa1                	j	35f2 <D_UART1_Tx_Write+0xc>

0000369c <D_UART_SetBaud_Deferred>:
    369c:	8ca1a823          	sw	a0,-1840(gp) # 20000160 <s_pending_baud>
    36a0:	8082                	ret

000036a2 <D_UART_Service>:
    36a2:	a07fc2ef          	jal	t0,a8 <__riscv_save_0>
    36a6:	8d01a783          	lw	a5,-1840(gp) # 20000160 <s_pending_baud>
    36aa:	cf91                	beqz	a5,36c6 <D_UART_Service+0x24>
    36ac:	8d51c783          	lbu	a5,-1835(gp) # 20000165 <s_tx_busy>
    36b0:	eb99                	bnez	a5,36c6 <D_UART_Service+0x24>
    36b2:	8d818513          	addi	a0,gp,-1832 # 20000168 <s_tx_rb>
    36b6:	259d                	jal	3d1c <C_Ring_Buf_Get_Count>
    36b8:	e519                	bnez	a0,36c6 <D_UART_Service+0x24>
    36ba:	8d01a503          	lw	a0,-1840(gp) # 20000160 <s_pending_baud>
    36be:	d61ff0ef          	jal	ra,341e <Uart_ApplyParams>
    36c2:	8c01a823          	sw	zero,-1840(gp) # 20000160 <s_pending_baud>
    36c6:	9edfc06f          	j	b2 <__riscv_restore_0>

000036ca <D_UART1_ISR>:
    36ca:	8d41c783          	lbu	a5,-1836(gp) # 20000164 <s_enabled>
    36ce:	c7cd                	beqz	a5,3778 <D_UART1_ISR+0xae>
    36d0:	9d9fc2ef          	jal	t0,a8 <__riscv_save_0>
    36d4:	40014437          	lui	s0,0x40014
    36d8:	1171                	addi	sp,sp,-4
    36da:	52500593          	li	a1,1317
    36de:	80040513          	addi	a0,s0,-2048 # 40013800 <_eusrstack+0x20011800>
    36e2:	a01fe0ef          	jal	ra,20e2 <USART_GetITStatus>
    36e6:	cd11                	beqz	a0,3702 <D_UART1_ISR+0x38>
    36e8:	80040513          	addi	a0,s0,-2048
    36ec:	9cdfe0ef          	jal	ra,20b8 <USART_ReceiveData>
    36f0:	0ff57593          	zext.b	a1,a0
    36f4:	95c18513          	addi	a0,gp,-1700 # 200001ec <s_rx_rb>
    36f8:	81cc                	sb	a1,3(sp)
    36fa:	23d1                	jal	3cbe <C_Ring_Buf_Put>
    36fc:	0111                	addi	sp,sp,4
    36fe:	9b5fc06f          	j	b2 <__riscv_restore_0>
    3702:	72700593          	li	a1,1831
    3706:	80040513          	addi	a0,s0,-2048
    370a:	9d9fe0ef          	jal	ra,20e2 <USART_GetITStatus>
    370e:	c531                	beqz	a0,375a <D_UART1_ISR+0x90>
    3710:	00310593          	addi	a1,sp,3
    3714:	8d818513          	addi	a0,gp,-1832 # 20000168 <s_tx_rb>
    3718:	2bc9                	jal	3cea <C_Ring_Buf_Get>
    371a:	c519                	beqz	a0,3728 <D_UART1_ISR+0x5e>
    371c:	818c                	lbu	a1,3(sp)
    371e:	80040513          	addi	a0,s0,-2048
    3722:	98ffe0ef          	jal	ra,20b0 <USART_SendData>
    3726:	bfd9                	j	36fc <D_UART1_ISR+0x32>
    3728:	72700593          	li	a1,1831
    372c:	80040513          	addi	a0,s0,-2048
    3730:	4601                	li	a2,0
    3732:	947fe0ef          	jal	ra,2078 <USART_ITConfig>
    3736:	04000593          	li	a1,64
    373a:	80040513          	addi	a0,s0,-2048
    373e:	99bfe0ef          	jal	ra,20d8 <USART_GetFlagStatus>
    3742:	c501                	beqz	a0,374a <D_UART1_ISR+0x80>
    3744:	d1fff0ef          	jal	ra,3462 <Uart_TxDone>
    3748:	bf55                	j	36fc <D_UART1_ISR+0x32>
    374a:	4605                	li	a2,1
    374c:	62600593          	li	a1,1574
    3750:	80040513          	addi	a0,s0,-2048
    3754:	925fe0ef          	jal	ra,2078 <USART_ITConfig>
    3758:	b755                	j	36fc <D_UART1_ISR+0x32>
    375a:	62600593          	li	a1,1574
    375e:	80040513          	addi	a0,s0,-2048
    3762:	981fe0ef          	jal	ra,20e2 <USART_GetITStatus>
    3766:	d959                	beqz	a0,36fc <D_UART1_ISR+0x32>
    3768:	4601                	li	a2,0
    376a:	62600593          	li	a1,1574
    376e:	80040513          	addi	a0,s0,-2048
    3772:	907fe0ef          	jal	ra,2078 <USART_ITConfig>
    3776:	b7f9                	j	3744 <D_UART1_ISR+0x7a>
    3778:	8082                	ret

0000377a <WS2812_Encode>:
    377a:	4781                	li	a5,0
    377c:	4621                	li	a2,8
    377e:	01851713          	slli	a4,a0,0x18
    3782:	8761                	srai	a4,a4,0x18
    3784:	0f800693          	li	a3,248
    3788:	00074463          	bltz	a4,3790 <WS2812_Encode+0x16>
    378c:	0c000693          	li	a3,192
    3790:	00f58733          	add	a4,a1,a5
    3794:	0506                	slli	a0,a0,0x1
    3796:	a314                	sb	a3,0(a4)
    3798:	0785                	addi	a5,a5,1
    379a:	0ff57513          	zext.b	a0,a0
    379e:	fec790e3          	bne	a5,a2,377e <WS2812_Encode+0x4>
    37a2:	8082                	ret

000037a4 <D_WS2812_Send>:
    37a4:	905fc2ef          	jal	t0,a8 <__riscv_save_0>
    37a8:	1171                	addi	sp,sp,-4
    37aa:	84aa                	mv	s1,a0
    37ac:	852e                	mv	a0,a1
    37ae:	9e018593          	addi	a1,gp,-1568 # 20000270 <s_frame>
    37b2:	c032                	sw	a2,0(sp)
    37b4:	fc7ff0ef          	jal	ra,377a <WS2812_Encode>
    37b8:	8526                	mv	a0,s1
    37ba:	9e818593          	addi	a1,gp,-1560 # 20000278 <s_frame+0x8>
    37be:	fbdff0ef          	jal	ra,377a <WS2812_Encode>
    37c2:	4502                	lw	a0,0(sp)
    37c4:	9f018593          	addi	a1,gp,-1552 # 20000280 <s_frame+0x10>
    37c8:	fb3ff0ef          	jal	ra,377a <WS2812_Encode>
    37cc:	45e1                	li	a1,24
    37ce:	9e018513          	addi	a0,gp,-1568 # 20000270 <s_frame>
    37d2:	ea2ff0ef          	jal	ra,2e74 <D_SPI1_Send_Buf>
    37d6:	03c00513          	li	a0,60
    37da:	975fe0ef          	jal	ra,214e <Delay_Us>
    37de:	0111                	addi	sp,sp,4
    37e0:	8d3fc06f          	j	b2 <__riscv_restore_0>

000037e4 <D_WS2812_Off>:
    37e4:	4601                	li	a2,0
    37e6:	4581                	li	a1,0
    37e8:	4501                	li	a0,0
    37ea:	fbbff06f          	j	37a4 <D_WS2812_Send>

000037ee <D_WS2812_Init>:
    37ee:	ff7ff06f          	j	37e4 <D_WS2812_Off>

000037f2 <C_PosCtrl_Reset>:
    37f2:	9f818793          	addi	a5,gp,-1544 # 20000288 <s_ctl>
    37f6:	0007a023          	sw	zero,0(a5)
    37fa:	00078223          	sb	zero,4(a5)
    37fe:	00079323          	sh	zero,6(a5)
    3802:	00078423          	sb	zero,8(a5)
    3806:	8082                	ret

00003808 <C_PosCtrl_Init>:
    3808:	9f818793          	addi	a5,gp,-1544 # 20000288 <s_ctl>
    380c:	1c700713          	li	a4,455
    3810:	c7d8                	sw	a4,12(a5)
    3812:	4751                	li	a4,20
    3814:	cb98                	sw	a4,16(a5)
    3816:	6705                	lui	a4,0x1
    3818:	96070713          	addi	a4,a4,-1696 # 960 <ADC_InjectedChannelConfig+0x3c>
    381c:	a7ba                	sh	a4,10(a5)
    381e:	fd5ff06f          	j	37f2 <C_PosCtrl_Reset>

00003822 <C_PosCtrl_Set_Output_Limit>:
    3822:	fff50793          	addi	a5,a0,-1 # 40010fff <_eusrstack+0x2000efff>
    3826:	07c2                	slli	a5,a5,0x10
    3828:	6705                	lui	a4,0x1
    382a:	83c1                	srli	a5,a5,0x10
    382c:	95f70693          	addi	a3,a4,-1697 # 95f <ADC_InjectedChannelConfig+0x3b>
    3830:	00f6f463          	bgeu	a3,a5,3838 <C_PosCtrl_Set_Output_Limit+0x16>
    3834:	96070513          	addi	a0,a4,-1696
    3838:	a0a19123          	sh	a0,-1534(gp) # 20000292 <s_ctl+0xa>
    383c:	8082                	ret

0000383e <C_PosCtrl_Update>:
    383e:	86bfc2ef          	jal	t0,a8 <__riscv_save_0>
    3842:	fc810113          	addi	sp,sp,-56
    3846:	ca32                	sw	a2,20(sp)
    3848:	46050363          	beqz	a0,3cae <C_PosCtrl_Update+0x470>
    384c:	832a                	mv	t1,a0
    384e:	4501                	li	a0,0
    3850:	42058b63          	beqz	a1,3c86 <C_PosCtrl_Update+0x448>
    3854:	84b6                	mv	s1,a3
    3856:	41d4                	lw	a3,4(a1)
    3858:	c002                	sw	zero,0(sp)
    385a:	41f6d793          	srai	a5,a3,0x1f
    385e:	00d7c733          	xor	a4,a5,a3
    3862:	40f707b3          	sub	a5,a4,a5
    3866:	c43e                	sw	a5,8(sp)
    3868:	ca19                	beqz	a2,387e <C_PosCtrl_Update+0x40>
    386a:	459c                	lw	a5,8(a1)
    386c:	41f7d713          	srai	a4,a5,0x1f
    3870:	8fb9                	xor	a5,a5,a4
    3872:	8f99                	sub	a5,a5,a4
    3874:	0757a793          	slti	a5,a5,117
    3878:	0017c793          	xori	a5,a5,1
    387c:	c03e                	sw	a5,0(sp)
    387e:	0005a283          	lw	t0,0(a1)
    3882:	00432583          	lw	a1,4(t1)
    3886:	20c00393          	li	t2,524
    388a:	40b68633          	sub	a2,a3,a1
    388e:	02760733          	mul	a4,a2,t2
    3892:	9f818513          	addi	a0,gp,-1544 # 20000288 <s_ctl>
    3896:	00a51783          	lh	a5,10(a0)
    389a:	9f818413          	addi	s0,gp,-1544 # 20000288 <s_ctl>
    389e:	ce3e                	sw	a5,28(sp)
    38a0:	00032783          	lw	a5,0(t1)
    38a4:	02761633          	mulh	a2,a2,t2
    38a8:	8341                	srli	a4,a4,0x10
    38aa:	0642                	slli	a2,a2,0x10
    38ac:	8f51                	or	a4,a4,a2
    38ae:	9716                	add	a4,a4,t0
    38b0:	40e78733          	sub	a4,a5,a4
    38b4:	2150                	lbu	a2,4(a0)
    38b6:	405787b3          	sub	a5,a5,t0
    38ba:	c63a                	sw	a4,12(sp)
    38bc:	41f7d713          	srai	a4,a5,0x1f
    38c0:	8fb9                	xor	a5,a5,a4
    38c2:	8f99                	sub	a5,a5,a4
    38c4:	4752                	lw	a4,20(sp)
    38c6:	20061b63          	bnez	a2,3adc <C_PosCtrl_Update+0x29e>
    38ca:	22070063          	beqz	a4,3aea <C_PosCtrl_Update+0x2ac>
    38ce:	05000513          	li	a0,80
    38d2:	20f54c63          	blt	a0,a5,3aea <C_PosCtrl_Update+0x2ac>
    38d6:	42a2                	lw	t0,8(sp)
    38d8:	64000713          	li	a4,1600
    38dc:	20574763          	blt	a4,t0,3aea <C_PosCtrl_Update+0x2ac>
    38e0:	207a                	lhu	a4,6(s0)
    38e2:	62c1                	lui	t0,0x10
    38e4:	12fd                	addi	t0,t0,-1 # ffff <_data_lma+0x9023>
    38e6:	1c571c63          	bne	a4,t0,3abe <C_PosCtrl_Update+0x280>
    38ea:	4705                	li	a4,1
    38ec:	a058                	sb	a4,4(s0)
    38ee:	4702                	lw	a4,0(sp)
    38f0:	1e071f63          	bnez	a4,3aee <C_PosCtrl_Update+0x2b0>
    38f4:	05000713          	li	a4,80
    38f8:	1ee78b63          	beq	a5,a4,3aee <C_PosCtrl_Update+0x2b0>
    38fc:	03000713          	li	a4,48
    3900:	20f75663          	bge	a4,a5,3b0c <C_PosCtrl_Update+0x2ce>
    3904:	4732                	lw	a4,12(sp)
    3906:	02000793          	li	a5,32
    390a:	20e7d963          	bge	a5,a4,3b1c <C_PosCtrl_Update+0x2de>
    390e:	fe070793          	addi	a5,a4,-32
    3912:	6705                	lui	a4,0x1
    3914:	90070713          	addi	a4,a4,-1792 # 900 <ADC_ExternalTrigInjectedConvCmd+0x8>
    3918:	02e78633          	mul	a2,a5,a4
    391c:	02e797b3          	mulh	a5,a5,a4
    3920:	8221                	srli	a2,a2,0x8
    3922:	07e2                	slli	a5,a5,0x18
    3924:	8fd1                	or	a5,a5,a2
    3926:	c83e                	sw	a5,16(sp)
    3928:	4742                	lw	a4,16(sp)
    392a:	77f9                	lui	a5,0xffffe
    392c:	54b78793          	addi	a5,a5,1355 # ffffe54b <_eusrstack+0xdfffc54b>
    3930:	00f75363          	bge	a4,a5,3936 <C_PosCtrl_Update+0xf8>
    3934:	c83e                	sw	a5,16(sp)
    3936:	4742                	lw	a4,16(sp)
    3938:	6789                	lui	a5,0x2
    393a:	ab578793          	addi	a5,a5,-1355 # 1ab5 <TIM_OC4Init+0x21>
    393e:	00e7d363          	bge	a5,a4,3944 <C_PosCtrl_Update+0x106>
    3942:	c83e                	sw	a5,16(sp)
    3944:	00832703          	lw	a4,8(t1)
    3948:	08300613          	li	a2,131
    394c:	02c707b3          	mul	a5,a4,a2
    3950:	02c71633          	mulh	a2,a4,a2
    3954:	83c1                	srli	a5,a5,0x10
    3956:	0642                	slli	a2,a2,0x10
    3958:	8fd1                	or	a5,a5,a2
    395a:	4642                	lw	a2,16(sp)
    395c:	97ae                	add	a5,a5,a1
    395e:	97b2                	add	a5,a5,a2
    3960:	c23e                	sw	a5,4(sp)
    3962:	4612                	lw	a2,4(sp)
    3964:	77e5                	lui	a5,0xffff9
    3966:	52b78793          	addi	a5,a5,1323 # ffff952b <_eusrstack+0xdfff752b>
    396a:	00f65363          	bge	a2,a5,3970 <C_PosCtrl_Update+0x132>
    396e:	c23e                	sw	a5,4(sp)
    3970:	4612                	lw	a2,4(sp)
    3972:	679d                	lui	a5,0x7
    3974:	ad578793          	addi	a5,a5,-1323 # 6ad5 <__divdi3+0x2bd>
    3978:	00c7d363          	bge	a5,a2,397e <C_PosCtrl_Update+0x140>
    397c:	c23e                	sw	a5,4(sp)
    397e:	47c2                	lw	a5,16(sp)
    3980:	4622                	lw	a2,8(sp)
    3982:	cc02                	sw	zero,24(sp)
    3984:	00f58333          	add	t1,a1,a5
    3988:	04800793          	li	a5,72
    398c:	40d30333          	sub	t1,t1,a3
    3990:	00c7dc63          	bge	a5,a2,39a8 <C_PosCtrl_Update+0x16a>
    3994:	02d717b3          	mulh	a5,a4,a3
    3998:	4605                	li	a2,1
    399a:	cc32                	sw	a2,24(sp)
    399c:	0007c663          	bltz	a5,39a8 <C_PosCtrl_Update+0x16a>
    39a0:	47d2                	lw	a5,20(sp)
    39a2:	00f037b3          	snez	a5,a5
    39a6:	cc3e                	sw	a5,24(sp)
    39a8:	4622                	lw	a2,8(sp)
    39aa:	481c                	lw	a5,16(s0)
    39ac:	02f607b3          	mul	a5,a2,a5
    39b0:	7661                	lui	a2,0xffff8
    39b2:	00c7d363          	bge	a5,a2,39b8 <C_PosCtrl_Update+0x17a>
    39b6:	77e1                	lui	a5,0xffff8
    39b8:	6621                	lui	a2,0x8
    39ba:	00f65363          	bge	a2,a5,39c0 <C_PosCtrl_Update+0x182>
    39be:	67a1                	lui	a5,0x8
    39c0:	0b200513          	li	a0,178
    39c4:	02a78633          	mul	a2,a5,a0
    39c8:	02a797b3          	mulh	a5,a5,a0
    39cc:	823d                	srli	a2,a2,0xf
    39ce:	4512                	lw	a0,4(sp)
    39d0:	07c6                	slli	a5,a5,0x11
    39d2:	8e5d                	or	a2,a2,a5
    39d4:	0eb00793          	li	a5,235
    39d8:	8f91                	sub	a5,a5,a2
    39da:	4450                	lw	a2,12(s0)
    39dc:	02c50633          	mul	a2,a0,a2
    39e0:	7561                	lui	a0,0xffff8
    39e2:	00a65363          	bge	a2,a0,39e8 <C_PosCtrl_Update+0x1aa>
    39e6:	7661                	lui	a2,0xffff8
    39e8:	6521                	lui	a0,0x8
    39ea:	00c55363          	bge	a0,a2,39f0 <C_PosCtrl_Update+0x1b2>
    39ee:	6621                	lui	a2,0x8
    39f0:	02c78533          	mul	a0,a5,a2
    39f4:	4292                	lw	t0,4(sp)
    39f6:	02c797b3          	mulh	a5,a5,a2
    39fa:	00f55613          	srli	a2,a0,0xf
    39fe:	4512                	lw	a0,4(sp)
    3a00:	07c6                	slli	a5,a5,0x11
    3a02:	8fd1                	or	a5,a5,a2
    3a04:	d23e                	sw	a5,36(sp)
    3a06:	6785                	lui	a5,0x1
    3a08:	26c78613          	addi	a2,a5,620 # 126c <GPIO_IPD_Unused+0x28a>
    3a0c:	02c50533          	mul	a0,a0,a2
    3a10:	02c29633          	mulh	a2,t0,a2
    3a14:	8141                	srli	a0,a0,0x10
    3a16:	0642                	slli	a2,a2,0x10
    3a18:	8e49                	or	a2,a2,a0
    3a1a:	d032                	sw	a2,32(sp)
    3a1c:	02b71633          	mulh	a2,a4,a1
    3a20:	10064663          	bltz	a2,3b2c <C_PosCtrl_Update+0x2ee>
    3a24:	f5378793          	addi	a5,a5,-173
    3a28:	02f706b3          	mul	a3,a4,a5
    3a2c:	02f717b3          	mulh	a5,a4,a5
    3a30:	82d1                	srli	a3,a3,0x14
    3a32:	07b2                	slli	a5,a5,0xc
    3a34:	204c                	lbu	a1,4(s0)
    3a36:	8fd5                	or	a5,a5,a3
    3a38:	d43e                	sw	a5,40(sp)
    3a3a:	4785                	li	a5,1
    3a3c:	869a                	mv	a3,t1
    3a3e:	02f59163          	bne	a1,a5,3a60 <C_PosCtrl_Update+0x222>
    3a42:	10800793          	li	a5,264
    3a46:	ef830693          	addi	a3,t1,-264
    3a4a:	0067cb63          	blt	a5,t1,3a60 <C_PosCtrl_Update+0x222>
    3a4e:	ef800793          	li	a5,-264
    3a52:	869a                	mv	a3,t1
    3a54:	0067d463          	bge	a5,t1,3a5c <C_PosCtrl_Update+0x21e>
    3a58:	ef800693          	li	a3,-264
    3a5c:	10868693          	addi	a3,a3,264
    3a60:	47e2                	lw	a5,24(sp)
    3a62:	6605                	lui	a2,0x1
    3a64:	12079863          	bnez	a5,3b94 <C_PosCtrl_Update+0x356>
    3a68:	51360613          	addi	a2,a2,1299 # 1513 <NVIC_Init+0x35>
    3a6c:	41f6d513          	srai	a0,a3,0x1f
    3a70:	02c682b3          	mul	t0,a3,a2
    3a74:	47f2                	lw	a5,28(sp)
    3a76:	02c6b6b3          	mulhu	a3,a3,a2
    3a7a:	0102d293          	srli	t0,t0,0x10
    3a7e:	02c50533          	mul	a0,a0,a2
    3a82:	4010                	lw	a2,0(s0)
    3a84:	9536                	add	a0,a0,a3
    3a86:	0542                	slli	a0,a0,0x10
    3a88:	41065693          	srai	a3,a2,0x10
    3a8c:	005562b3          	or	t0,a0,t0
    3a90:	d636                	sw	a3,44(sp)
    3a92:	5512                	lw	a0,36(sp)
    3a94:	5682                	lw	a3,32(sp)
    3a96:	96aa                	add	a3,a3,a0
    3a98:	5522                	lw	a0,40(sp)
    3a9a:	96aa                	add	a3,a3,a0
    3a9c:	9696                	add	a3,a3,t0
    3a9e:	41065513          	srai	a0,a2,0x10
    3aa2:	96aa                	add	a3,a3,a0
    3aa4:	00d7c763          	blt	a5,a3,3ab2 <C_PosCtrl_Update+0x274>
    3aa8:	40f007b3          	neg	a5,a5
    3aac:	00d7d363          	bge	a5,a3,3ab2 <C_PosCtrl_Update+0x274>
    3ab0:	87b6                	mv	a5,a3
    3ab2:	2408                	lbu	a0,8(s0)
    3ab4:	c17d                	beqz	a0,3b9a <C_PosCtrl_Update+0x35c>
    3ab6:	00042023          	sw	zero,0(s0)
    3aba:	4501                	li	a0,0
    3abc:	aa41                	j	3c4c <C_PosCtrl_Update+0x40e>
    3abe:	0705                	addi	a4,a4,1
    3ac0:	0742                	slli	a4,a4,0x10
    3ac2:	8341                	srli	a4,a4,0x10
    3ac4:	a07a                	sh	a4,6(s0)
    3ac6:	42cd                	li	t0,19
    3ac8:	e2e2e1e3          	bltu	t0,a4,38ea <C_PosCtrl_Update+0xac>
    3acc:	4702                	lw	a4,0(sp)
    3ace:	e305                	bnez	a4,3aee <C_PosCtrl_Update+0x2b0>
    3ad0:	00a78f63          	beq	a5,a0,3aee <C_PosCtrl_Update+0x2b0>
    3ad4:	4705                	li	a4,1
    3ad6:	e2e617e3          	bne	a2,a4,3904 <C_PosCtrl_Update+0xc6>
    3ada:	b50d                	j	38fc <C_PosCtrl_Update+0xbe>
    3adc:	c709                	beqz	a4,3ae6 <C_PosCtrl_Update+0x2a8>
    3ade:	07f00713          	li	a4,127
    3ae2:	00f75963          	bge	a4,a5,3af4 <C_PosCtrl_Update+0x2b6>
    3ae6:	00040223          	sb	zero,4(s0)
    3aea:	00041323          	sh	zero,6(s0)
    3aee:	00040423          	sb	zero,8(s0)
    3af2:	bd09                	j	3904 <C_PosCtrl_Update+0xc6>
    3af4:	4702                	lw	a4,0(sp)
    3af6:	ff65                	bnez	a4,3aee <C_PosCtrl_Update+0x2b0>
    3af8:	04f00713          	li	a4,79
    3afc:	fef749e3          	blt	a4,a5,3aee <C_PosCtrl_Update+0x2b0>
    3b00:	4522                	lw	a0,8(sp)
    3b02:	64000713          	li	a4,1600
    3b06:	fea744e3          	blt	a4,a0,3aee <C_PosCtrl_Update+0x2b0>
    3b0a:	b7e9                	j	3ad4 <C_PosCtrl_Update+0x296>
    3b0c:	4722                	lw	a4,8(sp)
    3b0e:	10800793          	li	a5,264
    3b12:	dee7c9e3          	blt	a5,a4,3904 <C_PosCtrl_Update+0xc6>
    3b16:	4785                	li	a5,1
    3b18:	a41c                	sb	a5,8(s0)
    3b1a:	b3ed                	j	3904 <C_PosCtrl_Update+0xc6>
    3b1c:	47b2                	lw	a5,12(sp)
    3b1e:	5701                	li	a4,-32
    3b20:	00f75363          	bge	a4,a5,3b26 <C_PosCtrl_Update+0x2e8>
    3b24:	5781                	li	a5,-32
    3b26:	02078793          	addi	a5,a5,32
    3b2a:	b3e5                	j	3912 <C_PosCtrl_Update+0xd4>
    3b2c:	f9f78793          	addi	a5,a5,-97
    3b30:	02f70633          	mul	a2,a4,a5
    3b34:	02f717b3          	mulh	a5,a4,a5
    3b38:	8251                	srli	a2,a2,0x14
    3b3a:	00c79513          	slli	a0,a5,0xc
    3b3e:	8e49                	or	a2,a2,a0
    3b40:	87d1                	srai	a5,a5,0x14
    3b42:	0005d463          	bgez	a1,3b4a <C_PosCtrl_Update+0x30c>
    3b46:	40d006b3          	neg	a3,a3
    3b4a:	4501                	li	a0,0
    3b4c:	02d05563          	blez	a3,3b76 <C_PosCtrl_Update+0x338>
    3b50:	63f00593          	li	a1,1599
    3b54:	6521                	lui	a0,0x8
    3b56:	02d5c063          	blt	a1,a3,3b76 <C_PosCtrl_Update+0x338>
    3b5a:	64000593          	li	a1,1600
    3b5e:	00f69513          	slli	a0,a3,0xf
    3b62:	da3e                	sw	a5,52(sp)
    3b64:	d832                	sw	a2,48(sp)
    3b66:	d61a                	sw	t1,44(sp)
    3b68:	d43a                	sw	a4,40(sp)
    3b6a:	d52fc0ef          	jal	ra,bc <__divsi3>
    3b6e:	57d2                	lw	a5,52(sp)
    3b70:	5642                	lw	a2,48(sp)
    3b72:	5332                	lw	t1,44(sp)
    3b74:	5722                	lw	a4,40(sp)
    3b76:	41f55693          	srai	a3,a0,0x1f
    3b7a:	02c686b3          	mul	a3,a3,a2
    3b7e:	02a787b3          	mul	a5,a5,a0
    3b82:	97b6                	add	a5,a5,a3
    3b84:	02c506b3          	mul	a3,a0,a2
    3b88:	02c53533          	mulhu	a0,a0,a2
    3b8c:	82bd                	srli	a3,a3,0xf
    3b8e:	97aa                	add	a5,a5,a0
    3b90:	07c6                	slli	a5,a5,0x11
    3b92:	b54d                	j	3a34 <C_PosCtrl_Update+0x1f6>
    3b94:	57c60613          	addi	a2,a2,1404
    3b98:	bdd1                	j	3a6c <C_PosCtrl_Update+0x22e>
    3b9a:	4532                	lw	a0,12(sp)
    3b9c:	41f55393          	srai	t2,a0,0x1f
    3ba0:	00a3c533          	xor	a0,t2,a0
    3ba4:	40750533          	sub	a0,a0,t2
    3ba8:	ce2a                	sw	a0,28(sp)
    3baa:	02000393          	li	t2,32
    3bae:	02a3c263          	blt	t2,a0,3bd2 <C_PosCtrl_Update+0x394>
    3bb2:	4702                	lw	a4,0(sp)
    3bb4:	eb59                	bnez	a4,3c4a <C_PosCtrl_Update+0x40c>
    3bb6:	40c65713          	srai	a4,a2,0xc
    3bba:	40e60733          	sub	a4,a2,a4
    3bbe:	c018                	sw	a4,0(s0)
    3bc0:	4705                	li	a4,1
    3bc2:	08e59463          	bne	a1,a4,3c4a <C_PosCtrl_Update+0x40c>
    3bc6:	4622                	lw	a2,8(sp)
    3bc8:	10800713          	li	a4,264
    3bcc:	06c74f63          	blt	a4,a2,3c4a <C_PosCtrl_Update+0x40c>
    3bd0:	b5ed                	j	3aba <C_PosCtrl_Update+0x27c>
    3bd2:	41f75393          	srai	t2,a4,0x1f
    3bd6:	00e3c733          	xor	a4,t2,a4
    3bda:	40770733          	sub	a4,a4,t2
    3bde:	63a1                	lui	t2,0x8
    3be0:	0ba38393          	addi	t2,t2,186 # 80ba <_data_lma+0x10de>
    3be4:	04e3ce63          	blt	t2,a4,3c40 <C_PosCtrl_Update+0x402>
    3be8:	43d2                	lw	t2,20(sp)
    3bea:	02b00713          	li	a4,43
    3bee:	02e30733          	mul	a4,t1,a4
    3bf2:	02038063          	beqz	t2,3c12 <C_PosCtrl_Update+0x3d4>
    3bf6:	4522                	lw	a0,8(sp)
    3bf8:	10800393          	li	t2,264
    3bfc:	00a3cb63          	blt	t2,a0,3c12 <C_PosCtrl_Update+0x3d4>
    3c00:	4572                	lw	a0,28(sp)
    3c02:	03000393          	li	t2,48
    3c06:	00a3d663          	bge	t2,a0,3c12 <C_PosCtrl_Update+0x3d4>
    3c0a:	0ac00713          	li	a4,172
    3c0e:	02e30733          	mul	a4,t1,a4
    3c12:	02d7d363          	bge	a5,a3,3c38 <C_PosCtrl_Update+0x3fa>
    3c16:	02e04563          	bgtz	a4,3c40 <C_PosCtrl_Update+0x402>
    3c1a:	963a                	add	a2,a2,a4
    3c1c:	fce00737          	lui	a4,0xfce00
    3c20:	00e65463          	bge	a2,a4,3c28 <C_PosCtrl_Update+0x3ea>
    3c24:	fce00637          	lui	a2,0xfce00
    3c28:	03200737          	lui	a4,0x3200
    3c2c:	00c75463          	bge	a4,a2,3c34 <C_PosCtrl_Update+0x3f6>
    3c30:	03200637          	lui	a2,0x3200
    3c34:	c010                	sw	a2,0(s0)
    3c36:	a029                	j	3c40 <C_PosCtrl_Update+0x402>
    3c38:	fed781e3          	beq	a5,a3,3c1a <C_PosCtrl_Update+0x3dc>
    3c3c:	fc075fe3          	bgez	a4,3c1a <C_PosCtrl_Update+0x3dc>
    3c40:	4705                	li	a4,1
    3c42:	00e59463          	bne	a1,a4,3c4a <C_PosCtrl_Update+0x40c>
    3c46:	4702                	lw	a4,0(sp)
    3c48:	c339                	beqz	a4,3c8e <C_PosCtrl_Update+0x450>
    3c4a:	853e                	mv	a0,a5
    3c4c:	0542                	slli	a0,a0,0x10
    3c4e:	8541                	srai	a0,a0,0x10
    3c50:	c89d                	beqz	s1,3c86 <C_PosCtrl_Update+0x448>
    3c52:	4732                	lw	a4,12(sp)
    3c54:	8f95                	sub	a5,a5,a3
    3c56:	00f037b3          	snez	a5,a5
    3c5a:	c098                	sw	a4,0(s1)
    3c5c:	4742                	lw	a4,16(sp)
    3c5e:	bcdc                	sb	a5,29(s1)
    3c60:	47e2                	lw	a5,24(sp)
    3c62:	c498                	sw	a4,8(s1)
    3c64:	4712                	lw	a4,4(sp)
    3c66:	0064a223          	sw	t1,4(s1)
    3c6a:	00549b23          	sh	t0,22(s1)
    3c6e:	c4d8                	sw	a4,12(s1)
    3c70:	5712                	lw	a4,36(sp)
    3c72:	acaa                	sh	a0,26(s1)
    3c74:	accc                	sb	a1,28(s1)
    3c76:	a89a                	sh	a4,16(s1)
    3c78:	5702                	lw	a4,32(sp)
    3c7a:	acfc                	sb	a5,30(s1)
    3c7c:	a8ba                	sh	a4,18(s1)
    3c7e:	5722                	lw	a4,40(sp)
    3c80:	a8da                	sh	a4,20(s1)
    3c82:	5732                	lw	a4,44(sp)
    3c84:	ac9a                	sh	a4,24(s1)
    3c86:	03810113          	addi	sp,sp,56
    3c8a:	c28fc06f          	j	b2 <__riscv_restore_0>
    3c8e:	4622                	lw	a2,8(sp)
    3c90:	10800713          	li	a4,264
    3c94:	fac74be3          	blt	a4,a2,3c4a <C_PosCtrl_Update+0x40c>
    3c98:	41f7d713          	srai	a4,a5,0x1f
    3c9c:	00f74633          	xor	a2,a4,a5
    3ca0:	40e60733          	sub	a4,a2,a4
    3ca4:	0ea00613          	li	a2,234
    3ca8:	e0e659e3          	bge	a2,a4,3aba <C_PosCtrl_Update+0x27c>
    3cac:	bf79                	j	3c4a <C_PosCtrl_Update+0x40c>
    3cae:	4501                	li	a0,0
    3cb0:	bfd9                	j	3c86 <C_PosCtrl_Update+0x448>

00003cb2 <C_Ring_Buf_Init>:
    3cb2:	c509                	beqz	a0,3cbc <C_Ring_Buf_Init+0xa>
    3cb4:	08050023          	sb	zero,128(a0) # 8080 <_data_lma+0x10a4>
    3cb8:	080500a3          	sb	zero,129(a0)
    3cbc:	8082                	ret

00003cbe <C_Ring_Buf_Put>:
    3cbe:	87aa                	mv	a5,a0
    3cc0:	c11d                	beqz	a0,3ce6 <C_Ring_Buf_Put+0x28>
    3cc2:	08054703          	lbu	a4,128(a0)
    3cc6:	08154683          	lbu	a3,129(a0)
    3cca:	4501                	li	a0,0
    3ccc:	0705                	addi	a4,a4,1 # 3200001 <_data_lma+0x31f9025>
    3cce:	07f77713          	andi	a4,a4,127
    3cd2:	00e68b63          	beq	a3,a4,3ce8 <C_Ring_Buf_Put+0x2a>
    3cd6:	0807c683          	lbu	a3,128(a5)
    3cda:	4505                	li	a0,1
    3cdc:	96be                	add	a3,a3,a5
    3cde:	a28c                	sb	a1,0(a3)
    3ce0:	08e78023          	sb	a4,128(a5)
    3ce4:	8082                	ret
    3ce6:	4501                	li	a0,0
    3ce8:	8082                	ret

00003cea <C_Ring_Buf_Get>:
    3cea:	87aa                	mv	a5,a0
    3cec:	4501                	li	a0,0
    3cee:	c795                	beqz	a5,3d1a <C_Ring_Buf_Get+0x30>
    3cf0:	c58d                	beqz	a1,3d1a <C_Ring_Buf_Get+0x30>
    3cf2:	0807c683          	lbu	a3,128(a5)
    3cf6:	0817c703          	lbu	a4,129(a5)
    3cfa:	02e68063          	beq	a3,a4,3d1a <C_Ring_Buf_Get+0x30>
    3cfe:	0817c703          	lbu	a4,129(a5)
    3d02:	4505                	li	a0,1
    3d04:	973e                	add	a4,a4,a5
    3d06:	2318                	lbu	a4,0(a4)
    3d08:	a198                	sb	a4,0(a1)
    3d0a:	0817c703          	lbu	a4,129(a5)
    3d0e:	0705                	addi	a4,a4,1
    3d10:	07f77713          	andi	a4,a4,127
    3d14:	08e780a3          	sb	a4,129(a5)
    3d18:	8082                	ret
    3d1a:	8082                	ret

00003d1c <C_Ring_Buf_Get_Count>:
    3d1c:	c905                	beqz	a0,3d4c <C_Ring_Buf_Get_Count+0x30>
    3d1e:	08054703          	lbu	a4,128(a0)
    3d22:	08154783          	lbu	a5,129(a0)
    3d26:	00f76b63          	bltu	a4,a5,3d3c <C_Ring_Buf_Get_Count+0x20>
    3d2a:	08054783          	lbu	a5,128(a0)
    3d2e:	08154703          	lbu	a4,129(a0)
    3d32:	40e78533          	sub	a0,a5,a4
    3d36:	0ff57513          	zext.b	a0,a0
    3d3a:	8082                	ret
    3d3c:	08054783          	lbu	a5,128(a0)
    3d40:	08154703          	lbu	a4,129(a0)
    3d44:	f8078513          	addi	a0,a5,-128
    3d48:	8d19                	sub	a0,a0,a4
    3d4a:	b7f5                	j	3d36 <C_Ring_Buf_Get_Count+0x1a>
    3d4c:	4501                	li	a0,0
    3d4e:	8082                	ret

00003d50 <C_SpeedObs_Init>:
    3d50:	a1818793          	addi	a5,gp,-1512 # 200002a8 <s_obs+0xc>
    3d54:	0007a023          	sw	zero,0(a5)
    3d58:	0007a223          	sw	zero,4(a5)
    3d5c:	0007a423          	sw	zero,8(a5)
    3d60:	0007a623          	sw	zero,12(a5)
    3d64:	6705                	lui	a4,0x1
    3d66:	a0c18793          	addi	a5,gp,-1524 # 2000029c <s_obs>
    3d6a:	de570713          	addi	a4,a4,-539 # de5 <FLASH_ROM_WRITE+0x29>
    3d6e:	d398                	sw	a4,32(a5)
    3d70:	4ec00713          	li	a4,1260
    3d74:	0522                	slli	a0,a0,0x8
    3d76:	d3d8                	sw	a4,36(a5)
    3d78:	10200713          	li	a4,258
    3d7c:	00078e23          	sb	zero,28(a5)
    3d80:	c388                	sw	a0,0(a5)
    3d82:	0007a223          	sw	zero,4(a5)
    3d86:	0007a423          	sw	zero,8(a5)
    3d8a:	b79a                	sh	a4,40(a5)
    3d8c:	8082                	ret

00003d8e <C_SpeedObs_Update>:
    3d8e:	b1afc2ef          	jal	t0,a8 <__riscv_save_0>
    3d92:	a0c18793          	addi	a5,gp,-1524 # 2000029c <s_obs>
    3d96:	0297c783          	lbu	a5,41(a5)
    3d9a:	1161                	addi	sp,sp,-8
    3d9c:	842a                	mv	s0,a0
    3d9e:	a0c18493          	addi	s1,gp,-1524 # 2000029c <s_obs>
    3da2:	e799                	bnez	a5,3db0 <C_SpeedObs_Update+0x22>
    3da4:	c232                	sw	a2,4(sp)
    3da6:	c02e                	sw	a1,0(sp)
    3da8:	fa9ff0ef          	jal	ra,3d50 <C_SpeedObs_Init>
    3dac:	4612                	lw	a2,4(sp)
    3dae:	4582                	lw	a1,0(sp)
    3db0:	2cdc                	lbu	a5,28(s1)
    3db2:	40d4                	lw	a3,4(s1)
    3db4:	00179713          	slli	a4,a5,0x1
    3db8:	9726                	add	a4,a4,s1
    3dba:	a74e                	sh	a1,12(a4)
    3dbc:	0284c703          	lbu	a4,40(s1)
    3dc0:	0785                	addi	a5,a5,1
    3dc2:	8b9d                	andi	a5,a5,7
    3dc4:	acdc                	sb	a5,28(s1)
    3dc6:	8f99                	sub	a5,a5,a4
    3dc8:	079d                	addi	a5,a5,7
    3dca:	8b9d                	andi	a5,a5,7
    3dcc:	0786                	slli	a5,a5,0x1
    3dce:	6725                	lui	a4,0x9
    3dd0:	97a6                	add	a5,a5,s1
    3dd2:	7b470713          	addi	a4,a4,1972 # 97b4 <_data_lma+0x27d8>
    3dd6:	00c79583          	lh	a1,12(a5)
    3dda:	02e687b3          	mul	a5,a3,a4
    3dde:	02e69733          	mulh	a4,a3,a4
    3de2:	83c1                	srli	a5,a5,0x10
    3de4:	0742                	slli	a4,a4,0x10
    3de6:	8fd9                	or	a5,a5,a4
    3de8:	7761                	lui	a4,0xffff8
    3dea:	00e7d363          	bge	a5,a4,3df0 <C_SpeedObs_Update+0x62>
    3dee:	77e1                	lui	a5,0xffff8
    3df0:	6721                	lui	a4,0x8
    3df2:	00f75363          	bge	a4,a5,3df8 <C_SpeedObs_Update+0x6a>
    3df6:	67a1                	lui	a5,0x8
    3df8:	03900293          	li	t0,57
    3dfc:	02578333          	mul	t1,a5,t0
    3e00:	5088                	lw	a0,32(s1)
    3e02:	4498                	lw	a4,8(s1)
    3e04:	025792b3          	mulh	t0,a5,t0
    3e08:	00f35313          	srli	t1,t1,0xf
    3e0c:	02c6                	slli	t0,t0,0x11
    3e0e:	0062e333          	or	t1,t0,t1
    3e12:	40658333          	sub	t1,a1,t1
    3e16:	82ae                	mv	t0,a1
    3e18:	fc700593          	li	a1,-57
    3e1c:	00b2d463          	bge	t0,a1,3e24 <C_SpeedObs_Update+0x96>
    3e20:	fc700293          	li	t0,-57
    3e24:	03900593          	li	a1,57
    3e28:	0055d463          	bge	a1,t0,3e30 <C_SpeedObs_Update+0xa2>
    3e2c:	03900293          	li	t0,57
    3e30:	41f7d393          	srai	t2,a5,0x1f
    3e34:	00f3c5b3          	xor	a1,t2,a5
    3e38:	407585b3          	sub	a1,a1,t2
    3e3c:	67a1                	lui	a5,0x8
    3e3e:	8f8d                	sub	a5,a5,a1
    3e40:	02f285b3          	mul	a1,t0,a5
    3e44:	0422                	slli	s0,s0,0x8
    3e46:	02f297b3          	mulh	a5,t0,a5
    3e4a:	81bd                	srli	a1,a1,0xf
    3e4c:	07c6                	slli	a5,a5,0x11
    3e4e:	8ddd                	or	a1,a1,a5
    3e50:	40b307b3          	sub	a5,t1,a1
    3e54:	02a787b3          	mul	a5,a5,a0
    3e58:	02e505b3          	mul	a1,a0,a4
    3e5c:	02e51533          	mulh	a0,a0,a4
    3e60:	81a1                	srli	a1,a1,0x8
    3e62:	0562                	slli	a0,a0,0x18
    3e64:	8dc9                	or	a1,a1,a0
    3e66:	50c8                	lw	a0,36(s1)
    3e68:	8f8d                	sub	a5,a5,a1
    3e6a:	8f95                	sub	a5,a5,a3
    3e6c:	02a785b3          	mul	a1,a5,a0
    3e70:	02a797b3          	mulh	a5,a5,a0
    3e74:	81c1                	srli	a1,a1,0x10
    3e76:	07c2                	slli	a5,a5,0x10
    3e78:	8ddd                	or	a1,a1,a5
    3e7a:	6785                	lui	a5,0x1
    3e7c:	06278313          	addi	t1,a5,98 # 1062 <GPIO_IPD_Unused+0x80>
    3e80:	95b6                	add	a1,a1,a3
    3e82:	02668533          	mul	a0,a3,t1
    3e86:	5ed78793          	addi	a5,a5,1517
    3e8a:	026696b3          	mulh	a3,a3,t1
    3e8e:	8159                	srli	a0,a0,0x16
    3e90:	06aa                	slli	a3,a3,0xa
    3e92:	8d55                	or	a0,a0,a3
    3e94:	4094                	lw	a3,0(s1)
    3e96:	96aa                	add	a3,a3,a0
    3e98:	8c15                	sub	s0,s0,a3
    3e9a:	02f40533          	mul	a0,s0,a5
    3e9e:	02f417b3          	mulh	a5,s0,a5
    3ea2:	813d                	srli	a0,a0,0xf
    3ea4:	07c6                	slli	a5,a5,0x11
    3ea6:	8d5d                	or	a0,a0,a5
    3ea8:	96aa                	add	a3,a3,a0
    3eaa:	0004e537          	lui	a0,0x4e
    3eae:	4a950513          	addi	a0,a0,1193 # 4e4a9 <_data_lma+0x474cd>
    3eb2:	02a407b3          	mul	a5,s0,a0
    3eb6:	c094                	sw	a3,0(s1)
    3eb8:	02a41533          	mulh	a0,s0,a0
    3ebc:	83bd                	srli	a5,a5,0xf
    3ebe:	0546                	slli	a0,a0,0x11
    3ec0:	8fc9                	or	a5,a5,a0
    3ec2:	97ae                	add	a5,a5,a1
    3ec4:	ff70f5b7          	lui	a1,0xff70f
    3ec8:	c0058593          	addi	a1,a1,-1024 # ff70ec00 <_eusrstack+0xdf70cc00>
    3ecc:	00b7d363          	bge	a5,a1,3ed2 <C_SpeedObs_Update+0x144>
    3ed0:	87ae                	mv	a5,a1
    3ed2:	008f15b7          	lui	a1,0x8f1
    3ed6:	40058593          	addi	a1,a1,1024 # 8f1400 <_data_lma+0x8ea424>
    3eda:	00f5d363          	bge	a1,a5,3ee0 <C_SpeedObs_Update+0x152>
    3ede:	87ae                	mv	a5,a1
    3ee0:	755d                	lui	a0,0xffff7
    3ee2:	15f50513          	addi	a0,a0,351 # ffff715f <_eusrstack+0xdfff515f>
    3ee6:	02a405b3          	mul	a1,s0,a0
    3eea:	c0dc                	sw	a5,4(s1)
    3eec:	02a41433          	mulh	s0,s0,a0
    3ef0:	81bd                	srli	a1,a1,0xf
    3ef2:	0446                	slli	s0,s0,0x11
    3ef4:	8dc1                	or	a1,a1,s0
    3ef6:	972e                	add	a4,a4,a1
    3ef8:	fffce5b7          	lui	a1,0xfffce
    3efc:	00b75463          	bge	a4,a1,3f04 <C_SpeedObs_Update+0x176>
    3f00:	fffce737          	lui	a4,0xfffce
    3f04:	000325b7          	lui	a1,0x32
    3f08:	00e5d463          	bge	a1,a4,3f10 <C_SpeedObs_Update+0x182>
    3f0c:	00032737          	lui	a4,0x32
    3f10:	c498                	sw	a4,8(s1)
    3f12:	c619                	beqz	a2,3f20 <C_SpeedObs_Update+0x192>
    3f14:	86a1                	srai	a3,a3,0x8
    3f16:	87a1                	srai	a5,a5,0x8
    3f18:	8721                	srai	a4,a4,0x8
    3f1a:	c214                	sw	a3,0(a2)
    3f1c:	c25c                	sw	a5,4(a2)
    3f1e:	c618                	sw	a4,8(a2)
    3f20:	0121                	addi	sp,sp,8
    3f22:	990fc06f          	j	b2 <__riscv_restore_0>

00003f26 <C_Task_Init>:
    3f26:	a2a1ae23          	sw	a0,-1476(gp) # 200002cc <s_tasks>
    3f2a:	e111                	bnez	a0,3f2e <C_Task_Init+0x8>
    3f2c:	4581                	li	a1,0
    3f2e:	a2b18c23          	sb	a1,-1480(gp) # 200002c8 <s_task_count>
    3f32:	4781                	li	a5,0
    3f34:	00b79363          	bne	a5,a1,3f3a <C_Task_Init+0x14>
    3f38:	8082                	ret
    3f3a:	215a                	lhu	a4,4(a0)
    3f3c:	00050023          	sb	zero,0(a0)
    3f40:	000500a3          	sb	zero,1(a0)
    3f44:	0785                	addi	a5,a5,1
    3f46:	00051323          	sh	zero,6(a0)
    3f4a:	a13a                	sh	a4,2(a0)
    3f4c:	0ff7f793          	zext.b	a5,a5
    3f50:	0541                	addi	a0,a0,16
    3f52:	b7cd                	j	3f34 <C_Task_Init+0xe>

00003f54 <C_Task_Tick_Update>:
    3f54:	a381c503          	lbu	a0,-1480(gp) # 200002c8 <s_task_count>
    3f58:	a3c1a783          	lw	a5,-1476(gp) # 200002cc <s_tasks>
    3f5c:	6641                	lui	a2,0x10
    3f5e:	4681                	li	a3,0
    3f60:	167d                	addi	a2,a2,-1 # ffff <_data_lma+0x9023>
    3f62:	00d51363          	bne	a0,a3,3f68 <C_Task_Tick_Update+0x14>
    3f66:	8082                	ret
    3f68:	23ce                	lhu	a1,4(a5)
    3f6a:	c599                	beqz	a1,3f78 <C_Task_Tick_Update+0x24>
    3f6c:	23ba                	lhu	a4,2(a5)
    3f6e:	177d                	addi	a4,a4,-1 # 31fff <_data_lma+0x2b023>
    3f70:	0742                	slli	a4,a4,0x10
    3f72:	8341                	srli	a4,a4,0x10
    3f74:	c719                	beqz	a4,3f82 <C_Task_Tick_Update+0x2e>
    3f76:	a3ba                	sh	a4,2(a5)
    3f78:	0685                	addi	a3,a3,1
    3f7a:	0ff6f693          	zext.b	a3,a3
    3f7e:	07c1                	addi	a5,a5,16
    3f80:	b7cd                	j	3f62 <C_Task_Tick_Update+0xe>
    3f82:	2398                	lbu	a4,0(a5)
    3f84:	a3ae                	sh	a1,2(a5)
    3f86:	e319                	bnez	a4,3f8c <C_Task_Tick_Update+0x38>
    3f88:	3398                	lbu	a4,1(a5)
    3f8a:	cb11                	beqz	a4,3f9e <C_Task_Tick_Update+0x4a>
    3f8c:	23fa                	lhu	a4,6(a5)
    3f8e:	fec705e3          	beq	a4,a2,3f78 <C_Task_Tick_Update+0x24>
    3f92:	23fa                	lhu	a4,6(a5)
    3f94:	0705                	addi	a4,a4,1
    3f96:	0742                	slli	a4,a4,0x10
    3f98:	8341                	srli	a4,a4,0x10
    3f9a:	a3fa                	sh	a4,6(a5)
    3f9c:	bff1                	j	3f78 <C_Task_Tick_Update+0x24>
    3f9e:	4705                	li	a4,1
    3fa0:	a398                	sb	a4,0(a5)
    3fa2:	bfd9                	j	3f78 <C_Task_Tick_Update+0x24>

00003fa4 <C_Task_Run>:
    3fa4:	904fc2ef          	jal	t0,a8 <__riscv_save_0>
    3fa8:	a02fe0ef          	jal	ra,21aa <__get_MSTATUS>
    3fac:	08800793          	li	a5,136
    3fb0:	3007b073          	.4byte	0x3007b073
    3fb4:	0000100f          	.4byte	0x100f
    3fb8:	a3c1a703          	lw	a4,-1476(gp) # 200002cc <s_tasks>
    3fbc:	a381c303          	lbu	t1,-1480(gp) # 200002c8 <s_task_count>
    3fc0:	86ba                	mv	a3,a4
    3fc2:	0ff00613          	li	a2,255
    3fc6:	0ff00413          	li	s0,255
    3fca:	4781                	li	a5,0
    3fcc:	00f31a63          	bne	t1,a5,3fe0 <C_Task_Run+0x3c>
    3fd0:	0ff00793          	li	a5,255
    3fd4:	02f41263          	bne	s0,a5,3ff8 <C_Task_Run+0x54>
    3fd8:	9d8fe0ef          	jal	ra,21b0 <__set_MSTATUS>
    3fdc:	8d6fc06f          	j	b2 <__riscv_restore_0>
    3fe0:	228c                	lbu	a1,0(a3)
    3fe2:	c591                	beqz	a1,3fee <C_Task_Run+0x4a>
    3fe4:	268c                	lbu	a1,8(a3)
    3fe6:	00c5f463          	bgeu	a1,a2,3fee <C_Task_Run+0x4a>
    3fea:	862e                	mv	a2,a1
    3fec:	843e                	mv	s0,a5
    3fee:	0785                	addi	a5,a5,1
    3ff0:	0ff7f793          	zext.b	a5,a5
    3ff4:	06c1                	addi	a3,a3,16
    3ff6:	bfd9                	j	3fcc <C_Task_Run+0x28>
    3ff8:	0412                	slli	s0,s0,0x4
    3ffa:	008707b3          	add	a5,a4,s0
    3ffe:	00078023          	sb	zero,0(a5)
    4002:	4705                	li	a4,1
    4004:	b398                	sb	a4,1(a5)
    4006:	9aafe0ef          	jal	ra,21b0 <__set_MSTATUS>
    400a:	a3c1a783          	lw	a5,-1476(gp) # 200002cc <s_tasks>
    400e:	97a2                	add	a5,a5,s0
    4010:	47dc                	lw	a5,12(a5)
    4012:	c391                	beqz	a5,4016 <C_Task_Run+0x72>
    4014:	9782                	jalr	a5
    4016:	994fe0ef          	jal	ra,21aa <__get_MSTATUS>
    401a:	08800793          	li	a5,136
    401e:	3007b073          	.4byte	0x3007b073
    4022:	0000100f          	.4byte	0x100f
    4026:	a3c1a783          	lw	a5,-1476(gp) # 200002cc <s_tasks>
    402a:	97a2                	add	a5,a5,s0
    402c:	000780a3          	sb	zero,1(a5)
    4030:	b765                	j	3fd8 <C_Task_Run+0x34>

00004032 <Traj_Sqrt_Ceil>:
    4032:	46c1                	li	a3,16
    4034:	4701                	li	a4,0
    4036:	4781                	li	a5,0
    4038:	01e55613          	srli	a2,a0,0x1e
    403c:	078a                	slli	a5,a5,0x2
    403e:	0706                	slli	a4,a4,0x1
    4040:	8fd1                	or	a5,a5,a2
    4042:	050a                	slli	a0,a0,0x2
    4044:	00f77563          	bgeu	a4,a5,404e <Traj_Sqrt_Ceil+0x1c>
    4048:	8f99                	sub	a5,a5,a4
    404a:	17fd                	addi	a5,a5,-1
    404c:	0709                	addi	a4,a4,2
    404e:	16fd                	addi	a3,a3,-1
    4050:	f6e5                	bnez	a3,4038 <Traj_Sqrt_Ceil+0x6>
    4052:	00175513          	srli	a0,a4,0x1
    4056:	00f037b3          	snez	a5,a5
    405a:	953e                	add	a0,a0,a5
    405c:	8082                	ret

0000405e <Traj_Div_U64>:
    405e:	10000737          	lui	a4,0x10000
    4062:	fff60693          	addi	a3,a2,-1
    4066:	1779                	addi	a4,a4,-2 # ffffffe <_data_lma+0xfff9022>
    4068:	87aa                	mv	a5,a0
    406a:	557d                	li	a0,-1
    406c:	04d76c63          	bltu	a4,a3,40c4 <Traj_Div_U64+0x66>
    4070:	04c5fa63          	bgeu	a1,a2,40c4 <Traj_Div_U64+0x66>
    4074:	00161693          	slli	a3,a2,0x1
    4078:	00261313          	slli	t1,a2,0x2
    407c:	00361293          	slli	t0,a2,0x3
    4080:	4721                	li	a4,8
    4082:	4501                	li	a0,0
    4084:	01c7d393          	srli	t2,a5,0x1c
    4088:	0592                	slli	a1,a1,0x4
    408a:	00b3e5b3          	or	a1,t2,a1
    408e:	0792                	slli	a5,a5,0x4
    4090:	0512                	slli	a0,a0,0x4
    4092:	0055e663          	bltu	a1,t0,409e <Traj_Div_U64+0x40>
    4096:	405585b3          	sub	a1,a1,t0
    409a:	00856513          	ori	a0,a0,8
    409e:	0065e663          	bltu	a1,t1,40aa <Traj_Div_U64+0x4c>
    40a2:	406585b3          	sub	a1,a1,t1
    40a6:	00456513          	ori	a0,a0,4
    40aa:	00d5e563          	bltu	a1,a3,40b4 <Traj_Div_U64+0x56>
    40ae:	8d95                	sub	a1,a1,a3
    40b0:	00256513          	ori	a0,a0,2
    40b4:	00c5e563          	bltu	a1,a2,40be <Traj_Div_U64+0x60>
    40b8:	8d91                	sub	a1,a1,a2
    40ba:	00156513          	ori	a0,a0,1
    40be:	177d                	addi	a4,a4,-1
    40c0:	f371                	bnez	a4,4084 <Traj_Div_U64+0x26>
    40c2:	8082                	ret
    40c4:	8082                	ret

000040c6 <Traj_Acc_Coef>:
    40c6:	02b506b3          	mul	a3,a0,a1
    40ca:	02b51533          	mulh	a0,a0,a1
    40ce:	02054763          	bltz	a0,40fc <Traj_Acc_Coef+0x36>
    40d2:	00251793          	slli	a5,a0,0x2
    40d6:	82f9                	srli	a3,a3,0x1e
    40d8:	000f4737          	lui	a4,0xf4
    40dc:	24070713          	addi	a4,a4,576 # f4240 <_data_lma+0xed264>
    40e0:	8edd                	or	a3,a3,a5
    40e2:	8579                	srai	a0,a0,0x1e
    40e4:	02e50633          	mul	a2,a0,a4
    40e8:	02e6b7b3          	mulhu	a5,a3,a4
    40ec:	02e68733          	mul	a4,a3,a4
    40f0:	97b2                	add	a5,a5,a2
    40f2:	07c2                	slli	a5,a5,0x10
    40f4:	8341                	srli	a4,a4,0x10
    40f6:	00e7e533          	or	a0,a5,a4
    40fa:	8082                	ret
    40fc:	40d00733          	neg	a4,a3
    4100:	40a007b3          	neg	a5,a0
    4104:	00d036b3          	snez	a3,a3
    4108:	8f95                	sub	a5,a5,a3
    410a:	00279693          	slli	a3,a5,0x2
    410e:	8379                	srli	a4,a4,0x1e
    4110:	8f55                	or	a4,a4,a3
    4112:	87f9                	srai	a5,a5,0x1e
    4114:	00f766b3          	or	a3,a4,a5
    4118:	dee9                	beqz	a3,40f2 <Traj_Acc_Coef+0x2c>
    411a:	000f46b7          	lui	a3,0xf4
    411e:	24068693          	addi	a3,a3,576 # f4240 <_data_lma+0xed264>
    4122:	02d70533          	mul	a0,a4,a3
    4126:	02d787b3          	mul	a5,a5,a3
    412a:	8141                	srli	a0,a0,0x10
    412c:	02d73733          	mulhu	a4,a4,a3
    4130:	97ba                	add	a5,a5,a4
    4132:	07c2                	slli	a5,a5,0x10
    4134:	8d5d                	or	a0,a0,a5
    4136:	40a00533          	neg	a0,a0
    413a:	8082                	ret

0000413c <Traj_Emit>:
    413c:	a4018713          	addi	a4,gp,-1472 # 200002d0 <s_tj>
    4140:	09072703          	lw	a4,144(a4)
    4144:	a4018793          	addi	a5,gp,-1472 # 200002d0 <s_tj>
    4148:	00e5c663          	blt	a1,a4,4154 <Traj_Emit+0x18>
    414c:	0947a703          	lw	a4,148(a5)
    4150:	00b75663          	bge	a4,a1,415c <Traj_Emit+0x20>
    4154:	0007a223          	sw	zero,4(a5)
    4158:	85ba                	mv	a1,a4
    415a:	4601                	li	a2,0
    415c:	43d4                	lw	a3,4(a5)
    415e:	3e800713          	li	a4,1000
    4162:	c38c                	sw	a1,0(a5)
    4164:	02d707b3          	mul	a5,a4,a3
    4168:	c10c                	sw	a1,0(a0)
    416a:	c510                	sw	a2,8(a0)
    416c:	02d71733          	mulh	a4,a4,a3
    4170:	83c1                	srli	a5,a5,0x10
    4172:	0742                	slli	a4,a4,0x10
    4174:	8fd9                	or	a5,a5,a4
    4176:	c15c                	sw	a5,4(a0)
    4178:	8082                	ret

0000417a <Traj_SCurve>:
    417a:	f2ffb2ef          	jal	t0,a8 <__riscv_save_0>
    417e:	1131                	addi	sp,sp,-20
    4180:	842a                	mv	s0,a0
    4182:	82ba                	mv	t0,a4
    4184:	84be                	mv	s1,a5
    4186:	02b04263          	bgtz	a1,41aa <Traj_SCurve+0x30>
    418a:	02a507b3          	mul	a5,a0,a0
    418e:	00a2a023          	sw	a0,0(t0)
    4192:	02a51433          	mulh	s0,a0,a0
    4196:	83c1                	srli	a5,a5,0x10
    4198:	0442                	slli	s0,s0,0x10
    419a:	8fc1                	or	a5,a5,s0
    419c:	c09c                	sw	a5,0(s1)
    419e:	67a1                	lui	a5,0x8
    41a0:	5702                	lw	a4,32(sp)
    41a2:	c31c                	sw	a5,0(a4)
    41a4:	0151                	addi	sp,sp,20
    41a6:	f0dfb06f          	j	b2 <__riscv_restore_0>
    41aa:	67a1                	lui	a5,0x8
    41ac:	8f8d                	sub	a5,a5,a1
    41ae:	852e                	mv	a0,a1
    41b0:	0287d863          	bge	a5,s0,41e0 <Traj_SCurve+0x66>
    41b4:	081c                	addi	a5,sp,16
    41b6:	6521                	lui	a0,0x8
    41b8:	c23a                	sw	a4,4(sp)
    41ba:	c03e                	sw	a5,0(sp)
    41bc:	0038                	addi	a4,sp,8
    41be:	007c                	addi	a5,sp,12
    41c0:	8d01                	sub	a0,a0,s0
    41c2:	3f65                	jal	417a <Traj_SCurve>
    41c4:	47a2                	lw	a5,8(sp)
    41c6:	4292                	lw	t0,4(sp)
    41c8:	4732                	lw	a4,12(sp)
    41ca:	6521                	lui	a0,0x8
    41cc:	40f503b3          	sub	t2,a0,a5
    41d0:	77f1                	lui	a5,0xffffc
    41d2:	97a2                	add	a5,a5,s0
    41d4:	97ba                	add	a5,a5,a4
    41d6:	0072a023          	sw	t2,0(t0)
    41da:	c09c                	sw	a5,0(s1)
    41dc:	47c2                	lw	a5,16(sp)
    41de:	b7c9                	j	41a0 <Traj_SCurve+0x26>
    41e0:	83b6                	mv	t2,a3
    41e2:	02c40733          	mul	a4,s0,a2
    41e6:	8332                	mv	t1,a2
    41e8:	02c416b3          	mulh	a3,s0,a2
    41ec:	06b45863          	bge	s0,a1,425c <Traj_SCurve+0xe2>
    41f0:	5582                	lw	a1,32(sp)
    41f2:	02838633          	mul	a2,t2,s0
    41f6:	028397b3          	mulh	a5,t2,s0
    41fa:	823d                	srli	a2,a2,0xf
    41fc:	07c6                	slli	a5,a5,0x11
    41fe:	8e5d                	or	a2,a2,a5
    4200:	026607b3          	mul	a5,a2,t1
    4204:	02661333          	mulh	t1,a2,t1
    4208:	83bd                	srli	a5,a5,0xf
    420a:	0346                	slli	t1,t1,0x11
    420c:	00f367b3          	or	a5,t1,a5
    4210:	c19c                	sw	a5,0(a1)
    4212:	41f65793          	srai	a5,a2,0x1f
    4216:	02e787b3          	mul	a5,a5,a4
    421a:	02c686b3          	mul	a3,a3,a2
    421e:	96be                	add	a3,a3,a5
    4220:	02e607b3          	mul	a5,a2,a4
    4224:	02e63633          	mulhu	a2,a2,a4
    4228:	83fd                	srli	a5,a5,0x1f
    422a:	00c68733          	add	a4,a3,a2
    422e:	0706                	slli	a4,a4,0x1
    4230:	8fd9                	or	a5,a5,a4
    4232:	02878633          	mul	a2,a5,s0
    4236:	00f2a023          	sw	a5,0(t0)
    423a:	6695                	lui	a3,0x5
    423c:	55568693          	addi	a3,a3,1365 # 5555 <A_Servo_TorqueOn+0x1>
    4240:	028797b3          	mulh	a5,a5,s0
    4244:	02d60733          	mul	a4,a2,a3
    4248:	02d787b3          	mul	a5,a5,a3
    424c:	837d                	srli	a4,a4,0x1f
    424e:	02d63633          	mulhu	a2,a2,a3
    4252:	97b2                	add	a5,a5,a2
    4254:	0786                	slli	a5,a5,0x1
    4256:	8f5d                	or	a4,a4,a5
    4258:	c098                	sw	a4,0(s1)
    425a:	b7a9                	j	41a4 <Traj_SCurve+0x2a>
    425c:	5782                	lw	a5,32(sp)
    425e:	c390                	sw	a2,0(a5)
    4260:	4015d793          	srai	a5,a1,0x1
    4264:	40f407b3          	sub	a5,s0,a5
    4268:	02c78633          	mul	a2,a5,a2
    426c:	8c09                	sub	s0,s0,a0
    426e:	026797b3          	mulh	a5,a5,t1
    4272:	823d                	srli	a2,a2,0xf
    4274:	07c6                	slli	a5,a5,0x11
    4276:	8e5d                	or	a2,a2,a5
    4278:	00c2a023          	sw	a2,0(t0)
    427c:	02658633          	mul	a2,a1,t1
    4280:	02659333          	mulh	t1,a1,t1
    4284:	8241                	srli	a2,a2,0x10
    4286:	85fd                	srai	a1,a1,0x1f
    4288:	01031793          	slli	a5,t1,0x10
    428c:	8e5d                	or	a2,a2,a5
    428e:	41035793          	srai	a5,t1,0x10
    4292:	02c585b3          	mul	a1,a1,a2
    4296:	6315                	lui	t1,0x5
    4298:	55530313          	addi	t1,t1,1365 # 5555 <A_Servo_TorqueOn+0x1>
    429c:	02a787b3          	mul	a5,a5,a0
    42a0:	97ae                	add	a5,a5,a1
    42a2:	02a605b3          	mul	a1,a2,a0
    42a6:	02a63633          	mulhu	a2,a2,a0
    42aa:	97b2                	add	a5,a5,a2
    42ac:	026787b3          	mul	a5,a5,t1
    42b0:	02658633          	mul	a2,a1,t1
    42b4:	0265b5b3          	mulhu	a1,a1,t1
    42b8:	827d                	srli	a2,a2,0x1f
    42ba:	97ae                	add	a5,a5,a1
    42bc:	0786                	slli	a5,a5,0x1
    42be:	8e5d                	or	a2,a2,a5
    42c0:	41f45793          	srai	a5,s0,0x1f
    42c4:	028686b3          	mul	a3,a3,s0
    42c8:	02e787b3          	mul	a5,a5,a4
    42cc:	97b6                	add	a5,a5,a3
    42ce:	02e406b3          	mul	a3,s0,a4
    42d2:	02e43433          	mulhu	s0,s0,a4
    42d6:	01f6d713          	srli	a4,a3,0x1f
    42da:	97a2                	add	a5,a5,s0
    42dc:	0786                	slli	a5,a5,0x1
    42de:	8f5d                	or	a4,a4,a5
    42e0:	963a                	add	a2,a2,a4
    42e2:	c090                	sw	a2,0(s1)
    42e4:	b5c1                	j	41a4 <Traj_SCurve+0x2a>

000042e6 <Traj_TblLerp>:
    42e6:	dc3fb2ef          	jal	t0,a8 <__riscv_save_0>
    42ea:	419c                	lw	a5,0(a1)
    42ec:	82b2                	mv	t0,a2
    42ee:	00a7c563          	blt	a5,a0,42f8 <Traj_TblLerp+0x12>
    42f2:	4208                	lw	a0,0(a2)
    42f4:	dbffb06f          	j	b2 <__riscv_restore_0>
    42f8:	55dc                	lw	a5,44(a1)
    42fa:	872a                	mv	a4,a0
    42fc:	4685                	li	a3,1
    42fe:	4531                	li	a0,12
    4300:	00f74863          	blt	a4,a5,4310 <Traj_TblLerp+0x2a>
    4304:	02c2a503          	lw	a0,44(t0)
    4308:	b7f5                	j	42f4 <Traj_TblLerp+0xe>
    430a:	0685                	addi	a3,a3,1
    430c:	fea68ce3          	beq	a3,a0,4304 <Traj_TblLerp+0x1e>
    4310:	00269793          	slli	a5,a3,0x2
    4314:	00f58633          	add	a2,a1,a5
    4318:	00062303          	lw	t1,0(a2)
    431c:	fee347e3          	blt	t1,a4,430a <Traj_TblLerp+0x24>
    4320:	ffc78693          	addi	a3,a5,-4 # ffffbffc <_eusrstack+0xdfff9ffc>
    4324:	95b6                	add	a1,a1,a3
    4326:	418c                	lw	a1,0(a1)
    4328:	9796                	add	a5,a5,t0
    432a:	4388                	lw	a0,0(a5)
    432c:	40b30633          	sub	a2,t1,a1
    4330:	fcc052e3          	blez	a2,42f4 <Traj_TblLerp+0xe>
    4334:	9696                	add	a3,a3,t0
    4336:	4280                	lw	s0,0(a3)
    4338:	41f65693          	srai	a3,a2,0x1f
    433c:	408507b3          	sub	a5,a0,s0
    4340:	40b70533          	sub	a0,a4,a1
    4344:	02a795b3          	mulh	a1,a5,a0
    4348:	02a78533          	mul	a0,a5,a0
    434c:	4cc020ef          	jal	ra,6818 <__divdi3>
    4350:	9522                	add	a0,a0,s0
    4352:	b74d                	j	42f4 <Traj_TblLerp+0xe>

00004354 <C_Traj_Init>:
    4354:	d55fb2ef          	jal	t0,a8 <__riscv_save_0>
    4358:	1101                	addi	sp,sp,-32
    435a:	c82a                	sw	a0,16(sp)
    435c:	06400793          	li	a5,100
    4360:	84b2                	mv	s1,a2
    4362:	00b7d463          	bge	a5,a1,436a <C_Traj_Init+0x16>
    4366:	06400593          	li	a1,100
    436a:	4681                	li	a3,0
    436c:	00e59513          	slli	a0,a1,0xe
    4370:	06400613          	li	a2,100
    4374:	4581                	li	a1,0
    4376:	4a2020ef          	jal	ra,6818 <__divdi3>
    437a:	a4018693          	addi	a3,gp,-1472 # 200002d0 <s_tj>
    437e:	cac8                	sw	a0,20(a3)
    4380:	c02a                	sw	a0,0(sp)
    4382:	ca2e                	sw	a1,20(sp)
    4384:	06400693          	li	a3,100
    4388:	872a                	mv	a4,a0
    438a:	a4018413          	addi	s0,gp,-1472 # 200002d0 <s_tj>
    438e:	0096d463          	bge	a3,s1,4396 <C_Traj_Init+0x42>
    4392:	06400493          	li	s1,100
    4396:	06400613          	li	a2,100
    439a:	4681                	li	a3,0
    439c:	00e49513          	slli	a0,s1,0xe
    43a0:	4581                	li	a1,0
    43a2:	ce3a                	sw	a4,28(sp)
    43a4:	474020ef          	jal	ra,6818 <__divdi3>
    43a8:	4782                	lw	a5,0(sp)
    43aa:	64a1                	lui	s1,0x8
    43ac:	c22a                	sw	a0,4(sp)
    43ae:	40f48633          	sub	a2,s1,a5
    43b2:	41f65693          	srai	a3,a2,0x1f
    43b6:	cc2e                	sw	a1,24(sp)
    43b8:	c62a                	sw	a0,12(sp)
    43ba:	cc08                	sw	a0,24(s0)
    43bc:	4581                	li	a1,0
    43be:	40000537          	lui	a0,0x40000
    43c2:	456020ef          	jal	ra,6818 <__divdi3>
    43c6:	4792                	lw	a5,4(sp)
    43c8:	c42a                	sw	a0,8(sp)
    43ca:	cc48                	sw	a0,28(s0)
    43cc:	40f48633          	sub	a2,s1,a5
    43d0:	41f65693          	srai	a3,a2,0x1f
    43d4:	40000537          	lui	a0,0x40000
    43d8:	4581                	li	a1,0
    43da:	43e020ef          	jal	ra,6818 <__divdi3>
    43de:	4772                	lw	a4,28(sp)
    43e0:	d008                	sw	a0,32(s0)
    43e2:	84aa                	mv	s1,a0
    43e4:	4301                	li	t1,0
    43e6:	cb09                	beqz	a4,43f8 <C_Traj_Init+0xa4>
    43e8:	4602                	lw	a2,0(sp)
    43ea:	46d2                	lw	a3,20(sp)
    43ec:	40000537          	lui	a0,0x40000
    43f0:	4581                	li	a1,0
    43f2:	426020ef          	jal	ra,6818 <__divdi3>
    43f6:	832a                	mv	t1,a0
    43f8:	47b2                	lw	a5,12(sp)
    43fa:	02642223          	sw	t1,36(s0)
    43fe:	4501                	li	a0,0
    4400:	cb91                	beqz	a5,4414 <C_Traj_Init+0xc0>
    4402:	4612                	lw	a2,4(sp)
    4404:	46e2                	lw	a3,24(sp)
    4406:	40000537          	lui	a0,0x40000
    440a:	4581                	li	a1,0
    440c:	c61a                	sw	t1,12(sp)
    440e:	40a020ef          	jal	ra,6818 <__divdi3>
    4412:	4332                	lw	t1,12(sp)
    4414:	66a5                	lui	a3,0x9
    4416:	4742                	lw	a4,16(sp)
    4418:	ca068693          	addi	a3,a3,-864 # 8ca0 <_data_lma+0x1cc4>
    441c:	d408                	sw	a0,40(s0)
    441e:	08042823          	sw	zero,144(s0)
    4422:	08d42a23          	sw	a3,148(s0)
    4426:	06e6d163          	bge	a3,a4,4488 <C_Traj_Init+0x134>
    442a:	8736                	mv	a4,a3
    442c:	4782                	lw	a5,0(sp)
    442e:	c018                	sw	a4,0(s0)
    4430:	00042223          	sw	zero,4(s0)
    4434:	d07c                	sw	a5,100(s0)
    4436:	4792                	lw	a5,4(sp)
    4438:	d458                	sw	a4,44(s0)
    443a:	02042823          	sw	zero,48(s0)
    443e:	d43c                	sw	a5,104(s0)
    4440:	47a2                	lw	a5,8(sp)
    4442:	02042a23          	sw	zero,52(s0)
    4446:	dc18                	sw	a4,56(s0)
    4448:	dc58                	sw	a4,60(s0)
    444a:	c038                	sw	a4,64(s0)
    444c:	04042223          	sw	zero,68(s0)
    4450:	04042423          	sw	zero,72(s0)
    4454:	04042623          	sw	zero,76(s0)
    4458:	04042823          	sw	zero,80(s0)
    445c:	04042e23          	sw	zero,92(s0)
    4460:	06042023          	sw	zero,96(s0)
    4464:	d47c                	sw	a5,108(s0)
    4466:	d824                	sw	s1,112(s0)
    4468:	06642a23          	sw	t1,116(s0)
    446c:	dc28                	sw	a0,120(s0)
    446e:	06042e23          	sw	zero,124(s0)
    4472:	08042023          	sw	zero,128(s0)
    4476:	08042223          	sw	zero,132(s0)
    447a:	08042423          	sw	zero,136(s0)
    447e:	08042623          	sw	zero,140(s0)
    4482:	6105                	addi	sp,sp,32
    4484:	c2ffb06f          	j	b2 <__riscv_restore_0>
    4488:	fa0752e3          	bgez	a4,442c <C_Traj_Init+0xd8>
    448c:	4701                	li	a4,0
    448e:	bf79                	j	442c <C_Traj_Init+0xd8>

00004490 <C_Traj_Set_Range>:
    4490:	04a5c463          	blt	a1,a0,44d8 <C_Traj_Set_Range+0x48>
    4494:	a4018713          	addi	a4,gp,-1472 # 200002d0 <s_tj>
    4498:	08a72823          	sw	a0,144(a4)
    449c:	08b72a23          	sw	a1,148(a4)
    44a0:	4318                	lw	a4,0(a4)
    44a2:	a4018793          	addi	a5,gp,-1472 # 200002d0 <s_tj>
    44a6:	00a74663          	blt	a4,a0,44b2 <C_Traj_Set_Range+0x22>
    44aa:	853a                	mv	a0,a4
    44ac:	00e5d363          	bge	a1,a4,44b2 <C_Traj_Set_Range+0x22>
    44b0:	852e                	mv	a0,a1
    44b2:	4705                	li	a4,1
    44b4:	c388                	sw	a0,0(a5)
    44b6:	0007a223          	sw	zero,4(a5)
    44ba:	d7c8                	sw	a0,44(a5)
    44bc:	df88                	sw	a0,56(a5)
    44be:	dfc8                	sw	a0,60(a5)
    44c0:	c3a8                	sw	a0,64(a5)
    44c2:	0207aa23          	sw	zero,52(a5)
    44c6:	dff8                	sw	a4,124(a5)
    44c8:	0807a023          	sw	zero,128(a5)
    44cc:	08e7a223          	sw	a4,132(a5)
    44d0:	0807a423          	sw	zero,136(a5)
    44d4:	0807a623          	sw	zero,140(a5)
    44d8:	8082                	ret

000044da <C_Traj_Hold>:
    44da:	a4018693          	addi	a3,gp,-1472 # 200002d0 <s_tj>
    44de:	0906a703          	lw	a4,144(a3)
    44e2:	a4018793          	addi	a5,gp,-1472 # 200002d0 <s_tj>
    44e6:	0946a683          	lw	a3,148(a3)
    44ea:	00e54663          	blt	a0,a4,44f6 <C_Traj_Hold+0x1c>
    44ee:	8736                	mv	a4,a3
    44f0:	00d55363          	bge	a0,a3,44f6 <C_Traj_Hold+0x1c>
    44f4:	872a                	mv	a4,a0
    44f6:	c398                	sw	a4,0(a5)
    44f8:	c3b8                	sw	a4,64(a5)
    44fa:	dfd8                	sw	a4,60(a5)
    44fc:	df98                	sw	a4,56(a5)
    44fe:	d7d8                	sw	a4,44(a5)
    4500:	4705                	li	a4,1
    4502:	0007a223          	sw	zero,4(a5)
    4506:	0607a023          	sw	zero,96(a5)
    450a:	0407ae23          	sw	zero,92(a5)
    450e:	0207aa23          	sw	zero,52(a5)
    4512:	0207a823          	sw	zero,48(a5)
    4516:	08e7a223          	sw	a4,132(a5)
    451a:	dff8                	sw	a4,124(a5)
    451c:	0807a623          	sw	zero,140(a5)
    4520:	0807a423          	sw	zero,136(a5)
    4524:	0807a023          	sw	zero,128(a5)
    4528:	8082                	ret

0000452a <C_Traj_Plan>:
    452a:	b7ffb2ef          	jal	t0,a8 <__riscv_save_0>
    452e:	a4018793          	addi	a5,gp,-1472 # 200002d0 <s_tj>
    4532:	4394                	lw	a3,0(a5)
    4534:	715d                	addi	sp,sp,-80
    4536:	a4018713          	addi	a4,gp,-1472 # 200002d0 <s_tj>
    453a:	d7d4                	sw	a3,44(a5)
    453c:	d236                	sw	a3,36(sp)
    453e:	43d4                	lw	a3,4(a5)
    4540:	d62e                	sw	a1,44(sp)
    4542:	c03a                	sw	a4,0(sp)
    4544:	db94                	sw	a3,48(a5)
    4546:	08078793          	addi	a5,a5,128
    454a:	ca36                	sw	a3,20(sp)
    454c:	4b94                	lw	a3,16(a5)
    454e:	4bdc                	lw	a5,20(a5)
    4550:	ce36                	sw	a3,28(sp)
    4552:	00d54663          	blt	a0,a3,455e <C_Traj_Plan+0x34>
    4556:	ce3e                	sw	a5,28(sp)
    4558:	00f55363          	bge	a0,a5,455e <C_Traj_Plan+0x34>
    455c:	ce2a                	sw	a0,28(sp)
    455e:	47f2                	lw	a5,28(sp)
    4560:	5712                	lw	a4,36(sp)
    4562:	8f99                	sub	a5,a5,a4
    4564:	c63e                	sw	a5,12(sp)
    4566:	3007d363          	bgez	a5,486c <C_Traj_Plan+0x342>
    456a:	87ba                	mv	a5,a4
    456c:	4772                	lw	a4,28(sp)
    456e:	8f99                	sub	a5,a5,a4
    4570:	c63e                	sw	a5,12(sp)
    4572:	47d2                	lw	a5,20(sp)
    4574:	40f007b3          	neg	a5,a5
    4578:	c23e                	sw	a5,4(sp)
    457a:	57fd                	li	a5,-1
    457c:	d83e                	sw	a5,48(sp)
    457e:	47b2                	lw	a5,12(sp)
    4580:	3e800513          	li	a0,1000
    4584:	04600613          	li	a2,70
    4588:	02a795b3          	mulh	a1,a5,a0
    458c:	4681                	li	a3,0
    458e:	02a78533          	mul	a0,a5,a0
    4592:	286020ef          	jal	ra,6818 <__divdi3>
    4596:	679d                	lui	a5,0x7
    4598:	ad578793          	addi	a5,a5,-1323 # 6ad5 <__divdi3+0x2bd>
    459c:	2ea7d663          	bge	a5,a0,4888 <C_Traj_Plan+0x35e>
    45a0:	853e                	mv	a0,a5
    45a2:	4792                	lw	a5,4(sp)
    45a4:	4712                	lw	a4,4(sp)
    45a6:	87fd                	srai	a5,a5,0x1f
    45a8:	8f3d                	xor	a4,a4,a5
    45aa:	40f707b3          	sub	a5,a4,a5
    45ae:	cc3e                	sw	a5,24(sp)
    45b0:	46e2                	lw	a3,24(sp)
    45b2:	3e800713          	li	a4,1000
    45b6:	02e787b3          	mul	a5,a5,a4
    45ba:	02e69733          	mulh	a4,a3,a4
    45be:	83c1                	srli	a5,a5,0x10
    45c0:	01071693          	slli	a3,a4,0x10
    45c4:	8741                	srai	a4,a4,0x10
    45c6:	8fd5                	or	a5,a5,a3
    45c8:	d43a                	sw	a4,40(sp)
    45ca:	843e                	mv	s0,a5
    45cc:	00a7d363          	bge	a5,a0,45d2 <C_Traj_Plan+0xa8>
    45d0:	842a                	mv	s0,a0
    45d2:	c0be                	sw	a5,64(sp)
    45d4:	41f45793          	srai	a5,s0,0x1f
    45d8:	01079313          	slli	t1,a5,0x10
    45dc:	01045593          	srli	a1,s0,0x10
    45e0:	3e800613          	li	a2,1000
    45e4:	4681                	li	a3,0
    45e6:	0065e5b3          	or	a1,a1,t1
    45ea:	01041513          	slli	a0,s0,0x10
    45ee:	c43e                	sw	a5,8(sp)
    45f0:	228020ef          	jal	ra,6818 <__divdi3>
    45f4:	c82a                	sw	a0,16(sp)
    45f6:	dc2a                	sw	a0,56(sp)
    45f8:	d02a                	sw	a0,32(sp)
    45fa:	3e800513          	li	a0,1000
    45fe:	da2e                	sw	a1,52(sp)
    4600:	de2e                	sw	a1,60(sp)
    4602:	02a415b3          	mulh	a1,s0,a0
    4606:	4679                	li	a2,30
    4608:	4681                	li	a3,0
    460a:	02a40533          	mul	a0,s0,a0
    460e:	20a020ef          	jal	ra,6818 <__divdi3>
    4612:	4782                	lw	a5,0(sp)
    4614:	0019d6b7          	lui	a3,0x19d
    4618:	58c68693          	addi	a3,a3,1420 # 19d58c <_data_lma+0x1965b0>
    461c:	4fc4                	lw	s1,28(a5)
    461e:	c42a                	sw	a0,8(sp)
    4620:	4786                	lw	a5,64(sp)
    4622:	02d48633          	mul	a2,s1,a3
    4626:	02d496b3          	mulh	a3,s1,a3
    462a:	823d                	srli	a2,a2,0xf
    462c:	01169593          	slli	a1,a3,0x11
    4630:	86bd                	srai	a3,a3,0xf
    4632:	8e4d                	or	a2,a2,a1
    4634:	00d04663          	bgtz	a3,4640 <C_Traj_Plan+0x116>
    4638:	26069463          	bnez	a3,48a0 <C_Traj_Plan+0x376>
    463c:	26060263          	beqz	a2,48a0 <C_Traj_Plan+0x376>
    4640:	c2be                	sw	a5,68(sp)
    4642:	47b2                	lw	a5,12(sp)
    4644:	003e8537          	lui	a0,0x3e8
    4648:	02a795b3          	mulh	a1,a5,a0
    464c:	02a78533          	mul	a0,a5,a0
    4650:	1c8020ef          	jal	ra,6818 <__divdi3>
    4654:	661d                	lui	a2,0x7
    4656:	659d                	lui	a1,0x7
    4658:	da060613          	addi	a2,a2,-608 # 6da0 <TRAJ_F_Q15>
    465c:	d7058593          	addi	a1,a1,-656 # 6d70 <TRAJ_H_Q12>
    4660:	c87ff0ef          	jal	ra,42e6 <Traj_TblLerp>
    4664:	41f45793          	srai	a5,s0,0x1f
    4668:	00f79713          	slli	a4,a5,0xf
    466c:	01145593          	srli	a1,s0,0x11
    4670:	6621                	lui	a2,0x8
    4672:	c0aa                	sw	a0,64(sp)
    4674:	f2f60613          	addi	a2,a2,-209 # 7f2f <_data_lma+0xf53>
    4678:	00f41513          	slli	a0,s0,0xf
    467c:	4681                	li	a3,0
    467e:	8dd9                	or	a1,a1,a4
    4680:	198020ef          	jal	ra,6818 <__divdi3>
    4684:	4306                	lw	t1,64(sp)
    4686:	4796                	lw	a5,68(sp)
    4688:	842a                	mv	s0,a0
    468a:	00a35363          	bge	t1,a0,4690 <C_Traj_Plan+0x166>
    468e:	841a                	mv	s0,t1
    4690:	56a2                	lw	a3,40(sp)
    4692:	0117d713          	srli	a4,a5,0x11
    4696:	6621                	lui	a2,0x8
    4698:	00f69593          	slli	a1,a3,0xf
    469c:	00f79513          	slli	a0,a5,0xf
    46a0:	8dd9                	or	a1,a1,a4
    46a2:	f2f60613          	addi	a2,a2,-209 # 7f2f <_data_lma+0xf53>
    46a6:	4681                	li	a3,0
    46a8:	170020ef          	jal	ra,6818 <__divdi3>
    46ac:	6721                	lui	a4,0x8
    46ae:	87aa                	mv	a5,a0
    46b0:	00e54463          	blt	a0,a4,46b8 <C_Traj_Plan+0x18e>
    46b4:	fff70793          	addi	a5,a4,-1 # 7fff <_data_lma+0x1023>
    46b8:	8522                	mv	a0,s0
    46ba:	00f45363          	bge	s0,a5,46c0 <C_Traj_Plan+0x196>
    46be:	853e                	mv	a0,a5
    46c0:	661d                	lui	a2,0x7
    46c2:	659d                	lui	a1,0x7
    46c4:	d4060613          	addi	a2,a2,-704 # 6d40 <TRAJ_G_Q15>
    46c8:	da058593          	addi	a1,a1,-608 # 6da0 <TRAJ_F_Q15>
    46cc:	c1bff0ef          	jal	ra,42e6 <Traj_TblLerp>
    46d0:	000997b7          	lui	a5,0x99
    46d4:	dd678793          	addi	a5,a5,-554 # 98dd6 <_data_lma+0x91dfa>
    46d8:	02f50733          	mul	a4,a0,a5
    46dc:	02f517b3          	mulh	a5,a0,a5
    46e0:	833d                	srli	a4,a4,0xf
    46e2:	07c6                	slli	a5,a5,0x11
    46e4:	8fd9                	or	a5,a5,a4
    46e6:	4622                	lw	a2,8(sp)
    46e8:	00f64663          	blt	a2,a5,46f4 <C_Traj_Plan+0x1ca>
    46ec:	863e                	mv	a2,a5
    46ee:	00f04363          	bgtz	a5,46f4 <C_Traj_Plan+0x1ca>
    46f2:	4605                	li	a2,1
    46f4:	41f65693          	srai	a3,a2,0x1f
    46f8:	42400537          	lui	a0,0x42400
    46fc:	45bd                	li	a1,15
    46fe:	11a020ef          	jal	ra,6818 <__divdi3>
    4702:	4622                	lw	a2,8(sp)
    4704:	000487b7          	lui	a5,0x48
    4708:	40a78793          	addi	a5,a5,1034 # 4840a <_data_lma+0x4142e>
    470c:	842a                	mv	s0,a0
    470e:	00c7d363          	bge	a5,a2,4714 <C_Traj_Plan+0x1ea>
    4712:	863e                	mv	a2,a5
    4714:	41f65693          	srai	a3,a2,0x1f
    4718:	42400537          	lui	a0,0x42400
    471c:	45bd                	li	a1,15
    471e:	0fa020ef          	jal	ra,6818 <__divdi3>
    4722:	029406b3          	mul	a3,s0,s1
    4726:	87aa                	mv	a5,a0
    4728:	872e                	mv	a4,a1
    472a:	02941633          	mulh	a2,s0,s1
    472e:	82bd                	srli	a3,a3,0xf
    4730:	0646                	slli	a2,a2,0x11
    4732:	00d662b3          	or	t0,a2,a3
    4736:	4682                	lw	a3,0(sp)
    4738:	0056a423          	sw	t0,8(a3)
    473c:	5294                	lw	a3,32(a3)
    473e:	41f6d593          	srai	a1,a3,0x1f
    4742:	02e68733          	mul	a4,a3,a4
    4746:	02f585b3          	mul	a1,a1,a5
    474a:	02f6b633          	mulhu	a2,a3,a5
    474e:	95ba                	add	a1,a1,a4
    4750:	02f68733          	mul	a4,a3,a5
    4754:	95b2                	add	a1,a1,a2
    4756:	05c6                	slli	a1,a1,0x11
    4758:	833d                	srli	a4,a4,0xf
    475a:	8f4d                	or	a4,a4,a1
    475c:	c43a                	sw	a4,8(sp)
    475e:	4622                	lw	a2,8(sp)
    4760:	4702                	lw	a4,0(sp)
    4762:	c750                	sw	a2,12(a4)
    4764:	0087d363          	bge	a5,s0,476a <C_Traj_Plan+0x240>
    4768:	87a2                	mv	a5,s0
    476a:	02978633          	mul	a2,a5,s1
    476e:	02979733          	mulh	a4,a5,s1
    4772:	00f65793          	srli	a5,a2,0xf
    4776:	4622                	lw	a2,8(sp)
    4778:	41f65593          	srai	a1,a2,0x1f
    477c:	4612                	lw	a2,4(sp)
    477e:	0746                	slli	a4,a4,0x11
    4780:	8f5d                	or	a4,a4,a5
    4782:	4782                	lw	a5,0(sp)
    4784:	cb98                	sw	a4,16(a5)
    4786:	47e2                	lw	a5,24(sp)
    4788:	87a1                	srai	a5,a5,0x8
    478a:	12c05063          	blez	a2,48aa <C_Traj_Plan+0x380>
    478e:	4622                	lw	a2,8(sp)
    4790:	4462                	lw	s0,24(sp)
    4792:	02c78533          	mul	a0,a5,a2
    4796:	41f45313          	srai	t1,s0,0x1f
    479a:	02c79633          	mulh	a2,a5,a2
    479e:	02a30333          	mul	t1,t1,a0
    47a2:	02f60633          	mul	a2,a2,a5
    47a6:	961a                	add	a2,a2,t1
    47a8:	02f50333          	mul	t1,a0,a5
    47ac:	02f53533          	mulhu	a0,a0,a5
    47b0:	962a                	add	a2,a2,a0
    47b2:	4532                	lw	a0,12(sp)
    47b4:	0506                	slli	a0,a0,0x1
    47b6:	00c54663          	blt	a0,a2,47c2 <C_Traj_Plan+0x298>
    47ba:	0ea61d63          	bne	a2,a0,48b4 <C_Traj_Plan+0x38a>
    47be:	0e030b63          	beqz	t1,48b4 <C_Traj_Plan+0x38a>
    47c2:	82ba                	mv	t0,a4
    47c4:	4705                	li	a4,1
    47c6:	d43a                	sw	a4,40(sp)
    47c8:	4702                	lw	a4,0(sp)
    47ca:	4602                	lw	a2,0(sp)
    47cc:	4b58                	lw	a4,20(a4)
    47ce:	d664                	sw	s1,108(a2)
    47d0:	da34                	sw	a3,112(a2)
    47d2:	d278                	sw	a4,100(a2)
    47d4:	5258                	lw	a4,36(a2)
    47d6:	da78                	sw	a4,116(a2)
    47d8:	4e18                	lw	a4,24(a2)
    47da:	d638                	sw	a4,104(a2)
    47dc:	5618                	lw	a4,40(a2)
    47de:	de38                	sw	a4,120(a2)
    47e0:	5722                	lw	a4,40(sp)
    47e2:	cb79                	beqz	a4,48b8 <C_Traj_Plan+0x38e>
    47e4:	02578533          	mul	a0,a5,t0
    47e8:	4722                	lw	a4,8(sp)
    47ea:	00570633          	add	a2,a4,t0
    47ee:	41f7d713          	srai	a4,a5,0x1f
    47f2:	025795b3          	mulh	a1,a5,t0
    47f6:	02a70733          	mul	a4,a4,a0
    47fa:	02f585b3          	mul	a1,a1,a5
    47fe:	95ba                	add	a1,a1,a4
    4800:	02f53733          	mulhu	a4,a0,a5
    4804:	95ba                	add	a1,a1,a4
    4806:	4732                	lw	a4,12(sp)
    4808:	02f50533          	mul	a0,a0,a5
    480c:	0706                	slli	a4,a4,0x1
    480e:	8d99                	sub	a1,a1,a4
    4810:	0005d463          	bgez	a1,4818 <C_Traj_Plan+0x2ee>
    4814:	4501                	li	a0,0
    4816:	4581                	li	a1,0
    4818:	da16                	sw	t0,52(sp)
    481a:	845ff0ef          	jal	ra,405e <Traj_Div_U64>
    481e:	815ff0ef          	jal	ra,4032 <Traj_Sqrt_Ceil>
    4822:	5702                	lw	a4,32(sp)
    4824:	0522                	slli	a0,a0,0x8
    4826:	52d2                	lw	t0,52(sp)
    4828:	40a007b3          	neg	a5,a0
    482c:	00a75563          	bge	a4,a0,4836 <C_Traj_Plan+0x30c>
    4830:	47c2                	lw	a5,16(sp)
    4832:	40f007b3          	neg	a5,a5
    4836:	4712                	lw	a4,4(sp)
    4838:	8f1d                	sub	a4,a4,a5
    483a:	025704b3          	mul	s1,a4,t0
    483e:	02571733          	mulh	a4,a4,t0
    4842:	009034b3          	snez	s1,s1
    4846:	94ba                	add	s1,s1,a4
    4848:	00904363          	bgtz	s1,484e <C_Traj_Plan+0x324>
    484c:	4485                	li	s1,1
    484e:	4722                	lw	a4,8(sp)
    4850:	40f007b3          	neg	a5,a5
    4854:	02e78433          	mul	s0,a5,a4
    4858:	02e797b3          	mulh	a5,a5,a4
    485c:	00803433          	snez	s0,s0
    4860:	943e                	add	s0,s0,a5
    4862:	00804363          	bgtz	s0,4868 <C_Traj_Plan+0x33e>
    4866:	4405                	li	s0,1
    4868:	4501                	li	a0,0
    486a:	a8d5                	j	495e <C_Traj_Plan+0x434>
    486c:	47b2                	lw	a5,12(sp)
    486e:	eb89                	bnez	a5,4880 <C_Traj_Plan+0x356>
    4870:	47d2                	lw	a5,20(sp)
    4872:	ef99                	bnez	a5,4890 <C_Traj_Plan+0x366>
    4874:	5512                	lw	a0,36(sp)
    4876:	c65ff0ef          	jal	ra,44da <C_Traj_Hold>
    487a:	6161                	addi	sp,sp,80
    487c:	837fb06f          	j	b2 <__riscv_restore_0>
    4880:	47d2                	lw	a5,20(sp)
    4882:	c23e                	sw	a5,4(sp)
    4884:	4785                	li	a5,1
    4886:	b9dd                	j	457c <C_Traj_Plan+0x52>
    4888:	d0a04de3          	bgtz	a0,45a2 <C_Traj_Plan+0x78>
    488c:	4505                	li	a0,1
    488e:	bb11                	j	45a2 <C_Traj_Plan+0x78>
    4890:	47d2                	lw	a5,20(sp)
    4892:	651d                	lui	a0,0x7
    4894:	ad550513          	addi	a0,a0,-1323 # 6ad5 <__divdi3+0x2bd>
    4898:	c23e                	sw	a5,4(sp)
    489a:	4785                	li	a5,1
    489c:	d83e                	sw	a5,48(sp)
    489e:	b311                	j	45a2 <C_Traj_Plan+0x78>
    48a0:	000917b7          	lui	a5,0x91
    48a4:	1a278793          	addi	a5,a5,418 # 911a2 <_data_lma+0x8a1c6>
    48a8:	bd3d                	j	46e6 <C_Traj_Plan+0x1bc>
    48aa:	4612                	lw	a2,4(sp)
    48ac:	d402                	sw	zero,40(sp)
    48ae:	de09                	beqz	a2,47c8 <C_Traj_Plan+0x29e>
    48b0:	82ba                	mv	t0,a4
    48b2:	bf19                	j	47c8 <C_Traj_Plan+0x29e>
    48b4:	d402                	sw	zero,40(sp)
    48b6:	bf09                	j	47c8 <C_Traj_Plan+0x29e>
    48b8:	4742                	lw	a4,16(sp)
    48ba:	4692                	lw	a3,4(sp)
    48bc:	8f15                	sub	a4,a4,a3
    48be:	025704b3          	mul	s1,a4,t0
    48c2:	02571733          	mulh	a4,a4,t0
    48c6:	009034b3          	snez	s1,s1
    48ca:	94ba                	add	s1,s1,a4
    48cc:	00904363          	bgtz	s1,48d2 <C_Traj_Plan+0x3a8>
    48d0:	4485                	li	s1,1
    48d2:	56d2                	lw	a3,52(sp)
    48d4:	4722                	lw	a4,8(sp)
    48d6:	4642                	lw	a2,16(sp)
    48d8:	02d70733          	mul	a4,a4,a3
    48dc:	46c2                	lw	a3,16(sp)
    48de:	02d585b3          	mul	a1,a1,a3
    48e2:	46a2                	lw	a3,8(sp)
    48e4:	02c68433          	mul	s0,a3,a2
    48e8:	86b2                	mv	a3,a2
    48ea:	4622                	lw	a2,8(sp)
    48ec:	972e                	add	a4,a4,a1
    48ee:	02c6b6b3          	mulhu	a3,a3,a2
    48f2:	00803433          	snez	s0,s0
    48f6:	9736                	add	a4,a4,a3
    48f8:	943a                	add	s0,s0,a4
    48fa:	00804363          	bgtz	s0,4900 <C_Traj_Plan+0x3d6>
    48fe:	4405                	li	s0,1
    4900:	4712                	lw	a4,4(sp)
    4902:	46c2                	lw	a3,16(sp)
    4904:	41f45593          	srai	a1,s0,0x1f
    4908:	4542                	lw	a0,16(sp)
    490a:	00d70633          	add	a2,a4,a3
    490e:	4742                	lw	a4,16(sp)
    4910:	029606b3          	mul	a3,a2,s1
    4914:	02e585b3          	mul	a1,a1,a4
    4918:	5752                	lw	a4,52(sp)
    491a:	02e40733          	mul	a4,s0,a4
    491e:	95ba                	add	a1,a1,a4
    4920:	4742                	lw	a4,16(sp)
    4922:	02a43533          	mulhu	a0,s0,a0
    4926:	02e40733          	mul	a4,s0,a4
    492a:	952e                	add	a0,a0,a1
    492c:	02961633          	mulh	a2,a2,s1
    4930:	9736                	add	a4,a4,a3
    4932:	00d736b3          	sltu	a3,a4,a3
    4936:	8345                	srli	a4,a4,0x11
    4938:	962a                	add	a2,a2,a0
    493a:	96b2                	add	a3,a3,a2
    493c:	06be                	slli	a3,a3,0xf
    493e:	8f55                	or	a4,a4,a3
    4940:	46b2                	lw	a3,12(sp)
    4942:	24e6c463          	blt	a3,a4,4b8a <C_Traj_Plan+0x660>
    4946:	47c2                	lw	a5,16(sp)
    4948:	40e68733          	sub	a4,a3,a4
    494c:	0742                	slli	a4,a4,0x10
    494e:	fff78513          	addi	a0,a5,-1
    4952:	85be                	mv	a1,a5
    4954:	953a                	add	a0,a0,a4
    4956:	da16                	sw	t0,52(sp)
    4958:	f6cfb0ef          	jal	ra,c4 <__hidden___udivsi3>
    495c:	52d2                	lw	t0,52(sp)
    495e:	57b2                	lw	a5,44(sp)
    4960:	9526                	add	a0,a0,s1
    4962:	00850733          	add	a4,a0,s0
    4966:	04f75363          	bge	a4,a5,49ac <C_Traj_Plan+0x482>
    496a:	00879513          	slli	a0,a5,0x8
    496e:	85ba                	mv	a1,a4
    4970:	c816                	sw	t0,16(sp)
    4972:	f52fb0ef          	jal	ra,c4 <__hidden___udivsi3>
    4976:	02a40433          	mul	s0,s0,a0
    497a:	57a2                	lw	a5,40(sp)
    497c:	42c2                	lw	t0,16(sp)
    497e:	8021                	srli	s0,s0,0x8
    4980:	28079163          	bnez	a5,4c02 <C_Traj_Plan+0x6d8>
    4984:	4792                	lw	a5,4(sp)
    4986:	2607ce63          	bltz	a5,4c02 <C_Traj_Plan+0x6d8>
    498a:	02a48533          	mul	a0,s1,a0
    498e:	4485                	li	s1,1
    4990:	8121                	srli	a0,a0,0x8
    4992:	c111                	beqz	a0,4996 <C_Traj_Plan+0x46c>
    4994:	84aa                	mv	s1,a0
    4996:	5732                	lw	a4,44(sp)
    4998:	008487b3          	add	a5,s1,s0
    499c:	00f75463          	bge	a4,a5,49a4 <C_Traj_Plan+0x47a>
    49a0:	40970433          	sub	s0,a4,s1
    49a4:	00804363          	bgtz	s0,49aa <C_Traj_Plan+0x480>
    49a8:	4405                	li	s0,1
    49aa:	5732                	lw	a4,44(sp)
    49ac:	47b2                	lw	a5,12(sp)
    49ae:	4301                	li	t1,0
    49b0:	87bd                	srai	a5,a5,0xf
    49b2:	d43e                	sw	a5,40(sp)
    49b4:	47b2                	lw	a5,12(sp)
    49b6:	07c6                	slli	a5,a5,0x11
    49b8:	c63e                	sw	a5,12(sp)
    49ba:	800007b7          	lui	a5,0x80000
    49be:	17fd                	addi	a5,a5,-1 # 7fffffff <_eusrstack+0x5fffdfff>
    49c0:	cc3e                	sw	a5,24(sp)
    49c2:	008487b3          	add	a5,s1,s0
    49c6:	d63e                	sw	a5,44(sp)
    49c8:	00f75363          	bge	a4,a5,49ce <C_Traj_Plan+0x4a4>
    49cc:	873e                	mv	a4,a5
    49ce:	4692                	lw	a3,4(sp)
    49d0:	4532                	lw	a0,12(sp)
    49d2:	00171793          	slli	a5,a4,0x1
    49d6:	029683b3          	mul	t2,a3,s1
    49da:	8f85                	sub	a5,a5,s1
    49dc:	40878633          	sub	a2,a5,s0
    49e0:	029695b3          	mulh	a1,a3,s1
    49e4:	46b2                	lw	a3,12(sp)
    49e6:	407686b3          	sub	a3,a3,t2
    49ea:	00d53533          	sltu	a0,a0,a3
    49ee:	c836                	sw	a3,16(sp)
    49f0:	56a2                	lw	a3,40(sp)
    49f2:	8e8d                	sub	a3,a3,a1
    49f4:	8e89                	sub	a3,a3,a0
    49f6:	2206d263          	bgez	a3,4c1a <C_Traj_Plan+0x6f0>
    49fa:	4532                	lw	a0,12(sp)
    49fc:	50a2                	lw	ra,40(sp)
    49fe:	40a38533          	sub	a0,t2,a0
    4a02:	00a3b3b3          	sltu	t2,t2,a0
    4a06:	401585b3          	sub	a1,a1,ra
    4a0a:	407585b3          	sub	a1,a1,t2
    4a0e:	53fd                	li	t2,-1
    4a10:	00065663          	bgez	a2,4a1c <C_Traj_Plan+0x4f2>
    4a14:	40f40633          	sub	a2,s0,a5
    4a18:	407003b3          	neg	t2,t2
    4a1c:	c6b6                	sw	a3,76(sp)
    4a1e:	c49e                	sw	t2,72(sp)
    4a20:	c29a                	sw	t1,68(sp)
    4a22:	c0ba                	sw	a4,64(sp)
    4a24:	da16                	sw	t0,52(sp)
    4a26:	e38ff0ef          	jal	ra,405e <Traj_Div_U64>
    4a2a:	4662                	lw	a2,24(sp)
    4a2c:	52d2                	lw	t0,52(sp)
    4a2e:	4706                	lw	a4,64(sp)
    4a30:	4316                	lw	t1,68(sp)
    4a32:	43a6                	lw	t2,72(sp)
    4a34:	46b6                	lw	a3,76(sp)
    4a36:	87aa                	mv	a5,a0
    4a38:	00a67363          	bgeu	a2,a0,4a3e <C_Traj_Plan+0x514>
    4a3c:	87b2                	mv	a5,a2
    4a3e:	4605                	li	a2,1
    4a40:	1ec38163          	beq	t2,a2,4c22 <C_Traj_Plan+0x6f8>
    4a44:	5582                	lw	a1,32(sp)
    4a46:	40f00633          	neg	a2,a5
    4a4a:	24f5c163          	blt	a1,a5,4c8c <C_Traj_Plan+0x762>
    4a4e:	87b2                	mv	a5,a2
    4a50:	468d                	li	a3,3
    4a52:	04d30863          	beq	t1,a3,4aa2 <C_Traj_Plan+0x578>
    4a56:	4692                	lw	a3,4(sp)
    4a58:	4612                	lw	a2,4(sp)
    4a5a:	8e9d                	sub	a3,a3,a5
    4a5c:	00f65463          	bge	a2,a5,4a64 <C_Traj_Plan+0x53a>
    4a60:	40c786b3          	sub	a3,a5,a2
    4a64:	02568633          	mul	a2,a3,t0
    4a68:	025696b3          	mulh	a3,a3,t0
    4a6c:	00c03633          	snez	a2,a2
    4a70:	9636                	add	a2,a2,a3
    4a72:	00c04363          	bgtz	a2,4a78 <C_Traj_Plan+0x54e>
    4a76:	4605                	li	a2,1
    4a78:	41f7d693          	srai	a3,a5,0x1f
    4a7c:	00f6c5b3          	xor	a1,a3,a5
    4a80:	8d95                	sub	a1,a1,a3
    4a82:	46a2                	lw	a3,8(sp)
    4a84:	4522                	lw	a0,8(sp)
    4a86:	02d586b3          	mul	a3,a1,a3
    4a8a:	02a595b3          	mulh	a1,a1,a0
    4a8e:	00d036b3          	snez	a3,a3
    4a92:	96ae                	add	a3,a3,a1
    4a94:	00d04363          	bgtz	a3,4a9a <C_Traj_Plan+0x570>
    4a98:	4685                	li	a3,1
    4a9a:	1ec4cd63          	blt	s1,a2,4c94 <C_Traj_Plan+0x76a>
    4a9e:	1ed44c63          	blt	s0,a3,4c96 <C_Traj_Plan+0x76c>
    4aa2:	56c2                	lw	a3,48(sp)
    4aa4:	4602                	lw	a2,0(sp)
    4aa6:	409705b3          	sub	a1,a4,s1
    4aaa:	02d787b3          	mul	a5,a5,a3
    4aae:	4682                	lw	a3,0(sp)
    4ab0:	de64                	sw	s1,124(a2)
    4ab2:	8d81                	sub	a1,a1,s0
    4ab4:	dadc                	sw	a5,52(a3)
    4ab6:	46d2                	lw	a3,20(sp)
    4ab8:	40d78333          	sub	t1,a5,a3
    4abc:	4682                	lw	a3,0(sp)
    4abe:	c41a                	sw	t1,8(sp)
    4ac0:	0466ae23          	sw	t1,92(a3)
    4ac4:	40f006b3          	neg	a3,a5
    4ac8:	d234                	sw	a3,96(a2)
    4aca:	08060613          	addi	a2,a2,128
    4ace:	c618                	sw	a4,8(a2)
    4ad0:	4702                	lw	a4,0(sp)
    4ad2:	c20c                	sw	a1,0(a2)
    4ad4:	c240                	sw	s0,4(a2)
    4ad6:	08072623          	sw	zero,140(a4)
    4ada:	02931633          	mulh	a2,t1,s1
    4ade:	c236                	sw	a3,4(sp)
    4ae0:	02930733          	mul	a4,t1,s1
    4ae4:	0646                	slli	a2,a2,0x11
    4ae6:	833d                	srli	a4,a4,0xf
    4ae8:	8f51                	or	a4,a4,a2
    4aea:	4602                	lw	a2,0(sp)
    4aec:	02869533          	mulh	a0,a3,s0
    4af0:	01275393          	srli	t2,a4,0x12
    4af4:	c678                	sw	a4,76(a2)
    4af6:	02868633          	mul	a2,a3,s0
    4afa:	4682                	lw	a3,0(sp)
    4afc:	0546                	slli	a0,a0,0x11
    4afe:	823d                	srli	a2,a2,0xf
    4b00:	8e49                	or	a2,a2,a0
    4b02:	cab0                	sw	a2,80(a3)
    4b04:	46d2                	lw	a3,20(sp)
    4b06:	41f75513          	srai	a0,a4,0x1f
    4b0a:	053a                	slli	a0,a0,0xe
    4b0c:	02d48633          	mul	a2,s1,a3
    4b10:	073a                	slli	a4,a4,0xe
    4b12:	00a3e533          	or	a0,t2,a0
    4b16:	02d492b3          	mulh	t0,s1,a3
    4b1a:	9732                	add	a4,a4,a2
    4b1c:	00c73633          	sltu	a2,a4,a2
    4b20:	8341                	srli	a4,a4,0x10
    4b22:	5692                	lw	a3,36(sp)
    4b24:	92aa                	add	t0,t0,a0
    4b26:	9616                	add	a2,a2,t0
    4b28:	0642                	slli	a2,a2,0x10
    4b2a:	8f51                	or	a4,a4,a2
    4b2c:	02b78633          	mul	a2,a5,a1
    4b30:	9736                	add	a4,a4,a3
    4b32:	4682                	lw	a3,0(sp)
    4b34:	40000537          	lui	a0,0x40000
    4b38:	de98                	sw	a4,56(a3)
    4b3a:	02b797b3          	mulh	a5,a5,a1
    4b3e:	8241                	srli	a2,a2,0x10
    4b40:	4581                	li	a1,0
    4b42:	07c2                	slli	a5,a5,0x10
    4b44:	8e5d                	or	a2,a2,a5
    4b46:	9732                	add	a4,a4,a2
    4b48:	ded8                	sw	a4,60(a3)
    4b4a:	4772                	lw	a4,28(sp)
    4b4c:	8626                	mv	a2,s1
    4b4e:	c2b8                	sw	a4,64(a3)
    4b50:	d0eff0ef          	jal	ra,405e <Traj_Div_U64>
    4b54:	4782                	lw	a5,0(sp)
    4b56:	8622                	mv	a2,s0
    4b58:	84aa                	mv	s1,a0
    4b5a:	c3e8                	sw	a0,68(a5)
    4b5c:	4581                	li	a1,0
    4b5e:	40000537          	lui	a0,0x40000
    4b62:	cfcff0ef          	jal	ra,405e <Traj_Div_U64>
    4b66:	4782                	lw	a5,0(sp)
    4b68:	4322                	lw	t1,8(sp)
    4b6a:	842a                	mv	s0,a0
    4b6c:	c7a8                	sw	a0,72(a5)
    4b6e:	85a6                	mv	a1,s1
    4b70:	851a                	mv	a0,t1
    4b72:	d54ff0ef          	jal	ra,40c6 <Traj_Acc_Coef>
    4b76:	4782                	lw	a5,0(sp)
    4b78:	4692                	lw	a3,4(sp)
    4b7a:	85a2                	mv	a1,s0
    4b7c:	cbe8                	sw	a0,84(a5)
    4b7e:	8536                	mv	a0,a3
    4b80:	d46ff0ef          	jal	ra,40c6 <Traj_Acc_Coef>
    4b84:	4782                	lw	a5,0(sp)
    4b86:	cfa8                	sw	a0,88(a5)
    4b88:	b9cd                	j	487a <C_Traj_Plan+0x350>
    4b8a:	02578533          	mul	a0,a5,t0
    4b8e:	41f7d693          	srai	a3,a5,0x1f
    4b92:	da16                	sw	t0,52(sp)
    4b94:	02579733          	mulh	a4,a5,t0
    4b98:	02a686b3          	mul	a3,a3,a0
    4b9c:	02f70733          	mul	a4,a4,a5
    4ba0:	9736                	add	a4,a4,a3
    4ba2:	02f536b3          	mulhu	a3,a0,a5
    4ba6:	02f50533          	mul	a0,a0,a5
    4baa:	9736                	add	a4,a4,a3
    4bac:	46b2                	lw	a3,12(sp)
    4bae:	00169593          	slli	a1,a3,0x1
    4bb2:	46a2                	lw	a3,8(sp)
    4bb4:	95ba                	add	a1,a1,a4
    4bb6:	00568633          	add	a2,a3,t0
    4bba:	ca4ff0ef          	jal	ra,405e <Traj_Div_U64>
    4bbe:	c74ff0ef          	jal	ra,4032 <Traj_Sqrt_Ceil>
    4bc2:	5782                	lw	a5,32(sp)
    4bc4:	0522                	slli	a0,a0,0x8
    4bc6:	52d2                	lw	t0,52(sp)
    4bc8:	00a7d363          	bge	a5,a0,4bce <C_Traj_Plan+0x6a4>
    4bcc:	4542                	lw	a0,16(sp)
    4bce:	4792                	lw	a5,4(sp)
    4bd0:	4712                	lw	a4,4(sp)
    4bd2:	8f89                	sub	a5,a5,a0
    4bd4:	00a75463          	bge	a4,a0,4bdc <C_Traj_Plan+0x6b2>
    4bd8:	40e507b3          	sub	a5,a0,a4
    4bdc:	025784b3          	mul	s1,a5,t0
    4be0:	025797b3          	mulh	a5,a5,t0
    4be4:	009034b3          	snez	s1,s1
    4be8:	94be                	add	s1,s1,a5
    4bea:	00904363          	bgtz	s1,4bf0 <C_Traj_Plan+0x6c6>
    4bee:	4485                	li	s1,1
    4bf0:	47a2                	lw	a5,8(sp)
    4bf2:	02f50433          	mul	s0,a0,a5
    4bf6:	02f51533          	mulh	a0,a0,a5
    4bfa:	00803433          	snez	s0,s0
    4bfe:	942a                	add	s0,s0,a0
    4c00:	b18d                	j	4862 <C_Traj_Plan+0x338>
    4c02:	47e2                	lw	a5,24(sp)
    4c04:	025784b3          	mul	s1,a5,t0
    4c08:	025797b3          	mulh	a5,a5,t0
    4c0c:	009034b3          	snez	s1,s1
    4c10:	94be                	add	s1,s1,a5
    4c12:	d89042e3          	bgtz	s1,4996 <C_Traj_Plan+0x46c>
    4c16:	4485                	li	s1,1
    4c18:	bbbd                	j	4996 <C_Traj_Plan+0x46c>
    4c1a:	4542                	lw	a0,16(sp)
    4c1c:	85b6                	mv	a1,a3
    4c1e:	4385                	li	t2,1
    4c20:	bbc5                	j	4a10 <C_Traj_Plan+0x4e6>
    4c22:	5602                	lw	a2,32(sp)
    4c24:	e2f656e3          	bge	a2,a5,4a50 <C_Traj_Plan+0x526>
    4c28:	c0be                	sw	a5,64(sp)
    4c2a:	47c2                	lw	a5,16(sp)
    4c2c:	41f6d513          	srai	a0,a3,0x1f
    4c30:	00d54633          	xor	a2,a0,a3
    4c34:	00f543b3          	xor	t2,a0,a5
    4c38:	57e2                	lw	a5,56(sp)
    4c3a:	40a385b3          	sub	a1,t2,a0
    4c3e:	8e09                	sub	a2,a2,a0
    4c40:	00f58533          	add	a0,a1,a5
    4c44:	57f2                	lw	a5,60(sp)
    4c46:	00b3b6b3          	sltu	a3,t2,a1
    4c4a:	8e15                	sub	a2,a2,a3
    4c4c:	963e                	add	a2,a2,a5
    4c4e:	00b536b3          	sltu	a3,a0,a1
    4c52:	96b2                	add	a3,a3,a2
    4c54:	5662                	lw	a2,56(sp)
    4c56:	00153593          	seqz	a1,a0
    4c5a:	40b685b3          	sub	a1,a3,a1
    4c5e:	157d                	addi	a0,a0,-1 # 3fffffff <_eusrstack+0x1fffdfff>
    4c60:	c49a                	sw	t1,72(sp)
    4c62:	c2ba                	sw	a4,68(sp)
    4c64:	da16                	sw	t0,52(sp)
    4c66:	bf8ff0ef          	jal	ra,405e <Traj_Div_U64>
    4c6a:	57b2                	lw	a5,44(sp)
    4c6c:	4716                	lw	a4,68(sp)
    4c6e:	52d2                	lw	t0,52(sp)
    4c70:	00178693          	addi	a3,a5,1
    4c74:	9536                	add	a0,a0,a3
    4c76:	8105                	srli	a0,a0,0x1
    4c78:	4786                	lw	a5,64(sp)
    4c7a:	4326                	lw	t1,72(sp)
    4c7c:	02a74b63          	blt	a4,a0,4cb2 <C_Traj_Plan+0x788>
    4c80:	00f04863          	bgtz	a5,4c90 <C_Traj_Plan+0x766>
    4c84:	5782                	lw	a5,32(sp)
    4c86:	40f007b3          	neg	a5,a5
    4c8a:	b3d9                	j	4a50 <C_Traj_Plan+0x526>
    4c8c:	87b2                	mv	a5,a2
    4c8e:	bf69                	j	4c28 <C_Traj_Plan+0x6fe>
    4c90:	5782                	lw	a5,32(sp)
    4c92:	bb7d                	j	4a50 <C_Traj_Plan+0x526>
    4c94:	84b2                	mv	s1,a2
    4c96:	00d45363          	bge	s0,a3,4c9c <C_Traj_Plan+0x772>
    4c9a:	8436                	mv	s0,a3
    4c9c:	008487b3          	add	a5,s1,s0
    4ca0:	0305                	addi	t1,t1,1
    4ca2:	d2f750e3          	bge	a4,a5,49c2 <C_Traj_Plan+0x498>
    4ca6:	409707b3          	sub	a5,a4,s1
    4caa:	d0d7cce3          	blt	a5,a3,49c2 <C_Traj_Plan+0x498>
    4cae:	843e                	mv	s0,a5
    4cb0:	bb09                	j	49c2 <C_Traj_Plan+0x498>
    4cb2:	0305                	addi	t1,t1,1
    4cb4:	4711                	li	a4,4
    4cb6:	00e30463          	beq	t1,a4,4cbe <C_Traj_Plan+0x794>
    4cba:	872a                	mv	a4,a0
    4cbc:	b319                	j	49c2 <C_Traj_Plan+0x498>
    4cbe:	872a                	mv	a4,a0
    4cc0:	b3cd                	j	4aa2 <C_Traj_Plan+0x578>

00004cc2 <C_Traj_Step>:
    4cc2:	16050e63          	beqz	a0,4e3e <C_Traj_Step+0x17c>
    4cc6:	be2fb2ef          	jal	t0,a8 <__riscv_save_0>
    4cca:	a4018713          	addi	a4,gp,-1472 # 200002d0 <s_tj>
    4cce:	08c72783          	lw	a5,140(a4)
    4cd2:	08872683          	lw	a3,136(a4)
    4cd6:	7179                	addi	sp,sp,-48
    4cd8:	82aa                	mv	t0,a0
    4cda:	a4018413          	addi	s0,gp,-1472 # 200002d0 <s_tj>
    4cde:	00d7dc63          	bge	a5,a3,4cf6 <C_Traj_Step+0x34>
    4ce2:	c599                	beqz	a1,4cf0 <C_Traj_Step+0x2e>
    4ce4:	5c78                	lw	a4,124(s0)
    4ce6:	08042603          	lw	a2,128(s0)
    4cea:	9732                	add	a4,a4,a2
    4cec:	00e7c563          	blt	a5,a4,4cf6 <C_Traj_Step+0x34>
    4cf0:	0785                	addi	a5,a5,1
    4cf2:	08f42623          	sw	a5,140(s0)
    4cf6:	08c42383          	lw	t2,140(s0)
    4cfa:	02d3c963          	blt	t2,a3,4d2c <C_Traj_Step+0x6a>
    4cfe:	4034                	lw	a3,64(s0)
    4d00:	09042783          	lw	a5,144(s0)
    4d04:	09442703          	lw	a4,148(s0)
    4d08:	00f6c663          	blt	a3,a5,4d14 <C_Traj_Step+0x52>
    4d0c:	87b6                	mv	a5,a3
    4d0e:	00d75363          	bge	a4,a3,4d14 <C_Traj_Step+0x52>
    4d12:	87ba                	mv	a5,a4
    4d14:	c01c                	sw	a5,0(s0)
    4d16:	00042223          	sw	zero,4(s0)
    4d1a:	00f2a023          	sw	a5,0(t0)
    4d1e:	0002a223          	sw	zero,4(t0)
    4d22:	0002a423          	sw	zero,8(t0)
    4d26:	6145                	addi	sp,sp,48
    4d28:	b8afb06f          	j	b2 <__riscv_restore_0>
    4d2c:	5c64                	lw	s1,124(s0)
    4d2e:	08042783          	lw	a5,128(s0)
    4d32:	00f48733          	add	a4,s1,a5
    4d36:	ca3a                	sw	a4,20(sp)
    4d38:	0a74cb63          	blt	s1,t2,4dee <C_Traj_Step+0x12c>
    4d3c:	545c                	lw	a5,44(s0)
    4d3e:	03042303          	lw	t1,48(s0)
    4d42:	4068                	lw	a0,68(s0)
    4d44:	c83e                	sw	a5,16(sp)
    4d46:	4c7c                	lw	a5,92(s0)
    4d48:	506c                	lw	a1,100(s0)
    4d4a:	5470                	lw	a2,108(s0)
    4d4c:	c23e                	sw	a5,4(sp)
    4d4e:	447c                	lw	a5,76(s0)
    4d50:	5874                	lw	a3,116(s0)
    4d52:	849e                	mv	s1,t2
    4d54:	c43e                	sw	a5,8(sp)
    4d56:	487c                	lw	a5,84(s0)
    4d58:	c63e                	sw	a5,12(sp)
    4d5a:	02a48533          	mul	a0,s1,a0
    4d5e:	67a1                	lui	a5,0x8
    4d60:	813d                	srli	a0,a0,0xf
    4d62:	00a7f363          	bgeu	a5,a0,4d68 <C_Traj_Step+0xa6>
    4d66:	6521                	lui	a0,0x8
    4d68:	107c                	addi	a5,sp,44
    4d6a:	c03e                	sw	a5,0(sp)
    4d6c:	1058                	addi	a4,sp,36
    4d6e:	103c                	addi	a5,sp,40
    4d70:	d016                	sw	t0,32(sp)
    4d72:	ce1a                	sw	t1,28(sp)
    4d74:	cc1e                	sw	t2,24(sp)
    4d76:	c04ff0ef          	jal	ra,417a <Traj_SCurve>
    4d7a:	5732                	lw	a4,44(sp)
    4d7c:	46b2                	lw	a3,12(sp)
    4d7e:	47b2                	lw	a5,12(sp)
    4d80:	4372                	lw	t1,28(sp)
    4d82:	02e69633          	mulh	a2,a3,a4
    4d86:	4692                	lw	a3,4(sp)
    4d88:	43e2                	lw	t2,24(sp)
    4d8a:	5282                	lw	t0,32(sp)
    4d8c:	02e787b3          	mul	a5,a5,a4
    4d90:	0646                	slli	a2,a2,0x11
    4d92:	5712                	lw	a4,36(sp)
    4d94:	83bd                	srli	a5,a5,0xf
    4d96:	8e5d                	or	a2,a2,a5
    4d98:	4792                	lw	a5,4(sp)
    4d9a:	02e787b3          	mul	a5,a5,a4
    4d9e:	02e69733          	mulh	a4,a3,a4
    4da2:	83bd                	srli	a5,a5,0xf
    4da4:	46a2                	lw	a3,8(sp)
    4da6:	0746                	slli	a4,a4,0x11
    4da8:	8fd9                	or	a5,a5,a4
    4daa:	979a                	add	a5,a5,t1
    4dac:	4722                	lw	a4,8(sp)
    4dae:	c05c                	sw	a5,4(s0)
    4db0:	57a2                	lw	a5,40(sp)
    4db2:	02f70733          	mul	a4,a4,a5
    4db6:	02f696b3          	mulh	a3,a3,a5
    4dba:	029307b3          	mul	a5,t1,s1
    4dbe:	02931333          	mulh	t1,t1,s1
    4dc2:	97ba                	add	a5,a5,a4
    4dc4:	00e7b733          	sltu	a4,a5,a4
    4dc8:	83c1                	srli	a5,a5,0x10
    4dca:	969a                	add	a3,a3,t1
    4dcc:	9736                	add	a4,a4,a3
    4dce:	0742                	slli	a4,a4,0x10
    4dd0:	8fd9                	or	a5,a5,a4
    4dd2:	4742                	lw	a4,16(sp)
    4dd4:	00f705b3          	add	a1,a4,a5
    4dd8:	47d2                	lw	a5,20(sp)
    4dda:	0277dd63          	bge	a5,t2,4e14 <C_Traj_Step+0x152>
    4dde:	5858                	lw	a4,52(s0)
    4de0:	403c                	lw	a5,64(s0)
    4de2:	04074b63          	bltz	a4,4e38 <C_Traj_Step+0x176>
    4de6:	02b7d763          	bge	a5,a1,4e14 <C_Traj_Step+0x152>
    4dea:	85be                	mv	a1,a5
    4dec:	a025                	j	4e14 <C_Traj_Step+0x152>
    4dee:	4752                	lw	a4,20(sp)
    4df0:	03442303          	lw	t1,52(s0)
    4df4:	409384b3          	sub	s1,t2,s1
    4df8:	02774263          	blt	a4,t2,4e1c <C_Traj_Step+0x15a>
    4dfc:	026487b3          	mul	a5,s1,t1
    4e00:	5c0c                	lw	a1,56(s0)
    4e02:	00642223          	sw	t1,4(s0)
    4e06:	4601                	li	a2,0
    4e08:	026494b3          	mulh	s1,s1,t1
    4e0c:	83c1                	srli	a5,a5,0x10
    4e0e:	04c2                	slli	s1,s1,0x10
    4e10:	8fc5                	or	a5,a5,s1
    4e12:	95be                	add	a1,a1,a5
    4e14:	8516                	mv	a0,t0
    4e16:	b26ff0ef          	jal	ra,413c <Traj_Emit>
    4e1a:	b731                	j	4d26 <C_Traj_Step+0x64>
    4e1c:	8c9d                	sub	s1,s1,a5
    4e1e:	5c5c                	lw	a5,60(s0)
    4e20:	4428                	lw	a0,72(s0)
    4e22:	542c                	lw	a1,104(s0)
    4e24:	c83e                	sw	a5,16(sp)
    4e26:	503c                	lw	a5,96(s0)
    4e28:	5830                	lw	a2,112(s0)
    4e2a:	5c34                	lw	a3,120(s0)
    4e2c:	c23e                	sw	a5,4(sp)
    4e2e:	483c                	lw	a5,80(s0)
    4e30:	c43e                	sw	a5,8(sp)
    4e32:	4c3c                	lw	a5,88(s0)
    4e34:	c63e                	sw	a5,12(sp)
    4e36:	b715                	j	4d5a <C_Traj_Step+0x98>
    4e38:	fcf5dee3          	bge	a1,a5,4e14 <C_Traj_Step+0x152>
    4e3c:	b77d                	j	4dea <C_Traj_Step+0x128>
    4e3e:	8082                	ret

00004e40 <C_Traj_Is_Done>:
    4e40:	a4018793          	addi	a5,gp,-1472 # 200002d0 <s_tj>
    4e44:	08c7a503          	lw	a0,140(a5) # 808c <_data_lma+0x10b0>
    4e48:	0887a783          	lw	a5,136(a5)
    4e4c:	00f52533          	slt	a0,a0,a5
    4e50:	00154513          	xori	a0,a0,1
    4e54:	8082                	ret

00004e56 <C_Traj_Get_Ticks>:
    4e56:	ac81a503          	lw	a0,-1336(gp) # 20000358 <s_tj+0x88>
    4e5a:	67c1                	lui	a5,0x10
    4e5c:	00f54463          	blt	a0,a5,4e64 <C_Traj_Get_Ticks+0xe>
    4e60:	fff78513          	addi	a0,a5,-1 # ffff <_data_lma+0x9023>
    4e64:	0542                	slli	a0,a0,0x10
    4e66:	8141                	srli	a0,a0,0x10
    4e68:	8082                	ret

00004e6a <A_Config_MarkDirty>:
    4e6a:	4705                	li	a4,1
    4e6c:	ace18e23          	sb	a4,-1316(gp) # 2000036c <s_dirty>
    4e70:	ad81a783          	lw	a5,-1320(gp) # 20000368 <s_save_event>
    4e74:	c391                	beqz	a5,4e78 <A_Config_MarkDirty+0xe>
    4e76:	a398                	sb	a4,0(a5)
    4e78:	8082                	ret

00004e7a <A_Config_Default>:
    4e7a:	5dc00693          	li	a3,1500
    4e7e:	ae418713          	addi	a4,gp,-1308 # 20000374 <g_config>
    4e82:	aed1a223          	sw	a3,-1308(gp) # 20000374 <g_config>
    4e86:	2718                	lbu	a4,8(a4)
    4e88:	ae418793          	addi	a5,gp,-1308 # 20000374 <g_config>
    4e8c:	c111                	beqz	a0,4e90 <A_Config_Default+0x16>
    4e8e:	853a                	mv	a0,a4
    4e90:	4705                	li	a4,1
    4e92:	b798                	sb	a4,9(a5)
    4e94:	20500713          	li	a4,517
    4e98:	a7ba                	sh	a4,10(a5)
    4e9a:	06400713          	li	a4,100
    4e9e:	a788                	sb	a0,8(a5)
    4ea0:	0007a223          	sw	zero,4(a5)
    4ea4:	a7da                	sh	a4,12(a5)
    4ea6:	fc5ff06f          	j	4e6a <A_Config_MarkDirty>

00004eaa <A_Config_BindSaveEvent>:
    4eaa:	aca1ac23          	sw	a0,-1320(gp) # 20000368 <s_save_event>
    4eae:	adc1c783          	lbu	a5,-1316(gp) # 2000036c <s_dirty>
    4eb2:	c781                	beqz	a5,4eba <A_Config_BindSaveEvent+0x10>
    4eb4:	c119                	beqz	a0,4eba <A_Config_BindSaveEvent+0x10>
    4eb6:	4785                	li	a5,1
    4eb8:	a11c                	sb	a5,0(a0)
    4eba:	8082                	ret

00004ebc <A_Config_SaveTask>:
    4ebc:	9ecfb2ef          	jal	t0,a8 <__riscv_save_0>
    4ec0:	adc1c783          	lbu	a5,-1316(gp) # 2000036c <s_dirty>
    4ec4:	c38d                	beqz	a5,4ee6 <A_Config_SaveTask+0x2a>
    4ec6:	ae01a603          	lw	a2,-1312(gp) # 20000370 <s_sequence>
    4eca:	45b9                	li	a1,14
    4ecc:	0605                	addi	a2,a2,1
    4ece:	ae418513          	addi	a0,gp,-1308 # 20000374 <g_config>
    4ed2:	c68fb0ef          	jal	ra,33a <FLASH_Config_Save>
    4ed6:	c901                	beqz	a0,4ee6 <A_Config_SaveTask+0x2a>
    4ed8:	ae01a783          	lw	a5,-1312(gp) # 20000370 <s_sequence>
    4edc:	ac018e23          	sb	zero,-1316(gp) # 2000036c <s_dirty>
    4ee0:	0785                	addi	a5,a5,1
    4ee2:	aef1a023          	sw	a5,-1312(gp) # 20000370 <s_sequence>
    4ee6:	9ccfb06f          	j	b2 <__riscv_restore_0>

00004eea <A_Config_Init>:
    4eea:	9befb2ef          	jal	t0,a8 <__riscv_save_0>
    4eee:	ae018613          	addi	a2,gp,-1312 # 20000370 <s_sequence>
    4ef2:	45b9                	li	a1,14
    4ef4:	ae418513          	addi	a0,gp,-1308 # 20000374 <g_config>
    4ef8:	bdcfb0ef          	jal	ra,2d4 <FLASH_Config_Load>
    4efc:	c541                	beqz	a0,4f84 <A_Config_Init+0x9a>
    4efe:	ae41d703          	lhu	a4,-1308(gp) # 20000374 <g_config>
    4f02:	7d000693          	li	a3,2000
    4f06:	ae418793          	addi	a5,gp,-1308 # 20000374 <g_config>
    4f0a:	e0c70713          	addi	a4,a4,-500
    4f0e:	0742                	slli	a4,a4,0x10
    4f10:	8341                	srli	a4,a4,0x10
    4f12:	06e6e963          	bltu	a3,a4,4f84 <A_Config_Init+0x9a>
    4f16:	23b6                	lhu	a3,2(a5)
    4f18:	6725                	lui	a4,0x9
    4f1a:	c9f70713          	addi	a4,a4,-865 # 8c9f <_data_lma+0x1cc3>
    4f1e:	06d76363          	bltu	a4,a3,4f84 <A_Config_Init+0x9a>
    4f22:	2790                	lbu	a2,8(a5)
    4f24:	0ff00693          	li	a3,255
    4f28:	04d60e63          	beq	a2,a3,4f84 <A_Config_Init+0x9a>
    4f2c:	3790                	lbu	a2,9(a5)
    4f2e:	45a9                	li	a1,10
    4f30:	fff60693          	addi	a3,a2,-1
    4f34:	0ff6f693          	zext.b	a3,a3
    4f38:	04d5e663          	bltu	a1,a3,4f84 <A_Config_Init+0x9a>
    4f3c:	23d6                	lhu	a3,4(a5)
    4f3e:	04d76363          	bltu	a4,a3,4f84 <A_Config_Init+0x9a>
    4f42:	23f6                	lhu	a3,6(a5)
    4f44:	04d76063          	bltu	a4,a3,4f84 <A_Config_Init+0x9a>
    4f48:	37cc                	lbu	a1,13(a5)
    4f4a:	4705                	li	a4,1
    4f4c:	02b76c63          	bltu	a4,a1,4f84 <A_Config_Init+0x9a>
    4f50:	472d                	li	a4,11
    4f52:	00e61663          	bne	a2,a4,4f5e <A_Config_Init+0x74>
    4f56:	06300713          	li	a4,99
    4f5a:	02d77563          	bgeu	a4,a3,4f84 <A_Config_Init+0x9a>
    4f5e:	27b8                	lbu	a4,10(a5)
    4f60:	469d                	li	a3,7
    4f62:	177d                	addi	a4,a4,-1
    4f64:	0ff77713          	zext.b	a4,a4
    4f68:	00e6ee63          	bltu	a3,a4,4f84 <A_Config_Init+0x9a>
    4f6c:	37b8                	lbu	a4,11(a5)
    4f6e:	4689                	li	a3,2
    4f70:	177d                	addi	a4,a4,-1
    4f72:	0ff77713          	zext.b	a4,a4
    4f76:	00e6e763          	bltu	a3,a4,4f84 <A_Config_Init+0x9a>
    4f7a:	27d8                	lbu	a4,12(a5)
    4f7c:	06400793          	li	a5,100
    4f80:	00e7f763          	bgeu	a5,a4,4f8e <A_Config_Init+0xa4>
    4f84:	4501                	li	a0,0
    4f86:	ef5ff0ef          	jal	ra,4e7a <A_Config_Default>
    4f8a:	f33ff0ef          	jal	ra,4ebc <A_Config_SaveTask>
    4f8e:	924fb06f          	j	b2 <__riscv_restore_0>

00004f92 <A_Config_Baudrate>:
    4f92:	aee1c783          	lbu	a5,-1298(gp) # 2000037e <g_config+0xa>
    4f96:	469d                	li	a3,7
    4f98:	4711                	li	a4,4
    4f9a:	17fd                	addi	a5,a5,-1
    4f9c:	0ff7f613          	zext.b	a2,a5
    4fa0:	00c6e363          	bltu	a3,a2,4fa6 <A_Config_Baudrate+0x14>
    4fa4:	873e                	mv	a4,a5
    4fa6:	679d                	lui	a5,0x7
    4fa8:	070a                	slli	a4,a4,0x2
    4faa:	dd078793          	addi	a5,a5,-560 # 6dd0 <baud.0>
    4fae:	97ba                	add	a5,a5,a4
    4fb0:	4388                	lw	a0,0(a5)
    4fb2:	8082                	ret

00004fb4 <Protect_ApplyTorqueSetting>:
    4fb4:	8f4fb2ef          	jal	t0,a8 <__riscv_save_0>
    4fb8:	af01c703          	lbu	a4,-1296(gp) # 20000380 <g_config+0xc>
    4fbc:	06400693          	li	a3,100
    4fc0:	06400793          	li	a5,100
    4fc4:	00e6e363          	bltu	a3,a4,4fca <Protect_ApplyTorqueSetting+0x16>
    4fc8:	87ba                	mv	a5,a4
    4fca:	af418713          	addi	a4,gp,-1292 # 20000384 <s_prot>
    4fce:	0ff7f413          	zext.b	s0,a5
    4fd2:	a33c                	sb	a5,2(a4)
    4fd4:	6785                	lui	a5,0x1
    4fd6:	bb878513          	addi	a0,a5,-1096 # bb8 <FLASH_Unlock_Fast+0x1c>
    4fda:	02a40533          	mul	a0,s0,a0
    4fde:	06400593          	li	a1,100
    4fe2:	8e2fb0ef          	jal	ra,c4 <__hidden___udivsi3>
    4fe6:	6785                	lui	a5,0x1
    4fe8:	96078793          	addi	a5,a5,-1696 # 960 <ADC_InjectedChannelConfig+0x3c>
    4fec:	02f40433          	mul	s0,s0,a5
    4ff0:	af418713          	addi	a4,gp,-1292 # 20000384 <s_prot>
    4ff4:	a72a                	sh	a0,10(a4)
    4ff6:	06300793          	li	a5,99
    4ffa:	af418493          	addi	s1,gp,-1292 # 20000384 <s_prot>
    4ffe:	4505                	li	a0,1
    5000:	0087f963          	bgeu	a5,s0,5012 <Protect_ApplyTorqueSetting+0x5e>
    5004:	06400593          	li	a1,100
    5008:	8522                	mv	a0,s0
    500a:	8bafb0ef          	jal	ra,c4 <__hidden___udivsi3>
    500e:	0542                	slli	a0,a0,0x10
    5010:	8541                	srai	a0,a0,0x10
    5012:	a4ca                	sh	a0,12(s1)
    5014:	2b21                	jal	552c <A_Servo_SetOutputLimit>
    5016:	89cfb06f          	j	b2 <__riscv_restore_0>

0000501a <A_Protect_SetTorque>:
    501a:	06400793          	li	a5,100
    501e:	00a7ed63          	bltu	a5,a0,5038 <A_Protect_SetTorque+0x1e>
    5022:	886fb2ef          	jal	t0,a8 <__riscv_save_0>
    5026:	aea18823          	sb	a0,-1296(gp) # 20000380 <g_config+0xc>
    502a:	e41ff0ef          	jal	ra,4e6a <A_Config_MarkDirty>
    502e:	f87ff0ef          	jal	ra,4fb4 <Protect_ApplyTorqueSetting>
    5032:	4505                	li	a0,1
    5034:	87efb06f          	j	b2 <__riscv_restore_0>
    5038:	4501                	li	a0,0
    503a:	8082                	ret

0000503c <A_Protect_GetTorque>:
    503c:	af61c503          	lbu	a0,-1290(gp) # 20000386 <s_prot+0x2>
    5040:	8082                	ret

00005042 <A_Protect_Fault>:
    5042:	af41c503          	lbu	a0,-1292(gp) # 20000384 <s_prot>
    5046:	8082                	ret

00005048 <A_Protect_Init>:
    5048:	af418793          	addi	a5,gp,-1292 # 20000384 <s_prot>
    504c:	0007a023          	sw	zero,0(a5)
    5050:	0007a223          	sw	zero,4(a5)
    5054:	0007a423          	sw	zero,8(a5)
    5058:	00079623          	sh	zero,12(a5)
    505c:	f59ff06f          	j	4fb4 <Protect_ApplyTorqueSetting>

00005060 <A_Protect_Task>:
    5060:	848fb2ef          	jal	t0,a8 <__riscv_save_0>
    5064:	af418793          	addi	a5,gp,-1292 # 20000384 <s_prot>
    5068:	af01c703          	lbu	a4,-1296(gp) # 20000380 <g_config+0xc>
    506c:	23bc                	lbu	a5,2(a5)
    506e:	1141                	addi	sp,sp,-16
    5070:	00011123          	sh	zero,2(sp)
    5074:	af418413          	addi	s0,gp,-1292 # 20000384 <s_prot>
    5078:	00f70463          	beq	a4,a5,5080 <A_Protect_Task+0x20>
    507c:	f39ff0ef          	jal	ra,4fb4 <Protect_ApplyTorqueSetting>
    5080:	00210513          	addi	a0,sp,2
    5084:	2cb9                	jal	52e2 <A_Current_Read>
    5086:	241e                	lhu	a5,8(s0)
    5088:	8134                	lhu	a3,2(sp)
    508a:	c3b1                	beqz	a5,50ce <A_Protect_Task+0x6e>
    508c:	17fd                	addi	a5,a5,-1
    508e:	07c2                	slli	a5,a5,0x10
    5090:	83c1                	srli	a5,a5,0x10
    5092:	a41e                	sh	a5,8(s0)
    5094:	e781                	bnez	a5,509c <A_Protect_Task+0x3c>
    5096:	201c                	lbu	a5,0(s0)
    5098:	9bf5                	andi	a5,a5,-3
    509a:	a01c                	sb	a5,0(s0)
    509c:	203c                	lbu	a5,2(s0)
    509e:	00c41703          	lh	a4,12(s0)
    50a2:	cfa1                	beqz	a5,50fa <A_Protect_Task+0x9a>
    50a4:	87ba                	mv	a5,a4
    50a6:	c92d                	beqz	a0,5118 <A_Protect_Task+0xb8>
    50a8:	2432                	lhu	a2,10(s0)
    50aa:	0ad67f63          	bgeu	a2,a3,5168 <A_Protect_Task+0x108>
    50ae:	8e91                	sub	a3,a3,a2
    50b0:	460d                	li	a2,3
    50b2:	4785                	li	a5,1
    50b4:	00d65a63          	bge	a2,a3,50c8 <A_Protect_Task+0x68>
    50b8:	64300613          	li	a2,1603
    50bc:	19000793          	li	a5,400
    50c0:	00d64463          	blt	a2,a3,50c8 <A_Protect_Task+0x68>
    50c4:	4026d793          	srai	a5,a3,0x2
    50c8:	40f707b3          	sub	a5,a4,a5
    50cc:	a0b1                	j	5118 <A_Protect_Task+0xb8>
    50ce:	00c41703          	lh	a4,12(s0)
    50d2:	202c                	lbu	a1,2(s0)
    50d4:	87ba                	mv	a5,a4
    50d6:	cd15                	beqz	a0,5112 <A_Protect_Task+0xb2>
    50d8:	6605                	lui	a2,0x1
    50da:	bb860613          	addi	a2,a2,-1096 # bb8 <FLASH_Unlock_Fast+0x1c>
    50de:	02d67763          	bgeu	a2,a3,510c <A_Protect_Task+0xac>
    50e2:	3030                	lbu	a2,3(s0)
    50e4:	4509                	li	a0,2
    50e6:	00c56c63          	bltu	a0,a2,50fe <A_Protect_Task+0x9e>
    50ea:	0605                	addi	a2,a2,1
    50ec:	0ff67613          	zext.b	a2,a2
    50f0:	b030                	sb	a2,3(s0)
    50f2:	450d                	li	a0,3
    50f4:	00a60563          	beq	a2,a0,50fe <A_Protect_Task+0x9e>
    50f8:	f9c5                	bnez	a1,50a8 <A_Protect_Task+0x48>
    50fa:	4785                	li	a5,1
    50fc:	a051                	j	5180 <A_Protect_Task+0x120>
    50fe:	2010                	lbu	a2,0(s0)
    5100:	00266613          	ori	a2,a2,2
    5104:	a010                	sb	a2,0(s0)
    5106:	03200613          	li	a2,50
    510a:	a412                	sh	a2,8(s0)
    510c:	000401a3          	sb	zero,3(s0)
    5110:	b7e5                	j	50f8 <A_Protect_Task+0x98>
    5112:	000401a3          	sb	zero,3(s0)
    5116:	d1f5                	beqz	a1,50fa <A_Protect_Task+0x9a>
    5118:	4505                	li	a0,1
    511a:	06f04363          	bgtz	a5,5180 <A_Protect_Task+0x120>
    511e:	0542                	slli	a0,a0,0x10
    5120:	8541                	srai	a0,a0,0x10
    5122:	00e50463          	beq	a0,a4,512a <A_Protect_Task+0xca>
    5126:	a44a                	sh	a0,12(s0)
    5128:	2111                	jal	552c <A_Servo_SetOutputLimit>
    512a:	305c                	lbu	a5,5(s0)
    512c:	4705                	li	a4,1
    512e:	0785                	addi	a5,a5,1
    5130:	0ff7f793          	zext.b	a5,a5
    5134:	0af77e63          	bgeu	a4,a5,51f0 <A_Protect_Task+0x190>
    5138:	0048                	addi	a0,sp,4
    513a:	000402a3          	sb	zero,5(s0)
    513e:	2105                	jal	555e <A_Servo_SampleMotion>
    5140:	871c                	lbu	a5,14(sp)
    5142:	e7b9                	bnez	a5,5190 <A_Protect_Task+0x130>
    5144:	00040323          	sb	zero,6(s0)
    5148:	205c                	lbu	a5,4(s0)
    514a:	4761                	li	a4,24
    514c:	0785                	addi	a5,a5,1
    514e:	0ff7f793          	zext.b	a5,a5
    5152:	0af76163          	bltu	a4,a5,51f4 <A_Protect_Task+0x194>
    5156:	a05c                	sb	a5,4(s0)
    5158:	201c                	lbu	a5,0(s0)
    515a:	ebdd                	bnez	a5,5210 <A_Protect_Task+0x1b0>
    515c:	301c                	lbu	a5,1(s0)
    515e:	cfdd                	beqz	a5,521c <A_Protect_Task+0x1bc>
    5160:	000400a3          	sb	zero,1(s0)
    5164:	23ed                	jal	574e <A_Servo_RestoreTorque>
    5166:	a85d                	j	521c <A_Protect_Task+0x1bc>
    5168:	6685                	lui	a3,0x1
    516a:	95f68613          	addi	a2,a3,-1697 # 95f <ADC_InjectedChannelConfig+0x3b>
    516e:	00e64963          	blt	a2,a4,5180 <A_Protect_Task+0x120>
    5172:	03070793          	addi	a5,a4,48
    5176:	96068693          	addi	a3,a3,-1696
    517a:	f8f6dfe3          	bge	a3,a5,5118 <A_Protect_Task+0xb8>
    517e:	87b6                	mv	a5,a3
    5180:	853e                	mv	a0,a5
    5182:	6785                	lui	a5,0x1
    5184:	96078793          	addi	a5,a5,-1696 # 960 <ADC_InjectedChannelConfig+0x3c>
    5188:	f8a7dbe3          	bge	a5,a0,511e <A_Protect_Task+0xbe>
    518c:	853e                	mv	a0,a5
    518e:	bf41                	j	511e <A_Protect_Task+0xbe>
    5190:	47a2                	lw	a5,8(sp)
    5192:	41f7d713          	srai	a4,a5,0x1f
    5196:	8fb9                	xor	a5,a5,a4
    5198:	8f99                	sub	a5,a5,a4
    519a:	4712                	lw	a4,4(sp)
    519c:	41f75693          	srai	a3,a4,0x1f
    51a0:	8f35                	xor	a4,a4,a3
    51a2:	8f15                	sub	a4,a4,a3
    51a4:	07f00693          	li	a3,127
    51a8:	00e6c663          	blt	a3,a4,51b4 <A_Protect_Task+0x154>
    51ac:	8634                	lhu	a3,12(sp)
    51ae:	4739                	li	a4,14
    51b0:	02d77763          	bgeu	a4,a3,51de <A_Protect_Task+0x17e>
    51b4:	02000713          	li	a4,32
    51b8:	00f74e63          	blt	a4,a5,51d4 <A_Protect_Task+0x174>
    51bc:	207c                	lbu	a5,6(s0)
    51be:	4711                	li	a4,4
    51c0:	0785                	addi	a5,a5,1
    51c2:	0ff7f793          	zext.b	a5,a5
    51c6:	02f77363          	bgeu	a4,a5,51ec <A_Protect_Task+0x18c>
    51ca:	10000793          	li	a5,256
    51ce:	a07e                	sh	a5,6(s0)
    51d0:	2ba1                	jal	5728 <A_Servo_HoldHere>
    51d2:	bf9d                	j	5148 <A_Protect_Task+0xe8>
    51d4:	00040323          	sb	zero,6(s0)
    51d8:	000403a3          	sb	zero,7(s0)
    51dc:	b7b5                	j	5148 <A_Protect_Task+0xe8>
    51de:	00040323          	sb	zero,6(s0)
    51e2:	02000713          	li	a4,32
    51e6:	f6f751e3          	bge	a4,a5,5148 <A_Protect_Task+0xe8>
    51ea:	b7fd                	j	51d8 <A_Protect_Task+0x178>
    51ec:	a07c                	sb	a5,6(s0)
    51ee:	bfa9                	j	5148 <A_Protect_Task+0xe8>
    51f0:	b05c                	sb	a5,5(s0)
    51f2:	bf99                	j	5148 <A_Protect_Task+0xe8>
    51f4:	00040223          	sb	zero,4(s0)
    51f8:	20dd                	jal	52de <A_Temperature_Read>
    51fa:	77e1                	lui	a5,0xffff8
    51fc:	f4f50ee3          	beq	a0,a5,5158 <A_Protect_Task+0xf8>
    5200:	1f300713          	li	a4,499
    5204:	201c                	lbu	a5,0(s0)
    5206:	00a75e63          	bge	a4,a0,5222 <A_Protect_Task+0x1c2>
    520a:	0017e793          	ori	a5,a5,1
    520e:	a01c                	sb	a5,0(s0)
    5210:	2691                	jal	5554 <A_Servo_TorqueOn>
    5212:	c509                	beqz	a0,521c <A_Protect_Task+0x1bc>
    5214:	4501                	li	a0,0
    5216:	232d                	jal	5740 <A_Servo_Release>
    5218:	4785                	li	a5,1
    521a:	b01c                	sb	a5,1(s0)
    521c:	0141                	addi	sp,sp,16
    521e:	e95fa06f          	j	b2 <__riscv_restore_0>
    5222:	1c200713          	li	a4,450
    5226:	f2a749e3          	blt	a4,a0,5158 <A_Protect_Task+0xf8>
    522a:	9bf9                	andi	a5,a5,-2
    522c:	a01c                	sb	a5,0(s0)
    522e:	b72d                	j	5158 <A_Protect_Task+0xf8>

00005230 <A_Encoder_Read>:
    5230:	e79fa2ef          	jal	t0,a8 <__riscv_save_0>
    5234:	1171                	addi	sp,sp,-4
    5236:	00210513          	addi	a0,sp,2
    523a:	00011123          	sh	zero,2(sp)
    523e:	b32fd0ef          	jal	ra,2570 <D_ADC_Encoder_Read>
    5242:	c92d                	beqz	a0,52b4 <A_Encoder_Read+0x84>
    5244:	8128                	lhu	a0,2(sp)
    5246:	63f00793          	li	a5,1599
    524a:	06a7f563          	bgeu	a5,a0,52b4 <A_Encoder_Read+0x84>
    524e:	77fd                	lui	a5,0xfffff
    5250:	a2078793          	addi	a5,a5,-1504 # ffffea20 <_eusrstack+0xdfffca20>
    5254:	953e                	add	a0,a0,a5
    5256:	679d                	lui	a5,0x7
    5258:	97878713          	addi	a4,a5,-1672 # 6978 <__divdi3+0x160>
    525c:	02e50533          	mul	a0,a0,a4
    5260:	02054663          	bltz	a0,528c <A_Encoder_Read+0x5c>
    5264:	a4078713          	addi	a4,a5,-1472
    5268:	5acb06b7          	lui	a3,0x5acb0
    526c:	972a                	add	a4,a4,a0
    526e:	47f68693          	addi	a3,a3,1151 # 5acb047f <_eusrstack+0x3acae47f>
    5272:	d6078513          	addi	a0,a5,-672
    5276:	00e6c863          	blt	a3,a4,5286 <A_Encoder_Read+0x56>
    527a:	65b5                	lui	a1,0xd
    527c:	48058593          	addi	a1,a1,1152 # d480 <_data_lma+0x64a4>
    5280:	853a                	mv	a0,a4
    5282:	e3bfa0ef          	jal	ra,bc <__divsi3>
    5286:	0111                	addi	sp,sp,4
    5288:	e2bfa06f          	j	b2 <__riscv_restore_0>
    528c:	77e5                	lui	a5,0xffff9
    528e:	5c078793          	addi	a5,a5,1472 # ffff95c0 <_eusrstack+0xdfff75c0>
    5292:	00f50433          	add	s0,a0,a5
    5296:	65b5                	lui	a1,0xd
    5298:	48058593          	addi	a1,a1,1152 # d480 <_data_lma+0x64a4>
    529c:	8522                	mv	a0,s0
    529e:	e1ffa0ef          	jal	ra,bc <__divsi3>
    52a2:	fcc117b7          	lui	a5,0xfcc11
    52a6:	78178793          	addi	a5,a5,1921 # fcc11781 <_eusrstack+0xdcc0f781>
    52aa:	fcf45ee3          	bge	s0,a5,5286 <A_Encoder_Read+0x56>
    52ae:	c1800513          	li	a0,-1000
    52b2:	bfd1                	j	5286 <A_Encoder_Read+0x56>
    52b4:	6541                	lui	a0,0x10
    52b6:	157d                	addi	a0,a0,-1 # ffff <_data_lma+0x9023>
    52b8:	b7f9                	j	5286 <A_Encoder_Read+0x56>

000052ba <A_Voltage_Read>:
    52ba:	deffa2ef          	jal	t0,a8 <__riscv_save_0>
    52be:	af4fd0ef          	jal	ra,25b2 <D_ADC_Voltage_Read>
    52c2:	000277b7          	lui	a5,0x27
    52c6:	7a478793          	addi	a5,a5,1956 # 277a4 <_data_lma+0x207c8>
    52ca:	02f50533          	mul	a0,a0,a5
    52ce:	000645b7          	lui	a1,0x64
    52d2:	df3fa0ef          	jal	ra,c4 <__hidden___udivsi3>
    52d6:	0542                	slli	a0,a0,0x10
    52d8:	8141                	srli	a0,a0,0x10
    52da:	dd9fa06f          	j	b2 <__riscv_restore_0>

000052de <A_Temperature_Read>:
    52de:	8fcfe06f          	j	33da <D_TMP112_Read_Temp>

000052e2 <A_Current_Read>:
    52e2:	dc7fa2ef          	jal	t0,a8 <__riscv_save_0>
    52e6:	1171                	addi	sp,sp,-4
    52e8:	00011123          	sh	zero,2(sp)
    52ec:	e509                	bnez	a0,52f6 <A_Current_Read+0x14>
    52ee:	4501                	li	a0,0
    52f0:	0111                	addi	sp,sp,4
    52f2:	dc1fa06f          	j	b2 <__riscv_restore_0>
    52f6:	842a                	mv	s0,a0
    52f8:	00210513          	addi	a0,sp,2
    52fc:	a1cfd0ef          	jal	ra,2518 <D_ADC_Current_Read>
    5300:	d57d                	beqz	a0,52ee <A_Current_Read+0xc>
    5302:	813c                	lhu	a5,2(sp)
    5304:	6709                	lui	a4,0x2
    5306:	adb70713          	addi	a4,a4,-1317 # 1adb <TIM_OC4Init+0x47>
    530a:	02e787b3          	mul	a5,a5,a4
    530e:	10000737          	lui	a4,0x10000
    5312:	00e7f663          	bgeu	a5,a4,531e <A_Current_Read+0x3c>
    5316:	83b1                	srli	a5,a5,0xc
    5318:	a01e                	sh	a5,0(s0)
    531a:	4505                	li	a0,1
    531c:	bfd1                	j	52f0 <A_Current_Read+0xe>
    531e:	67c1                	lui	a5,0x10
    5320:	17fd                	addi	a5,a5,-1 # ffff <_data_lma+0x9023>
    5322:	bfdd                	j	5318 <A_Current_Read+0x36>

00005324 <Servo_IsPosition>:
    5324:	b041a783          	lw	a5,-1276(gp) # 20000394 <s_servo>
    5328:	4719                	li	a4,6
    532a:	4505                	li	a0,1
    532c:	00f77563          	bgeu	a4,a5,5336 <Servo_IsPosition+0x12>
    5330:	17d5                	addi	a5,a5,-11
    5332:	0017b513          	seqz	a0,a5
    5336:	8082                	ret

00005338 <Servo_Offset>:
    5338:	b041a683          	lw	a3,-1276(gp) # 20000394 <s_servo>
    533c:	472d                	li	a4,11
    533e:	ae418793          	addi	a5,gp,-1308 # 20000374 <g_config>
    5342:	00e69d63          	bne	a3,a4,535c <Servo_Offset+0x24>
    5346:	23ca                	lhu	a0,4(a5)
    5348:	679d                	lui	a5,0x7
    534a:	d6078793          	addi	a5,a5,-672 # 6d60 <TRAJ_G_Q15+0x20>
    534e:	00a7d663          	bge	a5,a0,535a <Servo_Offset+0x22>
    5352:	77dd                	lui	a5,0xffff7
    5354:	36078793          	addi	a5,a5,864 # ffff7360 <_eusrstack+0xdfff5360>
    5358:	953e                	add	a0,a0,a5
    535a:	8082                	ret
    535c:	23aa                	lhu	a0,2(a5)
    535e:	b7ed                	j	5348 <Servo_Offset+0x10>

00005360 <Servo_EscapeStart>:
    5360:	b0418793          	addi	a5,gp,-1276 # 20000394 <s_servo>
    5364:	10100713          	li	a4,257
    5368:	b3fa                	sh	a4,38(a5)
    536a:	02078423          	sb	zero,40(a5)
    536e:	02079523          	sh	zero,42(a5)
    5372:	02079623          	sh	zero,44(a5)
    5376:	00078fa3          	sb	zero,31(a5)
    537a:	8082                	ret

0000537c <Servo_PositionToPwm>:
    537c:	d2dfa2ef          	jal	t0,a8 <__riscv_save_0>
    5380:	fa5ff0ef          	jal	ra,5324 <Servo_IsPosition>
    5384:	87aa                	mv	a5,a0
    5386:	5dc00513          	li	a0,1500
    538a:	c79d                	beqz	a5,53b8 <Servo_PositionToPwm+0x3c>
    538c:	b0418793          	addi	a5,gp,-1276 # 20000394 <s_servo>
    5390:	2b8e                	lhu	a1,16(a5)
    5392:	c19d                	beqz	a1,53b8 <Servo_PositionToPwm+0x3c>
    5394:	23ca                	lhu	a0,4(a5)
    5396:	2ffc                	lbu	a5,30(a5)
    5398:	c399                	beqz	a5,539e <Servo_PositionToPwm+0x22>
    539a:	40a58533          	sub	a0,a1,a0
    539e:	7d000793          	li	a5,2000
    53a2:	02f50533          	mul	a0,a0,a5
    53a6:	0015d793          	srli	a5,a1,0x1
    53aa:	953e                	add	a0,a0,a5
    53ac:	d19fa0ef          	jal	ra,c4 <__hidden___udivsi3>
    53b0:	1f450513          	addi	a0,a0,500
    53b4:	0542                	slli	a0,a0,0x10
    53b6:	8141                	srli	a0,a0,0x10
    53b8:	cfbfa06f          	j	b2 <__riscv_restore_0>

000053bc <Servo_ResyncLoops>:
    53bc:	cedfa2ef          	jal	t0,a8 <__riscv_save_0>
    53c0:	b0418413          	addi	s0,gp,-1276 # 20000394 <s_servo>
    53c4:	c501                	beqz	a0,53cc <Servo_ResyncLoops+0x10>
    53c6:	4408                	lw	a0,8(s0)
    53c8:	989fe0ef          	jal	ra,3d50 <C_SpeedObs_Init>
    53cc:	204a                	lhu	a0,4(s0)
    53ce:	90cff0ef          	jal	ra,44da <C_Traj_Hold>
    53d2:	c20fe0ef          	jal	ra,37f2 <C_PosCtrl_Reset>
    53d6:	4581                	li	a1,0
    53d8:	b5018513          	addi	a0,gp,-1200 # 200003e0 <s_servo+0x4c>
    53dc:	8e7ff0ef          	jal	ra,4cc2 <C_Traj_Step>
    53e0:	02000613          	li	a2,32
    53e4:	4581                	li	a1,0
    53e6:	b6818513          	addi	a0,gp,-1176 # 200003f8 <s_servo+0x64>
    53ea:	d67fa0ef          	jal	ra,150 <memset>
    53ee:	205e                	lhu	a5,4(s0)
    53f0:	a83e                	sh	a5,18(s0)
    53f2:	cc1fa06f          	j	b2 <__riscv_restore_0>

000053f6 <Servo_SetModeFields>:
    53f6:	fff50693          	addi	a3,a0,-1
    53fa:	4729                	li	a4,10
    53fc:	b0418793          	addi	a5,gp,-1276 # 20000394 <s_servo>
    5400:	00d76763          	bltu	a4,a3,540e <Servo_SetModeFields+0x18>
    5404:	ffb50713          	addi	a4,a0,-5
    5408:	4685                	li	a3,1
    540a:	00e6ef63          	bltu	a3,a4,5428 <Servo_SetModeFields+0x32>
    540e:	4705                	li	a4,1
    5410:	c398                	sw	a4,0(a5)
    5412:	00078f23          	sb	zero,30(a5)
    5416:	4505                	li	a0,1
    5418:	671d                	lui	a4,0x7
    541a:	157d                	addi	a0,a0,-1
    541c:	9979                	andi	a0,a0,-2
    541e:	df070713          	addi	a4,a4,-528 # 6df0 <span.0>
    5422:	972a                	add	a4,a4,a0
    5424:	231a                	lhu	a4,0(a4)
    5426:	a811                	j	543a <Servo_SetModeFields+0x44>
    5428:	c388                	sw	a0,0(a5)
    542a:	472d                	li	a4,11
    542c:	00e51963          	bne	a0,a4,543e <Servo_SetModeFields+0x48>
    5430:	ae418713          	addi	a4,gp,-1308 # 20000374 <g_config>
    5434:	3754                	lbu	a3,13(a4)
    5436:	237a                	lhu	a4,6(a4)
    5438:	aff4                	sb	a3,30(a5)
    543a:	ab9a                	sh	a4,16(a5)
    543c:	8082                	ret
    543e:	fff54713          	not	a4,a0
    5442:	8b05                	andi	a4,a4,1
    5444:	aff8                	sb	a4,30(a5)
    5446:	4699                	li	a3,6
    5448:	4701                	li	a4,0
    544a:	fea6e8e3          	bltu	a3,a0,543a <Servo_SetModeFields+0x44>
    544e:	b7e9                	j	5418 <Servo_SetModeFields+0x22>

00005450 <Servo_SetTrajRange>:
    5450:	c59fa2ef          	jal	t0,a8 <__riscv_save_0>
    5454:	b0418793          	addi	a5,gp,-1276 # 20000394 <s_servo>
    5458:	2b86                	lhu	s1,16(a5)
    545a:	19000793          	li	a5,400
    545e:	1171                	addi	sp,sp,-4
    5460:	b0418413          	addi	s0,gp,-1276 # 20000394 <s_servo>
    5464:	4681                	li	a3,0
    5466:	0097d663          	bge	a5,s1,5472 <Servo_SetTrajRange+0x22>
    546a:	f3848493          	addi	s1,s1,-200 # 7f38 <_data_lma+0xf5c>
    546e:	0c800693          	li	a3,200
    5472:	c036                	sw	a3,0(sp)
    5474:	ec5ff0ef          	jal	ra,5338 <Servo_Offset>
    5478:	4682                	lw	a3,0(sp)
    547a:	ce000793          	li	a5,-800
    547e:	872a                	mv	a4,a0
    5480:	40a78533          	sub	a0,a5,a0
    5484:	00d55363          	bge	a0,a3,548a <Servo_SetTrajRange+0x3a>
    5488:	8536                	mv	a0,a3
    548a:	659d                	lui	a1,0x7
    548c:	c9858593          	addi	a1,a1,-872 # 6c98 <__divdi3+0x480>
    5490:	8d99                	sub	a1,a1,a4
    5492:	00b4d363          	bge	s1,a1,5498 <Servo_SetTrajRange+0x48>
    5496:	85a6                	mv	a1,s1
    5498:	00a5a7b3          	slt	a5,a1,a0
    549c:	0017c793          	xori	a5,a5,1
    54a0:	bc5c                	sb	a5,29(s0)
    54a2:	00a5d763          	bge	a1,a0,54b0 <Servo_SetTrajRange+0x60>
    54a6:	00042a23          	sw	zero,20(s0)
    54aa:	0111                	addi	sp,sp,4
    54ac:	c07fa06f          	j	b2 <__riscv_restore_0>
    54b0:	a84a                	sh	a0,20(s0)
    54b2:	a86e                	sh	a1,22(s0)
    54b4:	fddfe0ef          	jal	ra,4490 <C_Traj_Set_Range>
    54b8:	bfcd                	j	54aa <Servo_SetTrajRange+0x5a>

000054ba <Servo_ReadPosition>:
    54ba:	beffa2ef          	jal	t0,a8 <__riscv_save_0>
    54be:	d73ff0ef          	jal	ra,5230 <A_Encoder_Read>
    54c2:	67c1                	lui	a5,0x10
    54c4:	842a                	mv	s0,a0
    54c6:	17fd                	addi	a5,a5,-1 # ffff <_data_lma+0x9023>
    54c8:	4501                	li	a0,0
    54ca:	02f40963          	beq	s0,a5,54fc <Servo_ReadPosition+0x42>
    54ce:	b0418793          	addi	a5,gp,-1276 # 20000394 <s_servo>
    54d2:	c7c0                	sw	s0,12(a5)
    54d4:	e65ff0ef          	jal	ra,5338 <Servo_Offset>
    54d8:	40a40533          	sub	a0,s0,a0
    54dc:	b0418793          	addi	a5,gp,-1276 # 20000394 <s_servo>
    54e0:	c788                	sw	a0,8(a5)
    54e2:	4701                	li	a4,0
    54e4:	00054863          	bltz	a0,54f4 <Servo_ReadPosition+0x3a>
    54e8:	2b9a                	lhu	a4,16(a5)
    54ea:	00a74563          	blt	a4,a0,54f4 <Servo_ReadPosition+0x3a>
    54ee:	01051713          	slli	a4,a0,0x10
    54f2:	8341                	srli	a4,a4,0x10
    54f4:	a3da                	sh	a4,4(a5)
    54f6:	00078fa3          	sb	zero,31(a5)
    54fa:	4505                	li	a0,1
    54fc:	bb7fa06f          	j	b2 <__riscv_restore_0>

00005500 <Servo_ApplyTorqueOutput>:
    5500:	ba9fa2ef          	jal	t0,a8 <__riscv_save_0>
    5504:	b0418793          	addi	a5,gp,-1276 # 20000394 <s_servo>
    5508:	0257c503          	lbu	a0,37(a5)
    550c:	b0418413          	addi	s0,gp,-1276 # 20000394 <s_servo>
    5510:	e519                	bnez	a0,551e <Servo_ApplyTorqueOutput+0x1e>
    5512:	ee2fd0ef          	jal	ra,2bf4 <D_Motor_Set>
    5516:	04a41423          	sh	a0,72(s0)
    551a:	b99fa06f          	j	b2 <__riscv_restore_0>
    551e:	1579                	addi	a0,a0,-2
    5520:	00153513          	seqz	a0,a0
    5524:	fe0fd0ef          	jal	ra,2d04 <D_Motor_Release>
    5528:	4501                	li	a0,0
    552a:	b7f5                	j	5516 <Servo_ApplyTorqueOutput+0x16>

0000552c <A_Servo_SetOutputLimit>:
    552c:	6705                	lui	a4,0x1
    552e:	96070713          	addi	a4,a4,-1696 # 960 <ADC_InjectedChannelConfig+0x3c>
    5532:	87ba                	mv	a5,a4
    5534:	00a74963          	blt	a4,a0,5546 <A_Servo_SetOutputLimit+0x1a>
    5538:	87aa                	mv	a5,a0
    553a:	01079713          	slli	a4,a5,0x10
    553e:	8741                	srai	a4,a4,0x10
    5540:	00e04363          	bgtz	a4,5546 <A_Servo_SetOutputLimit+0x1a>
    5544:	4785                	li	a5,1
    5546:	01079513          	slli	a0,a5,0x10
    554a:	8541                	srai	a0,a0,0x10
    554c:	b4f19523          	sh	a5,-1206(gp) # 200003da <s_servo+0x46>
    5550:	ad2fe06f          	j	3822 <C_PosCtrl_Set_Output_Limit>

00005554 <A_Servo_TorqueOn>:
    5554:	b291c503          	lbu	a0,-1239(gp) # 200003b9 <s_servo+0x25>
    5558:	00153513          	seqz	a0,a0
    555c:	8082                	ret

0000555e <A_Servo_SampleMotion>:
    555e:	c52d                	beqz	a0,55c8 <A_Servo_SampleMotion+0x6a>
    5560:	b49fa2ef          	jal	t0,a8 <__riscv_save_0>
    5564:	84aa                	mv	s1,a0
    5566:	dbfff0ef          	jal	ra,5324 <Servo_IsPosition>
    556a:	b0418413          	addi	s0,gp,-1276 # 20000394 <s_servo>
    556e:	4781                	li	a5,0
    5570:	c105                	beqz	a0,5590 <A_Servo_SampleMotion+0x32>
    5572:	3c58                	lbu	a4,29(s0)
    5574:	cf11                	beqz	a4,5590 <A_Servo_SampleMotion+0x32>
    5576:	02144683          	lbu	a3,33(s0)
    557a:	02544703          	lbu	a4,37(s0)
    557e:	8f55                	or	a4,a4,a3
    5580:	02644683          	lbu	a3,38(s0)
    5584:	8f55                	or	a4,a4,a3
    5586:	e709                	bnez	a4,5590 <A_Servo_SampleMotion+0x32>
    5588:	8b9ff0ef          	jal	ra,4e40 <C_Traj_Is_Done>
    558c:	00153793          	seqz	a5,a0
    5590:	4470                	lw	a2,76(s0)
    5592:	5858                	lw	a4,52(s0)
    5594:	4414                	lw	a3,8(s0)
    5596:	0ff7f593          	zext.b	a1,a5
    559a:	40e60733          	sub	a4,a2,a4
    559e:	c098                	sw	a4,0(s1)
    55a0:	5c18                	lw	a4,56(s0)
    55a2:	40e68733          	sub	a4,a3,a4
    55a6:	c0d8                	sw	a4,4(s1)
    55a8:	347a                	lhu	a4,46(s0)
    55aa:	a49a                	sh	a4,8(s1)
    55ac:	c789                	beqz	a5,55b6 <A_Servo_SampleMotion+0x58>
    55ae:	03044783          	lbu	a5,48(s0)
    55b2:	00f037b3          	snez	a5,a5
    55b6:	a4bc                	sb	a5,10(s1)
    55b8:	d850                	sw	a2,52(s0)
    55ba:	dc14                	sw	a3,56(s0)
    55bc:	02b40823          	sb	a1,48(s0)
    55c0:	02041723          	sh	zero,46(s0)
    55c4:	aeffa06f          	j	b2 <__riscv_restore_0>
    55c8:	8082                	ret

000055ca <A_Servo_ApplyConfig>:
    55ca:	adffa2ef          	jal	t0,a8 <__riscv_save_0>
    55ce:	aed1c503          	lbu	a0,-1299(gp) # 2000037d <g_config+0x9>
    55d2:	b0418413          	addi	s0,gp,-1276 # 20000394 <s_servo>
    55d6:	e21ff0ef          	jal	ra,53f6 <Servo_SetModeFields>
    55da:	ee1ff0ef          	jal	ra,54ba <Servo_ReadPosition>
    55de:	02644783          	lbu	a5,38(s0)
    55e2:	020404a3          	sb	zero,41(s0)
    55e6:	02042e23          	sw	zero,60(s0)
    55ea:	17fd                	addi	a5,a5,-1
    55ec:	0017b793          	seqz	a5,a5
    55f0:	02f400a3          	sb	a5,33(s0)
    55f4:	04042023          	sw	zero,64(s0)
    55f8:	04041223          	sh	zero,68(s0)
    55fc:	02041123          	sh	zero,34(s0)
    5600:	d25ff0ef          	jal	ra,5324 <Servo_IsPosition>
    5604:	c911                	beqz	a0,5618 <A_Servo_ApplyConfig+0x4e>
    5606:	e4bff0ef          	jal	ra,5450 <Servo_SetTrajRange>
    560a:	4505                	li	a0,1
    560c:	db1ff0ef          	jal	ra,53bc <Servo_ResyncLoops>
    5610:	ef1ff0ef          	jal	ra,5500 <Servo_ApplyTorqueOutput>
    5614:	a9ffa06f          	j	b2 <__riscv_restore_0>
    5618:	02040323          	sb	zero,38(s0)
    561c:	020400a3          	sb	zero,33(s0)
    5620:	9d2fe0ef          	jal	ra,37f2 <C_PosCtrl_Reset>
    5624:	b7f5                	j	5610 <A_Servo_ApplyConfig+0x46>

00005626 <A_Servo_Pause>:
    5626:	a83fa2ef          	jal	t0,a8 <__riscv_save_0>
    562a:	b0418713          	addi	a4,gp,-1276 # 20000394 <s_servo>
    562e:	02574783          	lbu	a5,37(a4)
    5632:	02174703          	lbu	a4,33(a4)
    5636:	8fd9                	or	a5,a5,a4
    5638:	ef8d                	bnez	a5,5672 <A_Servo_Pause+0x4c>
    563a:	b0418413          	addi	s0,gp,-1276 # 20000394 <s_servo>
    563e:	02244783          	lbu	a5,34(s0)
    5642:	02944703          	lbu	a4,41(s0)
    5646:	8fd9                	or	a5,a5,a4
    5648:	c78d                	beqz	a5,5672 <A_Servo_Pause+0x4c>
    564a:	4785                	li	a5,1
    564c:	02f400a3          	sb	a5,33(s0)
    5650:	02f40123          	sb	a5,34(s0)
    5654:	cd1ff0ef          	jal	ra,5324 <Servo_IsPosition>
    5658:	c901                	beqz	a0,5668 <A_Servo_Pause+0x42>
    565a:	2826                	lhu	s1,18(s0)
    565c:	e5fff0ef          	jal	ra,54ba <Servo_ReadPosition>
    5660:	4501                	li	a0,0
    5662:	d5bff0ef          	jal	ra,53bc <Servo_ResyncLoops>
    5666:	a826                	sh	s1,18(s0)
    5668:	4501                	li	a0,0
    566a:	d8afd0ef          	jal	ra,2bf4 <D_Motor_Set>
    566e:	04a41423          	sh	a0,72(s0)
    5672:	a41fa06f          	j	b2 <__riscv_restore_0>

00005676 <A_Servo_Resume>:
    5676:	a33fa2ef          	jal	t0,a8 <__riscv_save_0>
    567a:	b0418793          	addi	a5,gp,-1276 # 20000394 <s_servo>
    567e:	0217c783          	lbu	a5,33(a5)
    5682:	c3a5                	beqz	a5,56e2 <A_Servo_Resume+0x6c>
    5684:	b0418413          	addi	s0,gp,-1276 # 20000394 <s_servo>
    5688:	02244783          	lbu	a5,34(s0)
    568c:	cbb9                	beqz	a5,56e2 <A_Servo_Resume+0x6c>
    568e:	c97ff0ef          	jal	ra,5324 <Servo_IsPosition>
    5692:	02644703          	lbu	a4,38(s0)
    5696:	cd01                	beqz	a0,56ae <A_Servo_Resume+0x38>
    5698:	4785                	li	a5,1
    569a:	00f70a63          	beq	a4,a5,56ae <A_Servo_Resume+0x38>
    569e:	e1dff0ef          	jal	ra,54ba <Servo_ReadPosition>
    56a2:	c121                	beqz	a0,56e2 <A_Servo_Resume+0x6c>
    56a4:	2826                	lhu	s1,18(s0)
    56a6:	4505                	li	a0,1
    56a8:	d15ff0ef          	jal	ra,53bc <Servo_ResyncLoops>
    56ac:	a826                	sh	s1,18(s0)
    56ae:	02644703          	lbu	a4,38(s0)
    56b2:	020400a3          	sb	zero,33(s0)
    56b6:	4785                	li	a5,1
    56b8:	02f70563          	beq	a4,a5,56e2 <A_Servo_Resume+0x6c>
    56bc:	c69ff0ef          	jal	ra,5324 <Servo_IsPosition>
    56c0:	c10d                	beqz	a0,56e2 <A_Servo_Resume+0x6c>
    56c2:	02344703          	lbu	a4,35(s0)
    56c6:	403c                	lw	a5,64(s0)
    56c8:	282a                	lhu	a0,18(s0)
    56ca:	4581                	li	a1,0
    56cc:	c719                	beqz	a4,56da <A_Servo_Resume+0x64>
    56ce:	85be                	mv	a1,a5
    56d0:	67c1                	lui	a5,0x10
    56d2:	00f5e463          	bltu	a1,a5,56da <A_Servo_Resume+0x64>
    56d6:	fff78593          	addi	a1,a5,-1 # ffff <_data_lma+0x9023>
    56da:	05c2                	slli	a1,a1,0x10
    56dc:	81c1                	srli	a1,a1,0x10
    56de:	e4dfe0ef          	jal	ra,452a <C_Traj_Plan>
    56e2:	9d1fa06f          	j	b2 <__riscv_restore_0>

000056e6 <A_Servo_Stop>:
    56e6:	9c3fa2ef          	jal	t0,a8 <__riscv_save_0>
    56ea:	b0418793          	addi	a5,gp,-1276 # 20000394 <s_servo>
    56ee:	0267c703          	lbu	a4,38(a5)
    56f2:	020784a3          	sb	zero,41(a5)
    56f6:	0207ae23          	sw	zero,60(a5)
    56fa:	177d                	addi	a4,a4,-1
    56fc:	00173713          	seqz	a4,a4
    5700:	02e780a3          	sb	a4,33(a5)
    5704:	0407a023          	sw	zero,64(a5)
    5708:	04079223          	sh	zero,68(a5)
    570c:	02079123          	sh	zero,34(a5)
    5710:	c15ff0ef          	jal	ra,5324 <Servo_IsPosition>
    5714:	c511                	beqz	a0,5720 <A_Servo_Stop+0x3a>
    5716:	da5ff0ef          	jal	ra,54ba <Servo_ReadPosition>
    571a:	4501                	li	a0,0
    571c:	ca1ff0ef          	jal	ra,53bc <Servo_ResyncLoops>
    5720:	de1ff0ef          	jal	ra,5500 <Servo_ApplyTorqueOutput>
    5724:	98ffa06f          	j	b2 <__riscv_restore_0>

00005728 <A_Servo_HoldHere>:
    5728:	981fa2ef          	jal	t0,a8 <__riscv_save_0>
    572c:	bf9ff0ef          	jal	ra,5324 <Servo_IsPosition>
    5730:	c511                	beqz	a0,573c <A_Servo_HoldHere+0x14>
    5732:	b291c783          	lbu	a5,-1239(gp) # 200003b9 <s_servo+0x25>
    5736:	e399                	bnez	a5,573c <A_Servo_HoldHere+0x14>
    5738:	fafff0ef          	jal	ra,56e6 <A_Servo_Stop>
    573c:	977fa06f          	j	b2 <__riscv_restore_0>

00005740 <A_Servo_Release>:
    5740:	00a03533          	snez	a0,a0
    5744:	0505                	addi	a0,a0,1
    5746:	b2a184a3          	sb	a0,-1239(gp) # 200003b9 <s_servo+0x25>
    574a:	f9dff06f          	j	56e6 <A_Servo_Stop>

0000574e <A_Servo_RestoreTorque>:
    574e:	95bfa2ef          	jal	t0,a8 <__riscv_save_0>
    5752:	8f1ff0ef          	jal	ra,5042 <A_Protect_Fault>
    5756:	e51d                	bnez	a0,5784 <A_Servo_RestoreTorque+0x36>
    5758:	b0418793          	addi	a5,gp,-1276 # 20000394 <s_servo>
    575c:	0257c783          	lbu	a5,37(a5)
    5760:	b0418413          	addi	s0,gp,-1276 # 20000394 <s_servo>
    5764:	c385                	beqz	a5,5784 <A_Servo_RestoreTorque+0x36>
    5766:	020402a3          	sb	zero,37(s0)
    576a:	d51ff0ef          	jal	ra,54ba <Servo_ReadPosition>
    576e:	bb7ff0ef          	jal	ra,5324 <Servo_IsPosition>
    5772:	c501                	beqz	a0,577a <A_Servo_RestoreTorque+0x2c>
    5774:	4505                	li	a0,1
    5776:	c47ff0ef          	jal	ra,53bc <Servo_ResyncLoops>
    577a:	4501                	li	a0,0
    577c:	c78fd0ef          	jal	ra,2bf4 <D_Motor_Set>
    5780:	04a41423          	sh	a0,72(s0)
    5784:	92ffa06f          	j	b2 <__riscv_restore_0>

00005788 <A_Servo_Submit>:
    5788:	921fa2ef          	jal	t0,a8 <__riscv_save_0>
    578c:	b0418713          	addi	a4,gp,-1276 # 20000394 <s_servo>
    5790:	02174683          	lbu	a3,33(a4)
    5794:	1141                	addi	sp,sp,-16
    5796:	c02e                	sw	a1,0(sp)
    5798:	c436                	sw	a3,8(sp)
    579a:	02674683          	lbu	a3,38(a4)
    579e:	4709                	li	a4,2
    57a0:	06e68463          	beq	a3,a4,5808 <A_Servo_Submit+0x80>
    57a4:	84aa                	mv	s1,a0
    57a6:	b0418413          	addi	s0,gp,-1276 # 20000394 <s_servo>
    57aa:	899ff0ef          	jal	ra,5042 <A_Protect_Fault>
    57ae:	ed29                	bnez	a0,5808 <A_Servo_Submit+0x80>
    57b0:	b75ff0ef          	jal	ra,5324 <Servo_IsPosition>
    57b4:	c119                	beqz	a0,57ba <A_Servo_Submit+0x32>
    57b6:	3c58                	lbu	a4,29(s0)
    57b8:	cb21                	beqz	a4,5808 <A_Servo_Submit+0x80>
    57ba:	02544703          	lbu	a4,37(s0)
    57be:	c319                	beqz	a4,57c4 <A_Servo_Submit+0x3c>
    57c0:	f8fff0ef          	jal	ra,574e <A_Servo_RestoreTorque>
    57c4:	6685                	lui	a3,0x1
    57c6:	9c468693          	addi	a3,a3,-1596 # 9c4 <ADC_BufferCmd+0xe>
    57ca:	8726                	mv	a4,s1
    57cc:	0096f363          	bgeu	a3,s1,57d2 <A_Servo_Submit+0x4a>
    57d0:	8736                	mv	a4,a3
    57d2:	01071693          	slli	a3,a4,0x10
    57d6:	82c1                	srli	a3,a3,0x10
    57d8:	1f400613          	li	a2,500
    57dc:	00c6f463          	bgeu	a3,a2,57e4 <A_Servo_Submit+0x5c>
    57e0:	1f400713          	li	a4,500
    57e4:	01071793          	slli	a5,a4,0x10
    57e8:	02644683          	lbu	a3,38(s0)
    57ec:	83c1                	srli	a5,a5,0x10
    57ee:	c23e                	sw	a5,4(sp)
    57f0:	4605                	li	a2,1
    57f2:	00c69e63          	bne	a3,a2,580e <A_Servo_Submit+0x86>
    57f6:	4782                	lw	a5,0(sp)
    57f8:	bc5a                	sh	a4,60(s0)
    57fa:	02d404a3          	sb	a3,41(s0)
    57fe:	bc7e                	sh	a5,62(s0)
    5800:	020400a3          	sb	zero,33(s0)
    5804:	02d40123          	sb	a3,34(s0)
    5808:	0141                	addi	sp,sp,16
    580a:	8a9fa06f          	j	b2 <__riscv_restore_0>
    580e:	47a2                	lw	a5,8(sp)
    5810:	cb91                	beqz	a5,5824 <A_Servo_Submit+0x9c>
    5812:	b13ff0ef          	jal	ra,5324 <Servo_IsPosition>
    5816:	c519                	beqz	a0,5824 <A_Servo_Submit+0x9c>
    5818:	ca3ff0ef          	jal	ra,54ba <Servo_ReadPosition>
    581c:	d575                	beqz	a0,5808 <A_Servo_Submit+0x80>
    581e:	4505                	li	a0,1
    5820:	b9dff0ef          	jal	ra,53bc <Servo_ResyncLoops>
    5824:	4705                	li	a4,1
    5826:	020400a3          	sb	zero,33(s0)
    582a:	02e40123          	sb	a4,34(s0)
    582e:	af7ff0ef          	jal	ra,5324 <Servo_IsPosition>
    5832:	2c7c                	lbu	a5,30(s0)
    5834:	c63e                	sw	a5,12(sp)
    5836:	c961                	beqz	a0,5906 <A_Servo_Submit+0x17e>
    5838:	4792                	lw	a5,4(sp)
    583a:	281a                	lhu	a4,16(s0)
    583c:	7d000593          	li	a1,2000
    5840:	e0c78513          	addi	a0,a5,-500
    5844:	02e50533          	mul	a0,a0,a4
    5848:	c23a                	sw	a4,4(sp)
    584a:	87bfa0ef          	jal	ra,c4 <__hidden___udivsi3>
    584e:	47b2                	lw	a5,12(sp)
    5850:	4712                	lw	a4,4(sp)
    5852:	c399                	beqz	a5,5858 <A_Servo_Submit+0xd0>
    5854:	40a70533          	sub	a0,a4,a0
    5858:	2856                	lhu	a3,20(s0)
    585a:	01051613          	slli	a2,a0,0x10
    585e:	8241                	srli	a2,a2,0x10
    5860:	84b6                	mv	s1,a3
    5862:	00c6f363          	bgeu	a3,a2,5868 <A_Servo_Submit+0xe0>
    5866:	84aa                	mv	s1,a0
    5868:	2876                	lhu	a3,22(s0)
    586a:	01049613          	slli	a2,s1,0x10
    586e:	8241                	srli	a2,a2,0x10
    5870:	00c6f363          	bgeu	a3,a2,5876 <A_Servo_Submit+0xee>
    5874:	84b6                	mv	s1,a3
    5876:	02044503          	lbu	a0,32(s0)
    587a:	04c2                	slli	s1,s1,0x10
    587c:	4585                	li	a1,1
    587e:	2832                	lhu	a2,18(s0)
    5880:	80c1                	srli	s1,s1,0x10
    5882:	02000693          	li	a3,32
    5886:	02b51363          	bne	a0,a1,58ac <A_Servo_Submit+0x124>
    588a:	4599                	li	a1,6
    588c:	02b70733          	mul	a4,a4,a1
    5890:	7cf70513          	addi	a0,a4,1999
    5894:	6741                	lui	a4,0x10
    5896:	1cf70713          	addi	a4,a4,463 # 101cf <_data_lma+0x91f3>
    589a:	00a77963          	bgeu	a4,a0,58ac <A_Servo_Submit+0x124>
    589e:	7d000593          	li	a1,2000
    58a2:	c232                	sw	a2,4(sp)
    58a4:	821fa0ef          	jal	ra,c4 <__hidden___udivsi3>
    58a8:	4612                	lw	a2,4(sp)
    58aa:	86aa                	mv	a3,a0
    58ac:	47a2                	lw	a5,8(sp)
    58ae:	e3a1                	bnez	a5,58ee <A_Servo_Submit+0x166>
    58b0:	4782                	lw	a5,0(sp)
    58b2:	cf81                	beqz	a5,58ca <A_Servo_Submit+0x142>
    58b4:	85be                	mv	a1,a5
    58b6:	8526                	mv	a0,s1
    58b8:	a826                	sh	s1,18(s0)
    58ba:	c71fe0ef          	jal	ra,452a <C_Traj_Plan>
    58be:	4705                	li	a4,1
    58c0:	02e401a3          	sb	a4,35(s0)
    58c4:	d92ff0ef          	jal	ra,4e56 <C_Traj_Get_Ticks>
    58c8:	a00d                	j	58ea <A_Servo_Submit+0x162>
    58ca:	40c48733          	sub	a4,s1,a2
    58ce:	00e6c663          	blt	a3,a4,58da <A_Servo_Submit+0x152>
    58d2:	40d006b3          	neg	a3,a3
    58d6:	f2d759e3          	bge	a4,a3,5808 <A_Servo_Submit+0x80>
    58da:	4581                	li	a1,0
    58dc:	8526                	mv	a0,s1
    58de:	a826                	sh	s1,18(s0)
    58e0:	c4bfe0ef          	jal	ra,452a <C_Traj_Plan>
    58e4:	020401a3          	sb	zero,35(s0)
    58e8:	4501                	li	a0,0
    58ea:	c028                	sw	a0,64(s0)
    58ec:	bf31                	j	5808 <A_Servo_Submit+0x80>
    58ee:	4582                	lw	a1,0(sp)
    58f0:	8526                	mv	a0,s1
    58f2:	a826                	sh	s1,18(s0)
    58f4:	c37fe0ef          	jal	ra,452a <C_Traj_Plan>
    58f8:	4782                	lw	a5,0(sp)
    58fa:	00f03733          	snez	a4,a5
    58fe:	02e401a3          	sb	a4,35(s0)
    5902:	f3e9                	bnez	a5,58c4 <A_Servo_Submit+0x13c>
    5904:	b7d5                	j	58e8 <A_Servo_Submit+0x160>
    5906:	6705                	lui	a4,0x1
    5908:	5db00693          	li	a3,1499
    590c:	96070713          	addi	a4,a4,-1696 # 960 <ADC_InjectedChannelConfig+0x3c>
    5910:	0496f663          	bgeu	a3,s1,595c <A_Servo_Submit+0x1d4>
    5914:	4792                	lw	a5,4(sp)
    5916:	3e800593          	li	a1,1000
    591a:	a2478513          	addi	a0,a5,-1500
    591e:	02e50533          	mul	a0,a0,a4
    5922:	fa2fa0ef          	jal	ra,c4 <__hidden___udivsi3>
    5926:	47b2                	lw	a5,12(sp)
    5928:	0542                	slli	a0,a0,0x10
    592a:	8541                	srai	a0,a0,0x10
    592c:	c789                	beqz	a5,5936 <A_Servo_Submit+0x1ae>
    592e:	40a00533          	neg	a0,a0
    5932:	0542                	slli	a0,a0,0x10
    5934:	8541                	srai	a0,a0,0x10
    5936:	4782                	lw	a5,0(sp)
    5938:	04a41223          	sh	a0,68(s0)
    593c:	577d                	li	a4,-1
    593e:	cb99                	beqz	a5,5954 <A_Servo_Submit+0x1cc>
    5940:	4018                	lw	a4,0(s0)
    5942:	4685                	li	a3,1
    5944:	1765                	addi	a4,a4,-7
    5946:	02e6f863          	bgeu	a3,a4,5976 <A_Servo_Submit+0x1ee>
    594a:	4782                	lw	a5,0(sp)
    594c:	3e800713          	li	a4,1000
    5950:	02e78733          	mul	a4,a5,a4
    5954:	c038                	sw	a4,64(s0)
    5956:	00040fa3          	sb	zero,31(s0)
    595a:	b57d                	j	5808 <A_Servo_Submit+0x80>
    595c:	4792                	lw	a5,4(sp)
    595e:	5dc00513          	li	a0,1500
    5962:	3e800593          	li	a1,1000
    5966:	8d1d                	sub	a0,a0,a5
    5968:	02e50533          	mul	a0,a0,a4
    596c:	f58fa0ef          	jal	ra,c4 <__hidden___udivsi3>
    5970:	40a00533          	neg	a0,a0
    5974:	bf4d                	j	5926 <A_Servo_Submit+0x19e>
    5976:	4782                	lw	a5,0(sp)
    5978:	6725                	lui	a4,0x9
    597a:	ca070713          	addi	a4,a4,-864 # 8ca0 <_data_lma+0x1cc4>
    597e:	02e787b3          	mul	a5,a5,a4
    5982:	00040fa3          	sb	zero,31(s0)
    5986:	c03c                	sw	a5,64(s0)
    5988:	8a9ff0ef          	jal	ra,5230 <A_Encoder_Read>
    598c:	7741                	lui	a4,0xffff0
    598e:	0705                	addi	a4,a4,1 # ffff0001 <_eusrstack+0xdffee001>
    5990:	972a                	add	a4,a4,a0
    5992:	00e03733          	snez	a4,a4
    5996:	02e40223          	sb	a4,36(s0)
    599a:	6741                	lui	a4,0x10
    599c:	177d                	addi	a4,a4,-1 # ffff <_data_lma+0x9023>
    599e:	e6e505e3          	beq	a0,a4,5808 <A_Servo_Submit+0x80>
    59a2:	c448                	sw	a0,12(s0)
    59a4:	b595                	j	5808 <A_Servo_Submit+0x80>

000059a6 <Servo_ApplyBootAction>:
    59a6:	f02fa2ef          	jal	t0,a8 <__riscv_save_0>
    59aa:	b0418413          	addi	s0,gp,-1276 # 20000394 <s_servo>
    59ae:	3c4a                	lhu	a0,60(s0)
    59b0:	c511                	beqz	a0,59bc <Servo_ApplyBootAction+0x16>
    59b2:	3c6e                	lhu	a1,62(s0)
    59b4:	dd5ff0ef          	jal	ra,5788 <A_Servo_Submit>
    59b8:	efafa06f          	j	b2 <__riscv_restore_0>
    59bc:	ae418793          	addi	a5,gp,-1308 # 20000374 <g_config>
    59c0:	37b4                	lbu	a3,11(a5)
    59c2:	4705                	li	a4,1
    59c4:	00e69563          	bne	a3,a4,59ce <Servo_ApplyBootAction+0x28>
    59c8:	238a                	lhu	a0,0(a5)
    59ca:	4581                	li	a1,0
    59cc:	b7e5                	j	59b4 <Servo_ApplyBootAction+0xe>
    59ce:	478d                	li	a5,3
    59d0:	00f69763          	bne	a3,a5,59de <Servo_ApplyBootAction+0x38>
    59d4:	02e402a3          	sb	a4,37(s0)
    59d8:	d0fff0ef          	jal	ra,56e6 <A_Servo_Stop>
    59dc:	bff1                	j	59b8 <Servo_ApplyBootAction+0x12>
    59de:	947ff0ef          	jal	ra,5324 <Servo_IsPosition>
    59e2:	d979                	beqz	a0,59b8 <Servo_ApplyBootAction+0x12>
    59e4:	204a                	lhu	a0,4(s0)
    59e6:	af5fe0ef          	jal	ra,44da <C_Traj_Hold>
    59ea:	b7f9                	j	59b8 <Servo_ApplyBootAction+0x12>

000059ec <A_Servo_Init>:
    59ec:	ebcfa2ef          	jal	t0,a8 <__riscv_save_0>
    59f0:	1171                	addi	sp,sp,-4
    59f2:	08400613          	li	a2,132
    59f6:	4581                	li	a1,0
    59f8:	b0418513          	addi	a0,gp,-1276 # 20000394 <s_servo>
    59fc:	f54fa0ef          	jal	ra,150 <memset>
    5a00:	6785                	lui	a5,0x1
    5a02:	b0418493          	addi	s1,gp,-1276 # 20000394 <s_servo>
    5a06:	96078793          	addi	a5,a5,-1696 # 960 <ADC_InjectedChannelConfig+0x3c>
    5a0a:	4501                	li	a0,0
    5a0c:	04f49323          	sh	a5,70(s1)
    5a10:	b13fd0ef          	jal	ra,3522 <D_UART_Enable>
    5a14:	4505                	li	a0,1
    5a16:	f98fd0ef          	jal	ra,31ae <D_PWM_Input_Enable>
    5a1a:	03c00493          	li	s1,60
    5a1e:	b0418413          	addi	s0,gp,-1276 # 20000394 <s_servo>
    5a22:	f62fd0ef          	jal	ra,3184 <D_PWM_Read>
    5a26:	c02a                	sw	a0,0(sp)
    5a28:	e159                	bnez	a0,5aae <A_Servo_Init+0xc2>
    5a2a:	4505                	li	a0,1
    5a2c:	f50fc0ef          	jal	ra,217c <Delay_Ms>
    5a30:	fff48793          	addi	a5,s1,-1
    5a34:	0ff7f493          	zext.b	s1,a5
    5a38:	f4ed                	bnez	s1,5a22 <A_Servo_Init+0x36>
    5a3a:	4501                	li	a0,0
    5a3c:	f72fd0ef          	jal	ra,31ae <D_PWM_Input_Enable>
    5a40:	4505                	li	a0,1
    5a42:	ae1fd0ef          	jal	ra,3522 <D_UART_Enable>
    5a46:	4782                	lw	a5,0(sp)
    5a48:	02940023          	sb	s1,32(s0)
    5a4c:	bc5e                	sh	a5,60(s0)
    5a4e:	aed1c503          	lbu	a0,-1299(gp) # 2000037d <g_config+0x9>
    5a52:	9a5ff0ef          	jal	ra,53f6 <Servo_SetModeFields>
    5a56:	a65ff0ef          	jal	ra,54ba <Servo_ReadPosition>
    5a5a:	84aa                	mv	s1,a0
    5a5c:	e519                	bnez	a0,5a6a <A_Servo_Init+0x7e>
    5a5e:	00042623          	sw	zero,12(s0)
    5a62:	00042423          	sw	zero,8(s0)
    5a66:	00041223          	sh	zero,4(s0)
    5a6a:	205e                	lhu	a5,4(s0)
    5a6c:	4408                	lw	a0,8(s0)
    5a6e:	a83e                	sh	a5,18(s0)
    5a70:	ae0fe0ef          	jal	ra,3d50 <C_SpeedObs_Init>
    5a74:	204a                	lhu	a0,4(s0)
    5a76:	03c00613          	li	a2,60
    5a7a:	4581                	li	a1,0
    5a7c:	8d9fe0ef          	jal	ra,4354 <C_Traj_Init>
    5a80:	8a5ff0ef          	jal	ra,5324 <Servo_IsPosition>
    5a84:	c119                	beqz	a0,5a8a <A_Servo_Init+0x9e>
    5a86:	9cbff0ef          	jal	ra,5450 <Servo_SetTrajRange>
    5a8a:	d7ffd0ef          	jal	ra,3808 <C_PosCtrl_Init>
    5a8e:	4501                	li	a0,0
    5a90:	020402a3          	sb	zero,37(s0)
    5a94:	960fd0ef          	jal	ra,2bf4 <D_Motor_Set>
    5a98:	04a41423          	sh	a0,72(s0)
    5a9c:	e899                	bnez	s1,5ab2 <A_Servo_Init+0xc6>
    5a9e:	4785                	li	a5,1
    5aa0:	02f404a3          	sb	a5,41(s0)
    5aa4:	8bdff0ef          	jal	ra,5360 <Servo_EscapeStart>
    5aa8:	0111                	addi	sp,sp,4
    5aaa:	e08fa06f          	j	b2 <__riscv_restore_0>
    5aae:	4485                	li	s1,1
    5ab0:	bf59                	j	5a46 <A_Servo_Init+0x5a>
    5ab2:	ef5ff0ef          	jal	ra,59a6 <Servo_ApplyBootAction>
    5ab6:	bfcd                	j	5aa8 <A_Servo_Init+0xbc>

00005ab8 <A_Servo_SetMode>:
    5ab8:	fff50793          	addi	a5,a0,-1
    5abc:	0ff7f793          	zext.b	a5,a5
    5ac0:	4729                	li	a4,10
    5ac2:	02f76b63          	bltu	a4,a5,5af8 <A_Servo_SetMode+0x40>
    5ac6:	de2fa2ef          	jal	t0,a8 <__riscv_save_0>
    5aca:	ffb50793          	addi	a5,a0,-5
    5ace:	0ff7f793          	zext.b	a5,a5
    5ad2:	4705                	li	a4,1
    5ad4:	842a                	mv	s0,a0
    5ad6:	4501                	li	a0,0
    5ad8:	00f77e63          	bgeu	a4,a5,5af4 <A_Servo_SetMode+0x3c>
    5adc:	47ad                	li	a5,11
    5ade:	00f40b63          	beq	s0,a5,5af4 <A_Servo_SetMode+0x3c>
    5ae2:	c05ff0ef          	jal	ra,56e6 <A_Servo_Stop>
    5ae6:	ae8186a3          	sb	s0,-1299(gp) # 2000037d <g_config+0x9>
    5aea:	b80ff0ef          	jal	ra,4e6a <A_Config_MarkDirty>
    5aee:	addff0ef          	jal	ra,55ca <A_Servo_ApplyConfig>
    5af2:	4505                	li	a0,1
    5af4:	dbefa06f          	j	b2 <__riscv_restore_0>
    5af8:	4501                	li	a0,0
    5afa:	8082                	ret

00005afc <A_Servo_GetPositionPwm>:
    5afc:	dacfa2ef          	jal	t0,a8 <__riscv_save_0>
    5b00:	825ff0ef          	jal	ra,5324 <Servo_IsPosition>
    5b04:	c119                	beqz	a0,5b0a <A_Servo_GetPositionPwm+0xe>
    5b06:	9b5ff0ef          	jal	ra,54ba <Servo_ReadPosition>
    5b0a:	873ff0ef          	jal	ra,537c <Servo_PositionToPwm>
    5b0e:	da4fa06f          	j	b2 <__riscv_restore_0>

00005b12 <A_Servo_CalibrateMid>:
    5b12:	d96fa2ef          	jal	t0,a8 <__riscv_save_0>
    5b16:	1171                	addi	sp,sp,-4
    5b18:	f18ff0ef          	jal	ra,5230 <A_Encoder_Read>
    5b1c:	84aa                	mv	s1,a0
    5b1e:	807ff0ef          	jal	ra,5324 <Servo_IsPosition>
    5b22:	cd3d                	beqz	a0,5ba0 <A_Servo_CalibrateMid+0x8e>
    5b24:	67c1                	lui	a5,0x10
    5b26:	17fd                	addi	a5,a5,-1 # ffff <_data_lma+0x9023>
    5b28:	4501                	li	a0,0
    5b2a:	06f48b63          	beq	s1,a5,5ba0 <A_Servo_CalibrateMid+0x8e>
    5b2e:	b0418793          	addi	a5,gp,-1276 # 20000394 <s_servo>
    5b32:	2b9e                	lhu	a5,16(a5)
    5b34:	c1800613          	li	a2,-1000
    5b38:	b0418413          	addi	s0,gp,-1276 # 20000394 <s_servo>
    5b3c:	0017d693          	srli	a3,a5,0x1
    5b40:	40d48733          	sub	a4,s1,a3
    5b44:	04c74e63          	blt	a4,a2,5ba0 <A_Servo_CalibrateMid+0x8e>
    5b48:	973e                	add	a4,a4,a5
    5b4a:	679d                	lui	a5,0x7
    5b4c:	d6078613          	addi	a2,a5,-672 # 6d60 <TRAJ_G_Q15+0x20>
    5b50:	04e64863          	blt	a2,a4,5ba0 <A_Servo_CalibrateMid+0x8e>
    5b54:	65a5                	lui	a1,0x9
    5b56:	ca058713          	addi	a4,a1,-864 # 8ca0 <_data_lma+0x1cc4>
    5b5a:	8f15                	sub	a4,a4,a3
    5b5c:	9726                	add	a4,a4,s1
    5b5e:	01071613          	slli	a2,a4,0x10
    5b62:	c9f58593          	addi	a1,a1,-865
    5b66:	8241                	srli	a2,a2,0x10
    5b68:	00e5f863          	bgeu	a1,a4,5b78 <A_Servo_CalibrateMid+0x66>
    5b6c:	36078793          	addi	a5,a5,864
    5b70:	97b2                	add	a5,a5,a2
    5b72:	01079613          	slli	a2,a5,0x10
    5b76:	8241                	srli	a2,a2,0x10
    5b78:	400c                	lw	a1,0(s0)
    5b7a:	472d                	li	a4,11
    5b7c:	ae418793          	addi	a5,gp,-1308 # 20000374 <g_config>
    5b80:	02e59363          	bne	a1,a4,5ba6 <A_Servo_CalibrateMid+0x94>
    5b84:	a3d2                	sh	a2,4(a5)
    5b86:	c036                	sw	a3,0(sp)
    5b88:	ae2ff0ef          	jal	ra,4e6a <A_Config_MarkDirty>
    5b8c:	4682                	lw	a3,0(sp)
    5b8e:	c444                	sw	s1,12(s0)
    5b90:	c414                	sw	a3,8(s0)
    5b92:	a056                	sh	a3,4(s0)
    5b94:	8bdff0ef          	jal	ra,5450 <Servo_SetTrajRange>
    5b98:	4505                	li	a0,1
    5b9a:	823ff0ef          	jal	ra,53bc <Servo_ResyncLoops>
    5b9e:	4505                	li	a0,1
    5ba0:	0111                	addi	sp,sp,4
    5ba2:	d10fa06f          	j	b2 <__riscv_restore_0>
    5ba6:	a3b2                	sh	a2,2(a5)
    5ba8:	bff9                	j	5b86 <A_Servo_CalibrateMid+0x74>

00005baa <A_Servo_SetTravelEnd>:
    5baa:	cfefa2ef          	jal	t0,a8 <__riscv_save_0>
    5bae:	842a                	mv	s0,a0
    5bb0:	f74ff0ef          	jal	ra,5324 <Servo_IsPosition>
    5bb4:	e501                	bnez	a0,5bbc <A_Servo_SetTravelEnd+0x12>
    5bb6:	4501                	li	a0,0
    5bb8:	cfafa06f          	j	b2 <__riscv_restore_0>
    5bbc:	e74ff0ef          	jal	ra,5230 <A_Encoder_Read>
    5bc0:	67c1                	lui	a5,0x10
    5bc2:	17fd                	addi	a5,a5,-1 # ffff <_data_lma+0x9023>
    5bc4:	84aa                	mv	s1,a0
    5bc6:	fef508e3          	beq	a0,a5,5bb6 <A_Servo_SetTravelEnd+0xc>
    5bca:	f6eff0ef          	jal	ra,5338 <Servo_Offset>
    5bce:	87aa                	mv	a5,a0
    5bd0:	40a48533          	sub	a0,s1,a0
    5bd4:	b0418693          	addi	a3,gp,-1276 # 20000394 <s_servo>
    5bd8:	4481                	li	s1,0
    5bda:	00054863          	bltz	a0,5bea <A_Servo_SetTravelEnd+0x40>
    5bde:	2a86                	lhu	s1,16(a3)
    5be0:	00a4c563          	blt	s1,a0,5bea <A_Servo_SetTravelEnd+0x40>
    5be4:	01051493          	slli	s1,a0,0x10
    5be8:	80c1                	srli	s1,s1,0x10
    5bea:	2eec                	lbu	a1,30(a3)
    5bec:	6725                	lui	a4,0x9
    5bee:	ca070613          	addi	a2,a4,-864 # 8ca0 <_data_lma+0x1cc4>
    5bf2:	04858d63          	beq	a1,s0,5c4c <A_Servo_SetTravelEnd+0xa2>
    5bf6:	97a6                	add	a5,a5,s1
    5bf8:	97b2                	add	a5,a5,a2
    5bfa:	01079413          	slli	s0,a5,0x10
    5bfe:	c9f70713          	addi	a4,a4,-865
    5c02:	8041                	srli	s0,s0,0x10
    5c04:	00f77963          	bgeu	a4,a5,5c16 <A_Servo_SetTravelEnd+0x6c>
    5c08:	679d                	lui	a5,0x7
    5c0a:	36078793          	addi	a5,a5,864 # 7360 <_data_lma+0x384>
    5c0e:	97a2                	add	a5,a5,s0
    5c10:	01079413          	slli	s0,a5,0x10
    5c14:	8041                	srli	s0,s0,0x10
    5c16:	2a9e                	lhu	a5,16(a3)
    5c18:	8f85                	sub	a5,a5,s1
    5c1a:	01079493          	slli	s1,a5,0x10
    5c1e:	80c1                	srli	s1,s1,0x10
    5c20:	06300793          	li	a5,99
    5c24:	f897f9e3          	bgeu	a5,s1,5bb6 <A_Servo_SetTravelEnd+0xc>
    5c28:	abfff0ef          	jal	ra,56e6 <A_Servo_Stop>
    5c2c:	b0418693          	addi	a3,gp,-1276 # 20000394 <s_servo>
    5c30:	2ef8                	lbu	a4,30(a3)
    5c32:	ae418793          	addi	a5,gp,-1308 # 20000374 <g_config>
    5c36:	b7d8                	sb	a4,13(a5)
    5c38:	472d                	li	a4,11
    5c3a:	a3c2                	sh	s0,4(a5)
    5c3c:	a3e6                	sh	s1,6(a5)
    5c3e:	b798                	sb	a4,9(a5)
    5c40:	a2aff0ef          	jal	ra,4e6a <A_Config_MarkDirty>
    5c44:	987ff0ef          	jal	ra,55ca <A_Servo_ApplyConfig>
    5c48:	4505                	li	a0,1
    5c4a:	b7bd                	j	5bb8 <A_Servo_SetTravelEnd+0xe>
    5c4c:	97b2                	add	a5,a5,a2
    5c4e:	01079413          	slli	s0,a5,0x10
    5c52:	c9f70713          	addi	a4,a4,-865
    5c56:	8041                	srli	s0,s0,0x10
    5c58:	fcf774e3          	bgeu	a4,a5,5c20 <A_Servo_SetTravelEnd+0x76>
    5c5c:	679d                	lui	a5,0x7
    5c5e:	36078793          	addi	a5,a5,864 # 7360 <_data_lma+0x384>
    5c62:	97a2                	add	a5,a5,s0
    5c64:	01079413          	slli	s0,a5,0x10
    5c68:	8041                	srli	s0,s0,0x10
    5c6a:	bf5d                	j	5c20 <A_Servo_SetTravelEnd+0x76>

00005c6c <A_Servo_SaveStartup>:
    5c6c:	c3cfa2ef          	jal	t0,a8 <__riscv_save_0>
    5c70:	eb4ff0ef          	jal	ra,5324 <Servo_IsPosition>
    5c74:	e501                	bnez	a0,5c7c <A_Servo_SaveStartup+0x10>
    5c76:	4501                	li	a0,0
    5c78:	c3afa06f          	j	b2 <__riscv_restore_0>
    5c7c:	83fff0ef          	jal	ra,54ba <Servo_ReadPosition>
    5c80:	d97d                	beqz	a0,5c76 <A_Servo_SaveStartup+0xa>
    5c82:	efaff0ef          	jal	ra,537c <Servo_PositionToPwm>
    5c86:	aea19223          	sh	a0,-1308(gp) # 20000374 <g_config>
    5c8a:	9e0ff0ef          	jal	ra,4e6a <A_Config_MarkDirty>
    5c8e:	4505                	li	a0,1
    5c90:	b7e5                	j	5c78 <A_Servo_SaveStartup+0xc>

00005c92 <A_Servo_Control>:
    5c92:	c16fa2ef          	jal	t0,a8 <__riscv_save_0>
    5c96:	b0418793          	addi	a5,gp,-1276 # 20000394 <s_servo>
    5c9a:	0207c483          	lbu	s1,32(a5)
    5c9e:	4785                	li	a5,1
    5ca0:	b0418413          	addi	s0,gp,-1276 # 20000394 <s_servo>
    5ca4:	04f49363          	bne	s1,a5,5cea <A_Servo_Control+0x58>
    5ca8:	cdcfd0ef          	jal	ra,3184 <D_PWM_Read>
    5cac:	cd1d                	beqz	a0,5cea <A_Servo_Control+0x58>
    5cae:	2c5c                	lbu	a5,28(s0)
    5cb0:	e781                	bnez	a5,5cb8 <A_Servo_Control+0x26>
    5cb2:	ac2a                	sh	a0,26(s0)
    5cb4:	ac0a                	sh	a0,24(s0)
    5cb6:	ac44                	sb	s1,28(s0)
    5cb8:	2c3a                	lhu	a4,26(s0)
    5cba:	2c16                	lhu	a3,24(s0)
    5cbc:	ac2a                	sh	a0,26(s0)
    5cbe:	ac1a                	sh	a4,24(s0)
    5cc0:	00d77563          	bgeu	a4,a3,5cca <A_Servo_Control+0x38>
    5cc4:	87b6                	mv	a5,a3
    5cc6:	86ba                	mv	a3,a4
    5cc8:	873e                	mv	a4,a5
    5cca:	87aa                	mv	a5,a0
    5ccc:	00a77363          	bgeu	a4,a0,5cd2 <A_Servo_Control+0x40>
    5cd0:	87ba                	mv	a5,a4
    5cd2:	853e                	mv	a0,a5
    5cd4:	01051793          	slli	a5,a0,0x10
    5cd8:	83c1                	srli	a5,a5,0x10
    5cda:	00d7f363          	bgeu	a5,a3,5ce0 <A_Servo_Control+0x4e>
    5cde:	8536                	mv	a0,a3
    5ce0:	0542                	slli	a0,a0,0x10
    5ce2:	4581                	li	a1,0
    5ce4:	8141                	srli	a0,a0,0x10
    5ce6:	aa3ff0ef          	jal	ra,5788 <A_Servo_Submit>
    5cea:	02644483          	lbu	s1,38(s0)
    5cee:	4789                	li	a5,2
    5cf0:	00f49e63          	bne	s1,a5,5d0c <A_Servo_Control+0x7a>
    5cf4:	fc6ff0ef          	jal	ra,54ba <Servo_ReadPosition>
    5cf8:	c901                	beqz	a0,5d08 <A_Servo_Control+0x76>
    5cfa:	4505                	li	a0,1
    5cfc:	02040323          	sb	zero,38(s0)
    5d00:	00040fa3          	sb	zero,31(s0)
    5d04:	eb8ff0ef          	jal	ra,53bc <Servo_ResyncLoops>
    5d08:	baafa06f          	j	b2 <__riscv_restore_0>
    5d0c:	02544783          	lbu	a5,37(s0)
    5d10:	ffe5                	bnez	a5,5d08 <A_Servo_Control+0x76>
    5d12:	02144783          	lbu	a5,33(s0)
    5d16:	e791                	bnez	a5,5d22 <A_Servo_Control+0x90>
    5d18:	e0cff0ef          	jal	ra,5324 <Servo_IsPosition>
    5d1c:	c541                	beqz	a0,5da4 <A_Servo_Control+0x112>
    5d1e:	3c5c                	lbu	a5,29(s0)
    5d20:	e399                	bnez	a5,5d26 <A_Servo_Control+0x94>
    5d22:	4501                	li	a0,0
    5d24:	a89d                	j	5d9a <A_Servo_Control+0x108>
    5d26:	4785                	li	a5,1
    5d28:	1cf49c63          	bne	s1,a5,5f00 <A_Servo_Control+0x26e>
    5d2c:	343e                	lhu	a5,42(s0)
    5d2e:	02844703          	lbu	a4,40(s0)
    5d32:	0785                	addi	a5,a5,1
    5d34:	07c2                	slli	a5,a5,0x10
    5d36:	83c1                	srli	a5,a5,0x10
    5d38:	b43e                	sh	a5,42(s0)
    5d3a:	c36d                	beqz	a4,5e1c <A_Servo_Control+0x18a>
    5d3c:	6705                	lui	a4,0x1
    5d3e:	bb770713          	addi	a4,a4,-1097 # bb7 <FLASH_Unlock_Fast+0x1b>
    5d42:	0ef76f63          	bltu	a4,a5,5e40 <A_Servo_Control+0x1ae>
    5d46:	f74ff0ef          	jal	ra,54ba <Servo_ReadPosition>
    5d4a:	c105                	beqz	a0,5d6a <A_Servo_Control+0xd8>
    5d4c:	4458                	lw	a4,12(s0)
    5d4e:	678d                	lui	a5,0x3
    5d50:	4bc78793          	addi	a5,a5,1212 # 34bc <D_USART1_Cfg+0x22>
    5d54:	00f727b3          	slt	a5,a4,a5
    5d58:	02f403a3          	sb	a5,39(s0)
    5d5c:	679d                	lui	a5,0x7
    5d5e:	32070713          	addi	a4,a4,800
    5d62:	fb878793          	addi	a5,a5,-72 # 6fb8 <__clz_tab+0xdc>
    5d66:	0ee7f863          	bgeu	a5,a4,5e56 <A_Servo_Control+0x1c4>
    5d6a:	02041623          	sh	zero,44(s0)
    5d6e:	02744783          	lbu	a5,39(s0)
    5d72:	da800713          	li	a4,-600
    5d76:	c399                	beqz	a5,5d7c <A_Servo_Control+0xea>
    5d78:	25800713          	li	a4,600
    5d7c:	04641783          	lh	a5,70(s0)
    5d80:	853e                	mv	a0,a5
    5d82:	00f75363          	bge	a4,a5,5d88 <A_Servo_Control+0xf6>
    5d86:	853a                	mv	a0,a4
    5d88:	0542                	slli	a0,a0,0x10
    5d8a:	8541                	srai	a0,a0,0x10
    5d8c:	40f007b3          	neg	a5,a5
    5d90:	00f55563          	bge	a0,a5,5d9a <A_Servo_Control+0x108>
    5d94:	01079513          	slli	a0,a5,0x10
    5d98:	8541                	srai	a0,a0,0x10
    5d9a:	e5bfc0ef          	jal	ra,2bf4 <D_Motor_Set>
    5d9e:	04a41423          	sh	a0,72(s0)
    5da2:	b79d                	j	5d08 <A_Servo_Control+0x76>
    5da4:	4685                	li	a3,1
    5da6:	f8d483e3          	beq	s1,a3,5d2c <A_Servo_Control+0x9a>
    5daa:	4038                	lw	a4,64(s0)
    5dac:	db3d                	beqz	a4,5d22 <A_Servo_Control+0x90>
    5dae:	04441783          	lh	a5,68(s0)
    5db2:	dba5                	beqz	a5,5d22 <A_Servo_Control+0x90>
    5db4:	401c                	lw	a5,0(s0)
    5db6:	17e5                	addi	a5,a5,-7
    5db8:	00f6ef63          	bltu	a3,a5,5dd6 <A_Servo_Control+0x144>
    5dbc:	57fd                	li	a5,-1
    5dbe:	00f70c63          	beq	a4,a5,5dd6 <A_Servo_Control+0x144>
    5dc2:	c6eff0ef          	jal	ra,5230 <A_Encoder_Read>
    5dc6:	67c1                	lui	a5,0x10
    5dc8:	17fd                	addi	a5,a5,-1 # ffff <_data_lma+0x9023>
    5dca:	0ef51e63          	bne	a0,a5,5ec6 <A_Servo_Control+0x234>
    5dce:	02040223          	sb	zero,36(s0)
    5dd2:	403c                	lw	a5,64(s0)
    5dd4:	d7b9                	beqz	a5,5d22 <A_Servo_Control+0x90>
    5dd6:	04445703          	lhu	a4,68(s0)
    5dda:	04641783          	lh	a5,70(s0)
    5dde:	853a                	mv	a0,a4
    5de0:	0742                	slli	a4,a4,0x10
    5de2:	8741                	srai	a4,a4,0x10
    5de4:	00e7d363          	bge	a5,a4,5dea <A_Servo_Control+0x158>
    5de8:	853e                	mv	a0,a5
    5dea:	0542                	slli	a0,a0,0x10
    5dec:	8541                	srai	a0,a0,0x10
    5dee:	40f007b3          	neg	a5,a5
    5df2:	00f55563          	bge	a0,a5,5dfc <A_Servo_Control+0x16a>
    5df6:	01079513          	slli	a0,a5,0x10
    5dfa:	8541                	srai	a0,a0,0x10
    5dfc:	df9fc0ef          	jal	ra,2bf4 <D_Motor_Set>
    5e00:	401c                	lw	a5,0(s0)
    5e02:	04a41423          	sh	a0,72(s0)
    5e06:	4705                	li	a4,1
    5e08:	17e5                	addi	a5,a5,-7
    5e0a:	eef77fe3          	bgeu	a4,a5,5d08 <A_Servo_Control+0x76>
    5e0e:	403c                	lw	a5,64(s0)
    5e10:	577d                	li	a4,-1
    5e12:	eee78be3          	beq	a5,a4,5d08 <A_Servo_Control+0x76>
    5e16:	17fd                	addi	a5,a5,-1
    5e18:	c03c                	sw	a5,64(s0)
    5e1a:	b5fd                	j	5d08 <A_Servo_Control+0x76>
    5e1c:	5db00713          	li	a4,1499
    5e20:	f2f773e3          	bgeu	a4,a5,5d46 <A_Servo_Control+0xb4>
    5e24:	4785                	li	a5,1
    5e26:	02f40423          	sb	a5,40(s0)
    5e2a:	02744783          	lbu	a5,39(s0)
    5e2e:	02041523          	sh	zero,42(s0)
    5e32:	02041623          	sh	zero,44(s0)
    5e36:	0017b793          	seqz	a5,a5
    5e3a:	02f403a3          	sb	a5,39(s0)
    5e3e:	b721                	j	5d46 <A_Servo_Control+0xb4>
    5e40:	4789                	li	a5,2
    5e42:	02f40323          	sb	a5,38(s0)
    5e46:	4785                	li	a5,1
    5e48:	020404a3          	sb	zero,41(s0)
    5e4c:	02f402a3          	sb	a5,37(s0)
    5e50:	897ff0ef          	jal	ra,56e6 <A_Servo_Stop>
    5e54:	bd55                	j	5d08 <A_Servo_Control+0x76>
    5e56:	345e                	lhu	a5,44(s0)
    5e58:	07700713          	li	a4,119
    5e5c:	0785                	addi	a5,a5,1
    5e5e:	07c2                	slli	a5,a5,0x10
    5e60:	83c1                	srli	a5,a5,0x10
    5e62:	b45e                	sh	a5,44(s0)
    5e64:	f0f775e3          	bgeu	a4,a5,5d6e <A_Servo_Control+0xdc>
    5e68:	4501                	li	a0,0
    5e6a:	2826                	lhu	s1,18(s0)
    5e6c:	d89fc0ef          	jal	ra,2bf4 <D_Motor_Set>
    5e70:	04a41423          	sh	a0,72(s0)
    5e74:	4505                	li	a0,1
    5e76:	02040323          	sb	zero,38(s0)
    5e7a:	00040fa3          	sb	zero,31(s0)
    5e7e:	d3eff0ef          	jal	ra,53bc <Servo_ResyncLoops>
    5e82:	02944783          	lbu	a5,41(s0)
    5e86:	c791                	beqz	a5,5e92 <A_Servo_Control+0x200>
    5e88:	020404a3          	sb	zero,41(s0)
    5e8c:	b1bff0ef          	jal	ra,59a6 <Servo_ApplyBootAction>
    5e90:	bda5                	j	5d08 <A_Servo_Control+0x76>
    5e92:	02244783          	lbu	a5,34(s0)
    5e96:	e60789e3          	beqz	a5,5d08 <A_Servo_Control+0x76>
    5e9a:	c8aff0ef          	jal	ra,5324 <Servo_IsPosition>
    5e9e:	e60505e3          	beqz	a0,5d08 <A_Servo_Control+0x76>
    5ea2:	02344703          	lbu	a4,35(s0)
    5ea6:	a826                	sh	s1,18(s0)
    5ea8:	403c                	lw	a5,64(s0)
    5eaa:	4581                	li	a1,0
    5eac:	c719                	beqz	a4,5eba <A_Servo_Control+0x228>
    5eae:	85be                	mv	a1,a5
    5eb0:	67c1                	lui	a5,0x10
    5eb2:	00f5e463          	bltu	a1,a5,5eba <A_Servo_Control+0x228>
    5eb6:	fff78593          	addi	a1,a5,-1 # ffff <_data_lma+0x9023>
    5eba:	05c2                	slli	a1,a1,0x10
    5ebc:	81c1                	srli	a1,a1,0x10
    5ebe:	8526                	mv	a0,s1
    5ec0:	e6afe0ef          	jal	ra,452a <C_Traj_Plan>
    5ec4:	b591                	j	5d08 <A_Servo_Control+0x76>
    5ec6:	02444783          	lbu	a5,36(s0)
    5eca:	c785                	beqz	a5,5ef2 <A_Servo_Control+0x260>
    5ecc:	4458                	lw	a4,12(s0)
    5ece:	04441683          	lh	a3,68(s0)
    5ed2:	40a707b3          	sub	a5,a4,a0
    5ed6:	0006c463          	bltz	a3,5ede <A_Servo_Control+0x24c>
    5eda:	40e507b3          	sub	a5,a0,a4
    5ede:	0007d363          	bgez	a5,5ee4 <A_Servo_Control+0x252>
    5ee2:	4781                	li	a5,0
    5ee4:	4034                	lw	a3,64(s0)
    5ee6:	4701                	li	a4,0
    5ee8:	00d7f463          	bgeu	a5,a3,5ef0 <A_Servo_Control+0x25e>
    5eec:	40f68733          	sub	a4,a3,a5
    5ef0:	c038                	sw	a4,64(s0)
    5ef2:	4785                	li	a5,1
    5ef4:	c448                	sw	a0,12(s0)
    5ef6:	02f40223          	sb	a5,36(s0)
    5efa:	00040fa3          	sb	zero,31(s0)
    5efe:	bdd1                	j	5dd2 <A_Servo_Control+0x140>
    5f00:	dbaff0ef          	jal	ra,54ba <Servo_ReadPosition>
    5f04:	e50d                	bnez	a0,5f2e <A_Servo_Control+0x29c>
    5f06:	3c7c                	lbu	a5,31(s0)
    5f08:	4711                	li	a4,4
    5f0a:	00f76463          	bltu	a4,a5,5f12 <A_Servo_Control+0x280>
    5f0e:	0785                	addi	a5,a5,1
    5f10:	bc7c                	sb	a5,31(s0)
    5f12:	3c78                	lbu	a4,31(s0)
    5f14:	4795                	li	a5,5
    5f16:	00f71c63          	bne	a4,a5,5f2e <A_Servo_Control+0x29c>
    5f1a:	4501                	li	a0,0
    5f1c:	cd9fc0ef          	jal	ra,2bf4 <D_Motor_Set>
    5f20:	04a41423          	sh	a0,72(s0)
    5f24:	8cffd0ef          	jal	ra,37f2 <C_PosCtrl_Reset>
    5f28:	c38ff0ef          	jal	ra,5360 <Servo_EscapeStart>
    5f2c:	bbf1                	j	5d08 <A_Servo_Control+0x76>
    5f2e:	04841583          	lh	a1,72(s0)
    5f32:	4408                	lw	a0,8(s0)
    5f34:	b5c18613          	addi	a2,gp,-1188 # 200003ec <s_servo+0x58>
    5f38:	e57fd0ef          	jal	ra,3d8e <C_SpeedObs_Update>
    5f3c:	08144583          	lbu	a1,129(s0)
    5f40:	c18d                	beqz	a1,5f62 <A_Servo_Control+0x2d0>
    5f42:	507c                	lw	a5,100(s0)
    5f44:	4838                	lw	a4,80(s0)
    5f46:	02e786b3          	mul	a3,a5,a4
    5f4a:	02e797b3          	mulh	a5,a5,a4
    5f4e:	00f04463          	bgtz	a5,5f56 <A_Servo_Control+0x2c4>
    5f52:	e7b1                	bnez	a5,5f9e <A_Servo_Control+0x30c>
    5f54:	c6a9                	beqz	a3,5f9e <A_Servo_Control+0x30c>
    5f56:	347e                	lhu	a5,46(s0)
    5f58:	6741                	lui	a4,0x10
    5f5a:	177d                	addi	a4,a4,-1 # ffff <_data_lma+0x9023>
    5f5c:	02e79e63          	bne	a5,a4,5f98 <A_Servo_Control+0x306>
    5f60:	4585                	li	a1,1
    5f62:	b5018513          	addi	a0,gp,-1200 # 200003e0 <s_servo+0x4c>
    5f66:	d5dfe0ef          	jal	ra,4cc2 <C_Traj_Step>
    5f6a:	ed7fe0ef          	jal	ra,4e40 <C_Traj_Is_Done>
    5f6e:	862a                	mv	a2,a0
    5f70:	b6818693          	addi	a3,gp,-1176 # 200003f8 <s_servo+0x64>
    5f74:	b5018513          	addi	a0,gp,-1200 # 200003e0 <s_servo+0x4c>
    5f78:	b5c18593          	addi	a1,gp,-1188 # 200003ec <s_servo+0x58>
    5f7c:	8c3fd0ef          	jal	ra,383e <C_PosCtrl_Update>
    5f80:	c75fc0ef          	jal	ra,2bf4 <D_Motor_Set>
    5f84:	02344783          	lbu	a5,35(s0)
    5f88:	04a41423          	sh	a0,72(s0)
    5f8c:	d6078ee3          	beqz	a5,5d08 <A_Servo_Control+0x76>
    5f90:	403c                	lw	a5,64(s0)
    5f92:	d6078be3          	beqz	a5,5d08 <A_Servo_Control+0x76>
    5f96:	b541                	j	5e16 <A_Servo_Control+0x184>
    5f98:	0785                	addi	a5,a5,1
    5f9a:	b47e                	sh	a5,46(s0)
    5f9c:	b7d1                	j	5f60 <A_Servo_Control+0x2ce>
    5f9e:	4581                	li	a1,0
    5fa0:	b7c9                	j	5f62 <A_Servo_Control+0x2d0>

00005fa2 <Task_State>:
    5fa2:	906fa2ef          	jal	t0,a8 <__riscv_save_0>
    5fa6:	b891c783          	lbu	a5,-1143(gp) # 20000419 <led_div.1>
    5faa:	46a5                	li	a3,9
    5fac:	0785                	addi	a5,a5,1
    5fae:	0ff7f793          	zext.b	a5,a5
    5fb2:	00f6e863          	bltu	a3,a5,5fc2 <Task_State+0x20>
    5fb6:	b8f184a3          	sb	a5,-1143(gp) # 20000419 <led_div.1>
    5fba:	c37fc0ef          	jal	ra,2bf0 <D_IWDG_Feed>
    5fbe:	8f4fa06f          	j	b2 <__riscv_restore_0>
    5fc2:	b881c783          	lbu	a5,-1144(gp) # 20000418 <led_on.0>
    5fc6:	b80184a3          	sb	zero,-1143(gp) # 20000419 <led_div.1>
    5fca:	c385                	beqz	a5,5fea <Task_State+0x48>
    5fcc:	0ff00613          	li	a2,255
    5fd0:	0ff00593          	li	a1,255
    5fd4:	0ff00513          	li	a0,255
    5fd8:	fccfd0ef          	jal	ra,37a4 <D_WS2812_Send>
    5fdc:	b881c783          	lbu	a5,-1144(gp) # 20000418 <led_on.0>
    5fe0:	0017b793          	seqz	a5,a5
    5fe4:	b8f18423          	sb	a5,-1144(gp) # 20000418 <led_on.0>
    5fe8:	bfc9                	j	5fba <Task_State+0x18>
    5fea:	ffafd0ef          	jal	ra,37e4 <D_WS2812_Off>
    5fee:	b7fd                	j	5fdc <Task_State+0x3a>

00005ff0 <Task_Protect>:
    5ff0:	870ff06f          	j	5060 <A_Protect_Task>

00005ff4 <Task_Uart>:
    5ff4:	ac0d                	j	6226 <A_Uart_Process>

00005ff6 <Task_ServoControl>:
    5ff6:	c9dff06f          	j	5c92 <A_Servo_Control>

00005ffa <A_Tasks_Init>:
    5ffa:	8aefa2ef          	jal	t0,a8 <__riscv_save_0>
    5ffe:	20000537          	lui	a0,0x20000
    6002:	4595                	li	a1,5
    6004:	03c50513          	addi	a0,a0,60 # 2000003c <s_tasks>
    6008:	f1ffd0ef          	jal	ra,3f26 <C_Task_Init>
    600c:	20000537          	lui	a0,0x20000
    6010:	07c50513          	addi	a0,a0,124 # 2000007c <s_tasks+0x40>
    6014:	e97fe0ef          	jal	ra,4eaa <A_Config_BindSaveEvent>
    6018:	89afa06f          	j	b2 <__riscv_restore_0>

0000601c <Reply_Begin>:
    601c:	88cfa2ef          	jal	t0,a8 <__riscv_save_0>
    6020:	aec1c483          	lbu	s1,-1300(gp) # 2000037c <g_config+0x8>
    6024:	b8c18413          	addi	s0,gp,-1140 # 2000041c <s_reply>
    6028:	02300793          	li	a5,35
    602c:	06400593          	li	a1,100
    6030:	8526                	mv	a0,s1
    6032:	a01c                	sb	a5,0(s0)
    6034:	890fa0ef          	jal	ra,c4 <__hidden___udivsi3>
    6038:	03050513          	addi	a0,a0,48
    603c:	b008                	sb	a0,1(s0)
    603e:	45a9                	li	a1,10
    6040:	8526                	mv	a0,s1
    6042:	882fa0ef          	jal	ra,c4 <__hidden___udivsi3>
    6046:	45a9                	li	a1,10
    6048:	0ff57513          	zext.b	a0,a0
    604c:	8a4fa0ef          	jal	ra,f0 <__umodsi3>
    6050:	03050513          	addi	a0,a0,48
    6054:	a028                	sb	a0,2(s0)
    6056:	45a9                	li	a1,10
    6058:	8526                	mv	a0,s1
    605a:	896fa0ef          	jal	ra,f0 <__umodsi3>
    605e:	4795                	li	a5,5
    6060:	02f40823          	sb	a5,48(s0)
    6064:	03050513          	addi	a0,a0,48
    6068:	05000793          	li	a5,80
    606c:	b028                	sb	a0,3(s0)
    606e:	a05c                	sb	a5,4(s0)
    6070:	842fa06f          	j	b2 <__riscv_restore_0>

00006074 <Reply_Char>:
    6074:	b8c18793          	addi	a5,gp,-1140 # 2000041c <s_reply>
    6078:	0307c703          	lbu	a4,48(a5)
    607c:	02f00693          	li	a3,47
    6080:	00e6e863          	bltu	a3,a4,6090 <Reply_Char+0x1c>
    6084:	00170693          	addi	a3,a4,1
    6088:	02d78823          	sb	a3,48(a5)
    608c:	97ba                	add	a5,a5,a4
    608e:	a388                	sb	a0,0(a5)
    6090:	8082                	ret

00006092 <Reply_Text>:
    6092:	b8c18713          	addi	a4,gp,-1140 # 2000041c <s_reply>
    6096:	02f00613          	li	a2,47
    609a:	00050683          	lb	a3,0(a0)
    609e:	c689                	beqz	a3,60a8 <Reply_Text+0x16>
    60a0:	03074783          	lbu	a5,48(a4)
    60a4:	00f67363          	bgeu	a2,a5,60aa <Reply_Text+0x18>
    60a8:	8082                	ret
    60aa:	00178593          	addi	a1,a5,1
    60ae:	97ba                	add	a5,a5,a4
    60b0:	0505                	addi	a0,a0,1
    60b2:	02b70823          	sb	a1,48(a4)
    60b6:	a394                	sb	a3,0(a5)
    60b8:	b7cd                	j	609a <Reply_Text+0x8>

000060ba <Reply_UInt>:
    60ba:	feff92ef          	jal	t0,a8 <__riscv_save_0>
    60be:	1121                	addi	sp,sp,-24
    60c0:	0064                	addi	s1,sp,12
    60c2:	87aa                	mv	a5,a0
    60c4:	872e                	mv	a4,a1
    60c6:	86a6                	mv	a3,s1
    60c8:	4401                	li	s0,0
    60ca:	45a9                	li	a1,10
    60cc:	853e                	mv	a0,a5
    60ce:	c43a                	sw	a4,8(sp)
    60d0:	c236                	sw	a3,4(sp)
    60d2:	c03e                	sw	a5,0(sp)
    60d4:	81cfa0ef          	jal	ra,f0 <__umodsi3>
    60d8:	4692                	lw	a3,4(sp)
    60da:	4782                	lw	a5,0(sp)
    60dc:	03050513          	addi	a0,a0,48
    60e0:	a288                	sb	a0,0(a3)
    60e2:	45a9                	li	a1,10
    60e4:	853e                	mv	a0,a5
    60e6:	fdff90ef          	jal	ra,c4 <__hidden___udivsi3>
    60ea:	4602                	lw	a2,0(sp)
    60ec:	0405                	addi	s0,s0,1
    60ee:	4325                	li	t1,9
    60f0:	4692                	lw	a3,4(sp)
    60f2:	4722                	lw	a4,8(sp)
    60f4:	0ff47413          	zext.b	s0,s0
    60f8:	87aa                	mv	a5,a0
    60fa:	04c36763          	bltu	t1,a2,6148 <Reply_UInt+0x8e>
    60fe:	408707b3          	sub	a5,a4,s0
    6102:	0ff7f793          	zext.b	a5,a5
    6106:	4601                	li	a2,0
    6108:	00876363          	bltu	a4,s0,610e <Reply_UInt+0x54>
    610c:	863e                	mv	a2,a5
    610e:	03000593          	li	a1,48
    6112:	00848533          	add	a0,s1,s0
    6116:	c23a                	sw	a4,4(sp)
    6118:	c03e                	sw	a5,0(sp)
    611a:	836fa0ef          	jal	ra,150 <memset>
    611e:	4712                	lw	a4,4(sp)
    6120:	4681                	li	a3,0
    6122:	00876463          	bltu	a4,s0,612a <Reply_UInt+0x70>
    6126:	4782                	lw	a5,0(sp)
    6128:	86be                	mv	a3,a5
    612a:	147d                	addi	s0,s0,-1
    612c:	9436                	add	s0,s0,a3
    612e:	0ff47413          	zext.b	s0,s0
    6132:	9426                	add	s0,s0,s1
    6134:	2008                	lbu	a0,0(s0)
    6136:	f3fff0ef          	jal	ra,6074 <Reply_Char>
    613a:	87a2                	mv	a5,s0
    613c:	147d                	addi	s0,s0,-1
    613e:	fe979be3          	bne	a5,s1,6134 <Reply_UInt+0x7a>
    6142:	0161                	addi	sp,sp,24
    6144:	f6ff906f          	j	b2 <__riscv_restore_0>
    6148:	4629                	li	a2,10
    614a:	0685                	addi	a3,a3,1
    614c:	f6c41fe3          	bne	s0,a2,60ca <Reply_UInt+0x10>
    6150:	b77d                	j	60fe <Reply_UInt+0x44>

00006152 <Uart_BodyIs>:
    6152:	f57f92ef          	jal	t0,a8 <__riscv_save_0>
    6156:	1171                	addi	sp,sp,-4
    6158:	84aa                	mv	s1,a0
    615a:	8532                	mv	a0,a2
    615c:	c02e                	sw	a1,0(sp)
    615e:	8432                	mv	s0,a2
    6160:	3a9000ef          	jal	ra,6d08 <strlen>
    6164:	4582                	lw	a1,0(sp)
    6166:	0ff57793          	zext.b	a5,a0
    616a:	4501                	li	a0,0
    616c:	00b79963          	bne	a5,a1,617e <Uart_BodyIs+0x2c>
    6170:	863e                	mv	a2,a5
    6172:	85a2                	mv	a1,s0
    6174:	8526                	mv	a0,s1
    6176:	36f000ef          	jal	ra,6ce4 <memcmp>
    617a:	00153513          	seqz	a0,a0
    617e:	0111                	addi	sp,sp,4
    6180:	f33f906f          	j	b2 <__riscv_restore_0>

00006184 <Reply_Send>:
    6184:	f25f92ef          	jal	t0,a8 <__riscv_save_0>
    6188:	02100513          	li	a0,33
    618c:	ee9ff0ef          	jal	ra,6074 <Reply_Char>
    6190:	b8c18793          	addi	a5,gp,-1140 # 2000041c <s_reply>
    6194:	0307c583          	lbu	a1,48(a5)
    6198:	b8c18513          	addi	a0,gp,-1140 # 2000041c <s_reply>
    619c:	c4afd0ef          	jal	ra,35e6 <D_UART1_Tx_Write>
    61a0:	f13f906f          	j	b2 <__riscv_restore_0>

000061a4 <Reply_Value>:
    61a4:	f05f92ef          	jal	t0,a8 <__riscv_save_0>
    61a8:	1161                	addi	sp,sp,-8
    61aa:	842e                	mv	s0,a1
    61ac:	c032                	sw	a2,0(sp)
    61ae:	c22a                	sw	a0,4(sp)
    61b0:	e6dff0ef          	jal	ra,601c <Reply_Begin>
    61b4:	4512                	lw	a0,4(sp)
    61b6:	eddff0ef          	jal	ra,6092 <Reply_Text>
    61ba:	4582                	lw	a1,0(sp)
    61bc:	8522                	mv	a0,s0
    61be:	efdff0ef          	jal	ra,60ba <Reply_UInt>
    61c2:	fc3ff0ef          	jal	ra,6184 <Reply_Send>
    61c6:	0121                	addi	sp,sp,8
    61c8:	eebf906f          	j	b2 <__riscv_restore_0>

000061cc <Reply_OK>:
    61cc:	eddf92ef          	jal	t0,a8 <__riscv_save_0>
    61d0:	e4dff0ef          	jal	ra,601c <Reply_Begin>
    61d4:	651d                	lui	a0,0x7
    61d6:	df850513          	addi	a0,a0,-520 # 6df8 <span.0+0x8>
    61da:	eb9ff0ef          	jal	ra,6092 <Reply_Text>
    61de:	fa7ff0ef          	jal	ra,6184 <Reply_Send>
    61e2:	ed1f906f          	j	b2 <__riscv_restore_0>

000061e6 <Uart_ParseDigits.part.0>:
    61e6:	4701                	li	a4,0
    61e8:	4781                	li	a5,0
    61ea:	4325                	li	t1,9
    61ec:	42a9                	li	t0,10
    61ee:	0ff77693          	zext.b	a3,a4
    61f2:	00b6e563          	bltu	a3,a1,61fc <Uart_ParseDigits.part.0+0x16>
    61f6:	a21e                	sh	a5,0(a2)
    61f8:	4505                	li	a0,1
    61fa:	8082                	ret
    61fc:	00e506b3          	add	a3,a0,a4
    6200:	0006c383          	lbu	t2,0(a3)
    6204:	0705                	addi	a4,a4,1
    6206:	fd038693          	addi	a3,t2,-48
    620a:	0ff6f693          	zext.b	a3,a3
    620e:	00d36a63          	bltu	t1,a3,6222 <Uart_ParseDigits.part.0+0x3c>
    6212:	025787b3          	mul	a5,a5,t0
    6216:	fd078793          	addi	a5,a5,-48
    621a:	979e                	add	a5,a5,t2
    621c:	07c2                	slli	a5,a5,0x10
    621e:	83c1                	srli	a5,a5,0x10
    6220:	b7f9                	j	61ee <Uart_ParseDigits.part.0+0x8>
    6222:	4501                	li	a0,0
    6224:	8082                	ret

00006226 <A_Uart_Process>:
    6226:	e83f92ef          	jal	t0,a8 <__riscv_save_0>
    622a:	1121                	addi	sp,sp,-24
    622c:	00b10513          	addi	a0,sp,11
    6230:	bacfd0ef          	jal	ra,35dc <D_UART1_Rx_Get>
    6234:	e511                	bnez	a0,6240 <A_Uart_Process+0x1a>
    6236:	c6cfd0ef          	jal	ra,36a2 <D_UART_Service>
    623a:	0161                	addi	sp,sp,24
    623c:	e77f906f          	j	b2 <__riscv_restore_0>
    6240:	8598                	lbu	a4,11(sp)
    6242:	02300593          	li	a1,35
    6246:	00b71d63          	bne	a4,a1,6260 <A_Uart_Process+0x3a>
    624a:	4785                	li	a5,1
    624c:	baf18ea3          	sb	a5,-1091(gp) # 2000044d <s_framing>
    6250:	baf18f23          	sb	a5,-1090(gp) # 2000044e <s_frame_idx>
    6254:	bce18023          	sb	a4,-1088(gp) # 20000450 <s_frame>
    6258:	8588                	lbu	a0,11(sp)
    625a:	a00fa0ef          	jal	ra,45a <IAP_Rx_Deal>
    625e:	b7f9                	j	622c <A_Uart_Process+0x6>
    6260:	bbd1c783          	lbu	a5,-1091(gp) # 2000044d <s_framing>
    6264:	dbf5                	beqz	a5,6258 <A_Uart_Process+0x32>
    6266:	bbe1c783          	lbu	a5,-1090(gp) # 2000044e <s_frame_idx>
    626a:	c03e                	sw	a5,0(sp)
    626c:	4602                	lw	a2,0(sp)
    626e:	47fd                	li	a5,31
    6270:	00c7f563          	bgeu	a5,a2,627a <A_Uart_Process+0x54>
    6274:	ba018ea3          	sb	zero,-1091(gp) # 2000044d <s_framing>
    6278:	b7c5                	j	6258 <A_Uart_Process+0x32>
    627a:	4782                	lw	a5,0(sp)
    627c:	4502                	lw	a0,0(sp)
    627e:	0785                	addi	a5,a5,1
    6280:	0ff7f793          	zext.b	a5,a5
    6284:	baf18f23          	sb	a5,-1090(gp) # 2000044e <s_frame_idx>
    6288:	bc018613          	addi	a2,gp,-1088 # 20000450 <s_frame>
    628c:	962a                	add	a2,a2,a0
    628e:	a218                	sb	a4,0(a2)
    6290:	02100613          	li	a2,33
    6294:	bc018313          	addi	t1,gp,-1088 # 20000450 <s_frame>
    6298:	fcc710e3          	bne	a4,a2,6258 <A_Uart_Process+0x32>
    629c:	4619                	li	a2,6
    629e:	fcf67be3          	bgeu	a2,a5,6274 <A_Uart_Process+0x4e>
    62a2:	bc01c683          	lbu	a3,-1088(gp) # 20000450 <s_frame>
    62a6:	fcb697e3          	bne	a3,a1,6274 <A_Uart_Process+0x4e>
    62aa:	00434603          	lbu	a2,4(t1)
    62ae:	05000693          	li	a3,80
    62b2:	fcd611e3          	bne	a2,a3,6274 <A_Uart_Process+0x4e>
    62b6:	bbf18693          	addi	a3,gp,-1089 # 2000044f <s_frame_idx+0x1>
    62ba:	97b6                	add	a5,a5,a3
    62bc:	239c                	lbu	a5,0(a5)
    62be:	fae79be3          	bne	a5,a4,6274 <A_Uart_Process+0x4e>
    62c2:	0070                	addi	a2,sp,12
    62c4:	458d                	li	a1,3
    62c6:	bc118513          	addi	a0,gp,-1087 # 20000451 <s_frame+0x1>
    62ca:	f1dff0ef          	jal	ra,61e6 <Uart_ParseDigits.part.0>
    62ce:	d15d                	beqz	a0,6274 <A_Uart_Process+0x4e>
    62d0:	ae418693          	addi	a3,gp,-1308 # 20000374 <g_config>
    62d4:	863c                	lhu	a5,12(sp)
    62d6:	2694                	lbu	a3,8(a3)
    62d8:	ae418713          	addi	a4,gp,-1308 # 20000374 <g_config>
    62dc:	c23a                	sw	a4,4(sp)
    62de:	bc018313          	addi	t1,gp,-1088 # 20000450 <s_frame>
    62e2:	00f68663          	beq	a3,a5,62ee <A_Uart_Process+0xc8>
    62e6:	0ff00713          	li	a4,255
    62ea:	f8e795e3          	bne	a5,a4,6274 <A_Uart_Process+0x4e>
    62ee:	4782                	lw	a5,0(sp)
    62f0:	c802                	sw	zero,16(sp)
    62f2:	ca02                	sw	zero,20(sp)
    62f4:	ffb78493          	addi	s1,a5,-5
    62f8:	0ff4f493          	zext.b	s1,s1
    62fc:	47a5                	li	a5,9
    62fe:	04f49f63          	bne	s1,a5,635c <A_Uart_Process+0x136>
    6302:	00934703          	lbu	a4,9(t1)
    6306:	05400793          	li	a5,84
    630a:	04f71963          	bne	a4,a5,635c <A_Uart_Process+0x136>
    630e:	0850                	addi	a2,sp,20
    6310:	4591                	li	a1,4
    6312:	bc518513          	addi	a0,gp,-1083 # 20000455 <s_frame+0x5>
    6316:	ed1ff0ef          	jal	ra,61e6 <Uart_ParseDigits.part.0>
    631a:	c129                	beqz	a0,635c <A_Uart_Process+0x136>
    631c:	01610613          	addi	a2,sp,22
    6320:	4591                	li	a1,4
    6322:	bca18513          	addi	a0,gp,-1078 # 2000045a <s_frame+0xa>
    6326:	ec1ff0ef          	jal	ra,61e6 <Uart_ParseDigits.part.0>
    632a:	c90d                	beqz	a0,635c <A_Uart_Process+0x136>
    632c:	82bc                	lhu	a5,20(sp)
    632e:	7d000713          	li	a4,2000
    6332:	e0c78793          	addi	a5,a5,-500
    6336:	07c2                	slli	a5,a5,0x10
    6338:	83c1                	srli	a5,a5,0x10
    633a:	f2f76de3          	bltu	a4,a5,6274 <A_Uart_Process+0x4e>
    633e:	4785                	li	a5,1
    6340:	c83e                	sw	a5,16(sp)
    6342:	4542                	lw	a0,16(sp)
    6344:	4765                	li	a4,25
    6346:	fff50793          	addi	a5,a0,-1
    634a:	f2f765e3          	bltu	a4,a5,6274 <A_Uart_Process+0x4e>
    634e:	671d                	lui	a4,0x7
    6350:	078a                	slli	a5,a5,0x2
    6352:	e7470713          	addi	a4,a4,-396 # 6e74 <span.0+0x84>
    6356:	97ba                	add	a5,a5,a4
    6358:	439c                	lw	a5,0(a5)
    635a:	8782                	jr	a5
    635c:	661d                	lui	a2,0x7
    635e:	dfc60613          	addi	a2,a2,-516 # 6dfc <span.0+0xc>
    6362:	85a6                	mv	a1,s1
    6364:	bc518513          	addi	a0,gp,-1083 # 20000455 <s_frame+0x5>
    6368:	debff0ef          	jal	ra,6152 <Uart_BodyIs>
    636c:	4789                	li	a5,2
    636e:	ed01                	bnez	a0,6386 <A_Uart_Process+0x160>
    6370:	679d                	lui	a5,0x7
    6372:	e0078613          	addi	a2,a5,-512 # 6e00 <span.0+0x10>
    6376:	85a6                	mv	a1,s1
    6378:	bc518513          	addi	a0,gp,-1083 # 20000455 <s_frame+0x5>
    637c:	dd7ff0ef          	jal	ra,6152 <Uart_BodyIs>
    6380:	679d                	lui	a5,0x7
    6382:	c501                	beqz	a0,638a <A_Uart_Process+0x164>
    6384:	478d                	li	a5,3
    6386:	c83e                	sw	a5,16(sp)
    6388:	a825                	j	63c0 <A_Uart_Process+0x19a>
    638a:	4715                	li	a4,5
    638c:	02e49e63          	bne	s1,a4,63c8 <A_Uart_Process+0x1a2>
    6390:	4609                	li	a2,2
    6392:	e0078593          	addi	a1,a5,-512 # 6e00 <span.0+0x10>
    6396:	bc518513          	addi	a0,gp,-1083 # 20000455 <s_frame+0x5>
    639a:	14b000ef          	jal	ra,6ce4 <memcmp>
    639e:	e50d                	bnez	a0,63c8 <A_Uart_Process+0x1a2>
    63a0:	00e10613          	addi	a2,sp,14
    63a4:	458d                	li	a1,3
    63a6:	bc718513          	addi	a0,gp,-1081 # 20000457 <s_frame+0x7>
    63aa:	e3dff0ef          	jal	ra,61e6 <Uart_ParseDigits.part.0>
    63ae:	cd09                	beqz	a0,63c8 <A_Uart_Process+0x1a2>
    63b0:	873c                	lhu	a5,14(sp)
    63b2:	0fe00713          	li	a4,254
    63b6:	00f76963          	bltu	a4,a5,63c8 <A_Uart_Process+0x1a2>
    63ba:	4711                	li	a4,4
    63bc:	c83a                	sw	a4,16(sp)
    63be:	83fc                	sh	a5,22(sp)
    63c0:	47c2                	lw	a5,16(sp)
    63c2:	ea0789e3          	beqz	a5,6274 <A_Uart_Process+0x4e>
    63c6:	bfb5                	j	6342 <A_Uart_Process+0x11c>
    63c8:	661d                	lui	a2,0x7
    63ca:	e0460613          	addi	a2,a2,-508 # 6e04 <span.0+0x14>
    63ce:	85a6                	mv	a1,s1
    63d0:	bc518513          	addi	a0,gp,-1083 # 20000455 <s_frame+0x5>
    63d4:	d7fff0ef          	jal	ra,6152 <Uart_BodyIs>
    63d8:	4795                	li	a5,5
    63da:	f555                	bnez	a0,6386 <A_Uart_Process+0x160>
    63dc:	661d                	lui	a2,0x7
    63de:	e0860613          	addi	a2,a2,-504 # 6e08 <span.0+0x18>
    63e2:	85a6                	mv	a1,s1
    63e4:	bc518513          	addi	a0,gp,-1083 # 20000455 <s_frame+0x5>
    63e8:	d6bff0ef          	jal	ra,6152 <Uart_BodyIs>
    63ec:	4799                	li	a5,6
    63ee:	fd41                	bnez	a0,6386 <A_Uart_Process+0x160>
    63f0:	661d                	lui	a2,0x7
    63f2:	e0c60613          	addi	a2,a2,-500 # 6e0c <span.0+0x1c>
    63f6:	85a6                	mv	a1,s1
    63f8:	bc518513          	addi	a0,gp,-1083 # 20000455 <s_frame+0x5>
    63fc:	d57ff0ef          	jal	ra,6152 <Uart_BodyIs>
    6400:	479d                	li	a5,7
    6402:	f151                	bnez	a0,6386 <A_Uart_Process+0x160>
    6404:	671d                	lui	a4,0x7
    6406:	e1070613          	addi	a2,a4,-496 # 6e10 <span.0+0x20>
    640a:	85a6                	mv	a1,s1
    640c:	bc518513          	addi	a0,gp,-1083 # 20000455 <s_frame+0x5>
    6410:	d43ff0ef          	jal	ra,6152 <Uart_BodyIs>
    6414:	671d                	lui	a4,0x7
    6416:	47a1                	li	a5,8
    6418:	f53d                	bnez	a0,6386 <A_Uart_Process+0x160>
    641a:	4782                	lw	a5,0(sp)
    641c:	4685                	li	a3,1
    641e:	17dd                	addi	a5,a5,-9
    6420:	0ff7f793          	zext.b	a5,a5
    6424:	04f6e463          	bltu	a3,a5,646c <A_Uart_Process+0x246>
    6428:	460d                	li	a2,3
    642a:	e1070593          	addi	a1,a4,-496 # 6e10 <span.0+0x20>
    642e:	bc518513          	addi	a0,gp,-1083 # 20000455 <s_frame+0x5>
    6432:	0b3000ef          	jal	ra,6ce4 <memcmp>
    6436:	e91d                	bnez	a0,646c <A_Uart_Process+0x246>
    6438:	4782                	lw	a5,0(sp)
    643a:	00e10613          	addi	a2,sp,14
    643e:	ff878593          	addi	a1,a5,-8
    6442:	0ff5f593          	zext.b	a1,a1
    6446:	bc818513          	addi	a0,gp,-1080 # 20000458 <s_frame+0x8>
    644a:	d9dff0ef          	jal	ra,61e6 <Uart_ParseDigits.part.0>
    644e:	cd19                	beqz	a0,646c <A_Uart_Process+0x246>
    6450:	873c                	lhu	a5,14(sp)
    6452:	46a9                	li	a3,10
    6454:	fff78713          	addi	a4,a5,-1
    6458:	0742                	slli	a4,a4,0x10
    645a:	8341                	srli	a4,a4,0x10
    645c:	00e6e863          	bltu	a3,a4,646c <A_Uart_Process+0x246>
    6460:	4719                	li	a4,6
    6462:	06f76d63          	bltu	a4,a5,64dc <A_Uart_Process+0x2b6>
    6466:	4711                	li	a4,4
    6468:	06f77d63          	bgeu	a4,a5,64e2 <A_Uart_Process+0x2bc>
    646c:	661d                	lui	a2,0x7
    646e:	e1460613          	addi	a2,a2,-492 # 6e14 <span.0+0x24>
    6472:	85a6                	mv	a1,s1
    6474:	bc518513          	addi	a0,gp,-1083 # 20000455 <s_frame+0x5>
    6478:	cdbff0ef          	jal	ra,6152 <Uart_BodyIs>
    647c:	47a9                	li	a5,10
    647e:	f00514e3          	bnez	a0,6386 <A_Uart_Process+0x160>
    6482:	661d                	lui	a2,0x7
    6484:	e1860613          	addi	a2,a2,-488 # 6e18 <span.0+0x28>
    6488:	85a6                	mv	a1,s1
    648a:	bc518513          	addi	a0,gp,-1083 # 20000455 <s_frame+0x5>
    648e:	cc5ff0ef          	jal	ra,6152 <Uart_BodyIs>
    6492:	47ad                	li	a5,11
    6494:	ee0519e3          	bnez	a0,6386 <A_Uart_Process+0x160>
    6498:	661d                	lui	a2,0x7
    649a:	e1c60613          	addi	a2,a2,-484 # 6e1c <span.0+0x2c>
    649e:	85a6                	mv	a1,s1
    64a0:	bc518513          	addi	a0,gp,-1083 # 20000455 <s_frame+0x5>
    64a4:	cafff0ef          	jal	ra,6152 <Uart_BodyIs>
    64a8:	47b1                	li	a5,12
    64aa:	ec051ee3          	bnez	a0,6386 <A_Uart_Process+0x160>
    64ae:	661d                	lui	a2,0x7
    64b0:	e2060613          	addi	a2,a2,-480 # 6e20 <span.0+0x30>
    64b4:	85a6                	mv	a1,s1
    64b6:	bc518513          	addi	a0,gp,-1083 # 20000455 <s_frame+0x5>
    64ba:	c99ff0ef          	jal	ra,6152 <Uart_BodyIs>
    64be:	47b5                	li	a5,13
    64c0:	ec0513e3          	bnez	a0,6386 <A_Uart_Process+0x160>
    64c4:	679d                	lui	a5,0x7
    64c6:	e2478613          	addi	a2,a5,-476 # 6e24 <span.0+0x34>
    64ca:	85a6                	mv	a1,s1
    64cc:	bc518513          	addi	a0,gp,-1083 # 20000455 <s_frame+0x5>
    64d0:	c83ff0ef          	jal	ra,6152 <Uart_BodyIs>
    64d4:	679d                	lui	a5,0x7
    64d6:	c901                	beqz	a0,64e6 <A_Uart_Process+0x2c0>
    64d8:	47b9                	li	a5,14
    64da:	b575                	j	6386 <A_Uart_Process+0x160>
    64dc:	472d                	li	a4,11
    64de:	f8e787e3          	beq	a5,a4,646c <A_Uart_Process+0x246>
    64e2:	4725                	li	a4,9
    64e4:	bde1                	j	63bc <A_Uart_Process+0x196>
    64e6:	470d                	li	a4,3
    64e8:	04e49963          	bne	s1,a4,653a <A_Uart_Process+0x314>
    64ec:	4609                	li	a2,2
    64ee:	e2478593          	addi	a1,a5,-476 # 6e24 <span.0+0x34>
    64f2:	bc518513          	addi	a0,gp,-1083 # 20000455 <s_frame+0x5>
    64f6:	7ee000ef          	jal	ra,6ce4 <memcmp>
    64fa:	e50d                	bnez	a0,6524 <A_Uart_Process+0x2fe>
    64fc:	00e10613          	addi	a2,sp,14
    6500:	4585                	li	a1,1
    6502:	bc718513          	addi	a0,gp,-1081 # 20000457 <s_frame+0x7>
    6506:	ce1ff0ef          	jal	ra,61e6 <Uart_ParseDigits.part.0>
    650a:	cd09                	beqz	a0,6524 <A_Uart_Process+0x2fe>
    650c:	8738                	lhu	a4,14(sp)
    650e:	469d                	li	a3,7
    6510:	fff70793          	addi	a5,a4,-1
    6514:	07c2                	slli	a5,a5,0x10
    6516:	83c1                	srli	a5,a5,0x10
    6518:	00f6e663          	bltu	a3,a5,6524 <A_Uart_Process+0x2fe>
    651c:	47bd                	li	a5,15
    651e:	c83e                	sw	a5,16(sp)
    6520:	83f8                	sh	a4,22(sp)
    6522:	bd79                	j	63c0 <A_Uart_Process+0x19a>
    6524:	661d                	lui	a2,0x7
    6526:	e2860613          	addi	a2,a2,-472 # 6e28 <span.0+0x38>
    652a:	458d                	li	a1,3
    652c:	bc518513          	addi	a0,gp,-1083 # 20000455 <s_frame+0x5>
    6530:	c23ff0ef          	jal	ra,6152 <Uart_BodyIs>
    6534:	c539                	beqz	a0,6582 <A_Uart_Process+0x35c>
    6536:	47dd                	li	a5,23
    6538:	b5b9                	j	6386 <A_Uart_Process+0x160>
    653a:	679d                	lui	a5,0x7
    653c:	e2878613          	addi	a2,a5,-472 # 6e28 <span.0+0x38>
    6540:	85a6                	mv	a1,s1
    6542:	bc518513          	addi	a0,gp,-1083 # 20000455 <s_frame+0x5>
    6546:	c0dff0ef          	jal	ra,6152 <Uart_BodyIs>
    654a:	f575                	bnez	a0,6536 <A_Uart_Process+0x310>
    654c:	4715                	li	a4,5
    654e:	02e49a63          	bne	s1,a4,6582 <A_Uart_Process+0x35c>
    6552:	679d                	lui	a5,0x7
    6554:	4609                	li	a2,2
    6556:	e2878593          	addi	a1,a5,-472 # 6e28 <span.0+0x38>
    655a:	bc518513          	addi	a0,gp,-1083 # 20000455 <s_frame+0x5>
    655e:	786000ef          	jal	ra,6ce4 <memcmp>
    6562:	e105                	bnez	a0,6582 <A_Uart_Process+0x35c>
    6564:	00e10613          	addi	a2,sp,14
    6568:	458d                	li	a1,3
    656a:	bc718513          	addi	a0,gp,-1081 # 20000457 <s_frame+0x7>
    656e:	c79ff0ef          	jal	ra,61e6 <Uart_ParseDigits.part.0>
    6572:	c901                	beqz	a0,6582 <A_Uart_Process+0x35c>
    6574:	873c                	lhu	a5,14(sp)
    6576:	06400713          	li	a4,100
    657a:	00f76463          	bltu	a4,a5,6582 <A_Uart_Process+0x35c>
    657e:	4761                	li	a4,24
    6580:	bd35                	j	63bc <A_Uart_Process+0x196>
    6582:	661d                	lui	a2,0x7
    6584:	e2c60613          	addi	a2,a2,-468 # 6e2c <span.0+0x3c>
    6588:	85a6                	mv	a1,s1
    658a:	bc518513          	addi	a0,gp,-1083 # 20000455 <s_frame+0x5>
    658e:	bc5ff0ef          	jal	ra,6152 <Uart_BodyIs>
    6592:	47e5                	li	a5,25
    6594:	de0519e3          	bnez	a0,6386 <A_Uart_Process+0x160>
    6598:	661d                	lui	a2,0x7
    659a:	e3060613          	addi	a2,a2,-464 # 6e30 <span.0+0x40>
    659e:	85a6                	mv	a1,s1
    65a0:	bc518513          	addi	a0,gp,-1083 # 20000455 <s_frame+0x5>
    65a4:	bafff0ef          	jal	ra,6152 <Uart_BodyIs>
    65a8:	47e9                	li	a5,26
    65aa:	dc051ee3          	bnez	a0,6386 <A_Uart_Process+0x160>
    65ae:	661d                	lui	a2,0x7
    65b0:	e3460613          	addi	a2,a2,-460 # 6e34 <span.0+0x44>
    65b4:	85a6                	mv	a1,s1
    65b6:	bc518513          	addi	a0,gp,-1083 # 20000455 <s_frame+0x5>
    65ba:	b99ff0ef          	jal	ra,6152 <Uart_BodyIs>
    65be:	47c1                	li	a5,16
    65c0:	dc0513e3          	bnez	a0,6386 <A_Uart_Process+0x160>
    65c4:	661d                	lui	a2,0x7
    65c6:	e3860613          	addi	a2,a2,-456 # 6e38 <span.0+0x48>
    65ca:	85a6                	mv	a1,s1
    65cc:	bc518513          	addi	a0,gp,-1083 # 20000455 <s_frame+0x5>
    65d0:	b83ff0ef          	jal	ra,6152 <Uart_BodyIs>
    65d4:	47c5                	li	a5,17
    65d6:	da0518e3          	bnez	a0,6386 <A_Uart_Process+0x160>
    65da:	679d                	lui	a5,0x7
    65dc:	e3c78613          	addi	a2,a5,-452 # 6e3c <span.0+0x4c>
    65e0:	85a6                	mv	a1,s1
    65e2:	bc518513          	addi	a0,gp,-1083 # 20000455 <s_frame+0x5>
    65e6:	b6dff0ef          	jal	ra,6152 <Uart_BodyIs>
    65ea:	679d                	lui	a5,0x7
    65ec:	c119                	beqz	a0,65f2 <A_Uart_Process+0x3cc>
    65ee:	47c9                	li	a5,18
    65f0:	bb59                	j	6386 <A_Uart_Process+0x160>
    65f2:	4711                	li	a4,4
    65f4:	02e49c63          	bne	s1,a4,662c <A_Uart_Process+0x406>
    65f8:	460d                	li	a2,3
    65fa:	e3c78593          	addi	a1,a5,-452 # 6e3c <span.0+0x4c>
    65fe:	bc518513          	addi	a0,gp,-1083 # 20000455 <s_frame+0x5>
    6602:	6e2000ef          	jal	ra,6ce4 <memcmp>
    6606:	e11d                	bnez	a0,662c <A_Uart_Process+0x406>
    6608:	00e10613          	addi	a2,sp,14
    660c:	4585                	li	a1,1
    660e:	bc818513          	addi	a0,gp,-1080 # 20000458 <s_frame+0x8>
    6612:	bd5ff0ef          	jal	ra,61e6 <Uart_ParseDigits.part.0>
    6616:	c919                	beqz	a0,662c <A_Uart_Process+0x406>
    6618:	8738                	lhu	a4,14(sp)
    661a:	4689                	li	a3,2
    661c:	fff70793          	addi	a5,a4,-1
    6620:	07c2                	slli	a5,a5,0x10
    6622:	83c1                	srli	a5,a5,0x10
    6624:	00f6e463          	bltu	a3,a5,662c <A_Uart_Process+0x406>
    6628:	47cd                	li	a5,19
    662a:	bdd5                	j	651e <A_Uart_Process+0x2f8>
    662c:	661d                	lui	a2,0x7
    662e:	e4060613          	addi	a2,a2,-448 # 6e40 <span.0+0x50>
    6632:	85a6                	mv	a1,s1
    6634:	bc518513          	addi	a0,gp,-1083 # 20000455 <s_frame+0x5>
    6638:	b1bff0ef          	jal	ra,6152 <Uart_BodyIs>
    663c:	47d1                	li	a5,20
    663e:	d40514e3          	bnez	a0,6386 <A_Uart_Process+0x160>
    6642:	661d                	lui	a2,0x7
    6644:	e4860613          	addi	a2,a2,-440 # 6e48 <span.0+0x58>
    6648:	85a6                	mv	a1,s1
    664a:	bc518513          	addi	a0,gp,-1083 # 20000455 <s_frame+0x5>
    664e:	b05ff0ef          	jal	ra,6152 <Uart_BodyIs>
    6652:	47d5                	li	a5,21
    6654:	d20519e3          	bnez	a0,6386 <A_Uart_Process+0x160>
    6658:	661d                	lui	a2,0x7
    665a:	e4c60613          	addi	a2,a2,-436 # 6e4c <span.0+0x5c>
    665e:	85a6                	mv	a1,s1
    6660:	bc518513          	addi	a0,gp,-1083 # 20000455 <s_frame+0x5>
    6664:	aefff0ef          	jal	ra,6152 <Uart_BodyIs>
    6668:	d4050ce3          	beqz	a0,63c0 <A_Uart_Process+0x19a>
    666c:	47d9                	li	a5,22
    666e:	bb21                	j	6386 <A_Uart_Process+0x160>
    6670:	83ac                	lhu	a1,22(sp)
    6672:	82a8                	lhu	a0,20(sp)
    6674:	914ff0ef          	jal	ra,5788 <A_Servo_Submit>
    6678:	bef5                	j	6274 <A_Uart_Process+0x4e>
    667a:	9a3ff0ef          	jal	ra,601c <Reply_Begin>
    667e:	651d                	lui	a0,0x7
    6680:	e5050513          	addi	a0,a0,-432 # 6e50 <span.0+0x60>
    6684:	a0fff0ef          	jal	ra,6092 <Reply_Text>
    6688:	afdff0ef          	jal	ra,6184 <Reply_Send>
    668c:	b6e5                	j	6274 <A_Uart_Process+0x4e>
    668e:	98fff0ef          	jal	ra,601c <Reply_Begin>
    6692:	bfdd                	j	6688 <A_Uart_Process+0x462>
    6694:	83bc                	lhu	a5,22(sp)
    6696:	4712                	lw	a4,4(sp)
    6698:	a71c                	sb	a5,8(a4)
    669a:	fd0fe0ef          	jal	ra,4e6a <A_Config_MarkDirty>
    669e:	a021                	j	66a6 <A_Uart_Process+0x480>
    66a0:	4501                	li	a0,0
    66a2:	89eff0ef          	jal	ra,5740 <A_Servo_Release>
    66a6:	b27ff0ef          	jal	ra,61cc <Reply_OK>
    66aa:	b6e9                	j	6274 <A_Uart_Process+0x4e>
    66ac:	4505                	li	a0,1
    66ae:	bfd5                	j	66a2 <A_Uart_Process+0x47c>
    66b0:	89eff0ef          	jal	ra,574e <A_Servo_RestoreTorque>
    66b4:	bfcd                	j	66a6 <A_Uart_Process+0x480>
    66b6:	f71fe0ef          	jal	ra,5626 <A_Servo_Pause>
    66ba:	b7f5                	j	66a6 <A_Uart_Process+0x480>
    66bc:	fbbfe0ef          	jal	ra,5676 <A_Servo_Resume>
    66c0:	b7dd                	j	66a6 <A_Uart_Process+0x480>
    66c2:	824ff0ef          	jal	ra,56e6 <A_Servo_Stop>
    66c6:	b67d                	j	6274 <A_Uart_Process+0x4e>
    66c8:	4792                	lw	a5,4(sp)
    66ca:	651d                	lui	a0,0x7
    66cc:	4601                	li	a2,0
    66ce:	378c                	lbu	a1,9(a5)
    66d0:	e1050513          	addi	a0,a0,-496 # 6e10 <span.0+0x20>
    66d4:	ad1ff0ef          	jal	ra,61a4 <Reply_Value>
    66d8:	be71                	j	6274 <A_Uart_Process+0x4e>
    66da:	4792                	lw	a5,4(sp)
    66dc:	651d                	lui	a0,0x7
    66de:	4601                	li	a2,0
    66e0:	37ac                	lbu	a1,11(a5)
    66e2:	e3c50513          	addi	a0,a0,-452 # 6e3c <span.0+0x4c>
    66e6:	b7fd                	j	66d4 <A_Uart_Process+0x4ae>
    66e8:	8abfe0ef          	jal	ra,4f92 <A_Config_Baudrate>
    66ec:	85aa                	mv	a1,a0
    66ee:	651d                	lui	a0,0x7
    66f0:	4601                	li	a2,0
    66f2:	e6850513          	addi	a0,a0,-408 # 6e68 <span.0+0x78>
    66f6:	bff9                	j	66d4 <A_Uart_Process+0x4ae>
    66f8:	c04ff0ef          	jal	ra,5afc <A_Servo_GetPositionPwm>
    66fc:	85aa                	mv	a1,a0
    66fe:	651d                	lui	a0,0x7
    6700:	4611                	li	a2,4
    6702:	e6450513          	addi	a0,a0,-412 # 6e64 <span.0+0x74>
    6706:	b7f9                	j	66d4 <A_Uart_Process+0x4ae>
    6708:	935fe0ef          	jal	ra,503c <A_Protect_GetTorque>
    670c:	85aa                	mv	a1,a0
    670e:	651d                	lui	a0,0x7
    6710:	460d                	li	a2,3
    6712:	e2850513          	addi	a0,a0,-472 # 6e28 <span.0+0x38>
    6716:	bf7d                	j	66d4 <A_Uart_Process+0x4ae>
    6718:	01614503          	lbu	a0,22(sp)
    671c:	b9cff0ef          	jal	ra,5ab8 <A_Servo_SetMode>
    6720:	b4050ae3          	beqz	a0,6274 <A_Uart_Process+0x4e>
    6724:	b749                	j	66a6 <A_Uart_Process+0x480>
    6726:	01614503          	lbu	a0,22(sp)
    672a:	8f1fe0ef          	jal	ra,501a <A_Protect_SetTorque>
    672e:	bfcd                	j	6720 <A_Uart_Process+0x4fa>
    6730:	be2ff0ef          	jal	ra,5b12 <A_Servo_CalibrateMid>
    6734:	b7f5                	j	6720 <A_Uart_Process+0x4fa>
    6736:	4505                	li	a0,1
    6738:	c72ff0ef          	jal	ra,5baa <A_Servo_SetTravelEnd>
    673c:	b7d5                	j	6720 <A_Uart_Process+0x4fa>
    673e:	4501                	li	a0,0
    6740:	bfe5                	j	6738 <A_Uart_Process+0x512>
    6742:	d2aff0ef          	jal	ra,5c6c <A_Servo_SaveStartup>
    6746:	bfe9                	j	6720 <A_Uart_Process+0x4fa>
    6748:	83bc                	lhu	a5,22(sp)
    674a:	4712                	lw	a4,4(sp)
    674c:	b73c                	sb	a5,11(a4)
    674e:	b7b1                	j	669a <A_Uart_Process+0x474>
    6750:	83bc                	lhu	a5,22(sp)
    6752:	4712                	lw	a4,4(sp)
    6754:	a73c                	sb	a5,10(a4)
    6756:	f14fe0ef          	jal	ra,4e6a <A_Config_MarkDirty>
    675a:	a73ff0ef          	jal	ra,61cc <Reply_OK>
    675e:	835fe0ef          	jal	ra,4f92 <A_Config_Baudrate>
    6762:	f3bfc0ef          	jal	ra,369c <D_UART_SetBaud_Deferred>
    6766:	b639                	j	6274 <A_Uart_Process+0x4e>
    6768:	1531                	addi	a0,a0,-20
    676a:	00153513          	seqz	a0,a0
    676e:	f0cfe0ef          	jal	ra,4e7a <A_Config_Default>
    6772:	e59fe0ef          	jal	ra,55ca <A_Servo_ApplyConfig>
    6776:	b7d5                	j	675a <A_Uart_Process+0x534>
    6778:	b67fe0ef          	jal	ra,52de <A_Temperature_Read>
    677c:	84aa                	mv	s1,a0
    677e:	b3dfe0ef          	jal	ra,52ba <A_Voltage_Read>
    6782:	45a9                	li	a1,10
    6784:	0515                	addi	a0,a0,5
    6786:	93ff90ef          	jal	ra,c4 <__hidden___udivsi3>
    678a:	01051793          	slli	a5,a0,0x10
    678e:	83c1                	srli	a5,a5,0x10
    6790:	c03e                	sw	a5,0(sp)
    6792:	88bff0ef          	jal	ra,601c <Reply_Begin>
    6796:	651d                	lui	a0,0x7
    6798:	e7050513          	addi	a0,a0,-400 # 6e70 <span.0+0x80>
    679c:	8f7ff0ef          	jal	ra,6092 <Reply_Text>
    67a0:	b5cff0ef          	jal	ra,5afc <A_Servo_GetPositionPwm>
    67a4:	4591                	li	a1,4
    67a6:	915ff0ef          	jal	ra,60ba <Reply_UInt>
    67aa:	05400513          	li	a0,84
    67ae:	8c7ff0ef          	jal	ra,6074 <Reply_Char>
    67b2:	7761                	lui	a4,0xffff8
    67b4:	4401                	li	s0,0
    67b6:	02e48263          	beq	s1,a4,67da <A_Uart_Process+0x5b4>
    67ba:	45a9                	li	a1,10
    67bc:	8526                	mv	a0,s1
    67be:	8fff90ef          	jal	ra,bc <__divsi3>
    67c2:	01051413          	slli	s0,a0,0x10
    67c6:	575d                	li	a4,-9
    67c8:	8441                	srai	s0,s0,0x10
    67ca:	00e4d863          	bge	s1,a4,67da <A_Uart_Process+0x5b4>
    67ce:	02d00513          	li	a0,45
    67d2:	8a3ff0ef          	jal	ra,6074 <Reply_Char>
    67d6:	40800433          	neg	s0,s0
    67da:	4581                	li	a1,0
    67dc:	8522                	mv	a0,s0
    67de:	8ddff0ef          	jal	ra,60ba <Reply_UInt>
    67e2:	05600513          	li	a0,86
    67e6:	88fff0ef          	jal	ra,6074 <Reply_Char>
    67ea:	4502                	lw	a0,0(sp)
    67ec:	45a9                	li	a1,10
    67ee:	8d7f90ef          	jal	ra,c4 <__hidden___udivsi3>
    67f2:	0542                	slli	a0,a0,0x10
    67f4:	4581                	li	a1,0
    67f6:	8141                	srli	a0,a0,0x10
    67f8:	8c3ff0ef          	jal	ra,60ba <Reply_UInt>
    67fc:	02e00513          	li	a0,46
    6800:	875ff0ef          	jal	ra,6074 <Reply_Char>
    6804:	4502                	lw	a0,0(sp)
    6806:	45a9                	li	a1,10
    6808:	8e9f90ef          	jal	ra,f0 <__umodsi3>
    680c:	0542                	slli	a0,a0,0x10
    680e:	4585                	li	a1,1
    6810:	8141                	srli	a0,a0,0x10
    6812:	8a9ff0ef          	jal	ra,60ba <Reply_UInt>
    6816:	bd8d                	j	6688 <A_Uart_Process+0x462>

00006818 <__divdi3>:
    6818:	7179                	addi	sp,sp,-48
    681a:	d606                	sw	ra,44(sp)
    681c:	d422                	sw	s0,40(sp)
    681e:	d226                	sw	s1,36(sp)
    6820:	c002                	sw	zero,0(sp)
    6822:	87aa                	mv	a5,a0
    6824:	1205c963          	bltz	a1,6956 <__divdi3+0x13e>
    6828:	0006dd63          	bgez	a3,6842 <__divdi3+0x2a>
    682c:	4702                	lw	a4,0(sp)
    682e:	00c03533          	snez	a0,a2
    6832:	40d006b3          	neg	a3,a3
    6836:	fff74713          	not	a4,a4
    683a:	c03a                	sw	a4,0(sp)
    683c:	8e89                	sub	a3,a3,a0
    683e:	40c00633          	neg	a2,a2
    6842:	84b2                	mv	s1,a2
    6844:	843e                	mv	s0,a5
    6846:	82ae                	mv	t0,a1
    6848:	e6e5                	bnez	a3,6930 <__divdi3+0x118>
    684a:	16c5f463          	bgeu	a1,a2,69b2 <__divdi3+0x19a>
    684e:	66c1                	lui	a3,0x10
    6850:	22d66e63          	bltu	a2,a3,6a8c <__divdi3+0x274>
    6854:	010006b7          	lui	a3,0x1000
    6858:	00d636b3          	sltu	a3,a2,a3
    685c:	40d006b3          	neg	a3,a3
    6860:	9ae1                	andi	a3,a3,-8
    6862:	06e1                	addi	a3,a3,24 # 1000018 <_data_lma+0xff903c>
    6864:	00d653b3          	srl	t2,a2,a3
    6868:	00000517          	auipc	a0,0x0
    686c:	67450513          	addi	a0,a0,1652 # 6edc <__clz_tab>
    6870:	951e                	add	a0,a0,t2
    6872:	2108                	lbu	a0,0(a0)
    6874:	02000393          	li	t2,32
    6878:	96aa                	add	a3,a3,a0
    687a:	40d38533          	sub	a0,t2,a3
    687e:	00d38c63          	beq	t2,a3,6896 <__divdi3+0x7e>
    6882:	00a592b3          	sll	t0,a1,a0
    6886:	00d7d6b3          	srl	a3,a5,a3
    688a:	00a614b3          	sll	s1,a2,a0
    688e:	0056e2b3          	or	t0,a3,t0
    6892:	00a79433          	sll	s0,a5,a0
    6896:	0104d793          	srli	a5,s1,0x10
    689a:	85be                	mv	a1,a5
    689c:	8516                	mv	a0,t0
    689e:	c23e                	sw	a5,4(sp)
    68a0:	ca16                	sw	t0,20(sp)
    68a2:	823f90ef          	jal	ra,c4 <__hidden___udivsi3>
    68a6:	01049713          	slli	a4,s1,0x10
    68aa:	8341                	srli	a4,a4,0x10
    68ac:	02a706b3          	mul	a3,a4,a0
    68b0:	42d2                	lw	t0,20(sp)
    68b2:	4592                	lw	a1,4(sp)
    68b4:	c82a                	sw	a0,16(sp)
    68b6:	8516                	mv	a0,t0
    68b8:	c43a                	sw	a4,8(sp)
    68ba:	c636                	sw	a3,12(sp)
    68bc:	835f90ef          	jal	ra,f0 <__umodsi3>
    68c0:	46b2                	lw	a3,12(sp)
    68c2:	0542                	slli	a0,a0,0x10
    68c4:	01045793          	srli	a5,s0,0x10
    68c8:	8fc9                	or	a5,a5,a0
    68ca:	4642                	lw	a2,16(sp)
    68cc:	00d7fa63          	bgeu	a5,a3,68e0 <__divdi3+0xc8>
    68d0:	97a6                	add	a5,a5,s1
    68d2:	fff60593          	addi	a1,a2,-1
    68d6:	0097e463          	bltu	a5,s1,68de <__divdi3+0xc6>
    68da:	3ed7ee63          	bltu	a5,a3,6cd6 <__divdi3+0x4be>
    68de:	862e                	mv	a2,a1
    68e0:	4592                	lw	a1,4(sp)
    68e2:	8f95                	sub	a5,a5,a3
    68e4:	853e                	mv	a0,a5
    68e6:	ca32                	sw	a2,20(sp)
    68e8:	c83e                	sw	a5,16(sp)
    68ea:	fdaf90ef          	jal	ra,c4 <__hidden___udivsi3>
    68ee:	47a2                	lw	a5,8(sp)
    68f0:	4592                	lw	a1,4(sp)
    68f2:	c62a                	sw	a0,12(sp)
    68f4:	02a782b3          	mul	t0,a5,a0
    68f8:	47c2                	lw	a5,16(sp)
    68fa:	0442                	slli	s0,s0,0x10
    68fc:	8041                	srli	s0,s0,0x10
    68fe:	853e                	mv	a0,a5
    6900:	c416                	sw	t0,8(sp)
    6902:	feef90ef          	jal	ra,f0 <__umodsi3>
    6906:	42a2                	lw	t0,8(sp)
    6908:	0542                	slli	a0,a0,0x10
    690a:	8c49                	or	s0,s0,a0
    690c:	46b2                	lw	a3,12(sp)
    690e:	4652                	lw	a2,20(sp)
    6910:	00547b63          	bgeu	s0,t0,6926 <__divdi3+0x10e>
    6914:	9426                	add	s0,s0,s1
    6916:	fff68793          	addi	a5,a3,-1
    691a:	00946563          	bltu	s0,s1,6924 <__divdi3+0x10c>
    691e:	16f9                	addi	a3,a3,-2
    6920:	00546363          	bltu	s0,t0,6926 <__divdi3+0x10e>
    6924:	86be                	mv	a3,a5
    6926:	0642                	slli	a2,a2,0x10
    6928:	00d66533          	or	a0,a2,a3
    692c:	4781                	li	a5,0
    692e:	a029                	j	6938 <__divdi3+0x120>
    6930:	02d5fd63          	bgeu	a1,a3,696a <__divdi3+0x152>
    6934:	4781                	li	a5,0
    6936:	4501                	li	a0,0
    6938:	85be                	mv	a1,a5
    693a:	4782                	lw	a5,0(sp)
    693c:	cb81                	beqz	a5,694c <__divdi3+0x134>
    693e:	00a037b3          	snez	a5,a0
    6942:	40b005b3          	neg	a1,a1
    6946:	8d9d                	sub	a1,a1,a5
    6948:	40a00533          	neg	a0,a0
    694c:	50b2                	lw	ra,44(sp)
    694e:	5422                	lw	s0,40(sp)
    6950:	5492                	lw	s1,36(sp)
    6952:	6145                	addi	sp,sp,48
    6954:	8082                	ret
    6956:	00a03733          	snez	a4,a0
    695a:	40b005b3          	neg	a1,a1
    695e:	8d99                	sub	a1,a1,a4
    6960:	577d                	li	a4,-1
    6962:	40a007b3          	neg	a5,a0
    6966:	c03a                	sw	a4,0(sp)
    6968:	b5c1                	j	6828 <__divdi3+0x10>
    696a:	6541                	lui	a0,0x10
    696c:	20a6e063          	bltu	a3,a0,6b6c <__divdi3+0x354>
    6970:	01000337          	lui	t1,0x1000
    6974:	0066b333          	sltu	t1,a3,t1
    6978:	40600333          	neg	t1,t1
    697c:	ff837313          	andi	t1,t1,-8
    6980:	0361                	addi	t1,t1,24 # 1000018 <_data_lma+0xff903c>
    6982:	0066d2b3          	srl	t0,a3,t1
    6986:	00000517          	auipc	a0,0x0
    698a:	55650513          	addi	a0,a0,1366 # 6edc <__clz_tab>
    698e:	9516                	add	a0,a0,t0
    6990:	2108                	lbu	a0,0(a0)
    6992:	02000293          	li	t0,32
    6996:	951a                	add	a0,a0,t1
    6998:	40a28733          	sub	a4,t0,a0
    699c:	c23a                	sw	a4,4(sp)
    699e:	1ca29d63          	bne	t0,a0,6b78 <__divdi3+0x360>
    69a2:	30b6ec63          	bltu	a3,a1,6cba <__divdi3+0x4a2>
    69a6:	00c7b633          	sltu	a2,a5,a2
    69aa:	00164513          	xori	a0,a2,1
    69ae:	4781                	li	a5,0
    69b0:	b761                	j	6938 <__divdi3+0x120>
    69b2:	c27d                	beqz	a2,6a98 <__divdi3+0x280>
    69b4:	66c1                	lui	a3,0x10
    69b6:	2ed67a63          	bgeu	a2,a3,6caa <__divdi3+0x492>
    69ba:	10063513          	sltiu	a0,a2,256
    69be:	00154513          	xori	a0,a0,1
    69c2:	050e                	slli	a0,a0,0x3
    69c4:	00a652b3          	srl	t0,a2,a0
    69c8:	00000697          	auipc	a3,0x0
    69cc:	51468693          	addi	a3,a3,1300 # 6edc <__clz_tab>
    69d0:	9696                	add	a3,a3,t0
    69d2:	2294                	lbu	a3,0(a3)
    69d4:	02000393          	li	t2,32
    69d8:	96aa                	add	a3,a3,a0
    69da:	40d382b3          	sub	t0,t2,a3
    69de:	0cd39c63          	bne	t2,a3,6ab6 <__divdi3+0x29e>
    69e2:	01065793          	srli	a5,a2,0x10
    69e6:	c23e                	sw	a5,4(sp)
    69e8:	01061793          	slli	a5,a2,0x10
    69ec:	83c1                	srli	a5,a5,0x10
    69ee:	c43e                	sw	a5,8(sp)
    69f0:	40c586b3          	sub	a3,a1,a2
    69f4:	4785                	li	a5,1
    69f6:	4592                	lw	a1,4(sp)
    69f8:	8536                	mv	a0,a3
    69fa:	cc3e                	sw	a5,24(sp)
    69fc:	ca36                	sw	a3,20(sp)
    69fe:	ec6f90ef          	jal	ra,c4 <__hidden___udivsi3>
    6a02:	47a2                	lw	a5,8(sp)
    6a04:	46d2                	lw	a3,20(sp)
    6a06:	4592                	lw	a1,4(sp)
    6a08:	02f503b3          	mul	t2,a0,a5
    6a0c:	c82a                	sw	a0,16(sp)
    6a0e:	8536                	mv	a0,a3
    6a10:	c61e                	sw	t2,12(sp)
    6a12:	edef90ef          	jal	ra,f0 <__umodsi3>
    6a16:	43b2                	lw	t2,12(sp)
    6a18:	0542                	slli	a0,a0,0x10
    6a1a:	01045693          	srli	a3,s0,0x10
    6a1e:	8ec9                	or	a3,a3,a0
    6a20:	4642                	lw	a2,16(sp)
    6a22:	47e2                	lw	a5,24(sp)
    6a24:	0076fa63          	bgeu	a3,t2,6a38 <__divdi3+0x220>
    6a28:	96a6                	add	a3,a3,s1
    6a2a:	fff60593          	addi	a1,a2,-1
    6a2e:	0096e463          	bltu	a3,s1,6a36 <__divdi3+0x21e>
    6a32:	2876ef63          	bltu	a3,t2,6cd0 <__divdi3+0x4b8>
    6a36:	862e                	mv	a2,a1
    6a38:	4592                	lw	a1,4(sp)
    6a3a:	407683b3          	sub	t2,a3,t2
    6a3e:	851e                	mv	a0,t2
    6a40:	ca32                	sw	a2,20(sp)
    6a42:	cc3e                	sw	a5,24(sp)
    6a44:	c81e                	sw	t2,16(sp)
    6a46:	e7ef90ef          	jal	ra,c4 <__hidden___udivsi3>
    6a4a:	47a2                	lw	a5,8(sp)
    6a4c:	43c2                	lw	t2,16(sp)
    6a4e:	4592                	lw	a1,4(sp)
    6a50:	02f502b3          	mul	t0,a0,a5
    6a54:	c62a                	sw	a0,12(sp)
    6a56:	851e                	mv	a0,t2
    6a58:	0442                	slli	s0,s0,0x10
    6a5a:	8041                	srli	s0,s0,0x10
    6a5c:	c416                	sw	t0,8(sp)
    6a5e:	e92f90ef          	jal	ra,f0 <__umodsi3>
    6a62:	42a2                	lw	t0,8(sp)
    6a64:	0542                	slli	a0,a0,0x10
    6a66:	8c49                	or	s0,s0,a0
    6a68:	46b2                	lw	a3,12(sp)
    6a6a:	4652                	lw	a2,20(sp)
    6a6c:	47e2                	lw	a5,24(sp)
    6a6e:	00547b63          	bgeu	s0,t0,6a84 <__divdi3+0x26c>
    6a72:	9426                	add	s0,s0,s1
    6a74:	fff68593          	addi	a1,a3,-1
    6a78:	00946563          	bltu	s0,s1,6a82 <__divdi3+0x26a>
    6a7c:	16f9                	addi	a3,a3,-2
    6a7e:	00546363          	bltu	s0,t0,6a84 <__divdi3+0x26c>
    6a82:	86ae                	mv	a3,a1
    6a84:	0642                	slli	a2,a2,0x10
    6a86:	00d66533          	or	a0,a2,a3
    6a8a:	b57d                	j	6938 <__divdi3+0x120>
    6a8c:	10063693          	sltiu	a3,a2,256
    6a90:	0016c693          	xori	a3,a3,1
    6a94:	068e                	slli	a3,a3,0x3
    6a96:	b3f9                	j	6864 <__divdi3+0x4c>
    6a98:	4281                	li	t0,0
    6a9a:	00000697          	auipc	a3,0x0
    6a9e:	44268693          	addi	a3,a3,1090 # 6edc <__clz_tab>
    6aa2:	9696                	add	a3,a3,t0
    6aa4:	2294                	lbu	a3,0(a3)
    6aa6:	4501                	li	a0,0
    6aa8:	02000393          	li	t2,32
    6aac:	96aa                	add	a3,a3,a0
    6aae:	40d382b3          	sub	t0,t2,a3
    6ab2:	f2d388e3          	beq	t2,a3,69e2 <__divdi3+0x1ca>
    6ab6:	005614b3          	sll	s1,a2,t0
    6aba:	005593b3          	sll	t2,a1,t0
    6abe:	00d5d633          	srl	a2,a1,a3
    6ac2:	0104d713          	srli	a4,s1,0x10
    6ac6:	00d7d6b3          	srl	a3,a5,a3
    6aca:	0076e6b3          	or	a3,a3,t2
    6ace:	85ba                	mv	a1,a4
    6ad0:	8532                	mv	a0,a2
    6ad2:	00579433          	sll	s0,a5,t0
    6ad6:	c636                	sw	a3,12(sp)
    6ad8:	c23a                	sw	a4,4(sp)
    6ada:	cc32                	sw	a2,24(sp)
    6adc:	de8f90ef          	jal	ra,c4 <__hidden___udivsi3>
    6ae0:	01049613          	slli	a2,s1,0x10
    6ae4:	8241                	srli	a2,a2,0x10
    6ae6:	02a602b3          	mul	t0,a2,a0
    6aea:	c432                	sw	a2,8(sp)
    6aec:	4662                	lw	a2,24(sp)
    6aee:	4592                	lw	a1,4(sp)
    6af0:	ca2a                	sw	a0,20(sp)
    6af2:	8532                	mv	a0,a2
    6af4:	c816                	sw	t0,16(sp)
    6af6:	dfaf90ef          	jal	ra,f0 <__umodsi3>
    6afa:	46b2                	lw	a3,12(sp)
    6afc:	42c2                	lw	t0,16(sp)
    6afe:	0542                	slli	a0,a0,0x10
    6b00:	82c1                	srli	a3,a3,0x10
    6b02:	8ec9                	or	a3,a3,a0
    6b04:	47d2                	lw	a5,20(sp)
    6b06:	0056fb63          	bgeu	a3,t0,6b1c <__divdi3+0x304>
    6b0a:	96a6                	add	a3,a3,s1
    6b0c:	fff78613          	addi	a2,a5,-1
    6b10:	1a96ec63          	bltu	a3,s1,6cc8 <__divdi3+0x4b0>
    6b14:	1a56fa63          	bgeu	a3,t0,6cc8 <__divdi3+0x4b0>
    6b18:	17f9                	addi	a5,a5,-2
    6b1a:	96a6                	add	a3,a3,s1
    6b1c:	4592                	lw	a1,4(sp)
    6b1e:	405686b3          	sub	a3,a3,t0
    6b22:	8536                	mv	a0,a3
    6b24:	ce3e                	sw	a5,28(sp)
    6b26:	cc36                	sw	a3,24(sp)
    6b28:	d9cf90ef          	jal	ra,c4 <__hidden___udivsi3>
    6b2c:	47a2                	lw	a5,8(sp)
    6b2e:	46e2                	lw	a3,24(sp)
    6b30:	4592                	lw	a1,4(sp)
    6b32:	02a782b3          	mul	t0,a5,a0
    6b36:	ca2a                	sw	a0,20(sp)
    6b38:	8536                	mv	a0,a3
    6b3a:	c816                	sw	t0,16(sp)
    6b3c:	db4f90ef          	jal	ra,f0 <__umodsi3>
    6b40:	8634                	lhu	a3,12(sp)
    6b42:	42c2                	lw	t0,16(sp)
    6b44:	0542                	slli	a0,a0,0x10
    6b46:	8ec9                	or	a3,a3,a0
    6b48:	4652                	lw	a2,20(sp)
    6b4a:	47f2                	lw	a5,28(sp)
    6b4c:	0056fb63          	bgeu	a3,t0,6b62 <__divdi3+0x34a>
    6b50:	96a6                	add	a3,a3,s1
    6b52:	fff60593          	addi	a1,a2,-1
    6b56:	1696e563          	bltu	a3,s1,6cc0 <__divdi3+0x4a8>
    6b5a:	1656f363          	bgeu	a3,t0,6cc0 <__divdi3+0x4a8>
    6b5e:	1679                	addi	a2,a2,-2
    6b60:	96a6                	add	a3,a3,s1
    6b62:	07c2                	slli	a5,a5,0x10
    6b64:	405686b3          	sub	a3,a3,t0
    6b68:	8fd1                	or	a5,a5,a2
    6b6a:	b571                	j	69f6 <__divdi3+0x1de>
    6b6c:	1006b313          	sltiu	t1,a3,256
    6b70:	00134313          	xori	t1,t1,1
    6b74:	030e                	slli	t1,t1,0x3
    6b76:	b531                	j	6982 <__divdi3+0x16a>
    6b78:	4712                	lw	a4,4(sp)
    6b7a:	00a65433          	srl	s0,a2,a0
    6b7e:	00a7d3b3          	srl	t2,a5,a0
    6b82:	00e696b3          	sll	a3,a3,a4
    6b86:	8c55                	or	s0,s0,a3
    6b88:	00e592b3          	sll	t0,a1,a4
    6b8c:	00a5d6b3          	srl	a3,a1,a0
    6b90:	01045493          	srli	s1,s0,0x10
    6b94:	00e61733          	sll	a4,a2,a4
    6b98:	d03e                	sw	a5,32(sp)
    6b9a:	85a6                	mv	a1,s1
    6b9c:	0053e7b3          	or	a5,t2,t0
    6ba0:	8536                	mv	a0,a3
    6ba2:	c43e                	sw	a5,8(sp)
    6ba4:	ce36                	sw	a3,28(sp)
    6ba6:	c63a                	sw	a4,12(sp)
    6ba8:	d1cf90ef          	jal	ra,c4 <__hidden___udivsi3>
    6bac:	01041713          	slli	a4,s0,0x10
    6bb0:	8341                	srli	a4,a4,0x10
    6bb2:	02a702b3          	mul	t0,a4,a0
    6bb6:	46f2                	lw	a3,28(sp)
    6bb8:	cc2a                	sw	a0,24(sp)
    6bba:	85a6                	mv	a1,s1
    6bbc:	8536                	mv	a0,a3
    6bbe:	c83a                	sw	a4,16(sp)
    6bc0:	ca16                	sw	t0,20(sp)
    6bc2:	d2ef90ef          	jal	ra,f0 <__umodsi3>
    6bc6:	47a2                	lw	a5,8(sp)
    6bc8:	42d2                	lw	t0,20(sp)
    6bca:	0542                	slli	a0,a0,0x10
    6bcc:	0107d693          	srli	a3,a5,0x10
    6bd0:	8ec9                	or	a3,a3,a0
    6bd2:	4662                	lw	a2,24(sp)
    6bd4:	5782                	lw	a5,32(sp)
    6bd6:	0056fb63          	bgeu	a3,t0,6bec <__divdi3+0x3d4>
    6bda:	96a2                	add	a3,a3,s0
    6bdc:	fff60593          	addi	a1,a2,-1
    6be0:	0e86e663          	bltu	a3,s0,6ccc <__divdi3+0x4b4>
    6be4:	0e56f463          	bgeu	a3,t0,6ccc <__divdi3+0x4b4>
    6be8:	1679                	addi	a2,a2,-2
    6bea:	96a2                	add	a3,a3,s0
    6bec:	405686b3          	sub	a3,a3,t0
    6bf0:	85a6                	mv	a1,s1
    6bf2:	8536                	mv	a0,a3
    6bf4:	ce32                	sw	a2,28(sp)
    6bf6:	d03e                	sw	a5,32(sp)
    6bf8:	cc36                	sw	a3,24(sp)
    6bfa:	ccaf90ef          	jal	ra,c4 <__hidden___udivsi3>
    6bfe:	47c2                	lw	a5,16(sp)
    6c00:	46e2                	lw	a3,24(sp)
    6c02:	ca2a                	sw	a0,20(sp)
    6c04:	02a782b3          	mul	t0,a5,a0
    6c08:	85a6                	mv	a1,s1
    6c0a:	8536                	mv	a0,a3
    6c0c:	c816                	sw	t0,16(sp)
    6c0e:	ce2f90ef          	jal	ra,f0 <__umodsi3>
    6c12:	8434                	lhu	a3,8(sp)
    6c14:	42c2                	lw	t0,16(sp)
    6c16:	0542                	slli	a0,a0,0x10
    6c18:	8ec9                	or	a3,a3,a0
    6c1a:	43d2                	lw	t2,20(sp)
    6c1c:	4672                	lw	a2,28(sp)
    6c1e:	5782                	lw	a5,32(sp)
    6c20:	0056fb63          	bgeu	a3,t0,6c36 <__divdi3+0x41e>
    6c24:	96a2                	add	a3,a3,s0
    6c26:	fff38593          	addi	a1,t2,-1
    6c2a:	0886ed63          	bltu	a3,s0,6cc4 <__divdi3+0x4ac>
    6c2e:	0856fb63          	bgeu	a3,t0,6cc4 <__divdi3+0x4ac>
    6c32:	13f9                	addi	t2,t2,-2
    6c34:	96a2                	add	a3,a3,s0
    6c36:	4732                	lw	a4,12(sp)
    6c38:	0642                	slli	a2,a2,0x10
    6c3a:	6441                	lui	s0,0x10
    6c3c:	00766633          	or	a2,a2,t2
    6c40:	fff40513          	addi	a0,s0,-1 # ffff <_data_lma+0x9023>
    6c44:	00a675b3          	and	a1,a2,a0
    6c48:	01075313          	srli	t1,a4,0x10
    6c4c:	01065393          	srli	t2,a2,0x10
    6c50:	8d79                	and	a0,a0,a4
    6c52:	02a58733          	mul	a4,a1,a0
    6c56:	405686b3          	sub	a3,a3,t0
    6c5a:	02a38533          	mul	a0,t2,a0
    6c5e:	01075293          	srli	t0,a4,0x10
    6c62:	026585b3          	mul	a1,a1,t1
    6c66:	95aa                	add	a1,a1,a0
    6c68:	9596                	add	a1,a1,t0
    6c6a:	026383b3          	mul	t2,t2,t1
    6c6e:	00a5f363          	bgeu	a1,a0,6c74 <__divdi3+0x45c>
    6c72:	93a2                	add	t2,t2,s0
    6c74:	0105d513          	srli	a0,a1,0x10
    6c78:	951e                	add	a0,a0,t2
    6c7a:	02a6e463          	bltu	a3,a0,6ca2 <__divdi3+0x48a>
    6c7e:	00a68563          	beq	a3,a0,6c88 <__divdi3+0x470>
    6c82:	8532                	mv	a0,a2
    6c84:	4781                	li	a5,0
    6c86:	b94d                	j	6938 <__divdi3+0x120>
    6c88:	6541                	lui	a0,0x10
    6c8a:	157d                	addi	a0,a0,-1 # ffff <_data_lma+0x9023>
    6c8c:	8de9                	and	a1,a1,a0
    6c8e:	01059693          	slli	a3,a1,0x10
    6c92:	00a775b3          	and	a1,a4,a0
    6c96:	4712                	lw	a4,4(sp)
    6c98:	96ae                	add	a3,a3,a1
    6c9a:	00e797b3          	sll	a5,a5,a4
    6c9e:	fed7f2e3          	bgeu	a5,a3,6c82 <__divdi3+0x46a>
    6ca2:	fff60513          	addi	a0,a2,-1
    6ca6:	4781                	li	a5,0
    6ca8:	b941                	j	6938 <__divdi3+0x120>
    6caa:	010006b7          	lui	a3,0x1000
    6cae:	02d67763          	bgeu	a2,a3,6cdc <__divdi3+0x4c4>
    6cb2:	01065293          	srli	t0,a2,0x10
    6cb6:	4541                	li	a0,16
    6cb8:	bb01                	j	69c8 <__divdi3+0x1b0>
    6cba:	4781                	li	a5,0
    6cbc:	4505                	li	a0,1
    6cbe:	b9ad                	j	6938 <__divdi3+0x120>
    6cc0:	862e                	mv	a2,a1
    6cc2:	b545                	j	6b62 <__divdi3+0x34a>
    6cc4:	83ae                	mv	t2,a1
    6cc6:	bf85                	j	6c36 <__divdi3+0x41e>
    6cc8:	87b2                	mv	a5,a2
    6cca:	bd89                	j	6b1c <__divdi3+0x304>
    6ccc:	862e                	mv	a2,a1
    6cce:	bf39                	j	6bec <__divdi3+0x3d4>
    6cd0:	1679                	addi	a2,a2,-2
    6cd2:	96a6                	add	a3,a3,s1
    6cd4:	b395                	j	6a38 <__divdi3+0x220>
    6cd6:	1679                	addi	a2,a2,-2
    6cd8:	97a6                	add	a5,a5,s1
    6cda:	b119                	j	68e0 <__divdi3+0xc8>
    6cdc:	01865293          	srli	t0,a2,0x18
    6ce0:	4561                	li	a0,24
    6ce2:	b1dd                	j	69c8 <__divdi3+0x1b0>

00006ce4 <memcmp>:
    6ce4:	4701                	li	a4,0
    6ce6:	00e61463          	bne	a2,a4,6cee <memcmp+0xa>
    6cea:	4501                	li	a0,0
    6cec:	8082                	ret
    6cee:	00e507b3          	add	a5,a0,a4
    6cf2:	0705                	addi	a4,a4,1 # ffff8001 <_eusrstack+0xdfff6001>
    6cf4:	00e586b3          	add	a3,a1,a4
    6cf8:	239c                	lbu	a5,0(a5)
    6cfa:	fff6c683          	lbu	a3,-1(a3) # ffffff <_data_lma+0xff9023>
    6cfe:	fed784e3          	beq	a5,a3,6ce6 <memcmp+0x2>
    6d02:	40d78533          	sub	a0,a5,a3
    6d06:	8082                	ret

00006d08 <strlen>:
    6d08:	87aa                	mv	a5,a0
    6d0a:	2398                	lbu	a4,0(a5)
    6d0c:	0785                	addi	a5,a5,1
    6d0e:	ff75                	bnez	a4,6d0a <strlen+0x2>
    6d10:	40a78533          	sub	a0,a5,a0
    6d14:	157d                	addi	a0,a0,-1
    6d16:	8082                	ret
    6d18:	047c                	addi	a5,sp,524
    6d1a:	0000                	unimp
    6d1c:	048c                	addi	a1,sp,576
    6d1e:	0000                	unimp
    6d20:	04a6                	slli	s1,s1,0x9
    6d22:	0000                	unimp
    6d24:	04c0                	addi	s0,sp,580
    6d26:	0000                	unimp
    6d28:	0506                	slli	a0,a0,0x1
    6d2a:	0000                	unimp
    6d2c:	054c                	addi	a1,sp,644
    6d2e:	0000                	unimp
    6d30:	0582                	c.slli64	a1
    6d32:	0000                	unimp
    6d34:	0592                	slli	a1,a1,0x4
    6d36:	0000                	unimp
    6d38:	05a4                	addi	s1,sp,712
    6d3a:	0000                	unimp
    6d3c:	05b0                	addi	a2,sp,712
	...

00006d40 <TRAJ_G_Q15>:
    6d40:	7ccd 0000 799a 0000 7333 0000 6ccd 0000     .|...y..3s...l..
    6d50:	6666 0000 6000 0000 599a 0000 5333 0000     ff...`...Y..3S..
    6d60:	4ccd 0000 4666 0000 4333 0000 4148 0000     .L..fF..3C..HA..

00006d70 <TRAJ_H_Q12>:
    6d70:	000b 0000 002b 0000 00b6 0000 01b2 0000     ....+...........
    6d80:	0333 0000 0555 0000 083b 0000 0c10 0000     3...U...;.......
    6d90:	1111 0000 1790 0000 1b81 0000 1e21 0000     ............!...

00006da0 <TRAJ_F_Q15>:
    6da0:	0666 0000 0ccd 0000 199a 0000 2666 0000     f...........f&..
    6db0:	3333 0000 4000 0000 4ccd 0000 599a 0000     33...@...L...Y..
    6dc0:	6666 0000 7333 0000 799a 0000 7d70 0000     ff..3s...y..p}..

00006dd0 <baud.0>:
    6dd0:	2580 0000 4b00 0000 9600 0000 e100 0000     .%...K..........
    6de0:	c200 0001 f400 0001 e800 0003 4240 000f     ............@B..

00006df0 <span.0>:
    6df0:	6978 4650 0000 0000 4b4f 0000 4556 0052     xiPF....OK..VER.
    6e00:	4449 0000 4c55 004b 4c55 004d 4c55 0052     ID..ULK.ULM.ULR.
    6e10:	4f4d 0044 4152 0044 5044 0054 4344 0054     MOD.RAD.DPT.DCT.
    6e20:	5344 0054 4442 0000 5053 0000 4d53 0049     DST.BD..SP..SMI.
    6e30:	4d53 0058 4353 004b 5343 0044 5343 004d     SMX.SCK.CSD.CSM.
    6e40:	4c43 3045 0000 0000 4c43 0045 5452 0056     CLE0....CLE.RTV.
    6e50:	6553 7672 2d6f 3156 3228 3230 2d36 3930     Servo-V1(2026-09
    6e60:	302d 2937 0000 0000 4142 4455 0000 0000     -07)....BAUD....
    6e70:	5044 0000 6670 0000 667a 0000 668e 0000     DP..pf..zf...f..
    6e80:	6694 0000 66a0 0000 66ac 0000 66b0 0000     .f...f...f...f..
    6e90:	66c8 0000 6718 0000 66f8 0000 66b6 0000     .f...g...f...f..
    6ea0:	66bc 0000 66c2 0000 66e8 0000 6750 0000     .f...f...f..Pg..
    6eb0:	6730 0000 6742 0000 66da 0000 6748 0000     0g..Bg...f..Hg..
    6ec0:	6768 0000 6768 0000 6778 0000 6708 0000     hg..hg..xg...g..
    6ed0:	6726 0000 6736 0000 673e 0000               &g..6g..>g..

00006edc <__clz_tab>:
    6edc:	0100 0202 0303 0303 0404 0404 0404 0404     ................
    6eec:	0505 0505 0505 0505 0505 0505 0505 0505     ................
    6efc:	0606 0606 0606 0606 0606 0606 0606 0606     ................
    6f0c:	0606 0606 0606 0606 0606 0606 0606 0606     ................
    6f1c:	0707 0707 0707 0707 0707 0707 0707 0707     ................
    6f2c:	0707 0707 0707 0707 0707 0707 0707 0707     ................
    6f3c:	0707 0707 0707 0707 0707 0707 0707 0707     ................
    6f4c:	0707 0707 0707 0707 0707 0707 0707 0707     ................
    6f5c:	0808 0808 0808 0808 0808 0808 0808 0808     ................
    6f6c:	0808 0808 0808 0808 0808 0808 0808 0808     ................
    6f7c:	0808 0808 0808 0808 0808 0808 0808 0808     ................
    6f8c:	0808 0808 0808 0808 0808 0808 0808 0808     ................
    6f9c:	0808 0808 0808 0808 0808 0808 0808 0808     ................
    6fac:	0808 0808 0808 0808 0808 0808 0808 0808     ................
    6fbc:	0808 0808 0808 0808 0808 0808 0808 0808     ................
    6fcc:	0808 0808 0808 0808 0808 0808 0808 0808     ................
