
CH32V00X_APP.elf:     file format elf32-littleriscv
CH32V00X_APP.elf
architecture: riscv:rv32, flags 0x00000112:
EXEC_P, HAS_SYMS, D_PAGED
start address 0x00000000

Program Header:
0x70000003 off    0x00049600 vaddr 0x00000000 paddr 0x00000000 align 2**0
         filesz 0x00000030 memsz 0x00000000 flags r--
    LOAD off    0x00001000 vaddr 0x00000000 paddr 0x00000000 align 2**12
         filesz 0x000075fc memsz 0x000075fc flags r-x
    LOAD off    0x00009000 vaddr 0x20000000 paddr 0x000075fc align 2**12
         filesz 0x00000090 memsz 0x00000490 flags rw-
    LOAD off    0x00000800 vaddr 0x20001800 paddr 0x20001800 align 2**12
         filesz 0x00000000 memsz 0x00000800 flags rw-

Sections:
Idx Name          Size      VMA       LMA       File off  Algn
  0 .init         000000a8  00000000  00000000  00001000  2**2
                  CONTENTS, ALLOC, LOAD, READONLY, CODE
  1 .text         00007554  000000a8  000000a8  000010a8  2**2
                  CONTENTS, ALLOC, LOAD, READONLY, CODE
  2 .fini         00000000  000075fc  000075fc  00009090  2**0
                  CONTENTS, ALLOC, LOAD, CODE
  3 .dalign       00000000  20000000  20000000  00009090  2**0
                  CONTENTS
  4 .dlalign      00000000  000075fc  000075fc  00009090  2**0
                  CONTENTS
  5 .data         00000090  20000000  000075fc  00009000  2**2
                  CONTENTS, ALLOC, LOAD, DATA
  6 .bss          00000400  20000090  0000768c  00009090  2**2
                  ALLOC
  7 .stack        00000800  20001800  20001800  00009800  2**0
                  ALLOC
  8 .debug_info   00016cd4  00000000  00000000  00009090  2**0
                  CONTENTS, READONLY, DEBUGGING, OCTETS
  9 .debug_abbrev 00005625  00000000  00000000  0001fd64  2**0
                  CONTENTS, READONLY, DEBUGGING, OCTETS
 10 .debug_aranges 00001460  00000000  00000000  00025390  2**3
                  CONTENTS, READONLY, DEBUGGING, OCTETS
 11 .debug_rnglists 00001b81  00000000  00000000  000267f0  2**0
                  CONTENTS, READONLY, DEBUGGING, OCTETS
 12 .debug_line   0001ade1  00000000  00000000  00028371  2**0
                  CONTENTS, READONLY, DEBUGGING, OCTETS
 13 .debug_str    0000598a  00000000  00000000  00043152  2**0
                  CONTENTS, READONLY, DEBUGGING, OCTETS
 14 .debug_line_str 00000af3  00000000  00000000  00048adc  2**0
                  CONTENTS, READONLY, DEBUGGING, OCTETS
 15 .comment      00000031  00000000  00000000  000495cf  2**0
                  CONTENTS, READONLY
 16 .riscv.attributes 00000030  00000000  00000000  00049600  2**0
                  CONTENTS, READONLY
 17 .debug_frame  00002cec  00000000  00000000  00049630  2**2
                  CONTENTS, READONLY, DEBUGGING, OCTETS
 18 .debug_loclists 0000979d  00000000  00000000  0004c31c  2**0
                  CONTENTS, READONLY, DEBUGGING, OCTETS
SYMBOL TABLE:
00000000 l    d  .init	00000000 .init
000000a8 l    d  .text	00000000 .text
000075fc l    d  .fini	00000000 .fini
20000000 l    d  .dalign	00000000 .dalign
000075fc l    d  .dlalign	00000000 .dlalign
20000000 l    d  .data	00000000 .data
20000090 l    d  .bss	00000000 .bss
20001800 l    d  .stack	00000000 .stack
00000000 l    d  .debug_info	00000000 .debug_info
00000000 l    d  .debug_abbrev	00000000 .debug_abbrev
00000000 l    d  .debug_aranges	00000000 .debug_aranges
00000000 l    d  .debug_rnglists	00000000 .debug_rnglists
00000000 l    d  .debug_line	00000000 .debug_line
00000000 l    d  .debug_str	00000000 .debug_str
00000000 l    d  .debug_line_str	00000000 .debug_line_str
00000000 l    d  .comment	00000000 .comment
00000000 l    d  .riscv.attributes	00000000 .riscv.attributes
00000000 l    d  .debug_frame	00000000 .debug_frame
00000000 l    d  .debug_loclists	00000000 .debug_loclists
00000000 l    df *ABS*	00000000 startup_ch32v00X.o
00000000 l    df *ABS*	00000000 save-restore.o
00000000 l    df *ABS*	00000000 div.o
00000000 l    df *ABS*	00000000 lib_a-memcpy-asm.o
00000000 l    df *ABS*	00000000 lib_a-memset.o
00000000 l    df *ABS*	00000000 ch32v00X_it.c
20000090 l     O .bss	00000001 tick_cnt.0
00000000 l    df *ABS*	00000000 main.c
00000000 l    df *ABS*	00000000 flash.c
0000023c l     F .text	00000046 Flash_Crc16
00000282 l     F .text	00000052 Flash_RecordValid
00000000 l    df *ABS*	00000000 iap.c
20000095 l     O .bss	00000001 rx_state
20000092 l     O .bss	00000002 rx_cksum
20000094 l     O .bss	00000001 rx_idx
00000000 l    df *ABS*	00000000 system_ch32v00X.c
00000000 l    df *ABS*	00000000 ch32v00X_adc.c
00000000 l    df *ABS*	00000000 ch32v00X_dma.c
00000000 l    df *ABS*	00000000 ch32v00X_flash.c
00000b2c l     F .text	000000ae ROM_ERASE
00000000 l    df *ABS*	00000000 ch32v00X_gpio.c
00000000 l    df *ABS*	00000000 ch32v00X_i2c.c
00000000 l    df *ABS*	00000000 ch32v00X_iwdg.c
00000000 l    df *ABS*	00000000 ch32v00X_misc.c
00000000 l    df *ABS*	00000000 ch32v00X_opa.c
00000000 l    df *ABS*	00000000 ch32v00X_rcc.c
20000028 l     O .data	00000010 PBHBPrescTable
20000014 l     O .data	00000014 ADCPrescTable
00000000 l    df *ABS*	00000000 ch32v00X_spi.c
00000000 l    df *ABS*	00000000 ch32v00X_tim.c
0000188e l     F .text	00000056 TI1_Config
000018e4 l     F .text	00000066 TI2_Config
00000000 l    df *ABS*	00000000 ch32v00X_usart.c
00000000 l    df *ABS*	00000000 debug.c
200000e2 l     O .bss	00000001 p_us
200000e0 l     O .bss	00000002 p_ms
00000000 l    df *ABS*	00000000 core_riscv.c
00000000 l    df *ABS*	00000000 D_adc.c
00002258 l     F .text	00000028 ADC_Block_Sum
200000fc l     O .bss	00000050 s_adc_dma_buffer
200000f4 l     O .bss	00000002 s_current_avg
200000f2 l     O .bss	00000002 s_current_offset
200000f8 l     O .bss	00000004 s_current_half_sum
200000f0 l     O .bss	00000001 s_current_valid
200000ef l     O .bss	00000001 s_current_in_window
200000ec l     O .bss	00000002 s_current_seq
200000ee l     O .bss	00000001 s_current_window_off
200000e8 l     O .bss	00000004 s_encoder_half_sum
200000e4 l     O .bss	00000002 s_encoder_q4
200000e3 l     O .bss	00000001 s_encoder_valid
00000000 l    df *ABS*	00000000 D_i2c.c
0000268c l     F .text	0000001c I2C_BusDelay
000026a8 l     F .text	0000002a I2C_ConfigPins
000026d2 l     F .text	0000002a I2C_WaitStar1.constprop.0
000026fc l     F .text	0000004c I2C_ApplyConfig.constprop.0
00002748 l     F .text	0000007e I2C_SoftReset.constprop.0
2000014c l     O .bss	00000001 s_i2c_initialized
00000000 l    df *ABS*	00000000 D_iwdg.c
00000000 l    df *ABS*	00000000 D_motor.c
20000038 l     O .data	00000002 s_motor_pwm
2000014d l     O .bss	00000001 s_motor_direction
00000000 l    df *ABS*	00000000 D_mt6701.c
00000000 l    df *ABS*	00000000 D_opa.c
00000000 l    df *ABS*	00000000 D_spi.c
00002e16 l     F .text	0000001c SPI1_Recover
00000000 l    df *ABS*	00000000 D_tim.c
00002f0a l     F .text	0000001e PWM_ResetCaptureState
2000015d l     O .bss	00000001 s_ic_wait_falling
2000015c l     O .bss	00000001 s_ic_have_rise
20000158 l     O .bss	00000004 s_ic_rise_time
20000154 l     O .bss	00000001 s_ic_period_valid
2000014e l     O .bss	00000002 s_pulse_us
20000150 l     O .bss	00000004 s_ic_overflow
00000000 l    df *ABS*	00000000 D_tmp112.c
00000000 l    df *ABS*	00000000 D_uart.c
00003478 l     F .text	00000044 Uart_ApplyParams
000034bc l     F .text	00000038 Uart_TxDone
20000165 l     O .bss	00000001 s_tx_busy
200001ec l     O .bss	00000082 s_rx_rb
20000168 l     O .bss	00000082 s_tx_rb
20000160 l     O .bss	00000004 s_pending_baud
20000164 l     O .bss	00000001 s_enabled
00000000 l    df *ABS*	00000000 D_ws2812.c
000037da l     F .text	0000002a WS2812_Encode
20000270 l     O .bss	00000018 s_frame
00000000 l    df *ABS*	00000000 C_Pos_Ctrl.c
20000288 l     O .bss	00000018 s_ctl
00000000 l    df *ABS*	00000000 C_Ring_Buf.c
00000000 l    df *ABS*	00000000 C_Speed_Observer.c
200002a0 l     O .bss	0000002c s_obs
00000000 l    df *ABS*	00000000 C_Task_Scheduler.c
200002d0 l     O .bss	00000004 s_tasks
200002cc l     O .bss	00000001 s_task_count
00000000 l    df *ABS*	00000000 C_Traj_Planner.c
000041d0 l     F .text	0000002c Traj_Sqrt_Ceil
000041fc l     F .text	00000068 Traj_Div_U64
00004264 l     F .text	00000076 Traj_Acc_Coef
000042da l     F .text	0000003e Traj_Emit
200002d4 l     O .bss	00000098 s_tj
00004318 l     F .text	0000016c Traj_SCurve
00004484 l     F .text	0000006e Traj_TblLerp
0000739c l     O .text	00000030 TRAJ_F_Q15
0000736c l     O .text	00000030 TRAJ_H_Q12
0000733c l     O .text	00000030 TRAJ_G_Q15
00000000 l    df *ABS*	00000000 A_Config.c
20000370 l     O .bss	00000001 s_dirty
2000036c l     O .bss	00000004 s_save_event
20000374 l     O .bss	00000004 s_sequence
000073cc l     O .text	00000020 baud.0
00000000 l    df *ABS*	00000000 A_Protect.c
00005258 l     F .text	00000066 Protect_ApplyTorqueSetting
20000390 l     O .bss	00000010 s_prot
00000000 l    df *ABS*	00000000 A_Sensor.c
00000000 l    df *ABS*	00000000 A_Servo.c
000055d0 l     F .text	00000014 Servo_IsPosition
200003a0 l     O .bss	00000098 s_servo
000055e4 l     F .text	00000028 Servo_NominalSpan
000073ec l     O .text	00000006 span.0
0000560c l     F .text	00000028 Servo_StoredOffset
00005634 l     F .text	00000062 Servo_DeriveCal
00005696 l     F .text	00000098 Servo_SetModeFields
0000572e l     F .text	0000001c Servo_EscapeStart
0000574a l     F .text	00000042 Servo_PositionToPwm
0000578c l     F .text	00000040 Servo_ResyncLoops
000057cc l     F .text	00000046 Servo_SetTrajRange
00005812 l     F .text	00000044 Servo_ReadPosition
00005856 l     F .text	0000002c Servo_ApplyTorqueOutput
00005a9e l     F .text	0000008a Servo_Calibrate
00005b70 l     F .text	0000025c Servo_SubmitQ3
00005de8 l     F .text	0000006e Servo_ApplyBootAction
00000000 l    df *ABS*	00000000 A_Tasks.c
00006480 l     F .text	00000034 Task_State
20000438 l     O .bss	00000001 led_on.0
000064b4 l     F .text	00000004 Task_Protect
000064b8 l     F .text	0000000e Task_Uart
000064c6 l     F .text	00000004 Task_ServoControl
2000003c l     O .data	00000050 s_tasks
00000000 l    df *ABS*	00000000 A_UartCmd.c
000064ee l     F .text	00000058 Reply_Begin
2000043c l     O .bss	00000031 s_reply
00006546 l     F .text	0000001e Reply_Char
00006564 l     F .text	00000028 Reply_Text
0000658c l     F .text	00000098 Reply_UInt
00006624 l     F .text	00000032 Uart_BodyIs
00006656 l     F .text	00000020 Reply_Send
00006676 l     F .text	00000028 Reply_Value
0000669e l     F .text	0000001a Reply_OK
000066b8 l     F .text	00000040 Uart_ParseDigits.part.0
2000046d l     O .bss	00000001 s_framing
2000046e l     O .bss	00000001 s_frame_idx
20000470 l     O .bss	00000020 s_frame
00000000 l    df *ABS*	00000000 _divdi3.o
00000000 l    df *ABS*	00000000 lib_a-memcmp.o
00000000 l    df *ABS*	00000000 lib_a-strlen.o
0000074c  w      .text	00000000 OPCM_IRQHandler
00000bda g     F .text	0000001a FLASH_Unlock
00005922 g     F .text	00000060 A_Servo_ApplyConfig
00003076 g     F .text	00000146 D_TIM1_PWM_IC_Init
0000556a g     F .text	00000024 A_Voltage_Read
00001e50 g     F .text	00000028 TIM_SetCompare2
00000ae4 g     F .text	00000014 DMA_Cmd
00006e14 g     F .text	000004cc .hidden __divdi3
000052be g     F .text	00000022 A_Protect_SetTorque
00001d9c g     F .text	00000020 TIM_CCxCmd
20000890 g       .data	00000000 __global_pointer$
00001ee6 g     F .text	0000001a TIM_SetIC4Prescaler
00000b22 g     F .text	00000002 DMA_GetITStatus
00000188 g     F .text	00000008 TIM1_CC_IRQHandler
000014aa g     F .text	00000008 I2C_ReceiveData
000064ca g     F .text	00000024 A_Tasks_Init
00001880 g     F .text	00000004 SPI_I2S_SendData
00000170 g     F .text	00000010 HardFault_Handler
000005ee g     F .text	0000001c APP_2_IAP
00004098 g     F .text	0000002e C_Task_Init
00000860 g     F .text	00000012 ADC_DMACmd
00002568 g     F .text	00000070 D_ADC_Current_Read
00000c66 g     F .text	0000003c SystemReset_StartMode
00001cbc g     F .text	0000003e TIM_OC1PreloadConfig
00005984 g     F .text	00000050 A_Servo_Pause
0000074c  w      .text	00000000 SysTick_Handler
000052ec g     F .text	00000006 A_Protect_GetCurrent
00001580 g     F .text	00000062 NVIC_Init
0000074c  w      .text	00000000 PVD_IRQHandler
000031e6 g     F .text	000000c4 D_PWM_Input_Enable
00000160 g     F .text	00000010 NMI_Handler
000058aa g     F .text	0000000a A_Servo_TorqueOn
00005592 g     F .text	0000003e A_Current_Read
0000224c g     F .text	00000006 __get_MSTATUS
00003886 g     F .text	0000001c C_PosCtrl_Set_Output_Limit
00003804 g     F .text	00000040 D_WS2812_Send
0000041e g     F .text	00000040 RecData_Deal
00006116 g     F .text	0000036a A_Servo_Control
00001ed0 g     F .text	00000016 TIM_SetIC3Prescaler
0000217a g     F .text	0000000a USART_GetFlagStatus
00002c0e g     F .text	00000044 D_IWDG_Init
000034f4 g     F .text	00000088 D_USART1_Cfg
20000090 g       .bss	00000000 _sbss
00000800 g       *ABS*	00000000 __stack_size
000009e0 g     F .text	0000000c ADC_GetFlagStatus
000008fe g     F .text	00000018 ADC_ExternalTrigConvCmd
00000aac g     F .text	00000038 DMA_Init
00002c56 g     F .text	000000ee D_Motor_Set
000036fa g     F .text	00000006 D_UART_SetBaud_Deferred
000050e2 g     F .text	00000012 A_Config_BindSaveEvent
000000b2 g     F .text	0000000a .hidden __riscv_restore_2
000046c8 g     F .text	00000822 C_Traj_Plan
00004678 g     F .text	00000050 C_Traj_Hold
0000045e g     F .text	00000190 IAP_Rx_Deal
0000558e g     F .text	00000004 A_Temperature_Read
0000154c g     F .text	00000008 IWDG_SetReload
00004116 g     F .text	0000008e C_Task_Run
00001c2c g     F .text	00000016 TIM_CtrlPWMOutputs
000060ae g     F .text	00000042 A_Servo_SetPulseLimit
00003e24 g     F .text	0000000c C_Ring_Buf_Init
0000013a g     F .text	00000016 memcpy
00000850 g     F .text	00000010 ADC_Cmd
00005fc4 g     F .text	00000006 A_Servo_CalibrateMid
00000fe2 g     F .text	000000a2 GPIO_PinRemapConfig
000052e0 g     F .text	00000006 A_Protect_GetTorque
000017e4 g     F .text	0000001e RCC_PB2PeriphResetCmd
00001822 g     F .text	00000010 RCC_ClearFlag
00001bd6 g     F .text	00000056 TIM_Cmd
000044f2 g     F .text	0000013c C_Traj_Init
00001d40 g     F .text	00000046 TIM_OC4PreloadConfig
000000c4 g     F .text	0000002c .hidden __hidden___udivsi3
20000010 g     O .data	00000004 SystemCoreClock
0000215a g     F .text	00000008 USART_ReceiveData
0000203a g     F .text	0000000c TIM_ClearFlag
000000c4 g     F .text	0000002c .hidden __udivsi3
00005a86 g     F .text	00000018 A_Servo_HoldHere
000000a8 g       .init	00000000 _einit
0000205e g     F .text	0000000c TIM_ClearITPendingBit
00000c02 g     F .text	0000001e FLASH_Unlock_Fast
000002d4 g     F .text	00000066 FLASH_Config_Load
00000f5c g     F .text	00000076 GPIO_Init
00005fca g     F .text	00000006 A_Servo_CalibrateZero
000016be g     F .text	00000016 RCC_ADCCLKConfig
200000dc g     O .bss	00000004 NVIC_Priority_Group
0000074c  w      .text	00000000 SPI1_IRQHandler
00003700 g     F .text	0000002a D_UART_Service
00002106 g     F .text	00000014 USART_Cmd
000000a8 g     F .text	0000000a .hidden __riscv_save_1
000000b2 g     F .text	0000000a .hidden __riscv_restore_0
0000074c  w      .text	00000000 AWU_IRQHandler
0000074c  w      .text	00000000 EXTI7_0_IRQHandler
00000962 g     F .text	0000004e ADC_InjectedChannelConfig
00005fae g     F .text	00000016 A_Servo_GetPositionPwm
00000b24 g     F .text	00000008 DMA_ClearITPendingBit
000016a4 g     F .text	0000001a OPA_Cmd
0000060a g     F .text	0000001e IAP_Check
000052f2 g     F .text	00000018 A_Protect_Init
20001800 g       .stack	00000000 _heap_end
00003852 g     F .text	0000001e C_PosCtrl_Reset
000021f0 g     F .text	0000002e Delay_Us
00001884 g     F .text	0000000a SPI_I2S_GetFlagStatus
0000074c  w      .text	00000000 DMA1_Channel4_IRQHandler
00000872 g     F .text	0000008c ADC_RegularChannelConfig
000014a6 g     F .text	00000004 I2C_SendData
000033fe g     F .text	00000036 D_TMP112_Init
0000074c  w      .text	00000000 ADC1_IRQHandler
00005092 g     F .text	00000010 A_Config_MarkDirty
00000bf4 g     F .text	0000000e FLASH_Lock
00001554 g     F .text	0000000e IWDG_ReloadCounter
00001362 g     F .text	000000de I2C_Init
00002d44 g     F .text	00000056 D_Motor_Release
00000b0c g     F .text	0000000e DMA_GetFlagStatus
20000490 g       .bss	00000000 _ebss
00002184 g     F .text	0000003c USART_GetITStatus
0000074c  w      .text	00000000 DMA1_Channel7_IRQHandler
000019b6 g     F .text	000000a8 TIM_OC1Init
00002972 g     F .text	0000029c D_I2C_Read
00002c52 g     F .text	00000004 D_IWDG_Feed
000021c0 g     F .text	00000030 Delay_Init
00001802 g     F .text	00000020 RCC_GetFlagStatus
000017a8 g     F .text	0000001e RCC_PB2PeriphClockCmd
00001084 g     F .text	000002de GPIO_IPD_Unused
00000fde g     F .text	00000004 GPIO_SetBits
00000928 g     F .text	0000000e ADC_ExternalTrigInjectedConvConfig
00001c64 g     F .text	00000058 TIM_ARRPreloadConfig
00005068 g     F .text	00000016 C_Traj_Is_Done
00000916 g     F .text	00000012 ADC_AutoInjectedConvCmd
0000094a g     F .text	00000018 ADC_SoftwareStartInjectedConvCmd
000033ba g     F .text	00000044 D_TIM1_UP_ISR
000000f0 g     F .text	00000008 .hidden __umodsi3
00001458 g     F .text	0000001a I2C_GenerateSTART
00003e8e g     F .text	00000034 C_Ring_Buf_Get_Count
000050f4 g     F .text	0000002e A_Config_SaveTask
0000074c  w      .text	00000000 I2C1_EV_IRQHandler
00005f6a g     F .text	00000044 A_Servo_SetMode
00002046 g     F .text	00000018 TIM_GetITStatus
000041a4 g     F .text	0000002c C_Task_EventFlag
000059d4 g     F .text	00000070 A_Servo_Resume
000016e8 g     F .text	000000a2 RCC_GetClocksFreq
00005dcc g     F .text	0000001c A_Servo_Submit
0000074c  w      .text	00000000 DMA1_Channel6_IRQHandler
000014d2 g     F .text	00000022 I2C_NACKPositionConfig
00003ec2 g     F .text	0000003e C_SpeedObs_Init
0000206a g     F .text	0000009c USART_Init
0000074c  w      .text	00000000 RCC_IRQHandler
000025d8 g     F .text	0000003e D_ADC_Encoder_Read
000060f0 g     F .text	00000026 A_Servo_SaveStartup
00005982 g     F .text	00000002 A_Servo_SubmitTurns
0000074c  w      .text	00000000 TIM1_TRG_COM_IRQHandler
00002616 g     F .text	00000076 D_ADC_Voltage_Read
000040c6 g     F .text	00000050 C_Task_Tick_Update
000001ca g     F .text	00000008 DMA1_Channel1_IRQHandler
0000153c g     F .text	00000008 IWDG_WriteAccessCmd
00002d9a g     F .text	00000018 D_MT6701_Init
00000000 g       .init	00000000 _start
00002252 g     F .text	00000006 __set_MSTATUS
00002162 g     F .text	00000018 USART_HalfDuplexCmd
0000150a g     F .text	00000032 I2C_GetFlagStatus
0000178a g     F .text	0000001e RCC_HBPeriphClockCmd
00003844 g     F .text	0000000a D_WS2812_Off
00001cfa g     F .text	00000046 TIM_OC2PreloadConfig
00001c54 g     F .text	00000010 TIM_SelectInputTrigger
0000357c g     F .text	000000ba D_UART_Enable
000017c6 g     F .text	0000001e RCC_PB1PeriphClockCmd
000031bc g     F .text	0000002a D_PWM_Read
00001c42 g     F .text	00000012 TIM_ITConfig
00001a5e g     F .text	000000d8 TIM_OC2Init
000066f8 g     F .text	0000071c A_Uart_Process
00001562 g     F .text	00000018 IWDG_Enable
00005a44 g     F .text	00000042 A_Servo_Stop
0000211a g     F .text	00000038 USART_ITConfig
00003022 g     F .text	00000054 D_TIM2_ADC_Trigger_Set
0000248c g     F .text	000000d2 D_ADC_DMA_ISR
00005fd0 g     F .text	000000de A_Servo_SetTravelEnd
00001440 g     F .text	00000018 I2C_Cmd
00001dbc g     F .text	00000018 TIM_SelectOutputTrigger
00000c20 g     F .text	00000046 FLASH_ErasePage_Fast
20000000 g       .dalign	00000000 _data_vma
000032aa g     F .text	00000110 D_TIM1_CC_ISR
000072e0 g     F .text	00000024 memcmp
00001b36 g     F .text	00000068 TIM_OC4Init
00002eac g     F .text	0000005e D_SPI1_Send_Buf
00003f00 g     F .text	00000198 C_SpeedObs_Update
0000372a g     F .text	000000b0 D_UART1_ISR
0000160c g     F .text	00000098 OPA_Init
00002f28 g     F .text	000000fa D_TIM2_PWM_Init
000014b2 g     F .text	0000000e I2C_Send7bitAddress
00001ea0 g     F .text	00000016 TIM_SetIC1Prescaler
00004eea g     F .text	0000017e C_Traj_Step
00000150 g     F .text	00000010 memset
000001d2 g     F .text	0000006a main
0000507e g     F .text	00000014 C_Traj_Get_Ticks
00003e30 g     F .text	0000002c C_Ring_Buf_Put
0000074c  w      .text	00000000 DMA1_Channel5_IRQHandler
0000033a g     F .text	000000e4 FLASH_Config_Save
000000bc g     F .text	00000058 .hidden __divsi3
0000221e g     F .text	0000002e Delay_Ms
00001e78 g     F .text	00000028 TIM_SetCompare4
000009f4 g     F .text	00000018 ADC_BufferCmd
0000200a g     F .text	00000030 TIM_GetCapture2
00001866 g     F .text	0000001a SPI_Cmd
000052e6 g     F .text	00000006 A_Protect_Fault
000015e2 g     F .text	0000001a OPA_Unlock
000014c0 g     F .text	00000012 I2C_SoftwareResetCmd
00000628 g     F .text	000000c2 SystemInit
00001f00 g     F .text	0000010a TIM_ICInit
000009b0 g     F .text	00000014 ADC_InjectedSequencerLengthConfig
00003434 g     F .text	00000044 D_TMP112_Read_Temp
000058b4 g     F .text	0000006e A_Servo_SampleMotion
000074fc g     O .text	00000100 .hidden __clz_tab
00000000 g       .init	00000000 _sinit
00001bc0 g     F .text	00000016 TIM_ICStructInit
00003640 g     F .text	000000ba D_UART1_Tx_Write
0000074c  w      .text	00000000 DMA1_Channel3_IRQHandler
00000190 g     F .text	0000003a TIM1_UP_IRQHandler
0000074c  w      .text	00000000 WWDG_IRQHandler
00005236 g     F .text	00000022 A_Config_Baudrate
000009ec g     F .text	00000008 ADC_ClearFlag
0000280c g     F .text	00000166 D_I2C_Write
00000af8 g     F .text	00000014 DMA_ITConfig
00000a0c g     F .text	0000000e ADC_Sample_ModeConfig
00005882 g     F .text	00000028 A_Servo_SetOutputLimit
00003636 g     F .text	0000000a D_UART1_Rx_Get
0000074c  w      .text	00000000 TIM2_IRQHandler
20002000 g       .stack	00000000 _eusrstack
000000a8 g     F .text	0000000a .hidden __riscv_save_2
0000074c  w      .text	00000000 SW_Handler
000007d8 g     F .text	0000002a ADC_DeInit
00001b9e g     F .text	00000022 TIM_OCStructInit
00000936 g     F .text	00000014 ADC_ExternalTrigInjectedConvCmd
0000074c  w      .text	00000000 TIM1_BRK_IRQHandler
00000802 g     F .text	0000004e ADC_Init
00002152 g     F .text	00000008 USART_SendData
00005b36 g     F .text	0000003a A_Servo_RestoreTorque
00005e56 g     F .text	00000114 A_Servo_Init
20000090 g       .data	00000000 _edata
20000490 g       .bss	00000000 _end
0000194a g     F .text	0000006c TIM_TimeBaseInit
00005b28 g     F .text	0000000e A_Servo_Release
20000378 g     O .bss	00000016 g_config
000009c4 g     F .text	0000001c ADC_GetInjectedConversionValue
000075fc g       .dlalign	00000000 _data_lma
0000530a g     F .text	000001d6 A_Protect_Task
00002e32 g     F .text	0000007a D_SPI1_Init
0000074c  w      .text	00000000 USART2_IRQHandler
000027c6 g     F .text	00000046 D_Bus_I2C_Init
000006ea g     F .text	00000062 SystemCoreClockUpdate
00000114 g     F .text	00000024 .hidden __modsi3
000015fc g     F .text	00000010 OPA_Lock
00000e5e g     F .text	000000fe FLASH_ROM_WRITE
000050a2 g     F .text	00000040 A_Config_Default
0000074c  w      .text	00000000 DMA1_Channel2_IRQHandler
20000000 g     O .data	00000010 HBPrescTable
00000b1a g     F .text	00000008 DMA_ClearFlag
0000074e  w      .text	00000000 handle_reset
00001544 g     F .text	00000008 IWDG_SetPrescaler
0000074c  w      .text	00000000 FLASH_IRQHandler
000000a8 g     F .text	0000000a .hidden __riscv_save_0
00000180 g     F .text	00000008 USART1_IRQHandler
000016d4 g     F .text	00000014 RCC_LSICmd
0000148c g     F .text	0000001a I2C_AcknowledgeConfig
00007304 g     F .text	00000010 strlen
00001eb6 g     F .text	0000001a TIM_SetIC2Prescaler
000014f4 g     F .text	00000016 I2C_CheckEvent
00001dd4 g     F .text	00000054 TIM_SelectSlaveMode
00001472 g     F .text	0000001a I2C_GenerateSTOP
0000074c  w      .text	00000000 I2C1_ER_IRQHandler
00001832 g     F .text	00000034 SPI_Init
0000157a g     F .text	00000006 NVIC_PriorityGroupConfig
00000a1a g     F .text	00000092 DMA_DeInit
0000255e g     F .text	0000000a D_ADC_Current_Window_Set
000038a2 g     F .text	00000582 C_PosCtrl_Update
000000b2 g     F .text	0000000a .hidden __riscv_restore_1
0000384e g     F .text	00000004 D_WS2812_Init
00000ca2 g     F .text	000001bc FLASH_ROM_ERASE
00001e28 g     F .text	00000028 TIM_SetCompare1
00001d86 g     F .text	00000016 TIM_OC2PolarityConfig
00005122 g     F .text	00000114 A_Config_Init
20000098 g     O .bss	00000044 EP2_Rx_Buffer
00000fd2 g     F .text	0000000c GPIO_ReadInputDataBit
000054e0 g     F .text	0000008a A_Encoder_Read
00003e5c g     F .text	00000032 C_Ring_Buf_Get
00003870 g     F .text	00000016 C_PosCtrl_Init
00002280 g     F .text	0000020c D_ADC_DMA_Init
00002db2 g     F .text	00000064 D_OPA1_Init
0000462e g     F .text	0000004a C_Traj_Set_Range



Disassembly of section .init:

00000000 <_sinit>:
   0:	74e0006f          	j	74e <handle_reset>
   4:	00000000          	.word	0x00000000
   8:	00000160          	.word	0x00000160
   c:	00000170          	.word	0x00000170
	...
  30:	0000074c          	.word	0x0000074c
  34:	00000000          	.word	0x00000000
  38:	0000074c          	.word	0x0000074c
  3c:	00000000          	.word	0x00000000
  40:	0000074c          	.word	0x0000074c
  44:	0000074c          	.word	0x0000074c
  48:	0000074c          	.word	0x0000074c
  4c:	0000074c          	.word	0x0000074c
  50:	0000074c          	.word	0x0000074c
  54:	0000074c          	.word	0x0000074c
  58:	000001ca          	.word	0x000001ca
  5c:	0000074c          	.word	0x0000074c
  60:	0000074c          	.word	0x0000074c
  64:	0000074c          	.word	0x0000074c
  68:	0000074c          	.word	0x0000074c
  6c:	0000074c          	.word	0x0000074c
  70:	0000074c          	.word	0x0000074c
  74:	0000074c          	.word	0x0000074c
  78:	0000074c          	.word	0x0000074c
  7c:	0000074c          	.word	0x0000074c
  80:	00000180          	.word	0x00000180
  84:	0000074c          	.word	0x0000074c
  88:	0000074c          	.word	0x0000074c
  8c:	00000190          	.word	0x00000190
  90:	0000074c          	.word	0x0000074c
  94:	00000188          	.word	0x00000188
  98:	0000074c          	.word	0x0000074c
  9c:	0000074c          	.word	0x0000074c
  a0:	0000074c          	.word	0x0000074c
  a4:	0000                	unimp
	...

Disassembly of section .text:

000000a8 <__riscv_save_0>:
      a8:	1151                	addi	sp,sp,-12
      aa:	c026                	sw	s1,0(sp)
      ac:	c222                	sw	s0,4(sp)
      ae:	c406                	sw	ra,8(sp)
      b0:	8282                	jr	t0

000000b2 <__riscv_restore_0>:
      b2:	4482                	lw	s1,0(sp)
      b4:	4412                	lw	s0,4(sp)
      b6:	40a2                	lw	ra,8(sp)
      b8:	0131                	addi	sp,sp,12
      ba:	8082                	ret

000000bc <__divsi3>:
      bc:	02054e63          	bltz	a0,f8 <__umodsi3+0x8>
      c0:	0405c363          	bltz	a1,106 <__umodsi3+0x16>

000000c4 <__hidden___udivsi3>:
      c4:	862e                	mv	a2,a1
      c6:	85aa                	mv	a1,a0
      c8:	557d                	li	a0,-1
      ca:	c215                	beqz	a2,ee <__hidden___udivsi3+0x2a>
      cc:	4685                	li	a3,1
      ce:	00b67863          	bgeu	a2,a1,de <__hidden___udivsi3+0x1a>
      d2:	00c05663          	blez	a2,de <__hidden___udivsi3+0x1a>
      d6:	0606                	slli	a2,a2,0x1
      d8:	0686                	slli	a3,a3,0x1
      da:	feb66ce3          	bltu	a2,a1,d2 <__hidden___udivsi3+0xe>
      de:	4501                	li	a0,0
      e0:	00c5e463          	bltu	a1,a2,e8 <__hidden___udivsi3+0x24>
      e4:	8d91                	sub	a1,a1,a2
      e6:	8d55                	or	a0,a0,a3
      e8:	8285                	srli	a3,a3,0x1
      ea:	8205                	srli	a2,a2,0x1
      ec:	faf5                	bnez	a3,e0 <__hidden___udivsi3+0x1c>
      ee:	8082                	ret

000000f0 <__umodsi3>:
      f0:	8286                	mv	t0,ra
      f2:	3fc9                	jal	c4 <__hidden___udivsi3>
      f4:	852e                	mv	a0,a1
      f6:	8282                	jr	t0
      f8:	40a00533          	neg	a0,a0
      fc:	00b04763          	bgtz	a1,10a <__umodsi3+0x1a>
     100:	40b005b3          	neg	a1,a1
     104:	b7c1                	j	c4 <__hidden___udivsi3>
     106:	40b005b3          	neg	a1,a1
     10a:	8286                	mv	t0,ra
     10c:	3f65                	jal	c4 <__hidden___udivsi3>
     10e:	40a00533          	neg	a0,a0
     112:	8282                	jr	t0

00000114 <__modsi3>:
     114:	8286                	mv	t0,ra
     116:	0005c763          	bltz	a1,124 <__modsi3+0x10>
     11a:	00054963          	bltz	a0,12c <__modsi3+0x18>
     11e:	375d                	jal	c4 <__hidden___udivsi3>
     120:	852e                	mv	a0,a1
     122:	8282                	jr	t0
     124:	40b005b3          	neg	a1,a1
     128:	fe055be3          	bgez	a0,11e <__modsi3+0xa>
     12c:	40a00533          	neg	a0,a0
     130:	3f51                	jal	c4 <__hidden___udivsi3>
     132:	40b00533          	neg	a0,a1
     136:	8282                	jr	t0
	...

0000013a <memcpy>:
     13a:	832a                	mv	t1,a0
     13c:	ca09                	beqz	a2,14e <memcpy+0x14>
     13e:	00058383          	lb	t2,0(a1)
     142:	00730023          	sb	t2,0(t1)
     146:	167d                	addi	a2,a2,-1
     148:	0305                	addi	t1,t1,1
     14a:	0585                	addi	a1,a1,1
     14c:	fa6d                	bnez	a2,13e <memcpy+0x4>
     14e:	8082                	ret

00000150 <memset>:
     150:	832a                	mv	t1,a0
     152:	c611                	beqz	a2,15e <memset+0xe>
     154:	00b30023          	sb	a1,0(t1)
     158:	167d                	addi	a2,a2,-1
     15a:	0305                	addi	t1,t1,1
     15c:	fe65                	bnez	a2,154 <memset+0x4>
     15e:	8082                	ret

00000160 <NMI_Handler>:
     160:	beef07b7          	lui	a5,0xbeef0
     164:	e000e737          	lui	a4,0xe000e
     168:	08078793          	addi	a5,a5,128 # beef0080 <_eusrstack+0x9eeee080>
     16c:	c73c                	sw	a5,72(a4)
     16e:	a001                	j	16e <NMI_Handler+0xe>

00000170 <HardFault_Handler>:
     170:	beef07b7          	lui	a5,0xbeef0
     174:	e000e737          	lui	a4,0xe000e
     178:	08078793          	addi	a5,a5,128 # beef0080 <_eusrstack+0x9eeee080>
     17c:	c73c                	sw	a5,72(a4)
     17e:	a001                	j	17e <HardFault_Handler+0xe>

00000180 <USART1_IRQHandler>:
     180:	5aa030ef          	jal	ra,372a <D_UART1_ISR>
     184:	30200073          	mret

00000188 <TIM1_CC_IRQHandler>:
     188:	122030ef          	jal	ra,32aa <D_TIM1_CC_ISR>
     18c:	30200073          	mret

00000190 <TIM1_UP_IRQHandler>:
     190:	40013537          	lui	a0,0x40013
     194:	4585                	li	a1,1
     196:	c0050513          	addi	a0,a0,-1024 # 40012c00 <_eusrstack+0x20010c00>
     19a:	6ad010ef          	jal	ra,2046 <TIM_GetITStatus>
     19e:	cd19                	beqz	a0,1bc <TIM1_UP_IRQHandler+0x2c>
     1a0:	21a030ef          	jal	ra,33ba <D_TIM1_UP_ISR>
     1a4:	20000737          	lui	a4,0x20000
     1a8:	09074783          	lbu	a5,144(a4) # 20000090 <tick_cnt.0>
     1ac:	46cd                	li	a3,19
     1ae:	0785                	addi	a5,a5,1
     1b0:	0ff7f793          	zext.b	a5,a5
     1b4:	00f6e663          	bltu	a3,a5,1c0 <TIM1_UP_IRQHandler+0x30>
     1b8:	08f70823          	sb	a5,144(a4)
     1bc:	30200073          	mret
     1c0:	08070823          	sb	zero,144(a4)
     1c4:	703030ef          	jal	ra,40c6 <C_Task_Tick_Update>
     1c8:	bfd5                	j	1bc <TIM1_UP_IRQHandler+0x2c>

000001ca <DMA1_Channel1_IRQHandler>:
     1ca:	2c2020ef          	jal	ra,248c <D_ADC_DMA_ISR>
     1ce:	30200073          	mret

000001d2 <main>:
     1d2:	ed7ff2ef          	jal	t0,a8 <__riscv_save_0>
     1d6:	4505                	li	a0,1
     1d8:	3a2010ef          	jal	ra,157a <NVIC_PriorityGroupConfig>
     1dc:	2339                	jal	6ea <SystemCoreClockUpdate>
     1de:	7e3010ef          	jal	ra,21c0 <Delay_Init>
     1e2:	640010ef          	jal	ra,1822 <RCC_ClearFlag>
     1e6:	06400513          	li	a0,100
     1ea:	034020ef          	jal	ra,221e <Delay_Ms>
     1ee:	735040ef          	jal	ra,5122 <A_Config_Init>
     1f2:	5d4020ef          	jal	ra,27c6 <D_Bus_I2C_Init>
     1f6:	43d020ef          	jal	ra,2e32 <D_SPI1_Init>
     1fa:	03c050ef          	jal	ra,5236 <A_Config_Baudrate>
     1fe:	2f6030ef          	jal	ra,34f4 <D_USART1_Cfg>
     202:	527020ef          	jal	ra,2f28 <D_TIM2_PWM_Init>
     206:	671020ef          	jal	ra,3076 <D_TIM1_PWM_IC_Init>
     20a:	3a9020ef          	jal	ra,2db2 <D_OPA1_Init>
     20e:	072020ef          	jal	ra,2280 <D_ADC_DMA_Init>
     212:	389020ef          	jal	ra,2d9a <D_MT6701_Init>
     216:	1e8030ef          	jal	ra,33fe <D_TMP112_Init>
     21a:	634030ef          	jal	ra,384e <D_WS2812_Init>
     21e:	0c800513          	li	a0,200
     222:	7fd010ef          	jal	ra,221e <Delay_Ms>
     226:	431050ef          	jal	ra,5e56 <A_Servo_Init>
     22a:	0c8050ef          	jal	ra,52f2 <A_Protect_Init>
     22e:	29c060ef          	jal	ra,64ca <A_Tasks_Init>
     232:	1dd020ef          	jal	ra,2c0e <D_IWDG_Init>
     236:	6e1030ef          	jal	ra,4116 <C_Task_Run>
     23a:	bff5                	j	236 <main+0x64>

0000023c <Flash_Crc16>:
     23c:	87aa                	mv	a5,a0
     23e:	00b78733          	add	a4,a5,a1
     242:	6541                	lui	a0,0x10
     244:	0742                	slli	a4,a4,0x10
     246:	6605                	lui	a2,0x1
     248:	157d                	addi	a0,a0,-1 # ffff <_data_lma+0x8a03>
     24a:	8341                	srli	a4,a4,0x10
     24c:	02160613          	addi	a2,a2,33 # 1021 <GPIO_PinRemapConfig+0x3f>
     250:	01079693          	slli	a3,a5,0x10
     254:	82c1                	srli	a3,a3,0x10
     256:	00d71363          	bne	a4,a3,25c <Flash_Crc16+0x20>
     25a:	8082                	ret
     25c:	2394                	lbu	a3,0(a5)
     25e:	0785                	addi	a5,a5,1
     260:	06a2                	slli	a3,a3,0x8
     262:	8d35                	xor	a0,a0,a3
     264:	46a1                	li	a3,8
     266:	01051593          	slli	a1,a0,0x10
     26a:	0506                	slli	a0,a0,0x1
     26c:	0542                	slli	a0,a0,0x10
     26e:	85c1                	srai	a1,a1,0x10
     270:	8141                	srli	a0,a0,0x10
     272:	0005d363          	bgez	a1,278 <Flash_Crc16+0x3c>
     276:	8d31                	xor	a0,a0,a2
     278:	16fd                	addi	a3,a3,-1
     27a:	0ff6f693          	zext.b	a3,a3
     27e:	f6e5                	bnez	a3,266 <Flash_Crc16+0x2a>
     280:	bfc1                	j	250 <Flash_Crc16+0x14>

00000282 <Flash_RecordValid>:
     282:	4110                	lw	a2,0(a0)
     284:	434646b7          	lui	a3,0x43464
     288:	73168693          	addi	a3,a3,1841 # 43464731 <_eusrstack+0x23462731>
     28c:	04d61163          	bne	a2,a3,2ce <Flash_RecordValid+0x4c>
     290:	2512                	lhu	a2,8(a0)
     292:	4689                	li	a3,2
     294:	87aa                	mv	a5,a0
     296:	4501                	li	a0,0
     298:	02d61d63          	bne	a2,a3,2d2 <Flash_RecordValid+0x50>
     29c:	27b6                	lhu	a3,10(a5)
     29e:	02b69a63          	bne	a3,a1,2d2 <Flash_RecordValid+0x50>
     2a2:	02000713          	li	a4,32
     2a6:	02d76663          	bltu	a4,a3,2d2 <Flash_RecordValid+0x50>
     2aa:	5b94                	lw	a3,48(a5)
     2ac:	5aa56737          	lui	a4,0x5aa56
     2b0:	aa570713          	addi	a4,a4,-1371 # 5aa55aa5 <_eusrstack+0x3aa53aa5>
     2b4:	00e69f63          	bne	a3,a4,2d2 <Flash_RecordValid+0x50>
     2b8:	df1ff2ef          	jal	t0,a8 <__riscv_save_0>
     2bc:	37c2                	lhu	s0,44(a5)
     2be:	00c78513          	addi	a0,a5,12
     2c2:	3fad                	jal	23c <Flash_Crc16>
     2c4:	40a40533          	sub	a0,s0,a0
     2c8:	00153513          	seqz	a0,a0
     2cc:	b3dd                	j	b2 <__riscv_restore_0>
     2ce:	4501                	li	a0,0
     2d0:	8082                	ret
     2d2:	8082                	ret

000002d4 <FLASH_Config_Load>:
     2d4:	dd5ff2ef          	jal	t0,a8 <__riscv_save_0>
     2d8:	1151                	addi	sp,sp,-12
     2da:	c02e                	sw	a1,0(sp)
     2dc:	c232                	sw	a2,4(sp)
     2de:	c42a                	sw	a0,8(sp)
     2e0:	c939                	beqz	a0,336 <FLASH_Config_Load+0x62>
     2e2:	4501                	li	a0,0
     2e4:	ca0d                	beqz	a2,316 <FLASH_Config_Load+0x42>
     2e6:	0800f437          	lui	s0,0x800f
     2ea:	50040513          	addi	a0,s0,1280 # 800f500 <_data_lma+0x8007f04>
     2ee:	3f51                	jal	282 <Flash_RecordValid>
     2f0:	4582                	lw	a1,0(sp)
     2f2:	84aa                	mv	s1,a0
     2f4:	60040513          	addi	a0,s0,1536
     2f8:	3769                	jal	282 <Flash_RecordValid>
     2fa:	4322                	lw	t1,8(sp)
     2fc:	ec99                	bnez	s1,31a <FLASH_Config_Load+0x46>
     2fe:	cd01                	beqz	a0,316 <FLASH_Config_Load+0x42>
     300:	60040493          	addi	s1,s0,1536
     304:	4602                	lw	a2,0(sp)
     306:	00c48593          	addi	a1,s1,12
     30a:	851a                	mv	a0,t1
     30c:	353d                	jal	13a <memcpy>
     30e:	40dc                	lw	a5,4(s1)
     310:	4712                	lw	a4,4(sp)
     312:	4505                	li	a0,1
     314:	c31c                	sw	a5,0(a4)
     316:	0131                	addi	sp,sp,12
     318:	bb69                	j	b2 <__riscv_restore_0>
     31a:	50040493          	addi	s1,s0,1280
     31e:	8626                	mv	a2,s1
     320:	d175                	beqz	a0,304 <FLASH_Config_Load+0x30>
     322:	60040793          	addi	a5,s0,1536
     326:	40d4                	lw	a3,4(s1)
     328:	43d8                	lw	a4,4(a5)
     32a:	84be                	mv	s1,a5
     32c:	8e99                	sub	a3,a3,a4
     32e:	fcd05be3          	blez	a3,304 <FLASH_Config_Load+0x30>
     332:	84b2                	mv	s1,a2
     334:	bfc1                	j	304 <FLASH_Config_Load+0x30>
     336:	4501                	li	a0,0
     338:	bff9                	j	316 <FLASH_Config_Load+0x42>

0000033a <FLASH_Config_Save>:
     33a:	d6fff2ef          	jal	t0,a8 <__riscv_save_0>
     33e:	ebc10113          	addi	sp,sp,-324
     342:	0800f437          	lui	s0,0x800f
     346:	c22a                	sw	a0,4(sp)
     348:	50040513          	addi	a0,s0,1280 # 800f500 <_data_lma+0x8007f04>
     34c:	c02e                	sw	a1,0(sp)
     34e:	c432                	sw	a2,8(sp)
     350:	3f0d                	jal	282 <Flash_RecordValid>
     352:	4582                	lw	a1,0(sp)
     354:	c62a                	sw	a0,12(sp)
     356:	60040513          	addi	a0,s0,1536
     35a:	3725                	jal	282 <Flash_RecordValid>
     35c:	4792                	lw	a5,4(sp)
     35e:	4732                	lw	a4,12(sp)
     360:	e789                	bnez	a5,36a <FLASH_Config_Save+0x30>
     362:	4501                	li	a0,0
     364:	14410113          	addi	sp,sp,324
     368:	b3a9                	j	b2 <__riscv_restore_0>
     36a:	4782                	lw	a5,0(sp)
     36c:	467d                	li	a2,31
     36e:	fff78693          	addi	a3,a5,-1
     372:	06c2                	slli	a3,a3,0x10
     374:	82c1                	srli	a3,a3,0x10
     376:	fed666e3          	bltu	a2,a3,362 <FLASH_Config_Save+0x28>
     37a:	50040493          	addi	s1,s0,1280
     37e:	cf01                	beqz	a4,396 <FLASH_Config_Save+0x5c>
     380:	60040493          	addi	s1,s0,1536
     384:	c909                	beqz	a0,396 <FLASH_Config_Save+0x5c>
     386:	50040793          	addi	a5,s0,1280
     38a:	40d8                	lw	a4,4(s1)
     38c:	43d4                	lw	a3,4(a5)
     38e:	8f15                	sub	a4,a4,a3
     390:	00e05363          	blez	a4,396 <FLASH_Config_Save+0x5c>
     394:	84be                	mv	s1,a5
     396:	02800613          	li	a2,40
     39a:	0ff00593          	li	a1,255
     39e:	0868                	addi	a0,sp,28
     3a0:	3b45                	jal	150 <memset>
     3a2:	434647b7          	lui	a5,0x43464
     3a6:	73178793          	addi	a5,a5,1841 # 43464731 <_eusrstack+0x23462731>
     3aa:	c83e                	sw	a5,16(sp)
     3ac:	47a2                	lw	a5,8(sp)
     3ae:	4592                	lw	a1,4(sp)
     3b0:	0868                	addi	a0,sp,28
     3b2:	ca3e                	sw	a5,20(sp)
     3b4:	4789                	li	a5,2
     3b6:	84fc                	sh	a5,24(sp)
     3b8:	4782                	lw	a5,0(sp)
     3ba:	863e                	mv	a2,a5
     3bc:	85fc                	sh	a5,26(sp)
     3be:	3bb5                	jal	13a <memcpy>
     3c0:	4582                	lw	a1,0(sp)
     3c2:	0868                	addi	a0,sp,28
     3c4:	3da5                	jal	23c <Flash_Crc16>
     3c6:	5aa567b7          	lui	a5,0x5aa56
     3ca:	aa578793          	addi	a5,a5,-1371 # 5aa55aa5 <_eusrstack+0x3aa53aa5>
     3ce:	02a11e23          	sh	a0,60(sp)
     3d2:	0cc00613          	li	a2,204
     3d6:	0ff00593          	li	a1,255
     3da:	18a8                	addi	a0,sp,120
     3dc:	c0be                	sw	a5,64(sp)
     3de:	3b8d                	jal	150 <memset>
     3e0:	03400613          	li	a2,52
     3e4:	080c                	addi	a1,sp,16
     3e6:	00c8                	addi	a0,sp,68
     3e8:	3b89                	jal	13a <memcpy>
     3ea:	10000593          	li	a1,256
     3ee:	8526                	mv	a0,s1
     3f0:	0b3000ef          	jal	ra,ca2 <FLASH_ROM_ERASE>
     3f4:	4791                	li	a5,4
     3f6:	842a                	mv	s0,a0
     3f8:	f6f515e3          	bne	a0,a5,362 <FLASH_Config_Save+0x28>
     3fc:	10000613          	li	a2,256
     400:	00cc                	addi	a1,sp,68
     402:	8526                	mv	a0,s1
     404:	25b000ef          	jal	ra,e5e <FLASH_ROM_WRITE>
     408:	f4851de3          	bne	a0,s0,362 <FLASH_Config_Save+0x28>
     40c:	10000613          	li	a2,256
     410:	00cc                	addi	a1,sp,68
     412:	8526                	mv	a0,s1
     414:	6cd060ef          	jal	ra,72e0 <memcmp>
     418:	00153513          	seqz	a0,a0
     41c:	b7a1                	j	364 <FLASH_Config_Save+0x2a>

0000041e <RecData_Deal>:
     41e:	200007b7          	lui	a5,0x20000
     422:	0987c703          	lbu	a4,152(a5) # 20000098 <EP2_Rx_Buffer>
     426:	08400793          	li	a5,132
     42a:	02f71863          	bne	a4,a5,45a <RecData_Deal+0x3c>
     42e:	c7bff2ef          	jal	t0,a8 <__riscv_save_0>
     432:	7d0000ef          	jal	ra,c02 <FLASH_Unlock_Fast>
     436:	0800f537          	lui	a0,0x800f
     43a:	70050513          	addi	a0,a0,1792 # 800f700 <_data_lma+0x8008104>
     43e:	7e2000ef          	jal	ra,c20 <FLASH_ErasePage_Fast>
     442:	400227b7          	lui	a5,0x40022
     446:	4b98                	lw	a4,16(a5)
     448:	66a1                	lui	a3,0x8
     44a:	4501                	li	a0,0
     44c:	8f55                	or	a4,a4,a3
     44e:	cb98                	sw	a4,16(a5)
     450:	4b98                	lw	a4,16(a5)
     452:	08076713          	ori	a4,a4,128
     456:	cb98                	sw	a4,16(a5)
     458:	b9a9                	j	b2 <__riscv_restore_0>
     45a:	4505                	li	a0,1
     45c:	8082                	ret

0000045e <IAP_Rx_Deal>:
     45e:	c4bff2ef          	jal	t0,a8 <__riscv_save_0>
     462:	20000437          	lui	s0,0x20000
     466:	09544783          	lbu	a5,149(s0) # 20000095 <rx_state>
     46a:	4725                	li	a4,9
     46c:	1161                	addi	sp,sp,-8
     46e:	16f76d63          	bltu	a4,a5,5e8 <IAP_Rx_Deal+0x18a>
     472:	671d                	lui	a4,0x7
     474:	078a                	slli	a5,a5,0x2
     476:	31470713          	addi	a4,a4,788 # 7314 <strlen+0x10>
     47a:	97ba                	add	a5,a5,a4
     47c:	439c                	lw	a5,0(a5)
     47e:	8782                	jr	a5
     480:	0aa00793          	li	a5,170
     484:	02f51163          	bne	a0,a5,4a6 <IAP_Rx_Deal+0x48>
     488:	4785                	li	a5,1
     48a:	08f40aa3          	sb	a5,149(s0)
     48e:	a821                	j	4a6 <IAP_Rx_Deal+0x48>
     490:	05500793          	li	a5,85
     494:	14f51a63          	bne	a0,a5,5e8 <IAP_Rx_Deal+0x18a>
     498:	4789                	li	a5,2
     49a:	08f40aa3          	sb	a5,149(s0)
     49e:	200007b7          	lui	a5,0x20000
     4a2:	08079923          	sh	zero,146(a5) # 20000092 <rx_cksum>
     4a6:	0121                	addi	sp,sp,8
     4a8:	b129                	j	b2 <__riscv_restore_0>
     4aa:	200007b7          	lui	a5,0x20000
     4ae:	20000737          	lui	a4,0x20000
     4b2:	08a78c23          	sb	a0,152(a5) # 20000098 <EP2_Rx_Buffer>
     4b6:	09275783          	lhu	a5,146(a4) # 20000092 <rx_cksum>
     4ba:	97aa                	add	a5,a5,a0
     4bc:	08f71923          	sh	a5,146(a4)
     4c0:	478d                	li	a5,3
     4c2:	b7e1                	j	48a <IAP_Rx_Deal+0x2c>
     4c4:	200006b7          	lui	a3,0x20000
     4c8:	0926d703          	lhu	a4,146(a3) # 20000092 <rx_cksum>
     4cc:	200007b7          	lui	a5,0x20000
     4d0:	09878793          	addi	a5,a5,152 # 20000098 <EP2_Rx_Buffer>
     4d4:	972a                	add	a4,a4,a0
     4d6:	08e69923          	sh	a4,146(a3)
     4da:	2398                	lbu	a4,0(a5)
     4dc:	b388                	sb	a0,1(a5)
     4de:	4685                	li	a3,1
     4e0:	07f70793          	addi	a5,a4,127
     4e4:	0ff7f793          	zext.b	a5,a5
     4e8:	00f6ea63          	bltu	a3,a5,4fc <IAP_Rx_Deal+0x9e>
     4ec:	4791                	li	a5,4
     4ee:	08f40aa3          	sb	a5,149(s0)
     4f2:	200007b7          	lui	a5,0x20000
     4f6:	08078a23          	sb	zero,148(a5) # 20000094 <rx_idx>
     4fa:	b775                	j	4a6 <IAP_Rx_Deal+0x48>
     4fc:	08000793          	li	a5,128
     500:	04f71663          	bne	a4,a5,54c <IAP_Rx_Deal+0xee>
     504:	c521                	beqz	a0,54c <IAP_Rx_Deal+0xee>
     506:	4795                	li	a5,5
     508:	b7dd                	j	4ee <IAP_Rx_Deal+0x90>
     50a:	20000637          	lui	a2,0x20000
     50e:	09464783          	lbu	a5,148(a2) # 20000094 <rx_idx>
     512:	20000737          	lui	a4,0x20000
     516:	09870713          	addi	a4,a4,152 # 20000098 <EP2_Rx_Buffer>
     51a:	00f706b3          	add	a3,a4,a5
     51e:	200005b7          	lui	a1,0x20000
     522:	a2a8                	sb	a0,2(a3)
     524:	0925d683          	lhu	a3,146(a1) # 20000092 <rx_cksum>
     528:	0785                	addi	a5,a5,1
     52a:	0ff7f793          	zext.b	a5,a5
     52e:	96aa                	add	a3,a3,a0
     530:	08d59923          	sh	a3,146(a1)
     534:	08f60a23          	sb	a5,148(a2)
     538:	468d                	li	a3,3
     53a:	f6f6f6e3          	bgeu	a3,a5,4a6 <IAP_Rx_Deal+0x48>
     53e:	2314                	lbu	a3,0(a4)
     540:	08200793          	li	a5,130
     544:	00f69463          	bne	a3,a5,54c <IAP_Rx_Deal+0xee>
     548:	331c                	lbu	a5,1(a4)
     54a:	ffd5                	bnez	a5,506 <IAP_Rx_Deal+0xa8>
     54c:	4799                	li	a5,6
     54e:	bf35                	j	48a <IAP_Rx_Deal+0x2c>
     550:	20000637          	lui	a2,0x20000
     554:	09464783          	lbu	a5,148(a2) # 20000094 <rx_idx>
     558:	20000737          	lui	a4,0x20000
     55c:	09870713          	addi	a4,a4,152 # 20000098 <EP2_Rx_Buffer>
     560:	00f706b3          	add	a3,a4,a5
     564:	200005b7          	lui	a1,0x20000
     568:	a2a8                	sb	a0,2(a3)
     56a:	0925d683          	lhu	a3,146(a1) # 20000092 <rx_cksum>
     56e:	0785                	addi	a5,a5,1
     570:	3318                	lbu	a4,1(a4)
     572:	96aa                	add	a3,a3,a0
     574:	0ff7f793          	zext.b	a5,a5
     578:	08d59923          	sh	a3,146(a1)
     57c:	08f60a23          	sb	a5,148(a2)
     580:	fce7f6e3          	bgeu	a5,a4,54c <IAP_Rx_Deal+0xee>
     584:	b70d                	j	4a6 <IAP_Rx_Deal+0x48>
     586:	200007b7          	lui	a5,0x20000
     58a:	0927c783          	lbu	a5,146(a5) # 20000092 <rx_cksum>
     58e:	04a79d63          	bne	a5,a0,5e8 <IAP_Rx_Deal+0x18a>
     592:	479d                	li	a5,7
     594:	bddd                	j	48a <IAP_Rx_Deal+0x2c>
     596:	200007b7          	lui	a5,0x20000
     59a:	0927d783          	lhu	a5,146(a5) # 20000092 <rx_cksum>
     59e:	83a1                	srli	a5,a5,0x8
     5a0:	04a79463          	bne	a5,a0,5e8 <IAP_Rx_Deal+0x18a>
     5a4:	47a1                	li	a5,8
     5a6:	b5d5                	j	48a <IAP_Rx_Deal+0x2c>
     5a8:	05500793          	li	a5,85
     5ac:	02f51e63          	bne	a0,a5,5e8 <IAP_Rx_Deal+0x18a>
     5b0:	47a5                	li	a5,9
     5b2:	bde1                	j	48a <IAP_Rx_Deal+0x2c>
     5b4:	0aa00793          	li	a5,170
     5b8:	02f51863          	bne	a0,a5,5e8 <IAP_Rx_Deal+0x18a>
     5bc:	358d                	jal	41e <RecData_Deal>
     5be:	4789                	li	a5,2
     5c0:	02f50463          	beq	a0,a5,5e8 <IAP_Rx_Deal+0x18a>
     5c4:	6795                	lui	a5,0x5
     5c6:	5aa78793          	addi	a5,a5,1450 # 55aa <A_Current_Read+0x18>
     5ca:	157d                	addi	a0,a0,-1
     5cc:	00153513          	seqz	a0,a0
     5d0:	807c                	sh	a5,0(sp)
     5d2:	77ed                	lui	a5,0xffffb
     5d4:	81c8                	sb	a0,3(sp)
     5d6:	a5578793          	addi	a5,a5,-1451 # ffffaa55 <_eusrstack+0xdfff8a55>
     5da:	4599                	li	a1,6
     5dc:	850a                	mv	a0,sp
     5de:	00010123          	sb	zero,2(sp)
     5e2:	827c                	sh	a5,4(sp)
     5e4:	05c030ef          	jal	ra,3640 <D_UART1_Tx_Write>
     5e8:	08040aa3          	sb	zero,149(s0)
     5ec:	bd6d                	j	4a6 <IAP_Rx_Deal+0x48>

000005ee <APP_2_IAP>:
     5ee:	abbff2ef          	jal	t0,a8 <__riscv_save_0>
     5f2:	230010ef          	jal	ra,1822 <RCC_ClearFlag>
     5f6:	6511                	lui	a0,0x4
     5f8:	25bd                	jal	c66 <SystemReset_StartMode>
     5fa:	beef07b7          	lui	a5,0xbeef0
     5fe:	e000e737          	lui	a4,0xe000e
     602:	08078793          	addi	a5,a5,128 # beef0080 <_eusrstack+0x9eeee080>
     606:	c73c                	sw	a5,72(a4)
     608:	b46d                	j	b2 <__riscv_restore_0>

0000060a <IAP_Check>:
     60a:	0800f7b7          	lui	a5,0x800f
     60e:	7fc7a703          	lw	a4,2044(a5) # 800f7fc <_data_lma+0x8008200>
     612:	5aa567b7          	lui	a5,0x5aa56
     616:	aa578793          	addi	a5,a5,-1371 # 5aa55aa5 <_eusrstack+0x3aa53aa5>
     61a:	00f70663          	beq	a4,a5,626 <IAP_Check+0x1c>
     61e:	a8bff2ef          	jal	t0,a8 <__riscv_save_0>
     622:	37f1                	jal	5ee <APP_2_IAP>
     624:	a001                	j	624 <IAP_Check+0x1a>
     626:	8082                	ret

00000628 <SystemInit>:
     628:	a81ff2ef          	jal	t0,a8 <__riscv_save_0>
     62c:	4689                	li	a3,2
     62e:	400227b7          	lui	a5,0x40022
     632:	40021437          	lui	s0,0x40021
     636:	c394                	sw	a3,0(a5)
     638:	401c                	lw	a5,0(s0)
     63a:	68ff0737          	lui	a4,0x68ff0
     63e:	74c1                	lui	s1,0xffff0
     640:	0017e793          	ori	a5,a5,1
     644:	c01c                	sw	a5,0(s0)
     646:	405c                	lw	a5,4(s0)
     648:	14fd                	addi	s1,s1,-1 # fffeffff <_eusrstack+0xdffedfff>
     64a:	8ff9                	and	a5,a5,a4
     64c:	c05c                	sw	a5,4(s0)
     64e:	401c                	lw	a5,0(s0)
     650:	fed70737          	lui	a4,0xfed70
     654:	176d                	addi	a4,a4,-5 # fed6fffb <_eusrstack+0xded6dffb>
     656:	8ff9                	and	a5,a5,a4
     658:	00100737          	lui	a4,0x100
     65c:	8fd9                	or	a5,a5,a4
     65e:	c01c                	sw	a5,0(s0)
     660:	401c                	lw	a5,0(s0)
     662:	fffc0737          	lui	a4,0xfffc0
     666:	177d                	addi	a4,a4,-1 # fffbffff <_eusrstack+0xdffbdfff>
     668:	8ff9                	and	a5,a5,a4
     66a:	c01c                	sw	a5,0(s0)
     66c:	405c                	lw	a5,4(s0)
     66e:	8fe5                	and	a5,a5,s1
     670:	c05c                	sw	a5,4(s0)
     672:	009d07b7          	lui	a5,0x9d0
     676:	c41c                	sw	a5,8(s0)
     678:	4c1c                	lw	a5,24(s0)
     67a:	0207e793          	ori	a5,a5,32
     67e:	cc1c                	sw	a5,24(s0)
     680:	400117b7          	lui	a5,0x40011
     684:	40078793          	addi	a5,a5,1024 # 40011400 <_eusrstack+0x2000f400>
     688:	4398                	lw	a4,0(a5)
     68a:	f0f77713          	andi	a4,a4,-241
     68e:	c398                	sw	a4,0(a5)
     690:	4398                	lw	a4,0(a5)
     692:	08076713          	ori	a4,a4,128
     696:	c398                	sw	a4,0(a5)
     698:	cb94                	sw	a3,16(a5)
     69a:	1eb000ef          	jal	ra,1084 <GPIO_IPD_Unused>
     69e:	405c                	lw	a5,4(s0)
     6a0:	01000737          	lui	a4,0x1000
     6a4:	020006b7          	lui	a3,0x2000
     6a8:	c05c                	sw	a5,4(s0)
     6aa:	405c                	lw	a5,4(s0)
     6ac:	8fe5                	and	a5,a5,s1
     6ae:	c05c                	sw	a5,4(s0)
     6b0:	405c                	lw	a5,4(s0)
     6b2:	c05c                	sw	a5,4(s0)
     6b4:	401c                	lw	a5,0(s0)
     6b6:	8fd9                	or	a5,a5,a4
     6b8:	c01c                	sw	a5,0(s0)
     6ba:	400217b7          	lui	a5,0x40021
     6be:	4398                	lw	a4,0(a5)
     6c0:	8f75                	and	a4,a4,a3
     6c2:	df75                	beqz	a4,6be <SystemInit+0x96>
     6c4:	43d8                	lw	a4,4(a5)
     6c6:	400216b7          	lui	a3,0x40021
     6ca:	9b71                	andi	a4,a4,-4
     6cc:	c3d8                	sw	a4,4(a5)
     6ce:	43d8                	lw	a4,4(a5)
     6d0:	00276713          	ori	a4,a4,2
     6d4:	c3d8                	sw	a4,4(a5)
     6d6:	4721                	li	a4,8
     6d8:	42dc                	lw	a5,4(a3)
     6da:	8bb1                	andi	a5,a5,12
     6dc:	fee79ee3          	bne	a5,a4,6d8 <SystemInit+0xb0>
     6e0:	400227b7          	lui	a5,0x40022
     6e4:	4709                	li	a4,2
     6e6:	c398                	sw	a4,0(a5)
     6e8:	b2e9                	j	b2 <__riscv_restore_0>

000006ea <SystemCoreClockUpdate>:
     6ea:	40021737          	lui	a4,0x40021
     6ee:	435c                	lw	a5,4(a4)
     6f0:	46a1                	li	a3,8
     6f2:	8bb1                	andi	a5,a5,12
     6f4:	04d79263          	bne	a5,a3,738 <SystemCoreClockUpdate+0x4e>
     6f8:	435c                	lw	a5,4(a4)
     6fa:	02dc7537          	lui	a0,0x2dc7
     6fe:	c0050513          	addi	a0,a0,-1024 # 2dc6c00 <_data_lma+0x2dbf604>
     702:	400216b7          	lui	a3,0x40021
     706:	42d8                	lw	a4,4(a3)
     708:	200007b7          	lui	a5,0x20000
     70c:	00078793          	mv	a5,a5
     710:	8311                	srli	a4,a4,0x4
     712:	8b3d                	andi	a4,a4,15
     714:	97ba                	add	a5,a5,a4
     716:	239c                	lbu	a5,0(a5)
     718:	42d8                	lw	a4,4(a3)
     71a:	0ff7f593          	zext.b	a1,a5
     71e:	08077713          	andi	a4,a4,128
     722:	00f557b3          	srl	a5,a0,a5
     726:	ef11                	bnez	a4,742 <SystemCoreClockUpdate+0x58>
     728:	981ff2ef          	jal	t0,a8 <__riscv_save_0>
     72c:	3a61                	jal	c4 <__hidden___udivsi3>
     72e:	20000737          	lui	a4,0x20000
     732:	00a72823          	sw	a0,16(a4) # 20000010 <SystemCoreClock>
     736:	bab5                	j	b2 <__riscv_restore_0>
     738:	016e3537          	lui	a0,0x16e3
     73c:	60050513          	addi	a0,a0,1536 # 16e3600 <_data_lma+0x16dc004>
     740:	b7c9                	j	702 <SystemCoreClockUpdate+0x18>
     742:	20000737          	lui	a4,0x20000
     746:	00f72823          	sw	a5,16(a4) # 20000010 <SystemCoreClock>
     74a:	8082                	ret

0000074c <ADC1_IRQHandler>:
     74c:	a001                	j	74c <ADC1_IRQHandler>

0000074e <handle_reset>:
     74e:	20000197          	auipc	gp,0x20000
     752:	14218193          	addi	gp,gp,322 # 20000890 <__global_pointer$>
     756:	20002117          	auipc	sp,0x20002
     75a:	8aa10113          	addi	sp,sp,-1878 # 20002000 <_eusrstack>
     75e:	00007517          	auipc	a0,0x7
     762:	e9e50513          	addi	a0,a0,-354 # 75fc <_data_lma>
     766:	20000597          	auipc	a1,0x20000
     76a:	89a58593          	addi	a1,a1,-1894 # 20000000 <HBPrescTable>
     76e:	20000617          	auipc	a2,0x20000
     772:	92260613          	addi	a2,a2,-1758 # 20000090 <tick_cnt.0>
     776:	00c5fa63          	bgeu	a1,a2,78a <handle_reset+0x3c>
     77a:	00052283          	lw	t0,0(a0)
     77e:	0055a023          	sw	t0,0(a1)
     782:	0511                	addi	a0,a0,4
     784:	0591                	addi	a1,a1,4
     786:	fec5eae3          	bltu	a1,a2,77a <handle_reset+0x2c>
     78a:	20000517          	auipc	a0,0x20000
     78e:	90650513          	addi	a0,a0,-1786 # 20000090 <tick_cnt.0>
     792:	c0018593          	addi	a1,gp,-1024 # 20000490 <_ebss>
     796:	00b57763          	bgeu	a0,a1,7a4 <handle_reset+0x56>
     79a:	00052023          	sw	zero,0(a0)
     79e:	0511                	addi	a0,a0,4
     7a0:	feb56de3          	bltu	a0,a1,79a <handle_reset+0x4c>
     7a4:	6289                	lui	t0,0x2
     7a6:	88028293          	addi	t0,t0,-1920 # 1880 <SPI_I2S_SendData>
     7aa:	30029073          	.4byte	0x30029073
     7ae:	428d                	li	t0,3
     7b0:	80429073          	.4byte	0x80429073
     7b4:	00000297          	auipc	t0,0x0
     7b8:	84c28293          	addi	t0,t0,-1972 # 0 <_sinit>
     7bc:	0032e293          	ori	t0,t0,3
     7c0:	30529073          	.4byte	0x30529073
     7c4:	e65ff0ef          	jal	ra,628 <SystemInit>
     7c8:	00000297          	auipc	t0,0x0
     7cc:	a0a28293          	addi	t0,t0,-1526 # 1d2 <main>
     7d0:	34129073          	.4byte	0x34129073
     7d4:	30200073          	mret

000007d8 <ADC_DeInit>:
     7d8:	400127b7          	lui	a5,0x40012
     7dc:	40078793          	addi	a5,a5,1024 # 40012400 <_eusrstack+0x20010400>
     7e0:	02f51063          	bne	a0,a5,800 <__stack_size>
     7e4:	8c5ff2ef          	jal	t0,a8 <__riscv_save_0>
     7e8:	4585                	li	a1,1
     7ea:	20000513          	li	a0,512
     7ee:	7f7000ef          	jal	ra,17e4 <RCC_PB2PeriphResetCmd>
     7f2:	4581                	li	a1,0
     7f4:	20000513          	li	a0,512
     7f8:	7ed000ef          	jal	ra,17e4 <RCC_PB2PeriphResetCmd>
     7fc:	8b7ff06f          	j	b2 <__riscv_restore_0>
     800:	8082                	ret

00000802 <ADC_Init>:
     802:	4158                	lw	a4,4(a0)
     804:	fff107b7          	lui	a5,0xfff10
     808:	eff78793          	addi	a5,a5,-257 # fff0feff <_eusrstack+0xdff0deff>
     80c:	8f7d                	and	a4,a4,a5
     80e:	41dc                	lw	a5,4(a1)
     810:	4194                	lw	a3,0(a1)
     812:	07a2                	slli	a5,a5,0x8
     814:	8fd5                	or	a5,a5,a3
     816:	8fd9                	or	a5,a5,a4
     818:	c15c                	sw	a5,4(a0)
     81a:	4518                	lw	a4,8(a0)
     81c:	fff1f7b7          	lui	a5,0xfff1f
     820:	7fd78793          	addi	a5,a5,2045 # fff1f7fd <_eusrstack+0xdff1d7fd>
     824:	45d4                	lw	a3,12(a1)
     826:	8f7d                	and	a4,a4,a5
     828:	499c                	lw	a5,16(a1)
     82a:	8fd5                	or	a5,a5,a3
     82c:	4594                	lw	a3,8(a1)
     82e:	0686                	slli	a3,a3,0x1
     830:	8fd5                	or	a5,a5,a3
     832:	8fd9                	or	a5,a5,a4
     834:	c51c                	sw	a5,8(a0)
     836:	5558                	lw	a4,44(a0)
     838:	ff1007b7          	lui	a5,0xff100
     83c:	17fd                	addi	a5,a5,-1 # ff0fffff <_eusrstack+0xdf0fdfff>
     83e:	8f7d                	and	a4,a4,a5
     840:	29dc                	lbu	a5,20(a1)
     842:	17fd                	addi	a5,a5,-1
     844:	0ff7f793          	zext.b	a5,a5
     848:	07d2                	slli	a5,a5,0x14
     84a:	8fd9                	or	a5,a5,a4
     84c:	d55c                	sw	a5,44(a0)
     84e:	8082                	ret

00000850 <ADC_Cmd>:
     850:	451c                	lw	a5,8(a0)
     852:	c589                	beqz	a1,85c <ADC_Cmd+0xc>
     854:	0017e793          	ori	a5,a5,1
     858:	c51c                	sw	a5,8(a0)
     85a:	8082                	ret
     85c:	9bf9                	andi	a5,a5,-2
     85e:	bfed                	j	858 <ADC_Cmd+0x8>

00000860 <ADC_DMACmd>:
     860:	451c                	lw	a5,8(a0)
     862:	c589                	beqz	a1,86c <ADC_DMACmd+0xc>
     864:	1007e793          	ori	a5,a5,256
     868:	c51c                	sw	a5,8(a0)
     86a:	8082                	ret
     86c:	eff7f793          	andi	a5,a5,-257
     870:	bfe5                	j	868 <ADC_DMACmd+0x8>

00000872 <ADC_RegularChannelConfig>:
     872:	470d                	li	a4,3
     874:	02e58733          	mul	a4,a1,a4
     878:	01052303          	lw	t1,16(a0)
     87c:	479d                	li	a5,7
     87e:	00e797b3          	sll	a5,a5,a4
     882:	fff7c793          	not	a5,a5
     886:	0067f7b3          	and	a5,a5,t1
     88a:	00e696b3          	sll	a3,a3,a4
     88e:	8edd                	or	a3,a3,a5
     890:	c914                	sw	a3,16(a0)
     892:	4799                	li	a5,6
     894:	02c7e263          	bltu	a5,a2,8b8 <ADC_RegularChannelConfig+0x46>
     898:	4795                	li	a5,5
     89a:	167d                	addi	a2,a2,-1
     89c:	02f60633          	mul	a2,a2,a5
     8a0:	5958                	lw	a4,52(a0)
     8a2:	47fd                	li	a5,31
     8a4:	00c797b3          	sll	a5,a5,a2
     8a8:	fff7c793          	not	a5,a5
     8ac:	8ff9                	and	a5,a5,a4
     8ae:	00c59633          	sll	a2,a1,a2
     8b2:	8e5d                	or	a2,a2,a5
     8b4:	d950                	sw	a2,52(a0)
     8b6:	8082                	ret
     8b8:	47b1                	li	a5,12
     8ba:	02c7e263          	bltu	a5,a2,8de <ADC_RegularChannelConfig+0x6c>
     8be:	4795                	li	a5,5
     8c0:	1665                	addi	a2,a2,-7
     8c2:	02f60633          	mul	a2,a2,a5
     8c6:	5918                	lw	a4,48(a0)
     8c8:	47fd                	li	a5,31
     8ca:	00c797b3          	sll	a5,a5,a2
     8ce:	fff7c793          	not	a5,a5
     8d2:	8ff9                	and	a5,a5,a4
     8d4:	00c59633          	sll	a2,a1,a2
     8d8:	8e5d                	or	a2,a2,a5
     8da:	d910                	sw	a2,48(a0)
     8dc:	8082                	ret
     8de:	4795                	li	a5,5
     8e0:	164d                	addi	a2,a2,-13
     8e2:	02f60633          	mul	a2,a2,a5
     8e6:	5558                	lw	a4,44(a0)
     8e8:	47fd                	li	a5,31
     8ea:	00c797b3          	sll	a5,a5,a2
     8ee:	fff7c793          	not	a5,a5
     8f2:	8ff9                	and	a5,a5,a4
     8f4:	00c595b3          	sll	a1,a1,a2
     8f8:	8ddd                	or	a1,a1,a5
     8fa:	d54c                	sw	a1,44(a0)
     8fc:	8082                	ret

000008fe <ADC_ExternalTrigConvCmd>:
     8fe:	451c                	lw	a5,8(a0)
     900:	c591                	beqz	a1,90c <ADC_ExternalTrigConvCmd+0xe>
     902:	00100737          	lui	a4,0x100
     906:	8fd9                	or	a5,a5,a4
     908:	c51c                	sw	a5,8(a0)
     90a:	8082                	ret
     90c:	fff00737          	lui	a4,0xfff00
     910:	177d                	addi	a4,a4,-1 # ffefffff <_eusrstack+0xdfefdfff>
     912:	8ff9                	and	a5,a5,a4
     914:	bfd5                	j	908 <ADC_ExternalTrigConvCmd+0xa>

00000916 <ADC_AutoInjectedConvCmd>:
     916:	415c                	lw	a5,4(a0)
     918:	c589                	beqz	a1,922 <ADC_AutoInjectedConvCmd+0xc>
     91a:	4007e793          	ori	a5,a5,1024
     91e:	c15c                	sw	a5,4(a0)
     920:	8082                	ret
     922:	bff7f793          	andi	a5,a5,-1025
     926:	bfe5                	j	91e <ADC_AutoInjectedConvCmd+0x8>

00000928 <ADC_ExternalTrigInjectedConvConfig>:
     928:	451c                	lw	a5,8(a0)
     92a:	7765                	lui	a4,0xffff9
     92c:	177d                	addi	a4,a4,-1 # ffff8fff <_eusrstack+0xdfff6fff>
     92e:	8ff9                	and	a5,a5,a4
     930:	8fcd                	or	a5,a5,a1
     932:	c51c                	sw	a5,8(a0)
     934:	8082                	ret

00000936 <ADC_ExternalTrigInjectedConvCmd>:
     936:	451c                	lw	a5,8(a0)
     938:	c589                	beqz	a1,942 <ADC_ExternalTrigInjectedConvCmd+0xc>
     93a:	6721                	lui	a4,0x8
     93c:	8fd9                	or	a5,a5,a4
     93e:	c51c                	sw	a5,8(a0)
     940:	8082                	ret
     942:	7761                	lui	a4,0xffff8
     944:	177d                	addi	a4,a4,-1 # ffff7fff <_eusrstack+0xdfff5fff>
     946:	8ff9                	and	a5,a5,a4
     948:	bfdd                	j	93e <ADC_ExternalTrigInjectedConvCmd+0x8>

0000094a <ADC_SoftwareStartInjectedConvCmd>:
     94a:	451c                	lw	a5,8(a0)
     94c:	c591                	beqz	a1,958 <ADC_SoftwareStartInjectedConvCmd+0xe>
     94e:	00208737          	lui	a4,0x208
     952:	8fd9                	or	a5,a5,a4
     954:	c51c                	sw	a5,8(a0)
     956:	8082                	ret
     958:	ffdf8737          	lui	a4,0xffdf8
     95c:	177d                	addi	a4,a4,-1 # ffdf7fff <_eusrstack+0xdfdf5fff>
     95e:	8ff9                	and	a5,a5,a4
     960:	bfd5                	j	954 <ADC_SoftwareStartInjectedConvCmd+0xa>

00000962 <ADC_InjectedChannelConfig>:
     962:	470d                	li	a4,3
     964:	02e58733          	mul	a4,a1,a4
     968:	01052303          	lw	t1,16(a0)
     96c:	479d                	li	a5,7
     96e:	00e797b3          	sll	a5,a5,a4
     972:	fff7c793          	not	a5,a5
     976:	0067f7b3          	and	a5,a5,t1
     97a:	00e696b3          	sll	a3,a3,a4
     97e:	8edd                	or	a3,a3,a5
     980:	c914                	sw	a3,16(a0)
     982:	5d14                	lw	a3,56(a0)
     984:	00260793          	addi	a5,a2,2
     988:	0146d713          	srli	a4,a3,0x14
     98c:	8b0d                	andi	a4,a4,3
     98e:	8f99                	sub	a5,a5,a4
     990:	0ff7f793          	zext.b	a5,a5
     994:	4715                	li	a4,5
     996:	02e787b3          	mul	a5,a5,a4
     99a:	477d                	li	a4,31
     99c:	00f71733          	sll	a4,a4,a5
     9a0:	fff74713          	not	a4,a4
     9a4:	8f75                	and	a4,a4,a3
     9a6:	00f595b3          	sll	a1,a1,a5
     9aa:	8dd9                	or	a1,a1,a4
     9ac:	dd0c                	sw	a1,56(a0)
     9ae:	8082                	ret

000009b0 <ADC_InjectedSequencerLengthConfig>:
     9b0:	5d1c                	lw	a5,56(a0)
     9b2:	ffd00737          	lui	a4,0xffd00
     9b6:	177d                	addi	a4,a4,-1 # ffcfffff <_eusrstack+0xdfcfdfff>
     9b8:	15fd                	addi	a1,a1,-1
     9ba:	8ff9                	and	a5,a5,a4
     9bc:	05d2                	slli	a1,a1,0x14
     9be:	8ddd                	or	a1,a1,a5
     9c0:	dd0c                	sw	a1,56(a0)
     9c2:	8082                	ret

000009c4 <ADC_GetInjectedConversionValue>:
     9c4:	1171                	addi	sp,sp,-4
     9c6:	c002                	sw	zero,0(sp)
     9c8:	c02a                	sw	a0,0(sp)
     9ca:	4782                	lw	a5,0(sp)
     9cc:	02878793          	addi	a5,a5,40
     9d0:	97ae                	add	a5,a5,a1
     9d2:	c03e                	sw	a5,0(sp)
     9d4:	4782                	lw	a5,0(sp)
     9d6:	4388                	lw	a0,0(a5)
     9d8:	0111                	addi	sp,sp,4
     9da:	0542                	slli	a0,a0,0x10
     9dc:	8141                	srli	a0,a0,0x10
     9de:	8082                	ret

000009e0 <ADC_GetFlagStatus>:
     9e0:	411c                	lw	a5,0(a0)
     9e2:	00f5f533          	and	a0,a1,a5
     9e6:	00a03533          	snez	a0,a0
     9ea:	8082                	ret

000009ec <ADC_ClearFlag>:
     9ec:	fff5c593          	not	a1,a1
     9f0:	c10c                	sw	a1,0(a0)
     9f2:	8082                	ret

000009f4 <ADC_BufferCmd>:
     9f4:	415c                	lw	a5,4(a0)
     9f6:	c591                	beqz	a1,a02 <ADC_BufferCmd+0xe>
     9f8:	04000737          	lui	a4,0x4000
     9fc:	8fd9                	or	a5,a5,a4
     9fe:	c15c                	sw	a5,4(a0)
     a00:	8082                	ret
     a02:	fc000737          	lui	a4,0xfc000
     a06:	177d                	addi	a4,a4,-1 # fbffffff <_eusrstack+0xdbffdfff>
     a08:	8ff9                	and	a5,a5,a4
     a0a:	bfd5                	j	9fe <ADC_BufferCmd+0xa>

00000a0c <ADC_Sample_ModeConfig>:
     a0c:	493c                	lw	a5,80(a0)
     a0e:	9bf9                	andi	a5,a5,-2
     a10:	c93c                	sw	a5,80(a0)
     a12:	493c                	lw	a5,80(a0)
     a14:	8fcd                	or	a5,a5,a1
     a16:	c93c                	sw	a5,80(a0)
     a18:	8082                	ret

00000a1a <DMA_DeInit>:
     a1a:	411c                	lw	a5,0(a0)
     a1c:	6741                	lui	a4,0x10
     a1e:	1779                	addi	a4,a4,-2 # fffe <_data_lma+0x8a02>
     a20:	8ff9                	and	a5,a5,a4
     a22:	c11c                	sw	a5,0(a0)
     a24:	00052023          	sw	zero,0(a0)
     a28:	00052223          	sw	zero,4(a0)
     a2c:	00052423          	sw	zero,8(a0)
     a30:	400207b7          	lui	a5,0x40020
     a34:	00052623          	sw	zero,12(a0)
     a38:	00878713          	addi	a4,a5,8 # 40020008 <_eusrstack+0x2001e008>
     a3c:	00e51763          	bne	a0,a4,a4a <DMA_DeInit+0x30>
     a40:	43d8                	lw	a4,4(a5)
     a42:	00f76713          	ori	a4,a4,15
     a46:	c3d8                	sw	a4,4(a5)
     a48:	8082                	ret
     a4a:	01c78713          	addi	a4,a5,28
     a4e:	00e51663          	bne	a0,a4,a5a <DMA_DeInit+0x40>
     a52:	43d8                	lw	a4,4(a5)
     a54:	0f076713          	ori	a4,a4,240
     a58:	b7fd                	j	a46 <DMA_DeInit+0x2c>
     a5a:	03078713          	addi	a4,a5,48
     a5e:	00e51863          	bne	a0,a4,a6e <DMA_DeInit+0x54>
     a62:	43d8                	lw	a4,4(a5)
     a64:	6685                	lui	a3,0x1
     a66:	f0068693          	addi	a3,a3,-256 # f00 <FLASH_ROM_WRITE+0xa2>
     a6a:	8f55                	or	a4,a4,a3
     a6c:	bfe9                	j	a46 <DMA_DeInit+0x2c>
     a6e:	04478713          	addi	a4,a5,68
     a72:	00e51563          	bne	a0,a4,a7c <DMA_DeInit+0x62>
     a76:	43d8                	lw	a4,4(a5)
     a78:	66bd                	lui	a3,0xf
     a7a:	bfc5                	j	a6a <DMA_DeInit+0x50>
     a7c:	05878713          	addi	a4,a5,88
     a80:	00e51663          	bne	a0,a4,a8c <DMA_DeInit+0x72>
     a84:	43d8                	lw	a4,4(a5)
     a86:	000f06b7          	lui	a3,0xf0
     a8a:	b7c5                	j	a6a <DMA_DeInit+0x50>
     a8c:	06c78713          	addi	a4,a5,108
     a90:	00e51663          	bne	a0,a4,a9c <DMA_DeInit+0x82>
     a94:	43d8                	lw	a4,4(a5)
     a96:	00f006b7          	lui	a3,0xf00
     a9a:	bfc1                	j	a6a <DMA_DeInit+0x50>
     a9c:	08078713          	addi	a4,a5,128
     aa0:	fae514e3          	bne	a0,a4,a48 <DMA_DeInit+0x2e>
     aa4:	43d8                	lw	a4,4(a5)
     aa6:	0f0006b7          	lui	a3,0xf000
     aaa:	b7c1                	j	a6a <DMA_DeInit+0x50>

00000aac <DMA_Init>:
     aac:	4118                	lw	a4,0(a0)
     aae:	77e1                	lui	a5,0xffff8
     ab0:	07bd                	addi	a5,a5,15 # ffff800f <_eusrstack+0xdfff600f>
     ab2:	5194                	lw	a3,32(a1)
     ab4:	8f7d                	and	a4,a4,a5
     ab6:	459c                	lw	a5,8(a1)
     ab8:	8fd5                	or	a5,a5,a3
     aba:	4994                	lw	a3,16(a1)
     abc:	8fd5                	or	a5,a5,a3
     abe:	49d4                	lw	a3,20(a1)
     ac0:	8fd5                	or	a5,a5,a3
     ac2:	4d94                	lw	a3,24(a1)
     ac4:	8fd5                	or	a5,a5,a3
     ac6:	4dd4                	lw	a3,28(a1)
     ac8:	8fd5                	or	a5,a5,a3
     aca:	51d4                	lw	a3,36(a1)
     acc:	8fd5                	or	a5,a5,a3
     ace:	5594                	lw	a3,40(a1)
     ad0:	8fd5                	or	a5,a5,a3
     ad2:	8fd9                	or	a5,a5,a4
     ad4:	c11c                	sw	a5,0(a0)
     ad6:	45dc                	lw	a5,12(a1)
     ad8:	c15c                	sw	a5,4(a0)
     ada:	419c                	lw	a5,0(a1)
     adc:	c51c                	sw	a5,8(a0)
     ade:	41dc                	lw	a5,4(a1)
     ae0:	c55c                	sw	a5,12(a0)
     ae2:	8082                	ret

00000ae4 <DMA_Cmd>:
     ae4:	411c                	lw	a5,0(a0)
     ae6:	c589                	beqz	a1,af0 <DMA_Cmd+0xc>
     ae8:	0017e793          	ori	a5,a5,1
     aec:	c11c                	sw	a5,0(a0)
     aee:	8082                	ret
     af0:	6741                	lui	a4,0x10
     af2:	1779                	addi	a4,a4,-2 # fffe <_data_lma+0x8a02>
     af4:	8ff9                	and	a5,a5,a4
     af6:	bfdd                	j	aec <DMA_Cmd+0x8>

00000af8 <DMA_ITConfig>:
     af8:	411c                	lw	a5,0(a0)
     afa:	c601                	beqz	a2,b02 <DMA_ITConfig+0xa>
     afc:	8fcd                	or	a5,a5,a1
     afe:	c11c                	sw	a5,0(a0)
     b00:	8082                	ret
     b02:	fff5c593          	not	a1,a1
     b06:	8dfd                	and	a1,a1,a5
     b08:	c10c                	sw	a1,0(a0)
     b0a:	8082                	ret

00000b0c <DMA_GetFlagStatus>:
     b0c:	400207b7          	lui	a5,0x40020
     b10:	439c                	lw	a5,0(a5)
     b12:	8d7d                	and	a0,a0,a5
     b14:	00a03533          	snez	a0,a0
     b18:	8082                	ret

00000b1a <DMA_ClearFlag>:
     b1a:	400207b7          	lui	a5,0x40020
     b1e:	c3c8                	sw	a0,4(a5)
     b20:	8082                	ret

00000b22 <DMA_GetITStatus>:
     b22:	b7ed                	j	b0c <DMA_GetFlagStatus>

00000b24 <DMA_ClearITPendingBit>:
     b24:	400207b7          	lui	a5,0x40020
     b28:	c3c8                	sw	a0,4(a5)
     b2a:	8082                	ret

00000b2c <ROM_ERASE>:
     b2c:	400226b7          	lui	a3,0x40022
     b30:	4a9c                	lw	a5,16(a3)
     b32:	7701                	lui	a4,0xfffe0
     b34:	fdf70713          	addi	a4,a4,-33 # fffdffdf <_eusrstack+0xdffddfdf>
     b38:	8ff9                	and	a5,a5,a4
     b3a:	ca9c                	sw	a5,16(a3)
     b3c:	67a1                	lui	a5,0x8
     b3e:	00f61963          	bne	a2,a5,b50 <ROM_ERASE+0x24>
     b42:	40022737          	lui	a4,0x40022
     b46:	4b1c                	lw	a5,16(a4)
     b48:	008006b7          	lui	a3,0x800
     b4c:	8fd5                	or	a5,a5,a3
     b4e:	a811                	j	b62 <ROM_ERASE+0x36>
     b50:	40000793          	li	a5,1024
     b54:	02f61f63          	bne	a2,a5,b92 <ROM_ERASE+0x66>
     b58:	40022737          	lui	a4,0x40022
     b5c:	4b1c                	lw	a5,16(a4)
     b5e:	0027e793          	ori	a5,a5,2
     b62:	cb1c                	sw	a5,16(a4)
     b64:	400227b7          	lui	a5,0x40022
     b68:	cbc8                	sw	a0,20(a5)
     b6a:	4b98                	lw	a4,16(a5)
     b6c:	04076713          	ori	a4,a4,64
     b70:	cb98                	sw	a4,16(a5)
     b72:	47d8                	lw	a4,12(a5)
     b74:	8b05                	andi	a4,a4,1
     b76:	ff75                	bnez	a4,b72 <ROM_ERASE+0x46>
     b78:	6721                	lui	a4,0x8
     b7a:	15fd                	addi	a1,a1,-1
     b7c:	02e61563          	bne	a2,a4,ba6 <ROM_ERASE+0x7a>
     b80:	4b98                	lw	a4,16(a5)
     b82:	ff8006b7          	lui	a3,0xff800
     b86:	16fd                	addi	a3,a3,-1 # ff7fffff <_eusrstack+0xdf7fdfff>
     b88:	8f75                	and	a4,a4,a3
     b8a:	cb98                	sw	a4,16(a5)
     b8c:	9532                	add	a0,a0,a2
     b8e:	f9d5                	bnez	a1,b42 <ROM_ERASE+0x16>
     b90:	8082                	ret
     b92:	10000793          	li	a5,256
     b96:	fcf617e3          	bne	a2,a5,b64 <ROM_ERASE+0x38>
     b9a:	40022737          	lui	a4,0x40022
     b9e:	4b1c                	lw	a5,16(a4)
     ba0:	000206b7          	lui	a3,0x20
     ba4:	b765                	j	b4c <ROM_ERASE+0x20>
     ba6:	40000713          	li	a4,1024
     baa:	00e61963          	bne	a2,a4,bbc <ROM_ERASE+0x90>
     bae:	4b98                	lw	a4,16(a5)
     bb0:	40050513          	addi	a0,a0,1024
     bb4:	9b75                	andi	a4,a4,-3
     bb6:	cb98                	sw	a4,16(a5)
     bb8:	fdc1                	bnez	a1,b50 <ROM_ERASE+0x24>
     bba:	8082                	ret
     bbc:	10000713          	li	a4,256
     bc0:	00e61b63          	bne	a2,a4,bd6 <ROM_ERASE+0xaa>
     bc4:	4b98                	lw	a4,16(a5)
     bc6:	7681                	lui	a3,0xfffe0
     bc8:	16fd                	addi	a3,a3,-1 # fffdffff <_eusrstack+0xdffddfff>
     bca:	8f75                	and	a4,a4,a3
     bcc:	cb98                	sw	a4,16(a5)
     bce:	10050513          	addi	a0,a0,256
     bd2:	fdbd                	bnez	a1,b50 <ROM_ERASE+0x24>
     bd4:	8082                	ret
     bd6:	fdad                	bnez	a1,b50 <ROM_ERASE+0x24>
     bd8:	8082                	ret

00000bda <FLASH_Unlock>:
     bda:	456707b7          	lui	a5,0x45670
     bde:	40022737          	lui	a4,0x40022
     be2:	12378793          	addi	a5,a5,291 # 45670123 <_eusrstack+0x2566e123>
     be6:	c35c                	sw	a5,4(a4)
     be8:	cdef97b7          	lui	a5,0xcdef9
     bec:	9ab78793          	addi	a5,a5,-1621 # cdef89ab <_eusrstack+0xadef69ab>
     bf0:	c35c                	sw	a5,4(a4)
     bf2:	8082                	ret

00000bf4 <FLASH_Lock>:
     bf4:	40022737          	lui	a4,0x40022
     bf8:	4b1c                	lw	a5,16(a4)
     bfa:	0807e793          	ori	a5,a5,128
     bfe:	cb1c                	sw	a5,16(a4)
     c00:	8082                	ret

00000c02 <FLASH_Unlock_Fast>:
     c02:	456706b7          	lui	a3,0x45670
     c06:	400227b7          	lui	a5,0x40022
     c0a:	12368693          	addi	a3,a3,291 # 45670123 <_eusrstack+0x2566e123>
     c0e:	cdef9737          	lui	a4,0xcdef9
     c12:	c3d4                	sw	a3,4(a5)
     c14:	9ab70713          	addi	a4,a4,-1621 # cdef89ab <_eusrstack+0xadef69ab>
     c18:	c3d8                	sw	a4,4(a5)
     c1a:	d3d4                	sw	a3,36(a5)
     c1c:	d3d8                	sw	a4,36(a5)
     c1e:	8082                	ret

00000c20 <FLASH_ErasePage_Fast>:
     c20:	f8000737          	lui	a4,0xf8000
     c24:	67bd                	lui	a5,0xf
     c26:	972a                	add	a4,a4,a0
     c28:	7ff78793          	addi	a5,a5,2047 # f7ff <_data_lma+0x8203>
     c2c:	02e7ec63          	bltu	a5,a4,c64 <FLASH_ErasePage_Fast+0x44>
     c30:	400227b7          	lui	a5,0x40022
     c34:	4b98                	lw	a4,16(a5)
     c36:	7681                	lui	a3,0xfffe0
     c38:	fdf68693          	addi	a3,a3,-33 # fffdffdf <_eusrstack+0xdffddfdf>
     c3c:	8f75                	and	a4,a4,a3
     c3e:	cb98                	sw	a4,16(a5)
     c40:	4b98                	lw	a4,16(a5)
     c42:	000206b7          	lui	a3,0x20
     c46:	8f55                	or	a4,a4,a3
     c48:	cb98                	sw	a4,16(a5)
     c4a:	cbc8                	sw	a0,20(a5)
     c4c:	4b98                	lw	a4,16(a5)
     c4e:	04076713          	ori	a4,a4,64
     c52:	cb98                	sw	a4,16(a5)
     c54:	47d8                	lw	a4,12(a5)
     c56:	8b05                	andi	a4,a4,1
     c58:	ff75                	bnez	a4,c54 <FLASH_ErasePage_Fast+0x34>
     c5a:	4b98                	lw	a4,16(a5)
     c5c:	7681                	lui	a3,0xfffe0
     c5e:	16fd                	addi	a3,a3,-1 # fffdffff <_eusrstack+0xdffddfff>
     c60:	8f75                	and	a4,a4,a3
     c62:	cb98                	sw	a4,16(a5)
     c64:	8082                	ret

00000c66 <SystemReset_StartMode>:
     c66:	c42ff2ef          	jal	t0,a8 <__riscv_save_0>
     c6a:	842a                	mv	s0,a0
     c6c:	37bd                	jal	bda <FLASH_Unlock>
     c6e:	45670737          	lui	a4,0x45670
     c72:	400227b7          	lui	a5,0x40022
     c76:	12370713          	addi	a4,a4,291 # 45670123 <_eusrstack+0x2566e123>
     c7a:	d798                	sw	a4,40(a5)
     c7c:	cdef9737          	lui	a4,0xcdef9
     c80:	9ab70713          	addi	a4,a4,-1621 # cdef89ab <_eusrstack+0xadef69ab>
     c84:	d798                	sw	a4,40(a5)
     c86:	47d8                	lw	a4,12(a5)
     c88:	76f1                	lui	a3,0xffffc
     c8a:	16fd                	addi	a3,a3,-1 # ffffbfff <_eusrstack+0xdfff9fff>
     c8c:	8f75                	and	a4,a4,a3
     c8e:	c7d8                	sw	a4,12(a5)
     c90:	6711                	lui	a4,0x4
     c92:	00e41563          	bne	s0,a4,c9c <SystemReset_StartMode+0x36>
     c96:	47d8                	lw	a4,12(a5)
     c98:	8f41                	or	a4,a4,s0
     c9a:	c7d8                	sw	a4,12(a5)
     c9c:	3fa1                	jal	bf4 <FLASH_Lock>
     c9e:	c14ff06f          	j	b2 <__riscv_restore_0>

00000ca2 <FLASH_ROM_ERASE>:
     ca2:	f80006b7          	lui	a3,0xf8000
     ca6:	673d                	lui	a4,0xf
     ca8:	96aa                	add	a3,a3,a0
     caa:	7ff70713          	addi	a4,a4,2047 # f7ff <_data_lma+0x8203>
     cae:	1ad76463          	bltu	a4,a3,e56 <FLASH_ROM_ERASE+0x1b4>
     cb2:	080106b7          	lui	a3,0x8010
     cb6:	00b50633          	add	a2,a0,a1
     cba:	80068693          	addi	a3,a3,-2048 # 800f800 <_data_lma+0x8008204>
     cbe:	87aa                	mv	a5,a0
     cc0:	0fd00713          	li	a4,253
     cc4:	18c6eb63          	bltu	a3,a2,e5a <FLASH_ROM_ERASE+0x1b8>
     cc8:	be0ff2ef          	jal	t0,a8 <__riscv_save_0>
     ccc:	00b564b3          	or	s1,a0,a1
     cd0:	0ff4f493          	zext.b	s1,s1
     cd4:	1141                	addi	sp,sp,-16
     cd6:	0fe00713          	li	a4,254
     cda:	14049263          	bnez	s1,e1e <FLASH_ROM_ERASE+0x17c>
     cde:	14058063          	beqz	a1,e1e <FLASH_ROM_ERASE+0x17c>
     ce2:	45670637          	lui	a2,0x45670
     ce6:	40022737          	lui	a4,0x40022
     cea:	12360613          	addi	a2,a2,291 # 45670123 <_eusrstack+0x2566e123>
     cee:	cdef96b7          	lui	a3,0xcdef9
     cf2:	c350                	sw	a2,4(a4)
     cf4:	9ab68693          	addi	a3,a3,-1621 # cdef89ab <_eusrstack+0xadef69ab>
     cf8:	c354                	sw	a3,4(a4)
     cfa:	d350                	sw	a2,36(a4)
     cfc:	d354                	sw	a3,36(a4)
     cfe:	6621                	lui	a2,0x8
     d00:	04c5ef63          	bltu	a1,a2,d5e <FLASH_ROM_ERASE+0xbc>
     d04:	fff60313          	addi	t1,a2,-1 # 7fff <_data_lma+0xa03>
     d08:	00657333          	and	t1,a0,t1
     d0c:	406606b3          	sub	a3,a2,t1
     d10:	40c58433          	sub	s0,a1,a2
     d14:	00d50733          	add	a4,a0,a3
     d18:	941a                	add	s0,s0,t1
     d1a:	10c68663          	beq	a3,a2,e26 <FLASH_ROM_ERASE+0x184>
     d1e:	84b6                	mv	s1,a3
     d20:	04c46d63          	bltu	s0,a2,d7a <FLASH_ROM_ERASE+0xd8>
     d24:	00870633          	add	a2,a4,s0
     d28:	01161593          	slli	a1,a2,0x11
     d2c:	0115d293          	srli	t0,a1,0x11
     d30:	833a                	mv	t1,a4
     d32:	c581                	beqz	a1,d3a <FLASH_ROM_ERASE+0x98>
     d34:	7361                	lui	t1,0xffff8
     d36:	00667333          	and	t1,a2,t1
     d3a:	405405b3          	sub	a1,s0,t0
     d3e:	853a                	mv	a0,a4
     d40:	6621                	lui	a2,0x8
     d42:	81bd                	srli	a1,a1,0xf
     d44:	c63e                	sw	a5,12(sp)
     d46:	c436                	sw	a3,8(sp)
     d48:	c21a                	sw	t1,4(sp)
     d4a:	c016                	sw	t0,0(sp)
     d4c:	33c5                	jal	b2c <ROM_ERASE>
     d4e:	46a2                	lw	a3,8(sp)
     d50:	4282                	lw	t0,0(sp)
     d52:	4312                	lw	t1,4(sp)
     d54:	47b2                	lw	a5,12(sp)
     d56:	84b6                	mv	s1,a3
     d58:	8416                	mv	s0,t0
     d5a:	871a                	mv	a4,t1
     d5c:	a839                	j	d7a <FLASH_ROM_ERASE+0xd8>
     d5e:	3ff00713          	li	a4,1023
     d62:	08b77b63          	bgeu	a4,a1,df8 <FLASH_ROM_ERASE+0x156>
     d66:	3ff57693          	andi	a3,a0,1023
     d6a:	40000493          	li	s1,1024
     d6e:	8c95                	sub	s1,s1,a3
     d70:	c0058413          	addi	s0,a1,-1024
     d74:	00950733          	add	a4,a0,s1
     d78:	9436                	add	s0,s0,a3
     d7a:	3ff00693          	li	a3,1023
     d7e:	0296f863          	bgeu	a3,s1,dae <FLASH_ROM_ERASE+0x10c>
     d82:	3ff7f693          	andi	a3,a5,1023
     d86:	c689                	beqz	a3,d90 <FLASH_ROM_ERASE+0xee>
     d88:	40000613          	li	a2,1024
     d8c:	40d606b3          	sub	a3,a2,a3
     d90:	40d485b3          	sub	a1,s1,a3
     d94:	00f68533          	add	a0,a3,a5
     d98:	40000613          	li	a2,1024
     d9c:	81a9                	srli	a1,a1,0xa
     d9e:	c43a                	sw	a4,8(sp)
     da0:	c23e                	sw	a5,4(sp)
     da2:	c036                	sw	a3,0(sp)
     da4:	3361                	jal	b2c <ROM_ERASE>
     da6:	4682                	lw	a3,0(sp)
     da8:	4722                	lw	a4,8(sp)
     daa:	4792                	lw	a5,4(sp)
     dac:	84b6                	mv	s1,a3
     dae:	3ff00693          	li	a3,1023
     db2:	0286f963          	bgeu	a3,s0,de4 <FLASH_ROM_ERASE+0x142>
     db6:	00e40633          	add	a2,s0,a4
     dba:	3ff67693          	andi	a3,a2,1023
     dbe:	833a                	mv	t1,a4
     dc0:	c299                	beqz	a3,dc6 <FLASH_ROM_ERASE+0x124>
     dc2:	c0067313          	andi	t1,a2,-1024
     dc6:	40d405b3          	sub	a1,s0,a3
     dca:	853a                	mv	a0,a4
     dcc:	40000613          	li	a2,1024
     dd0:	81a9                	srli	a1,a1,0xa
     dd2:	c43e                	sw	a5,8(sp)
     dd4:	c21a                	sw	t1,4(sp)
     dd6:	c036                	sw	a3,0(sp)
     dd8:	3b91                	jal	b2c <ROM_ERASE>
     dda:	4682                	lw	a3,0(sp)
     ddc:	4312                	lw	t1,4(sp)
     dde:	47a2                	lw	a5,8(sp)
     de0:	8436                	mv	s0,a3
     de2:	871a                	mv	a4,t1
     de4:	c0a5                	beqz	s1,e44 <FLASH_ROM_ERASE+0x1a2>
     de6:	10000613          	li	a2,256
     dea:	0084d593          	srli	a1,s1,0x8
     dee:	853e                	mv	a0,a5
     df0:	c03a                	sw	a4,0(sp)
     df2:	3b2d                	jal	b2c <ROM_ERASE>
     df4:	4702                	lw	a4,0(sp)
     df6:	a0b9                	j	e44 <FLASH_ROM_ERASE+0x1a2>
     df8:	0ff00793          	li	a5,255
     dfc:	00b7f663          	bgeu	a5,a1,e08 <FLASH_ROM_ERASE+0x166>
     e00:	10000613          	li	a2,256
     e04:	81a1                	srli	a1,a1,0x8
     e06:	331d                	jal	b2c <ROM_ERASE>
     e08:	400227b7          	lui	a5,0x40022
     e0c:	4b98                	lw	a4,16(a5)
     e0e:	66a1                	lui	a3,0x8
     e10:	8f55                	or	a4,a4,a3
     e12:	cb98                	sw	a4,16(a5)
     e14:	4b98                	lw	a4,16(a5)
     e16:	08076713          	ori	a4,a4,128
     e1a:	cb98                	sw	a4,16(a5)
     e1c:	4711                	li	a4,4
     e1e:	853a                	mv	a0,a4
     e20:	0141                	addi	sp,sp,16
     e22:	a90ff06f          	j	b2 <__riscv_restore_0>
     e26:	6621                	lui	a2,0x8
     e28:	4585                	li	a1,1
     e2a:	c236                	sw	a3,4(sp)
     e2c:	c03a                	sw	a4,0(sp)
     e2e:	c42a                	sw	a0,8(sp)
     e30:	39f5                	jal	b2c <ROM_ERASE>
     e32:	4692                	lw	a3,4(sp)
     e34:	4702                	lw	a4,0(sp)
     e36:	47a2                	lw	a5,8(sp)
     e38:	00d47d63          	bgeu	s0,a3,e52 <FLASH_ROM_ERASE+0x1b0>
     e3c:	3ff00693          	li	a3,1023
     e40:	f686ebe3          	bltu	a3,s0,db6 <FLASH_ROM_ERASE+0x114>
     e44:	d071                	beqz	s0,e08 <FLASH_ROM_ERASE+0x166>
     e46:	10000613          	li	a2,256
     e4a:	00845593          	srli	a1,s0,0x8
     e4e:	853a                	mv	a0,a4
     e50:	bf5d                	j	e06 <FLASH_ROM_ERASE+0x164>
     e52:	4681                	li	a3,0
     e54:	bdc1                	j	d24 <FLASH_ROM_ERASE+0x82>
     e56:	0ff00713          	li	a4,255
     e5a:	853a                	mv	a0,a4
     e5c:	8082                	ret

00000e5e <FLASH_ROM_WRITE>:
     e5e:	f80006b7          	lui	a3,0xf8000
     e62:	673d                	lui	a4,0xf
     e64:	96aa                	add	a3,a3,a0
     e66:	7ff70713          	addi	a4,a4,2047 # f7ff <_data_lma+0x8203>
     e6a:	0ed76563          	bltu	a4,a3,f54 <FLASH_ROM_WRITE+0xf6>
     e6e:	08010737          	lui	a4,0x8010
     e72:	00c506b3          	add	a3,a0,a2
     e76:	80070713          	addi	a4,a4,-2048 # 800f800 <_data_lma+0x8008204>
     e7a:	87aa                	mv	a5,a0
     e7c:	0fd00513          	li	a0,253
     e80:	0cd76d63          	bltu	a4,a3,f5a <FLASH_ROM_WRITE+0xfc>
     e84:	00c7e733          	or	a4,a5,a2
     e88:	0ff77713          	zext.b	a4,a4
     e8c:	0fe00513          	li	a0,254
     e90:	e769                	bnez	a4,f5a <FLASH_ROM_WRITE+0xfc>
     e92:	c661                	beqz	a2,f5a <FLASH_ROM_WRITE+0xfc>
     e94:	1151                	addi	sp,sp,-12
     e96:	45670537          	lui	a0,0x45670
     e9a:	40022737          	lui	a4,0x40022
     e9e:	c422                	sw	s0,8(sp)
     ea0:	c226                	sw	s1,4(sp)
     ea2:	12350513          	addi	a0,a0,291 # 45670123 <_eusrstack+0x2566e123>
     ea6:	cdef96b7          	lui	a3,0xcdef9
     eaa:	c348                	sw	a0,4(a4)
     eac:	9ab68693          	addi	a3,a3,-1621 # cdef89ab <_eusrstack+0xadef69ab>
     eb0:	c354                	sw	a3,4(a4)
     eb2:	d348                	sw	a0,36(a4)
     eb4:	d354                	sw	a3,36(a4)
     eb6:	4b14                	lw	a3,16(a4)
     eb8:	7501                	lui	a0,0xfffe0
     eba:	fdf50513          	addi	a0,a0,-33 # fffdffdf <_eusrstack+0xdffddfdf>
     ebe:	8ee9                	and	a3,a3,a0
     ec0:	cb14                	sw	a3,16(a4)
     ec2:	7741                	lui	a4,0xffff0
     ec4:	177d                	addi	a4,a4,-1 # fffeffff <_eusrstack+0xdffedfff>
     ec6:	853e                	mv	a0,a5
     ec8:	8d9d                	sub	a1,a1,a5
     eca:	8221                	srli	a2,a2,0x8
     ecc:	400227b7          	lui	a5,0x40022
     ed0:	66c1                	lui	a3,0x10
     ed2:	00040337          	lui	t1,0x40
     ed6:	c03a                	sw	a4,0(sp)
     ed8:	4b98                	lw	a4,16(a5)
     eda:	00080437          	lui	s0,0x80
     ede:	00a583b3          	add	t2,a1,a0
     ee2:	8f55                	or	a4,a4,a3
     ee4:	cb98                	sw	a4,16(a5)
     ee6:	4b98                	lw	a4,16(a5)
     ee8:	8f41                	or	a4,a4,s0
     eea:	cb98                	sw	a4,16(a5)
     eec:	47d8                	lw	a4,12(a5)
     eee:	8b05                	andi	a4,a4,1
     ef0:	ff75                	bnez	a4,eec <FLASH_ROM_WRITE+0x8e>
     ef2:	10000293          	li	t0,256
     ef6:	00e38433          	add	s0,t2,a4
     efa:	4004                	lw	s1,0(s0)
     efc:	00e50433          	add	s0,a0,a4
     f00:	c004                	sw	s1,0(s0)
     f02:	4b80                	lw	s0,16(a5)
     f04:	00646433          	or	s0,s0,t1
     f08:	cb80                	sw	s0,16(a5)
     f0a:	47c0                	lw	s0,12(a5)
     f0c:	8805                	andi	s0,s0,1
     f0e:	fc75                	bnez	s0,f0a <FLASH_ROM_WRITE+0xac>
     f10:	0711                	addi	a4,a4,4
     f12:	fe5712e3          	bne	a4,t0,ef6 <FLASH_ROM_WRITE+0x98>
     f16:	cbc8                	sw	a0,20(a5)
     f18:	4b98                	lw	a4,16(a5)
     f1a:	10050293          	addi	t0,a0,256
     f1e:	04076713          	ori	a4,a4,64
     f22:	cb98                	sw	a4,16(a5)
     f24:	47d8                	lw	a4,12(a5)
     f26:	8b05                	andi	a4,a4,1
     f28:	ff75                	bnez	a4,f24 <FLASH_ROM_WRITE+0xc6>
     f2a:	4b98                	lw	a4,16(a5)
     f2c:	4502                	lw	a0,0(sp)
     f2e:	167d                	addi	a2,a2,-1 # 7fff <_data_lma+0xa03>
     f30:	8f69                	and	a4,a4,a0
     f32:	cb98                	sw	a4,16(a5)
     f34:	ee11                	bnez	a2,f50 <FLASH_ROM_WRITE+0xf2>
     f36:	4b98                	lw	a4,16(a5)
     f38:	66a1                	lui	a3,0x8
     f3a:	4422                	lw	s0,8(sp)
     f3c:	8f55                	or	a4,a4,a3
     f3e:	cb98                	sw	a4,16(a5)
     f40:	4b98                	lw	a4,16(a5)
     f42:	4492                	lw	s1,4(sp)
     f44:	4511                	li	a0,4
     f46:	08076713          	ori	a4,a4,128
     f4a:	cb98                	sw	a4,16(a5)
     f4c:	0131                	addi	sp,sp,12
     f4e:	8082                	ret
     f50:	8516                	mv	a0,t0
     f52:	b759                	j	ed8 <FLASH_ROM_WRITE+0x7a>
     f54:	0ff00513          	li	a0,255
     f58:	8082                	ret
     f5a:	8082                	ret

00000f5c <GPIO_Init>:
     f5c:	4594                	lw	a3,8(a1)
     f5e:	0106f793          	andi	a5,a3,16
     f62:	00f6f313          	andi	t1,a3,15
     f66:	c781                	beqz	a5,f6e <GPIO_Init+0x12>
     f68:	41dc                	lw	a5,4(a1)
     f6a:	00f36333          	or	t1,t1,a5
     f6e:	0005d283          	lhu	t0,0(a1)
     f72:	0ff2f793          	zext.b	a5,t0
     f76:	cfa9                	beqz	a5,fd0 <GPIO_Init+0x74>
     f78:	410c                	lw	a1,0(a0)
     f7a:	1161                	addi	sp,sp,-8
     f7c:	c222                	sw	s0,4(sp)
     f7e:	c026                	sw	s1,0(sp)
     f80:	4781                	li	a5,0
     f82:	02800393          	li	t2,40
     f86:	443d                	li	s0,15
     f88:	04800493          	li	s1,72
     f8c:	4705                	li	a4,1
     f8e:	00f71733          	sll	a4,a4,a5
     f92:	00e2f633          	and	a2,t0,a4
     f96:	02c71063          	bne	a4,a2,fb6 <GPIO_Init+0x5a>
     f9a:	02769763          	bne	a3,t2,fc8 <GPIO_Init+0x6c>
     f9e:	c958                	sw	a4,20(a0)
     fa0:	00279613          	slli	a2,a5,0x2
     fa4:	00c41733          	sll	a4,s0,a2
     fa8:	fff74713          	not	a4,a4
     fac:	8f6d                	and	a4,a4,a1
     fae:	00c31633          	sll	a2,t1,a2
     fb2:	00e665b3          	or	a1,a2,a4
     fb6:	0785                	addi	a5,a5,1 # 40022001 <_eusrstack+0x20020001>
     fb8:	4721                	li	a4,8
     fba:	fce799e3          	bne	a5,a4,f8c <GPIO_Init+0x30>
     fbe:	4412                	lw	s0,4(sp)
     fc0:	c10c                	sw	a1,0(a0)
     fc2:	4482                	lw	s1,0(sp)
     fc4:	0121                	addi	sp,sp,8
     fc6:	8082                	ret
     fc8:	fc969ce3          	bne	a3,s1,fa0 <GPIO_Init+0x44>
     fcc:	c918                	sw	a4,16(a0)
     fce:	bfc9                	j	fa0 <GPIO_Init+0x44>
     fd0:	8082                	ret

00000fd2 <GPIO_ReadInputDataBit>:
     fd2:	451c                	lw	a5,8(a0)
     fd4:	00f5f533          	and	a0,a1,a5
     fd8:	00a03533          	snez	a0,a0
     fdc:	8082                	ret

00000fde <GPIO_SetBits>:
     fde:	c90c                	sw	a1,16(a0)
     fe0:	8082                	ret

00000fe2 <GPIO_PinRemapConfig>:
     fe2:	40010337          	lui	t1,0x40010
     fe6:	080007b7          	lui	a5,0x8000
     fea:	00c32683          	lw	a3,12(t1) # 4001000c <_eusrstack+0x2000e00c>
     fee:	01055613          	srli	a2,a0,0x10
     ff2:	01051713          	slli	a4,a0,0x10
     ff6:	8fe9                	and	a5,a5,a0
     ff8:	8a3d                	andi	a2,a2,15
     ffa:	8341                	srli	a4,a4,0x10
     ffc:	c7bd                	beqz	a5,106a <GPIO_PinRemapConfig+0x88>
     ffe:	003007b7          	lui	a5,0x300
    1002:	00f572b3          	and	t0,a0,a5
    1006:	02f29463          	bne	t0,a5,102e <GPIO_PinRemapConfig+0x4c>
    100a:	f9000637          	lui	a2,0xf9000
    100e:	167d                	addi	a2,a2,-1 # f8ffffff <_eusrstack+0xd8ffdfff>
    1010:	00c6f7b3          	and	a5,a3,a2
    1014:	00c32683          	lw	a3,12(t1)
    1018:	8ef1                	and	a3,a3,a2
    101a:	00d32623          	sw	a3,12(t1)
    101e:	c595                	beqz	a1,104a <GPIO_PinRemapConfig+0x68>
    1020:	8145                	srli	a0,a0,0x11
    1022:	07057513          	andi	a0,a0,112
    1026:	00a71733          	sll	a4,a4,a0
    102a:	8fd9                	or	a5,a5,a4
    102c:	a839                	j	104a <GPIO_PinRemapConfig+0x68>
    102e:	004007b7          	lui	a5,0x400
    1032:	8fe9                	and	a5,a5,a0
    1034:	cf99                	beqz	a5,1052 <GPIO_PinRemapConfig+0x70>
    1036:	479d                	li	a5,7
    1038:	00c797b3          	sll	a5,a5,a2
    103c:	fff7c793          	not	a5,a5
    1040:	8ff5                	and	a5,a5,a3
    1042:	c581                	beqz	a1,104a <GPIO_PinRemapConfig+0x68>
    1044:	00c71633          	sll	a2,a4,a2
    1048:	8fd1                	or	a5,a5,a2
    104a:	40010737          	lui	a4,0x40010
    104e:	c75c                	sw	a5,12(a4)
    1050:	8082                	ret
    1052:	002007b7          	lui	a5,0x200
    1056:	00f29363          	bne	t0,a5,105c <GPIO_PinRemapConfig+0x7a>
    105a:	0641                	addi	a2,a2,16
    105c:	479d                	li	a5,7
    105e:	00c797b3          	sll	a5,a5,a2
    1062:	fff7c793          	not	a5,a5
    1066:	8ff5                	and	a5,a5,a3
    1068:	bf5d                	j	101e <GPIO_PinRemapConfig+0x3c>
    106a:	001007b7          	lui	a5,0x100
    106e:	8fe9                	and	a5,a5,a0
    1070:	c399                	beqz	a5,1076 <GPIO_PinRemapConfig+0x94>
    1072:	47bd                	li	a5,15
    1074:	b7ed                	j	105e <GPIO_PinRemapConfig+0x7c>
    1076:	01155793          	srli	a5,a0,0x11
    107a:	0707f793          	andi	a5,a5,112
    107e:	00f717b3          	sll	a5,a4,a5
    1082:	b7c5                	j	1062 <GPIO_PinRemapConfig+0x80>

00001084 <GPIO_IPD_Unused>:
    1084:	824ff2ef          	jal	t0,a8 <__riscv_save_0>
    1088:	1151                	addi	sp,sp,-12
    108a:	4585                	li	a1,1
    108c:	03c00513          	li	a0,60
    1090:	c002                	sw	zero,0(sp)
    1092:	c202                	sw	zero,4(sp)
    1094:	c402                	sw	zero,8(sp)
    1096:	2f09                	jal	17a8 <RCC_PB2PeriphClockCmd>
    1098:	1ffff7b7          	lui	a5,0x1ffff
    109c:	7047a703          	lw	a4,1796(a5) # 1ffff704 <_data_lma+0x1fff8108>
    10a0:	005206b7          	lui	a3,0x520
    10a4:	60068693          	addi	a3,a3,1536 # 520600 <_data_lma+0x519004>
    10a8:	f0f77793          	andi	a5,a4,-241
    10ac:	0ad78663          	beq	a5,a3,1158 <GPIO_IPD_Unused+0xd4>
    10b0:	0cf6e263          	bltu	a3,a5,1174 <GPIO_IPD_Unused+0xf0>
    10b4:	002406b7          	lui	a3,0x240
    10b8:	60068693          	addi	a3,a3,1536 # 240600 <_data_lma+0x239004>
    10bc:	20d78063          	beq	a5,a3,12bc <GPIO_IPD_Unused+0x238>
    10c0:	04f6e063          	bltu	a3,a5,1100 <GPIO_IPD_Unused+0x7c>
    10c4:	002206b7          	lui	a3,0x220
    10c8:	60068693          	addi	a3,a3,1536 # 220600 <_data_lma+0x219004>
    10cc:	24d78f63          	beq	a5,a3,132a <GPIO_IPD_Unused+0x2a6>
    10d0:	00f6ef63          	bltu	a3,a5,10ee <GPIO_IPD_Unused+0x6a>
    10d4:	77c1                	lui	a5,0xffff0
    10d6:	f0f78793          	addi	a5,a5,-241 # fffeff0f <_eusrstack+0xdffedf0f>
    10da:	8ff9                	and	a5,a5,a4
    10dc:	00200737          	lui	a4,0x200
    10e0:	60070713          	addi	a4,a4,1536 # 200600 <_data_lma+0x1f9004>
    10e4:	00e79b63          	bne	a5,a4,10fa <GPIO_IPD_Unused+0x76>
    10e8:	0f900793          	li	a5,249
    10ec:	a835                	j	1128 <GPIO_IPD_Unused+0xa4>
    10ee:	00230737          	lui	a4,0x230
    10f2:	60070713          	addi	a4,a4,1536 # 230600 <_data_lma+0x229004>
    10f6:	20e78463          	beq	a5,a4,12fe <GPIO_IPD_Unused+0x27a>
    10fa:	0131                	addi	sp,sp,12
    10fc:	fb7fe06f          	j	b2 <__riscv_restore_0>
    1100:	005006b7          	lui	a3,0x500
    1104:	60068693          	addi	a3,a3,1536 # 500600 <_data_lma+0x4f9004>
    1108:	1ad78363          	beq	a5,a3,12ae <GPIO_IPD_Unused+0x22a>
    110c:	04f6e063          	bltu	a3,a5,114c <GPIO_IPD_Unused+0xc8>
    1110:	77c1                	lui	a5,0xffff0
    1112:	f0f78793          	addi	a5,a5,-241 # fffeff0f <_eusrstack+0xdffedf0f>
    1116:	8f7d                	and	a4,a4,a5
    1118:	004007b7          	lui	a5,0x400
    111c:	60078793          	addi	a5,a5,1536 # 400600 <_data_lma+0x3f9004>
    1120:	fce79de3          	bne	a5,a4,10fa <GPIO_IPD_Unused+0x76>
    1124:	0e900793          	li	a5,233
    1128:	40011437          	lui	s0,0x40011
    112c:	807c                	sh	a5,0(sp)
    112e:	858a                	mv	a1,sp
    1130:	02800793          	li	a5,40
    1134:	80040513          	addi	a0,s0,-2048 # 40010800 <_eusrstack+0x2000e800>
    1138:	c43e                	sw	a5,8(sp)
    113a:	350d                	jal	f5c <GPIO_Init>
    113c:	07f00793          	li	a5,127
    1140:	807c                	sh	a5,0(sp)
    1142:	858a                	mv	a1,sp
    1144:	c0040513          	addi	a0,s0,-1024
    1148:	3d11                	jal	f5c <GPIO_Init>
    114a:	bf45                	j	10fa <GPIO_IPD_Unused+0x76>
    114c:	00510737          	lui	a4,0x510
    1150:	60070713          	addi	a4,a4,1536 # 510600 <_data_lma+0x509004>
    1154:	fae793e3          	bne	a5,a4,10fa <GPIO_IPD_Unused+0x76>
    1158:	06900793          	li	a5,105
    115c:	40011437          	lui	s0,0x40011
    1160:	807c                	sh	a5,0(sp)
    1162:	858a                	mv	a1,sp
    1164:	02800793          	li	a5,40
    1168:	80040513          	addi	a0,s0,-2048 # 40010800 <_eusrstack+0x2000e800>
    116c:	c43e                	sw	a5,8(sp)
    116e:	33fd                	jal	f5c <GPIO_Init>
    1170:	47ad                	li	a5,11
    1172:	b7f9                	j	1140 <GPIO_IPD_Unused+0xbc>
    1174:	00640737          	lui	a4,0x640
    1178:	60070713          	addi	a4,a4,1536 # 640600 <_data_lma+0x639004>
    117c:	f6e786e3          	beq	a5,a4,10e8 <GPIO_IPD_Unused+0x64>
    1180:	06f76163          	bltu	a4,a5,11e2 <GPIO_IPD_Unused+0x15e>
    1184:	00620737          	lui	a4,0x620
    1188:	60070713          	addi	a4,a4,1536 # 620600 <_data_lma+0x619004>
    118c:	f8e78ce3          	beq	a5,a4,1124 <GPIO_IPD_Unused+0xa0>
    1190:	04f76463          	bltu	a4,a5,11d8 <GPIO_IPD_Unused+0x154>
    1194:	00530737          	lui	a4,0x530
    1198:	60070713          	addi	a4,a4,1536 # 530600 <_data_lma+0x529004>
    119c:	0ce78d63          	beq	a5,a4,1276 <GPIO_IPD_Unused+0x1f2>
    11a0:	00610737          	lui	a4,0x610
    11a4:	60070713          	addi	a4,a4,1536 # 610600 <_data_lma+0x609004>
    11a8:	f4e799e3          	bne	a5,a4,10fa <GPIO_IPD_Unused+0x76>
    11ac:	08000793          	li	a5,128
    11b0:	40011437          	lui	s0,0x40011
    11b4:	807c                	sh	a5,0(sp)
    11b6:	858a                	mv	a1,sp
    11b8:	02800793          	li	a5,40
    11bc:	80040513          	addi	a0,s0,-2048 # 40010800 <_eusrstack+0x2000e800>
    11c0:	c43e                	sw	a5,8(sp)
    11c2:	3b69                	jal	f5c <GPIO_Init>
    11c4:	07400793          	li	a5,116
    11c8:	858a                	mv	a1,sp
    11ca:	c0040513          	addi	a0,s0,-1024
    11ce:	807c                	sh	a5,0(sp)
    11d0:	3371                	jal	f5c <GPIO_Init>
    11d2:	0c800793          	li	a5,200
    11d6:	a0ad                	j	1240 <GPIO_IPD_Unused+0x1bc>
    11d8:	00630737          	lui	a4,0x630
    11dc:	60070713          	addi	a4,a4,1536 # 630600 <_data_lma+0x629004>
    11e0:	b781                	j	1120 <GPIO_IPD_Unused+0x9c>
    11e2:	00731737          	lui	a4,0x731
    11e6:	80070713          	addi	a4,a4,-2048 # 730800 <_data_lma+0x729204>
    11ea:	02e78663          	beq	a5,a4,1216 <GPIO_IPD_Unused+0x192>
    11ee:	00f76b63          	bltu	a4,a5,1204 <GPIO_IPD_Unused+0x180>
    11f2:	00701737          	lui	a4,0x701
    11f6:	80070713          	addi	a4,a4,-2048 # 700800 <_data_lma+0x6f9204>
    11fa:	04e78863          	beq	a5,a4,124a <GPIO_IPD_Unused+0x1c6>
    11fe:	00710737          	lui	a4,0x710
    1202:	b74d                	j	11a4 <GPIO_IPD_Unused+0x120>
    1204:	00741737          	lui	a4,0x741
    1208:	80070713          	addi	a4,a4,-2048 # 740800 <_data_lma+0x739204>
    120c:	eee797e3          	bne	a5,a4,10fa <GPIO_IPD_Unused+0x76>
    1210:	0c000793          	li	a5,192
    1214:	bf71                	j	11b0 <GPIO_IPD_Unused+0x12c>
    1216:	0c000793          	li	a5,192
    121a:	40011437          	lui	s0,0x40011
    121e:	807c                	sh	a5,0(sp)
    1220:	858a                	mv	a1,sp
    1222:	02800793          	li	a5,40
    1226:	80040513          	addi	a0,s0,-2048 # 40010800 <_eusrstack+0x2000e800>
    122a:	c43e                	sw	a5,8(sp)
    122c:	3b05                	jal	f5c <GPIO_Init>
    122e:	07400793          	li	a5,116
    1232:	858a                	mv	a1,sp
    1234:	c0040513          	addi	a0,s0,-1024
    1238:	807c                	sh	a5,0(sp)
    123a:	330d                	jal	f5c <GPIO_Init>
    123c:	0c900793          	li	a5,201
    1240:	807c                	sh	a5,0(sp)
    1242:	858a                	mv	a1,sp
    1244:	40011537          	lui	a0,0x40011
    1248:	b701                	j	1148 <GPIO_IPD_Unused+0xc4>
    124a:	0c000793          	li	a5,192
    124e:	40011437          	lui	s0,0x40011
    1252:	807c                	sh	a5,0(sp)
    1254:	858a                	mv	a1,sp
    1256:	02800793          	li	a5,40
    125a:	80040513          	addi	a0,s0,-2048 # 40010800 <_eusrstack+0x2000e800>
    125e:	c43e                	sw	a5,8(sp)
    1260:	39f5                	jal	f5c <GPIO_Init>
    1262:	07400793          	li	a5,116
    1266:	858a                	mv	a1,sp
    1268:	c0040513          	addi	a0,s0,-1024
    126c:	807c                	sh	a5,0(sp)
    126e:	31fd                	jal	f5c <GPIO_Init>
    1270:	0cb00793          	li	a5,203
    1274:	b7f1                	j	1240 <GPIO_IPD_Unused+0x1bc>
    1276:	06900793          	li	a5,105
    127a:	40011437          	lui	s0,0x40011
    127e:	807c                	sh	a5,0(sp)
    1280:	858a                	mv	a1,sp
    1282:	02800793          	li	a5,40
    1286:	80040513          	addi	a0,s0,-2048 # 40010800 <_eusrstack+0x2000e800>
    128a:	c43e                	sw	a5,8(sp)
    128c:	39c1                	jal	f5c <GPIO_Init>
    128e:	47ad                	li	a5,11
    1290:	858a                	mv	a1,sp
    1292:	c0040513          	addi	a0,s0,-1024
    1296:	807c                	sh	a5,0(sp)
    1298:	31d1                	jal	f5c <GPIO_Init>
    129a:	02c00793          	li	a5,44
    129e:	858a                	mv	a1,sp
    12a0:	40011537          	lui	a0,0x40011
    12a4:	807c                	sh	a5,0(sp)
    12a6:	395d                	jal	f5c <GPIO_Init>
    12a8:	06c00793          	li	a5,108
    12ac:	a0a1                	j	12f4 <GPIO_IPD_Unused+0x270>
    12ae:	0c800793          	li	a5,200
    12b2:	807c                	sh	a5,0(sp)
    12b4:	02800793          	li	a5,40
    12b8:	c43e                	sw	a5,8(sp)
    12ba:	b761                	j	1242 <GPIO_IPD_Unused+0x1be>
    12bc:	0f900793          	li	a5,249
    12c0:	40011437          	lui	s0,0x40011
    12c4:	807c                	sh	a5,0(sp)
    12c6:	858a                	mv	a1,sp
    12c8:	02800793          	li	a5,40
    12cc:	80040513          	addi	a0,s0,-2048 # 40010800 <_eusrstack+0x2000e800>
    12d0:	c43e                	sw	a5,8(sp)
    12d2:	3169                	jal	f5c <GPIO_Init>
    12d4:	07f00793          	li	a5,127
    12d8:	858a                	mv	a1,sp
    12da:	c0040513          	addi	a0,s0,-1024
    12de:	807c                	sh	a5,0(sp)
    12e0:	39b5                	jal	f5c <GPIO_Init>
    12e2:	0e900793          	li	a5,233
    12e6:	858a                	mv	a1,sp
    12e8:	40011537          	lui	a0,0x40011
    12ec:	807c                	sh	a5,0(sp)
    12ee:	31bd                	jal	f5c <GPIO_Init>
    12f0:	08d00793          	li	a5,141
    12f4:	807c                	sh	a5,0(sp)
    12f6:	858a                	mv	a1,sp
    12f8:	40040513          	addi	a0,s0,1024
    12fc:	b5b1                	j	1148 <GPIO_IPD_Unused+0xc4>
    12fe:	0f900793          	li	a5,249
    1302:	40011437          	lui	s0,0x40011
    1306:	807c                	sh	a5,0(sp)
    1308:	858a                	mv	a1,sp
    130a:	02800793          	li	a5,40
    130e:	80040513          	addi	a0,s0,-2048 # 40010800 <_eusrstack+0x2000e800>
    1312:	c43e                	sw	a5,8(sp)
    1314:	31a1                	jal	f5c <GPIO_Init>
    1316:	07f00793          	li	a5,127
    131a:	858a                	mv	a1,sp
    131c:	c0040513          	addi	a0,s0,-1024
    1320:	807c                	sh	a5,0(sp)
    1322:	392d                	jal	f5c <GPIO_Init>
    1324:	02600793          	li	a5,38
    1328:	bf9d                	j	129e <GPIO_IPD_Unused+0x21a>
    132a:	0f900793          	li	a5,249
    132e:	40011437          	lui	s0,0x40011
    1332:	807c                	sh	a5,0(sp)
    1334:	858a                	mv	a1,sp
    1336:	02800793          	li	a5,40
    133a:	80040513          	addi	a0,s0,-2048 # 40010800 <_eusrstack+0x2000e800>
    133e:	c43e                	sw	a5,8(sp)
    1340:	3931                	jal	f5c <GPIO_Init>
    1342:	07f00793          	li	a5,127
    1346:	858a                	mv	a1,sp
    1348:	c0040513          	addi	a0,s0,-1024
    134c:	807c                	sh	a5,0(sp)
    134e:	3139                	jal	f5c <GPIO_Init>
    1350:	02000793          	li	a5,32
    1354:	858a                	mv	a1,sp
    1356:	40011537          	lui	a0,0x40011
    135a:	807c                	sh	a5,0(sp)
    135c:	3101                	jal	f5c <GPIO_Init>
    135e:	47b5                	li	a5,13
    1360:	bf51                	j	12f4 <GPIO_IPD_Unused+0x270>

00001362 <I2C_Init>:
    1362:	d47fe2ef          	jal	t0,a8 <__riscv_save_0>
    1366:	215e                	lhu	a5,4(a0)
    1368:	1111                	addi	sp,sp,-28
    136a:	84aa                	mv	s1,a0
    136c:	07c2                	slli	a5,a5,0x10
    136e:	83c1                	srli	a5,a5,0x10
    1370:	fc07f793          	andi	a5,a5,-64
    1374:	07c2                	slli	a5,a5,0x10
    1376:	83c1                	srli	a5,a5,0x10
    1378:	0028                	addi	a0,sp,8
    137a:	842e                	mv	s0,a1
    137c:	c23e                	sw	a5,4(sp)
    137e:	26ad                	jal	16e8 <RCC_GetClocksFreq>
    1380:	47c2                	lw	a5,16(sp)
    1382:	000f45b7          	lui	a1,0xf4
    1386:	24058593          	addi	a1,a1,576 # f4240 <_data_lma+0xecc44>
    138a:	853e                	mv	a0,a5
    138c:	c03e                	sw	a5,0(sp)
    138e:	d37fe0ef          	jal	ra,c4 <__hidden___udivsi3>
    1392:	4792                	lw	a5,4(sp)
    1394:	400c                	lw	a1,0(s0)
    1396:	8fc9                	or	a5,a5,a0
    1398:	07c2                	slli	a5,a5,0x10
    139a:	83c1                	srli	a5,a5,0x10
    139c:	a0de                	sh	a5,4(s1)
    139e:	209e                	lhu	a5,0(s1)
    13a0:	07c2                	slli	a5,a5,0x10
    13a2:	83c1                	srli	a5,a5,0x10
    13a4:	9bf9                	andi	a5,a5,-2
    13a6:	07c2                	slli	a5,a5,0x10
    13a8:	83c1                	srli	a5,a5,0x10
    13aa:	a09e                	sh	a5,0(s1)
    13ac:	67e1                	lui	a5,0x18
    13ae:	6a078793          	addi	a5,a5,1696 # 186a0 <_data_lma+0x110a4>
    13b2:	04b7e563          	bltu	a5,a1,13fc <I2C_Init+0x9a>
    13b6:	4502                	lw	a0,0(sp)
    13b8:	0586                	slli	a1,a1,0x1
    13ba:	d0bfe0ef          	jal	ra,c4 <__hidden___udivsi3>
    13be:	87aa                	mv	a5,a0
    13c0:	0542                	slli	a0,a0,0x10
    13c2:	8141                	srli	a0,a0,0x10
    13c4:	4691                	li	a3,4
    13c6:	00d57363          	bgeu	a0,a3,13cc <I2C_Init+0x6a>
    13ca:	4791                	li	a5,4
    13cc:	07c2                	slli	a5,a5,0x10
    13ce:	83c1                	srli	a5,a5,0x10
    13d0:	acde                	sh	a5,28(s1)
    13d2:	209e                	lhu	a5,0(s1)
    13d4:	2056                	lhu	a3,4(s0)
    13d6:	2432                	lhu	a2,10(s0)
    13d8:	0017e793          	ori	a5,a5,1
    13dc:	a09e                	sh	a5,0(s1)
    13de:	209e                	lhu	a5,0(s1)
    13e0:	8ed1                	or	a3,a3,a2
    13e2:	07c2                	slli	a5,a5,0x10
    13e4:	83c1                	srli	a5,a5,0x10
    13e6:	bf57f793          	andi	a5,a5,-1035
    13ea:	8fd5                	or	a5,a5,a3
    13ec:	a09e                	sh	a5,0(s1)
    13ee:	2416                	lhu	a3,8(s0)
    13f0:	245e                	lhu	a5,12(s0)
    13f2:	8fd5                	or	a5,a5,a3
    13f4:	a49e                	sh	a5,8(s1)
    13f6:	0171                	addi	sp,sp,28
    13f8:	cbbfe06f          	j	b2 <__riscv_restore_0>
    13fc:	2076                	lhu	a3,6(s0)
    13fe:	67b1                	lui	a5,0xc
    1400:	17fd                	addi	a5,a5,-1 # bfff <_data_lma+0x4a03>
    1402:	02f69363          	bne	a3,a5,1428 <I2C_Init+0xc6>
    1406:	478d                	li	a5,3
    1408:	02f585b3          	mul	a1,a1,a5
    140c:	4502                	lw	a0,0(sp)
    140e:	cb7fe0ef          	jal	ra,c4 <__hidden___udivsi3>
    1412:	01051793          	slli	a5,a0,0x10
    1416:	83c1                	srli	a5,a5,0x10
    1418:	01479693          	slli	a3,a5,0x14
    141c:	e299                	bnez	a3,1422 <I2C_Init+0xc0>
    141e:	0017e793          	ori	a5,a5,1
    1422:	66a1                	lui	a3,0x8
    1424:	8fd5                	or	a5,a5,a3
    1426:	b76d                	j	13d0 <I2C_Init+0x6e>
    1428:	47e5                	li	a5,25
    142a:	02f585b3          	mul	a1,a1,a5
    142e:	4502                	lw	a0,0(sp)
    1430:	c95fe0ef          	jal	ra,c4 <__hidden___udivsi3>
    1434:	01051793          	slli	a5,a0,0x10
    1438:	83c1                	srli	a5,a5,0x10
    143a:	6691                	lui	a3,0x4
    143c:	8fd5                	or	a5,a5,a3
    143e:	bfe9                	j	1418 <I2C_Init+0xb6>

00001440 <I2C_Cmd>:
    1440:	211e                	lhu	a5,0(a0)
    1442:	c589                	beqz	a1,144c <I2C_Cmd+0xc>
    1444:	0017e793          	ori	a5,a5,1
    1448:	a11e                	sh	a5,0(a0)
    144a:	8082                	ret
    144c:	07c2                	slli	a5,a5,0x10
    144e:	83c1                	srli	a5,a5,0x10
    1450:	9bf9                	andi	a5,a5,-2
    1452:	07c2                	slli	a5,a5,0x10
    1454:	83c1                	srli	a5,a5,0x10
    1456:	bfcd                	j	1448 <I2C_Cmd+0x8>

00001458 <I2C_GenerateSTART>:
    1458:	211e                	lhu	a5,0(a0)
    145a:	c589                	beqz	a1,1464 <I2C_GenerateSTART+0xc>
    145c:	1007e793          	ori	a5,a5,256
    1460:	a11e                	sh	a5,0(a0)
    1462:	8082                	ret
    1464:	07c2                	slli	a5,a5,0x10
    1466:	83c1                	srli	a5,a5,0x10
    1468:	eff7f793          	andi	a5,a5,-257
    146c:	07c2                	slli	a5,a5,0x10
    146e:	83c1                	srli	a5,a5,0x10
    1470:	bfc5                	j	1460 <I2C_GenerateSTART+0x8>

00001472 <I2C_GenerateSTOP>:
    1472:	211e                	lhu	a5,0(a0)
    1474:	c589                	beqz	a1,147e <I2C_GenerateSTOP+0xc>
    1476:	2007e793          	ori	a5,a5,512
    147a:	a11e                	sh	a5,0(a0)
    147c:	8082                	ret
    147e:	07c2                	slli	a5,a5,0x10
    1480:	83c1                	srli	a5,a5,0x10
    1482:	dff7f793          	andi	a5,a5,-513
    1486:	07c2                	slli	a5,a5,0x10
    1488:	83c1                	srli	a5,a5,0x10
    148a:	bfc5                	j	147a <I2C_GenerateSTOP+0x8>

0000148c <I2C_AcknowledgeConfig>:
    148c:	211e                	lhu	a5,0(a0)
    148e:	c589                	beqz	a1,1498 <I2C_AcknowledgeConfig+0xc>
    1490:	4007e793          	ori	a5,a5,1024
    1494:	a11e                	sh	a5,0(a0)
    1496:	8082                	ret
    1498:	07c2                	slli	a5,a5,0x10
    149a:	83c1                	srli	a5,a5,0x10
    149c:	bff7f793          	andi	a5,a5,-1025
    14a0:	07c2                	slli	a5,a5,0x10
    14a2:	83c1                	srli	a5,a5,0x10
    14a4:	bfc5                	j	1494 <I2C_AcknowledgeConfig+0x8>

000014a6 <I2C_SendData>:
    14a6:	a90e                	sh	a1,16(a0)
    14a8:	8082                	ret

000014aa <I2C_ReceiveData>:
    14aa:	290a                	lhu	a0,16(a0)
    14ac:	0ff57513          	zext.b	a0,a0
    14b0:	8082                	ret

000014b2 <I2C_Send7bitAddress>:
    14b2:	0fe5f793          	andi	a5,a1,254
    14b6:	c219                	beqz	a2,14bc <I2C_Send7bitAddress+0xa>
    14b8:	0015e793          	ori	a5,a1,1
    14bc:	a91e                	sh	a5,16(a0)
    14be:	8082                	ret

000014c0 <I2C_SoftwareResetCmd>:
    14c0:	211e                	lhu	a5,0(a0)
    14c2:	c589                	beqz	a1,14cc <I2C_SoftwareResetCmd+0xc>
    14c4:	6721                	lui	a4,0x8
    14c6:	8fd9                	or	a5,a5,a4
    14c8:	a11e                	sh	a5,0(a0)
    14ca:	8082                	ret
    14cc:	07c6                	slli	a5,a5,0x11
    14ce:	83c5                	srli	a5,a5,0x11
    14d0:	bfe5                	j	14c8 <I2C_SoftwareResetCmd+0x8>

000014d2 <I2C_NACKPositionConfig>:
    14d2:	211e                	lhu	a5,0(a0)
    14d4:	80058593          	addi	a1,a1,-2048
    14d8:	e989                	bnez	a1,14ea <I2C_NACKPositionConfig+0x18>
    14da:	6705                	lui	a4,0x1
    14dc:	80070713          	addi	a4,a4,-2048 # 800 <__stack_size>
    14e0:	8fd9                	or	a5,a5,a4
    14e2:	07c2                	slli	a5,a5,0x10
    14e4:	83c1                	srli	a5,a5,0x10
    14e6:	a11e                	sh	a5,0(a0)
    14e8:	8082                	ret
    14ea:	777d                	lui	a4,0xfffff
    14ec:	7ff70713          	addi	a4,a4,2047 # fffff7ff <_eusrstack+0xdfffd7ff>
    14f0:	8ff9                	and	a5,a5,a4
    14f2:	bfd5                	j	14e6 <I2C_NACKPositionConfig+0x14>

000014f4 <I2C_CheckEvent>:
    14f4:	295e                	lhu	a5,20(a0)
    14f6:	2d0a                	lhu	a0,24(a0)
    14f8:	0542                	slli	a0,a0,0x10
    14fa:	8d5d                	or	a0,a0,a5
    14fc:	8d6d                	and	a0,a0,a1
    14fe:	0522                	slli	a0,a0,0x8
    1500:	8121                	srli	a0,a0,0x8
    1502:	8d0d                	sub	a0,a0,a1
    1504:	00153513          	seqz	a0,a0
    1508:	8082                	ret

0000150a <I2C_GetFlagStatus>:
    150a:	1161                	addi	sp,sp,-8
    150c:	c002                	sw	zero,0(sp)
    150e:	c202                	sw	zero,4(sp)
    1510:	01c5d793          	srli	a5,a1,0x1c
    1514:	c22a                	sw	a0,4(sp)
    1516:	c03e                	sw	a5,0(sp)
    1518:	4782                	lw	a5,0(sp)
    151a:	05a2                	slli	a1,a1,0x8
    151c:	81a1                	srli	a1,a1,0x8
    151e:	cb99                	beqz	a5,1534 <I2C_GetFlagStatus+0x2a>
    1520:	4792                	lw	a5,4(sp)
    1522:	07d1                	addi	a5,a5,20
    1524:	c23e                	sw	a5,4(sp)
    1526:	4792                	lw	a5,4(sp)
    1528:	4388                	lw	a0,0(a5)
    152a:	0121                	addi	sp,sp,8
    152c:	8d6d                	and	a0,a0,a1
    152e:	00a03533          	snez	a0,a0
    1532:	8082                	ret
    1534:	4792                	lw	a5,4(sp)
    1536:	81c1                	srli	a1,a1,0x10
    1538:	07e1                	addi	a5,a5,24
    153a:	b7ed                	j	1524 <I2C_GetFlagStatus+0x1a>

0000153c <IWDG_WriteAccessCmd>:
    153c:	400037b7          	lui	a5,0x40003
    1540:	c388                	sw	a0,0(a5)
    1542:	8082                	ret

00001544 <IWDG_SetPrescaler>:
    1544:	400037b7          	lui	a5,0x40003
    1548:	c3c8                	sw	a0,4(a5)
    154a:	8082                	ret

0000154c <IWDG_SetReload>:
    154c:	400037b7          	lui	a5,0x40003
    1550:	c788                	sw	a0,8(a5)
    1552:	8082                	ret

00001554 <IWDG_ReloadCounter>:
    1554:	67ad                	lui	a5,0xb
    1556:	40003737          	lui	a4,0x40003
    155a:	aaa78793          	addi	a5,a5,-1366 # aaaa <_data_lma+0x34ae>
    155e:	c31c                	sw	a5,0(a4)
    1560:	8082                	ret

00001562 <IWDG_Enable>:
    1562:	67b5                	lui	a5,0xd
    1564:	40003737          	lui	a4,0x40003
    1568:	ccc78793          	addi	a5,a5,-820 # cccc <_data_lma+0x56d0>
    156c:	c31c                	sw	a5,0(a4)
    156e:	40021737          	lui	a4,0x40021
    1572:	535c                	lw	a5,36(a4)
    1574:	8b89                	andi	a5,a5,2
    1576:	dff5                	beqz	a5,1572 <IWDG_Enable+0x10>
    1578:	8082                	ret

0000157a <NVIC_PriorityGroupConfig>:
    157a:	84a1a623          	sw	a0,-1972(gp) # 200000dc <NVIC_Priority_Group>
    157e:	8082                	ret

00001580 <NVIC_Init>:
    1580:	84c1a703          	lw	a4,-1972(gp) # 200000dc <NVIC_Priority_Group>
    1584:	4785                	li	a5,1
    1586:	2114                	lbu	a3,0(a0)
    1588:	02f71063          	bne	a4,a5,15a8 <NVIC_Init+0x28>
    158c:	311c                	lbu	a5,1(a0)
    158e:	02e79c63          	bne	a5,a4,15c6 <NVIC_Init+0x46>
    1592:	213c                	lbu	a5,2(a0)
    1594:	079a                	slli	a5,a5,0x6
    1596:	f807e793          	ori	a5,a5,-128
    159a:	e000e737          	lui	a4,0xe000e
    159e:	0ff7f793          	zext.b	a5,a5
    15a2:	9736                	add	a4,a4,a3
    15a4:	40f70023          	sb	a5,1024(a4) # e000e400 <_eusrstack+0xc000c400>
    15a8:	4705                	li	a4,1
    15aa:	0056d793          	srli	a5,a3,0x5
    15ae:	00d71733          	sll	a4,a4,a3
    15b2:	4154                	lw	a3,4(a0)
    15b4:	ce89                	beqz	a3,15ce <NVIC_Init+0x4e>
    15b6:	04078793          	addi	a5,a5,64
    15ba:	078a                	slli	a5,a5,0x2
    15bc:	e000e6b7          	lui	a3,0xe000e
    15c0:	97b6                	add	a5,a5,a3
    15c2:	c398                	sw	a4,0(a5)
    15c4:	8082                	ret
    15c6:	f3ed                	bnez	a5,15a8 <NVIC_Init+0x28>
    15c8:	213c                	lbu	a5,2(a0)
    15ca:	079a                	slli	a5,a5,0x6
    15cc:	b7f9                	j	159a <NVIC_Init+0x1a>
    15ce:	06078793          	addi	a5,a5,96
    15d2:	e000e6b7          	lui	a3,0xe000e
    15d6:	078a                	slli	a5,a5,0x2
    15d8:	97b6                	add	a5,a5,a3
    15da:	c398                	sw	a4,0(a5)
    15dc:	0000100f          	.4byte	0x100f
    15e0:	8082                	ret

000015e2 <OPA_Unlock>:
    15e2:	456707b7          	lui	a5,0x45670
    15e6:	40024737          	lui	a4,0x40024
    15ea:	12378793          	addi	a5,a5,291 # 45670123 <_eusrstack+0x2566e123>
    15ee:	cb1c                	sw	a5,16(a4)
    15f0:	cdef97b7          	lui	a5,0xcdef9
    15f4:	9ab78793          	addi	a5,a5,-1621 # cdef89ab <_eusrstack+0xadef69ab>
    15f8:	cb1c                	sw	a5,16(a4)
    15fa:	8082                	ret

000015fc <OPA_Lock>:
    15fc:	40024737          	lui	a4,0x40024
    1600:	435c                	lw	a5,4(a4)
    1602:	800006b7          	lui	a3,0x80000
    1606:	8fd5                	or	a5,a5,a3
    1608:	c35c                	sw	a5,4(a4)
    160a:	8082                	ret

0000160c <OPA_Init>:
    160c:	40024737          	lui	a4,0x40024
    1610:	431c                	lw	a5,0(a4)
    1612:	f1c10637          	lui	a2,0xf1c10
    1616:	a0260613          	addi	a2,a2,-1534 # f1c0fa02 <_eusrstack+0xd1c0da02>
    161a:	8ff1                	and	a5,a5,a2
    161c:	4110                	lw	a2,0(a0)
    161e:	590c                	lw	a1,48(a0)
    1620:	4354                	lw	a3,4(a4)
    1622:	8fd1                	or	a5,a5,a2
    1624:	4150                	lw	a2,4(a0)
    1626:	0592                	slli	a1,a1,0x4
    1628:	060a                	slli	a2,a2,0x2
    162a:	8fd1                	or	a5,a5,a2
    162c:	4510                	lw	a2,8(a0)
    162e:	0612                	slli	a2,a2,0x4
    1630:	8fd1                	or	a5,a5,a2
    1632:	4550                	lw	a2,12(a0)
    1634:	0616                	slli	a2,a2,0x5
    1636:	8fd1                	or	a5,a5,a2
    1638:	4910                	lw	a2,16(a0)
    163a:	061e                	slli	a2,a2,0x7
    163c:	8fd1                	or	a5,a5,a2
    163e:	4950                	lw	a2,20(a0)
    1640:	0622                	slli	a2,a2,0x8
    1642:	8fd1                	or	a5,a5,a2
    1644:	4d10                	lw	a2,24(a0)
    1646:	062a                	slli	a2,a2,0xa
    1648:	8fd1                	or	a5,a5,a2
    164a:	4d50                	lw	a2,28(a0)
    164c:	0642                	slli	a2,a2,0x10
    164e:	8fd1                	or	a5,a5,a2
    1650:	5110                	lw	a2,32(a0)
    1652:	064a                	slli	a2,a2,0x12
    1654:	8fd1                	or	a5,a5,a2
    1656:	5150                	lw	a2,36(a0)
    1658:	0652                	slli	a2,a2,0x14
    165a:	8fd1                	or	a5,a5,a2
    165c:	5510                	lw	a2,40(a0)
    165e:	0666                	slli	a2,a2,0x19
    1660:	8e5d                	or	a2,a2,a5
    1662:	555c                	lw	a5,44(a0)
    1664:	0786                	slli	a5,a5,0x1
    1666:	8fcd                	or	a5,a5,a1
    1668:	ffe0e5b7          	lui	a1,0xffe0e
    166c:	0c958593          	addi	a1,a1,201 # ffe0e0c9 <_eusrstack+0xdfe0c0c9>
    1670:	8eed                	and	a3,a3,a1
    1672:	8fd5                	or	a5,a5,a3
    1674:	5954                	lw	a3,52(a0)
    1676:	06a2                	slli	a3,a3,0x8
    1678:	8fd5                	or	a5,a5,a3
    167a:	5d14                	lw	a3,56(a0)
    167c:	06ae                	slli	a3,a3,0xb
    167e:	8fd5                	or	a5,a5,a3
    1680:	5d54                	lw	a3,60(a0)
    1682:	06b2                	slli	a3,a3,0xc
    1684:	8fd5                	or	a5,a5,a3
    1686:	4134                	lw	a3,64(a0)
    1688:	06c2                	slli	a3,a3,0x10
    168a:	8fd5                	or	a5,a5,a3
    168c:	4174                	lw	a3,68(a0)
    168e:	06c6                	slli	a3,a3,0x11
    1690:	8fd5                	or	a5,a5,a3
    1692:	4534                	lw	a3,72(a0)
    1694:	06ca                	slli	a3,a3,0x12
    1696:	8fd5                	or	a5,a5,a3
    1698:	4574                	lw	a3,76(a0)
    169a:	c310                	sw	a2,0(a4)
    169c:	06d2                	slli	a3,a3,0x14
    169e:	8fd5                	or	a5,a5,a3
    16a0:	c35c                	sw	a5,4(a4)
    16a2:	8082                	ret

000016a4 <OPA_Cmd>:
    16a4:	4785                	li	a5,1
    16a6:	40024737          	lui	a4,0x40024
    16aa:	00f51763          	bne	a0,a5,16b8 <OPA_Cmd+0x14>
    16ae:	435c                	lw	a5,4(a4)
    16b0:	0017e793          	ori	a5,a5,1
    16b4:	c35c                	sw	a5,4(a4)
    16b6:	8082                	ret
    16b8:	435c                	lw	a5,4(a4)
    16ba:	9bf9                	andi	a5,a5,-2
    16bc:	bfe5                	j	16b4 <OPA_Cmd+0x10>

000016be <RCC_ADCCLKConfig>:
    16be:	400216b7          	lui	a3,0x40021
    16c2:	42dc                	lw	a5,4(a3)
    16c4:	7fff0737          	lui	a4,0x7fff0
    16c8:	7ff70713          	addi	a4,a4,2047 # 7fff07ff <_eusrstack+0x5ffee7ff>
    16cc:	8ff9                	and	a5,a5,a4
    16ce:	8fc9                	or	a5,a5,a0
    16d0:	c2dc                	sw	a5,4(a3)
    16d2:	8082                	ret

000016d4 <RCC_LSICmd>:
    16d4:	40021737          	lui	a4,0x40021
    16d8:	535c                	lw	a5,36(a4)
    16da:	c509                	beqz	a0,16e4 <RCC_LSICmd+0x10>
    16dc:	0017e793          	ori	a5,a5,1
    16e0:	d35c                	sw	a5,36(a4)
    16e2:	8082                	ret
    16e4:	9bf9                	andi	a5,a5,-2
    16e6:	bfed                	j	16e0 <RCC_LSICmd+0xc>

000016e8 <RCC_GetClocksFreq>:
    16e8:	9c1fe2ef          	jal	t0,a8 <__riscv_save_0>
    16ec:	40021737          	lui	a4,0x40021
    16f0:	435c                	lw	a5,4(a4)
    16f2:	46a1                	li	a3,8
    16f4:	842a                	mv	s0,a0
    16f6:	8bb1                	andi	a5,a5,12
    16f8:	08d79463          	bne	a5,a3,1780 <RCC_GetClocksFreq+0x98>
    16fc:	435c                	lw	a5,4(a4)
    16fe:	02dc77b7          	lui	a5,0x2dc7
    1702:	c0078793          	addi	a5,a5,-1024 # 2dc6c00 <_data_lma+0x2dbf604>
    1706:	c01c                	sw	a5,0(s0)
    1708:	40021637          	lui	a2,0x40021
    170c:	4254                	lw	a3,4(a2)
    170e:	20000737          	lui	a4,0x20000
    1712:	02870713          	addi	a4,a4,40 # 20000028 <PBHBPrescTable>
    1716:	8291                	srli	a3,a3,0x4
    1718:	8abd                	andi	a3,a3,15
    171a:	9736                	add	a4,a4,a3
    171c:	2308                	lbu	a0,0(a4)
    171e:	4258                	lw	a4,4(a2)
    1720:	0ff57593          	zext.b	a1,a0
    1724:	08077713          	andi	a4,a4,128
    1728:	00a7d533          	srl	a0,a5,a0
    172c:	e701                	bnez	a4,1734 <RCC_GetClocksFreq+0x4c>
    172e:	853e                	mv	a0,a5
    1730:	995fe0ef          	jal	ra,c4 <__hidden___udivsi3>
    1734:	c048                	sw	a0,4(s0)
    1736:	c408                	sw	a0,8(s0)
    1738:	c448                	sw	a0,12(s0)
    173a:	400217b7          	lui	a5,0x40021
    173e:	43dc                	lw	a5,4(a5)
    1740:	468d                	li	a3,3
    1742:	83ad                	srli	a5,a5,0xb
    1744:	8bfd                	andi	a5,a5,31
    1746:	0037d713          	srli	a4,a5,0x3
    174a:	078a                	slli	a5,a5,0x2
    174c:	8bf1                	andi	a5,a5,28
    174e:	8fd9                	or	a5,a5,a4
    1750:	0137f613          	andi	a2,a5,19
    1754:	0037f713          	andi	a4,a5,3
    1758:	00c6f463          	bgeu	a3,a2,1760 <RCC_GetClocksFreq+0x78>
    175c:	ff478713          	addi	a4,a5,-12 # 40020ff4 <_eusrstack+0x2001eff4>
    1760:	400217b7          	lui	a5,0x40021
    1764:	43dc                	lw	a5,4(a5)
    1766:	0007ca63          	bltz	a5,177a <RCC_GetClocksFreq+0x92>
    176a:	200007b7          	lui	a5,0x20000
    176e:	01478793          	addi	a5,a5,20 # 20000014 <ADCPrescTable>
    1772:	97ba                	add	a5,a5,a4
    1774:	238c                	lbu	a1,0(a5)
    1776:	94ffe0ef          	jal	ra,c4 <__hidden___udivsi3>
    177a:	c808                	sw	a0,16(s0)
    177c:	937fe06f          	j	b2 <__riscv_restore_0>
    1780:	016e37b7          	lui	a5,0x16e3
    1784:	60078793          	addi	a5,a5,1536 # 16e3600 <_data_lma+0x16dc004>
    1788:	bfbd                	j	1706 <RCC_GetClocksFreq+0x1e>

0000178a <RCC_HBPeriphClockCmd>:
    178a:	c599                	beqz	a1,1798 <RCC_HBPeriphClockCmd+0xe>
    178c:	40021737          	lui	a4,0x40021
    1790:	4b5c                	lw	a5,20(a4)
    1792:	8fc9                	or	a5,a5,a0
    1794:	cb5c                	sw	a5,20(a4)
    1796:	8082                	ret
    1798:	400217b7          	lui	a5,0x40021
    179c:	4bd8                	lw	a4,20(a5)
    179e:	fff54513          	not	a0,a0
    17a2:	8d79                	and	a0,a0,a4
    17a4:	cbc8                	sw	a0,20(a5)
    17a6:	8082                	ret

000017a8 <RCC_PB2PeriphClockCmd>:
    17a8:	c599                	beqz	a1,17b6 <RCC_PB2PeriphClockCmd+0xe>
    17aa:	40021737          	lui	a4,0x40021
    17ae:	4f1c                	lw	a5,24(a4)
    17b0:	8fc9                	or	a5,a5,a0
    17b2:	cf1c                	sw	a5,24(a4)
    17b4:	8082                	ret
    17b6:	400217b7          	lui	a5,0x40021
    17ba:	4f98                	lw	a4,24(a5)
    17bc:	fff54513          	not	a0,a0
    17c0:	8d79                	and	a0,a0,a4
    17c2:	cf88                	sw	a0,24(a5)
    17c4:	8082                	ret

000017c6 <RCC_PB1PeriphClockCmd>:
    17c6:	c599                	beqz	a1,17d4 <RCC_PB1PeriphClockCmd+0xe>
    17c8:	40021737          	lui	a4,0x40021
    17cc:	4f5c                	lw	a5,28(a4)
    17ce:	8fc9                	or	a5,a5,a0
    17d0:	cf5c                	sw	a5,28(a4)
    17d2:	8082                	ret
    17d4:	400217b7          	lui	a5,0x40021
    17d8:	4fd8                	lw	a4,28(a5)
    17da:	fff54513          	not	a0,a0
    17de:	8d79                	and	a0,a0,a4
    17e0:	cfc8                	sw	a0,28(a5)
    17e2:	8082                	ret

000017e4 <RCC_PB2PeriphResetCmd>:
    17e4:	c599                	beqz	a1,17f2 <RCC_PB2PeriphResetCmd+0xe>
    17e6:	40021737          	lui	a4,0x40021
    17ea:	475c                	lw	a5,12(a4)
    17ec:	8fc9                	or	a5,a5,a0
    17ee:	c75c                	sw	a5,12(a4)
    17f0:	8082                	ret
    17f2:	400217b7          	lui	a5,0x40021
    17f6:	47d8                	lw	a4,12(a5)
    17f8:	fff54513          	not	a0,a0
    17fc:	8d79                	and	a0,a0,a4
    17fe:	c7c8                	sw	a0,12(a5)
    1800:	8082                	ret

00001802 <RCC_GetFlagStatus>:
    1802:	00555713          	srli	a4,a0,0x5
    1806:	4785                	li	a5,1
    1808:	00f71963          	bne	a4,a5,181a <RCC_GetFlagStatus+0x18>
    180c:	400217b7          	lui	a5,0x40021
    1810:	439c                	lw	a5,0(a5)
    1812:	00a7d533          	srl	a0,a5,a0
    1816:	8905                	andi	a0,a0,1
    1818:	8082                	ret
    181a:	400217b7          	lui	a5,0x40021
    181e:	53dc                	lw	a5,36(a5)
    1820:	bfcd                	j	1812 <RCC_GetFlagStatus+0x10>

00001822 <RCC_ClearFlag>:
    1822:	40021737          	lui	a4,0x40021
    1826:	535c                	lw	a5,36(a4)
    1828:	010006b7          	lui	a3,0x1000
    182c:	8fd5                	or	a5,a5,a3
    182e:	d35c                	sw	a5,36(a4)
    1830:	8082                	ret

00001832 <SPI_Init>:
    1832:	211e                	lhu	a5,0(a0)
    1834:	668d                	lui	a3,0x3
    1836:	04068693          	addi	a3,a3,64 # 3040 <D_TIM2_ADC_Trigger_Set+0x1e>
    183a:	00d7f733          	and	a4,a5,a3
    183e:	21b6                	lhu	a3,2(a1)
    1840:	219e                	lhu	a5,0(a1)
    1842:	8fd5                	or	a5,a5,a3
    1844:	21d6                	lhu	a3,4(a1)
    1846:	8fd5                	or	a5,a5,a3
    1848:	21f6                	lhu	a3,6(a1)
    184a:	8fd5                	or	a5,a5,a3
    184c:	2596                	lhu	a3,8(a1)
    184e:	8fd5                	or	a5,a5,a3
    1850:	25b6                	lhu	a3,10(a1)
    1852:	8fd5                	or	a5,a5,a3
    1854:	25d6                	lhu	a3,12(a1)
    1856:	8fd5                	or	a5,a5,a3
    1858:	25f6                	lhu	a3,14(a1)
    185a:	8fd5                	or	a5,a5,a3
    185c:	8fd9                	or	a5,a5,a4
    185e:	a11e                	sh	a5,0(a0)
    1860:	299e                	lhu	a5,16(a1)
    1862:	a91e                	sh	a5,16(a0)
    1864:	8082                	ret

00001866 <SPI_Cmd>:
    1866:	211e                	lhu	a5,0(a0)
    1868:	c589                	beqz	a1,1872 <SPI_Cmd+0xc>
    186a:	0407e793          	ori	a5,a5,64
    186e:	a11e                	sh	a5,0(a0)
    1870:	8082                	ret
    1872:	07c2                	slli	a5,a5,0x10
    1874:	83c1                	srli	a5,a5,0x10
    1876:	fbf7f793          	andi	a5,a5,-65
    187a:	07c2                	slli	a5,a5,0x10
    187c:	83c1                	srli	a5,a5,0x10
    187e:	bfc5                	j	186e <SPI_Cmd+0x8>

00001880 <SPI_I2S_SendData>:
    1880:	a54e                	sh	a1,12(a0)
    1882:	8082                	ret

00001884 <SPI_I2S_GetFlagStatus>:
    1884:	250a                	lhu	a0,8(a0)
    1886:	8d6d                	and	a0,a0,a1
    1888:	00a03533          	snez	a0,a0
    188c:	8082                	ret

0000188e <TI1_Config>:
    188e:	311e                	lhu	a5,32(a0)
    1890:	0692                	slli	a3,a3,0x4
    1892:	07c2                	slli	a5,a5,0x10
    1894:	83c1                	srli	a5,a5,0x10
    1896:	9bf9                	andi	a5,a5,-2
    1898:	07c2                	slli	a5,a5,0x10
    189a:	83c1                	srli	a5,a5,0x10
    189c:	b11e                	sh	a5,32(a0)
    189e:	2d1e                	lhu	a5,24(a0)
    18a0:	311a                	lhu	a4,32(a0)
    18a2:	01855303          	lhu	t1,24(a0) # 40011018 <_eusrstack+0x2000f018>
    18a6:	07c2                	slli	a5,a5,0x10
    18a8:	83c1                	srli	a5,a5,0x10
    18aa:	00c36333          	or	t1,t1,a2
    18ae:	f0c7f793          	andi	a5,a5,-244
    18b2:	8e55                	or	a2,a2,a3
    18b4:	8fd1                	or	a5,a5,a2
    18b6:	400136b7          	lui	a3,0x40013
    18ba:	0742                	slli	a4,a4,0x10
    18bc:	07c2                	slli	a5,a5,0x10
    18be:	00651c23          	sh	t1,24(a0)
    18c2:	c0068693          	addi	a3,a3,-1024 # 40012c00 <_eusrstack+0x20010c00>
    18c6:	8341                	srli	a4,a4,0x10
    18c8:	83c1                	srli	a5,a5,0x10
    18ca:	00d50663          	beq	a0,a3,18d6 <TI1_Config+0x48>
    18ce:	400006b7          	lui	a3,0x40000
    18d2:	00d51663          	bne	a0,a3,18de <TI1_Config+0x50>
    18d6:	9b75                	andi	a4,a4,-3
    18d8:	8dd9                	or	a1,a1,a4
    18da:	0015e713          	ori	a4,a1,1
    18de:	ad1e                	sh	a5,24(a0)
    18e0:	b11a                	sh	a4,32(a0)
    18e2:	8082                	ret

000018e4 <TI2_Config>:
    18e4:	311e                	lhu	a5,32(a0)
    18e6:	6305                	lui	t1,0x1
    18e8:	cff30313          	addi	t1,t1,-769 # cff <FLASH_ROM_ERASE+0x5d>
    18ec:	07c2                	slli	a5,a5,0x10
    18ee:	83c1                	srli	a5,a5,0x10
    18f0:	9bbd                	andi	a5,a5,-17
    18f2:	07c2                	slli	a5,a5,0x10
    18f4:	83c1                	srli	a5,a5,0x10
    18f6:	b11e                	sh	a5,32(a0)
    18f8:	2d1a                	lhu	a4,24(a0)
    18fa:	0622                	slli	a2,a2,0x8
    18fc:	311e                	lhu	a5,32(a0)
    18fe:	00677733          	and	a4,a4,t1
    1902:	01855303          	lhu	t1,24(a0)
    1906:	0642                	slli	a2,a2,0x10
    1908:	8241                	srli	a2,a2,0x10
    190a:	06b2                	slli	a3,a3,0xc
    190c:	00c36333          	or	t1,t1,a2
    1910:	8e55                	or	a2,a2,a3
    1912:	8f51                	or	a4,a4,a2
    1914:	400136b7          	lui	a3,0x40013
    1918:	07c2                	slli	a5,a5,0x10
    191a:	0742                	slli	a4,a4,0x10
    191c:	00651c23          	sh	t1,24(a0)
    1920:	c0068693          	addi	a3,a3,-1024 # 40012c00 <_eusrstack+0x20010c00>
    1924:	83c1                	srli	a5,a5,0x10
    1926:	8341                	srli	a4,a4,0x10
    1928:	00d50663          	beq	a0,a3,1934 <TI2_Config+0x50>
    192c:	400006b7          	lui	a3,0x40000
    1930:	00d51a63          	bne	a0,a3,1944 <TI2_Config+0x60>
    1934:	fdf7f793          	andi	a5,a5,-33
    1938:	0592                	slli	a1,a1,0x4
    193a:	8ddd                	or	a1,a1,a5
    193c:	05c2                	slli	a1,a1,0x10
    193e:	81c1                	srli	a1,a1,0x10
    1940:	0105e793          	ori	a5,a1,16
    1944:	ad1a                	sh	a4,24(a0)
    1946:	b11e                	sh	a5,32(a0)
    1948:	8082                	ret

0000194a <TIM_TimeBaseInit>:
    194a:	400137b7          	lui	a5,0x40013
    194e:	c0078793          	addi	a5,a5,-1024 # 40012c00 <_eusrstack+0x20010c00>
    1952:	00f50663          	beq	a0,a5,195e <TIM_TimeBaseInit+0x14>
    1956:	400007b7          	lui	a5,0x40000
    195a:	02f51d63          	bne	a0,a5,1994 <TIM_TimeBaseInit+0x4a>
    195e:	211e                	lhu	a5,0(a0)
    1960:	21ba                	lhu	a4,2(a1)
    1962:	07c2                	slli	a5,a5,0x10
    1964:	83c1                	srli	a5,a5,0x10
    1966:	f8f7f793          	andi	a5,a5,-113
    196a:	8fd9                	or	a5,a5,a4
    196c:	21fa                	lhu	a4,6(a1)
    196e:	cff7f793          	andi	a5,a5,-769
    1972:	8fd9                	or	a5,a5,a4
    1974:	a11e                	sh	a5,0(a0)
    1976:	21de                	lhu	a5,4(a1)
    1978:	b55e                	sh	a5,44(a0)
    197a:	219e                	lhu	a5,0(a1)
    197c:	b51e                	sh	a5,40(a0)
    197e:	400137b7          	lui	a5,0x40013
    1982:	c0078793          	addi	a5,a5,-1024 # 40012c00 <_eusrstack+0x20010c00>
    1986:	00f51463          	bne	a0,a5,198e <TIM_TimeBaseInit+0x44>
    198a:	259c                	lbu	a5,8(a1)
    198c:	b91e                	sh	a5,48(a0)
    198e:	4785                	li	a5,1
    1990:	a95e                	sh	a5,20(a0)
    1992:	8082                	ret
    1994:	400017b7          	lui	a5,0x40001
    1998:	80078793          	addi	a5,a5,-2048 # 40000800 <_eusrstack+0x1fffe800>
    199c:	00f51c63          	bne	a0,a5,19b4 <TIM_TimeBaseInit+0x6a>
    19a0:	211e                	lhu	a5,0(a0)
    19a2:	21ba                	lhu	a4,2(a1)
    19a4:	07c2                	slli	a5,a5,0x10
    19a6:	83c1                	srli	a5,a5,0x10
    19a8:	f8f7f793          	andi	a5,a5,-113
    19ac:	8fd9                	or	a5,a5,a4
    19ae:	a11e                	sh	a5,0(a0)
    19b0:	21de                	lhu	a5,4(a1)
    19b2:	a55e                	sh	a5,12(a0)
    19b4:	8082                	ret

000019b6 <TIM_OC1Init>:
    19b6:	311e                	lhu	a5,32(a0)
    19b8:	219a                	lhu	a4,0(a1)
    19ba:	0085d303          	lhu	t1,8(a1)
    19be:	07c2                	slli	a5,a5,0x10
    19c0:	83c1                	srli	a5,a5,0x10
    19c2:	9bf9                	andi	a5,a5,-2
    19c4:	07c2                	slli	a5,a5,0x10
    19c6:	83c1                	srli	a5,a5,0x10
    19c8:	b11e                	sh	a5,32(a0)
    19ca:	311e                	lhu	a5,32(a0)
    19cc:	2152                	lhu	a2,4(a0)
    19ce:	2d16                	lhu	a3,24(a0)
    19d0:	07c2                	slli	a5,a5,0x10
    19d2:	83c1                	srli	a5,a5,0x10
    19d4:	06c2                	slli	a3,a3,0x10
    19d6:	82c1                	srli	a3,a3,0x10
    19d8:	f8c6f693          	andi	a3,a3,-116
    19dc:	8ed9                	or	a3,a3,a4
    19de:	21ba                	lhu	a4,2(a1)
    19e0:	9bf5                	andi	a5,a5,-3
    19e2:	0642                	slli	a2,a2,0x10
    19e4:	00e36733          	or	a4,t1,a4
    19e8:	8fd9                	or	a5,a5,a4
    19ea:	40013737          	lui	a4,0x40013
    19ee:	c0070713          	addi	a4,a4,-1024 # 40012c00 <_eusrstack+0x20010c00>
    19f2:	8241                	srli	a2,a2,0x10
    19f4:	02e51663          	bne	a0,a4,1a20 <TIM_OC1Init+0x6a>
    19f8:	25ba                	lhu	a4,10(a1)
    19fa:	9bdd                	andi	a5,a5,-9
    19fc:	00e5d303          	lhu	t1,14(a1)
    1a00:	8fd9                	or	a5,a5,a4
    1a02:	21da                	lhu	a4,4(a1)
    1a04:	9bed                	andi	a5,a5,-5
    1a06:	cff67613          	andi	a2,a2,-769
    1a0a:	8fd9                	or	a5,a5,a4
    1a0c:	25da                	lhu	a4,12(a1)
    1a0e:	00676733          	or	a4,a4,t1
    1a12:	8e59                	or	a2,a2,a4
    1a14:	21fa                	lhu	a4,6(a1)
    1a16:	a152                	sh	a2,4(a0)
    1a18:	ad16                	sh	a3,24(a0)
    1a1a:	d958                	sw	a4,52(a0)
    1a1c:	b11e                	sh	a5,32(a0)
    1a1e:	8082                	ret
    1a20:	40000737          	lui	a4,0x40000
    1a24:	fee518e3          	bne	a0,a4,1a14 <TIM_OC1Init+0x5e>
    1a28:	04455703          	lhu	a4,68(a0)
    1a2c:	0306                	slli	t1,t1,0x1
    1a2e:	0742                	slli	a4,a4,0x10
    1a30:	8341                	srli	a4,a4,0x10
    1a32:	9b49                	andi	a4,a4,-14
    1a34:	0742                	slli	a4,a4,0x10
    1a36:	8341                	srli	a4,a4,0x10
    1a38:	04e51223          	sh	a4,68(a0)
    1a3c:	04455283          	lhu	t0,68(a0)
    1a40:	21da                	lhu	a4,4(a1)
    1a42:	00a5d383          	lhu	t2,10(a1)
    1a46:	8309                	srli	a4,a4,0x2
    1a48:	0072e2b3          	or	t0,t0,t2
    1a4c:	00576733          	or	a4,a4,t0
    1a50:	00676733          	or	a4,a4,t1
    1a54:	0742                	slli	a4,a4,0x10
    1a56:	8341                	srli	a4,a4,0x10
    1a58:	04e51223          	sh	a4,68(a0)
    1a5c:	bf65                	j	1a14 <TIM_OC1Init+0x5e>

00001a5e <TIM_OC2Init>:
    1a5e:	311e                	lhu	a5,32(a0)
    1a60:	7765                	lui	a4,0xffff9
    1a62:	cff70713          	addi	a4,a4,-769 # ffff8cff <_eusrstack+0xdfff6cff>
    1a66:	07c2                	slli	a5,a5,0x10
    1a68:	83c1                	srli	a5,a5,0x10
    1a6a:	9bbd                	andi	a5,a5,-17
    1a6c:	07c2                	slli	a5,a5,0x10
    1a6e:	83c1                	srli	a5,a5,0x10
    1a70:	b11e                	sh	a5,32(a0)
    1a72:	311e                	lhu	a5,32(a0)
    1a74:	2152                	lhu	a2,4(a0)
    1a76:	2d16                	lhu	a3,24(a0)
    1a78:	0085d303          	lhu	t1,8(a1)
    1a7c:	07c2                	slli	a5,a5,0x10
    1a7e:	8ef9                	and	a3,a3,a4
    1a80:	219a                	lhu	a4,0(a1)
    1a82:	83c1                	srli	a5,a5,0x10
    1a84:	fdf7f793          	andi	a5,a5,-33
    1a88:	0722                	slli	a4,a4,0x8
    1a8a:	8ed9                	or	a3,a3,a4
    1a8c:	21ba                	lhu	a4,2(a1)
    1a8e:	0642                	slli	a2,a2,0x10
    1a90:	06c2                	slli	a3,a3,0x10
    1a92:	00e36733          	or	a4,t1,a4
    1a96:	0712                	slli	a4,a4,0x4
    1a98:	8fd9                	or	a5,a5,a4
    1a9a:	40013737          	lui	a4,0x40013
    1a9e:	07c2                	slli	a5,a5,0x10
    1aa0:	c0070713          	addi	a4,a4,-1024 # 40012c00 <_eusrstack+0x20010c00>
    1aa4:	8241                	srli	a2,a2,0x10
    1aa6:	82c1                	srli	a3,a3,0x10
    1aa8:	83c1                	srli	a5,a5,0x10
    1aaa:	04e51463          	bne	a0,a4,1af2 <TIM_OC2Init+0x94>
    1aae:	25ba                	lhu	a4,10(a1)
    1ab0:	f7f7f793          	andi	a5,a5,-129
    1ab4:	00c5d303          	lhu	t1,12(a1)
    1ab8:	0712                	slli	a4,a4,0x4
    1aba:	8fd9                	or	a5,a5,a4
    1abc:	21da                	lhu	a4,4(a1)
    1abe:	07c2                	slli	a5,a5,0x10
    1ac0:	83c1                	srli	a5,a5,0x10
    1ac2:	0712                	slli	a4,a4,0x4
    1ac4:	fbf7f793          	andi	a5,a5,-65
    1ac8:	8fd9                	or	a5,a5,a4
    1aca:	777d                	lui	a4,0xfffff
    1acc:	3ff70713          	addi	a4,a4,1023 # fffff3ff <_eusrstack+0xdfffd3ff>
    1ad0:	8f71                	and	a4,a4,a2
    1ad2:	25f2                	lhu	a2,14(a1)
    1ad4:	07c2                	slli	a5,a5,0x10
    1ad6:	83c1                	srli	a5,a5,0x10
    1ad8:	00666633          	or	a2,a2,t1
    1adc:	060a                	slli	a2,a2,0x2
    1ade:	8f51                	or	a4,a4,a2
    1ae0:	01071613          	slli	a2,a4,0x10
    1ae4:	8241                	srli	a2,a2,0x10
    1ae6:	21fa                	lhu	a4,6(a1)
    1ae8:	a152                	sh	a2,4(a0)
    1aea:	ad16                	sh	a3,24(a0)
    1aec:	dd18                	sw	a4,56(a0)
    1aee:	b11e                	sh	a5,32(a0)
    1af0:	8082                	ret
    1af2:	40000737          	lui	a4,0x40000
    1af6:	fee518e3          	bne	a0,a4,1ae6 <TIM_OC2Init+0x88>
    1afa:	04455703          	lhu	a4,68(a0)
    1afe:	030e                	slli	t1,t1,0x3
    1b00:	0742                	slli	a4,a4,0x10
    1b02:	8341                	srli	a4,a4,0x10
    1b04:	fcd77713          	andi	a4,a4,-51
    1b08:	0742                	slli	a4,a4,0x10
    1b0a:	8341                	srli	a4,a4,0x10
    1b0c:	04e51223          	sh	a4,68(a0)
    1b10:	25ba                	lhu	a4,10(a1)
    1b12:	04455283          	lhu	t0,68(a0)
    1b16:	070a                	slli	a4,a4,0x2
    1b18:	00676733          	or	a4,a4,t1
    1b1c:	0045d303          	lhu	t1,4(a1)
    1b20:	00135313          	srli	t1,t1,0x1
    1b24:	0062e333          	or	t1,t0,t1
    1b28:	00676733          	or	a4,a4,t1
    1b2c:	0742                	slli	a4,a4,0x10
    1b2e:	8341                	srli	a4,a4,0x10
    1b30:	04e51223          	sh	a4,68(a0)
    1b34:	bf4d                	j	1ae6 <TIM_OC2Init+0x88>

00001b36 <TIM_OC4Init>:
    1b36:	311e                	lhu	a5,32(a0)
    1b38:	777d                	lui	a4,0xfffff
    1b3a:	177d                	addi	a4,a4,-1 # ffffefff <_eusrstack+0xdfffcfff>
    1b3c:	8ff9                	and	a5,a5,a4
    1b3e:	b11e                	sh	a5,32(a0)
    1b40:	311e                	lhu	a5,32(a0)
    1b42:	2152                	lhu	a2,4(a0)
    1b44:	2d56                	lhu	a3,28(a0)
    1b46:	7765                	lui	a4,0xffff9
    1b48:	cff70713          	addi	a4,a4,-769 # ffff8cff <_eusrstack+0xdfff6cff>
    1b4c:	8ef9                	and	a3,a3,a4
    1b4e:	219a                	lhu	a4,0(a1)
    1b50:	0085d303          	lhu	t1,8(a1)
    1b54:	0642                	slli	a2,a2,0x10
    1b56:	0722                	slli	a4,a4,0x8
    1b58:	8ed9                	or	a3,a3,a4
    1b5a:	7779                	lui	a4,0xffffe
    1b5c:	177d                	addi	a4,a4,-1 # ffffdfff <_eusrstack+0xdfffbfff>
    1b5e:	8ff9                	and	a5,a5,a4
    1b60:	21ba                	lhu	a4,2(a1)
    1b62:	06c2                	slli	a3,a3,0x10
    1b64:	8241                	srli	a2,a2,0x10
    1b66:	00676733          	or	a4,a4,t1
    1b6a:	0732                	slli	a4,a4,0xc
    1b6c:	8fd9                	or	a5,a5,a4
    1b6e:	40013737          	lui	a4,0x40013
    1b72:	07c2                	slli	a5,a5,0x10
    1b74:	c0070713          	addi	a4,a4,-1024 # 40012c00 <_eusrstack+0x20010c00>
    1b78:	82c1                	srli	a3,a3,0x10
    1b7a:	83c1                	srli	a5,a5,0x10
    1b7c:	00e51b63          	bne	a0,a4,1b92 <TIM_OC4Init+0x5c>
    1b80:	7771                	lui	a4,0xffffc
    1b82:	177d                	addi	a4,a4,-1 # ffffbfff <_eusrstack+0xdfff9fff>
    1b84:	8f71                	and	a4,a4,a2
    1b86:	25d2                	lhu	a2,12(a1)
    1b88:	061a                	slli	a2,a2,0x6
    1b8a:	8f51                	or	a4,a4,a2
    1b8c:	01071613          	slli	a2,a4,0x10
    1b90:	8241                	srli	a2,a2,0x10
    1b92:	21fa                	lhu	a4,6(a1)
    1b94:	a152                	sh	a2,4(a0)
    1b96:	ad56                	sh	a3,28(a0)
    1b98:	c138                	sw	a4,64(a0)
    1b9a:	b11e                	sh	a5,32(a0)
    1b9c:	8082                	ret

00001b9e <TIM_OCStructInit>:
    1b9e:	00051023          	sh	zero,0(a0)
    1ba2:	00051123          	sh	zero,2(a0)
    1ba6:	00051223          	sh	zero,4(a0)
    1baa:	00051323          	sh	zero,6(a0)
    1bae:	00051423          	sh	zero,8(a0)
    1bb2:	00051523          	sh	zero,10(a0)
    1bb6:	00051623          	sh	zero,12(a0)
    1bba:	00051723          	sh	zero,14(a0)
    1bbe:	8082                	ret

00001bc0 <TIM_ICStructInit>:
    1bc0:	4785                	li	a5,1
    1bc2:	00051023          	sh	zero,0(a0)
    1bc6:	00051123          	sh	zero,2(a0)
    1bca:	a15e                	sh	a5,4(a0)
    1bcc:	00051323          	sh	zero,6(a0)
    1bd0:	00051423          	sh	zero,8(a0)
    1bd4:	8082                	ret

00001bd6 <TIM_Cmd>:
    1bd6:	400137b7          	lui	a5,0x40013
    1bda:	c0078793          	addi	a5,a5,-1024 # 40012c00 <_eusrstack+0x20010c00>
    1bde:	c19d                	beqz	a1,1c04 <TIM_Cmd+0x2e>
    1be0:	00f50663          	beq	a0,a5,1bec <TIM_Cmd+0x16>
    1be4:	400007b7          	lui	a5,0x40000
    1be8:	00f51763          	bne	a0,a5,1bf6 <TIM_Cmd+0x20>
    1bec:	211e                	lhu	a5,0(a0)
    1bee:	0017e793          	ori	a5,a5,1
    1bf2:	a11e                	sh	a5,0(a0)
    1bf4:	a039                	j	1c02 <TIM_Cmd+0x2c>
    1bf6:	400017b7          	lui	a5,0x40001
    1bfa:	80078793          	addi	a5,a5,-2048 # 40000800 <_eusrstack+0x1fffe800>
    1bfe:	fef507e3          	beq	a0,a5,1bec <TIM_Cmd+0x16>
    1c02:	8082                	ret
    1c04:	00f50663          	beq	a0,a5,1c10 <TIM_Cmd+0x3a>
    1c08:	400007b7          	lui	a5,0x40000
    1c0c:	00f51963          	bne	a0,a5,1c1e <TIM_Cmd+0x48>
    1c10:	211e                	lhu	a5,0(a0)
    1c12:	07c2                	slli	a5,a5,0x10
    1c14:	83c1                	srli	a5,a5,0x10
    1c16:	9bf9                	andi	a5,a5,-2
    1c18:	07c2                	slli	a5,a5,0x10
    1c1a:	83c1                	srli	a5,a5,0x10
    1c1c:	bfd9                	j	1bf2 <TIM_Cmd+0x1c>
    1c1e:	400017b7          	lui	a5,0x40001
    1c22:	80078793          	addi	a5,a5,-2048 # 40000800 <_eusrstack+0x1fffe800>
    1c26:	fcf51ee3          	bne	a0,a5,1c02 <TIM_Cmd+0x2c>
    1c2a:	b7dd                	j	1c10 <TIM_Cmd+0x3a>

00001c2c <TIM_CtrlPWMOutputs>:
    1c2c:	04455783          	lhu	a5,68(a0)
    1c30:	c591                	beqz	a1,1c3c <TIM_CtrlPWMOutputs+0x10>
    1c32:	6721                	lui	a4,0x8
    1c34:	8fd9                	or	a5,a5,a4
    1c36:	04f51223          	sh	a5,68(a0)
    1c3a:	8082                	ret
    1c3c:	07c6                	slli	a5,a5,0x11
    1c3e:	83c5                	srli	a5,a5,0x11
    1c40:	bfdd                	j	1c36 <TIM_CtrlPWMOutputs+0xa>

00001c42 <TIM_ITConfig>:
    1c42:	255e                	lhu	a5,12(a0)
    1c44:	c601                	beqz	a2,1c4c <TIM_ITConfig+0xa>
    1c46:	8fcd                	or	a5,a5,a1
    1c48:	a55e                	sh	a5,12(a0)
    1c4a:	8082                	ret
    1c4c:	fff5c593          	not	a1,a1
    1c50:	8fed                	and	a5,a5,a1
    1c52:	bfdd                	j	1c48 <TIM_ITConfig+0x6>

00001c54 <TIM_SelectInputTrigger>:
    1c54:	251e                	lhu	a5,8(a0)
    1c56:	07c2                	slli	a5,a5,0x10
    1c58:	83c1                	srli	a5,a5,0x10
    1c5a:	f8f7f793          	andi	a5,a5,-113
    1c5e:	8fcd                	or	a5,a5,a1
    1c60:	a51e                	sh	a5,8(a0)
    1c62:	8082                	ret

00001c64 <TIM_ARRPreloadConfig>:
    1c64:	400137b7          	lui	a5,0x40013
    1c68:	c0078793          	addi	a5,a5,-1024 # 40012c00 <_eusrstack+0x20010c00>
    1c6c:	c19d                	beqz	a1,1c92 <TIM_ARRPreloadConfig+0x2e>
    1c6e:	00f50663          	beq	a0,a5,1c7a <TIM_ARRPreloadConfig+0x16>
    1c72:	400007b7          	lui	a5,0x40000
    1c76:	00f51763          	bne	a0,a5,1c84 <TIM_ARRPreloadConfig+0x20>
    1c7a:	211e                	lhu	a5,0(a0)
    1c7c:	0807e793          	ori	a5,a5,128
    1c80:	a11e                	sh	a5,0(a0)
    1c82:	a039                	j	1c90 <TIM_ARRPreloadConfig+0x2c>
    1c84:	400017b7          	lui	a5,0x40001
    1c88:	80078793          	addi	a5,a5,-2048 # 40000800 <_eusrstack+0x1fffe800>
    1c8c:	fef507e3          	beq	a0,a5,1c7a <TIM_ARRPreloadConfig+0x16>
    1c90:	8082                	ret
    1c92:	00f50663          	beq	a0,a5,1c9e <TIM_ARRPreloadConfig+0x3a>
    1c96:	400007b7          	lui	a5,0x40000
    1c9a:	00f51a63          	bne	a0,a5,1cae <TIM_ARRPreloadConfig+0x4a>
    1c9e:	211e                	lhu	a5,0(a0)
    1ca0:	07c2                	slli	a5,a5,0x10
    1ca2:	83c1                	srli	a5,a5,0x10
    1ca4:	f7f7f793          	andi	a5,a5,-129
    1ca8:	07c2                	slli	a5,a5,0x10
    1caa:	83c1                	srli	a5,a5,0x10
    1cac:	bfd1                	j	1c80 <TIM_ARRPreloadConfig+0x1c>
    1cae:	400017b7          	lui	a5,0x40001
    1cb2:	80078793          	addi	a5,a5,-2048 # 40000800 <_eusrstack+0x1fffe800>
    1cb6:	fcf51de3          	bne	a0,a5,1c90 <TIM_ARRPreloadConfig+0x2c>
    1cba:	b7d5                	j	1c9e <TIM_ARRPreloadConfig+0x3a>

00001cbc <TIM_OC1PreloadConfig>:
    1cbc:	400137b7          	lui	a5,0x40013
    1cc0:	c0078793          	addi	a5,a5,-1024 # 40012c00 <_eusrstack+0x20010c00>
    1cc4:	00f50663          	beq	a0,a5,1cd0 <TIM_OC1PreloadConfig+0x14>
    1cc8:	400007b7          	lui	a5,0x40000
    1ccc:	00f51963          	bne	a0,a5,1cde <TIM_OC1PreloadConfig+0x22>
    1cd0:	2d1e                	lhu	a5,24(a0)
    1cd2:	07c2                	slli	a5,a5,0x10
    1cd4:	83c1                	srli	a5,a5,0x10
    1cd6:	9bdd                	andi	a5,a5,-9
    1cd8:	8ddd                	or	a1,a1,a5
    1cda:	ad0e                	sh	a1,24(a0)
    1cdc:	8082                	ret
    1cde:	400017b7          	lui	a5,0x40001
    1ce2:	80078793          	addi	a5,a5,-2048 # 40000800 <_eusrstack+0x1fffe800>
    1ce6:	00f51963          	bne	a0,a5,1cf8 <TIM_OC1PreloadConfig+0x3c>
    1cea:	215e                	lhu	a5,4(a0)
    1cec:	818d                	srli	a1,a1,0x3
    1cee:	07c2                	slli	a5,a5,0x10
    1cf0:	83c1                	srli	a5,a5,0x10
    1cf2:	9bf9                	andi	a5,a5,-2
    1cf4:	8ddd                	or	a1,a1,a5
    1cf6:	a14e                	sh	a1,4(a0)
    1cf8:	8082                	ret

00001cfa <TIM_OC2PreloadConfig>:
    1cfa:	400137b7          	lui	a5,0x40013
    1cfe:	c0078793          	addi	a5,a5,-1024 # 40012c00 <_eusrstack+0x20010c00>
    1d02:	00f50663          	beq	a0,a5,1d0e <TIM_OC2PreloadConfig+0x14>
    1d06:	400007b7          	lui	a5,0x40000
    1d0a:	00f51d63          	bne	a0,a5,1d24 <TIM_OC2PreloadConfig+0x2a>
    1d0e:	2d1e                	lhu	a5,24(a0)
    1d10:	777d                	lui	a4,0xfffff
    1d12:	7ff70713          	addi	a4,a4,2047 # fffff7ff <_eusrstack+0xdfffd7ff>
    1d16:	8ff9                	and	a5,a5,a4
    1d18:	05a2                	slli	a1,a1,0x8
    1d1a:	8fcd                	or	a5,a5,a1
    1d1c:	07c2                	slli	a5,a5,0x10
    1d1e:	83c1                	srli	a5,a5,0x10
    1d20:	ad1e                	sh	a5,24(a0)
    1d22:	8082                	ret
    1d24:	400017b7          	lui	a5,0x40001
    1d28:	80078793          	addi	a5,a5,-2048 # 40000800 <_eusrstack+0x1fffe800>
    1d2c:	00f51963          	bne	a0,a5,1d3e <TIM_OC2PreloadConfig+0x44>
    1d30:	215e                	lhu	a5,4(a0)
    1d32:	8189                	srli	a1,a1,0x2
    1d34:	07c2                	slli	a5,a5,0x10
    1d36:	83c1                	srli	a5,a5,0x10
    1d38:	9bf5                	andi	a5,a5,-3
    1d3a:	8ddd                	or	a1,a1,a5
    1d3c:	a14e                	sh	a1,4(a0)
    1d3e:	8082                	ret

00001d40 <TIM_OC4PreloadConfig>:
    1d40:	400137b7          	lui	a5,0x40013
    1d44:	c0078793          	addi	a5,a5,-1024 # 40012c00 <_eusrstack+0x20010c00>
    1d48:	872e                	mv	a4,a1
    1d4a:	00f50663          	beq	a0,a5,1d56 <TIM_OC4PreloadConfig+0x16>
    1d4e:	400007b7          	lui	a5,0x40000
    1d52:	00f51d63          	bne	a0,a5,1d6c <TIM_OC4PreloadConfig+0x2c>
    1d56:	2d4e                	lhu	a1,28(a0)
    1d58:	77fd                	lui	a5,0xfffff
    1d5a:	7ff78793          	addi	a5,a5,2047 # fffff7ff <_eusrstack+0xdfffd7ff>
    1d5e:	8dfd                	and	a1,a1,a5
    1d60:	0722                	slli	a4,a4,0x8
    1d62:	8dd9                	or	a1,a1,a4
    1d64:	05c2                	slli	a1,a1,0x10
    1d66:	81c1                	srli	a1,a1,0x10
    1d68:	ad4e                	sh	a1,28(a0)
    1d6a:	8082                	ret
    1d6c:	400017b7          	lui	a5,0x40001
    1d70:	80078793          	addi	a5,a5,-2048 # 40000800 <_eusrstack+0x1fffe800>
    1d74:	00f51863          	bne	a0,a5,1d84 <TIM_OC4PreloadConfig+0x44>
    1d78:	215e                	lhu	a5,4(a0)
    1d7a:	07c2                	slli	a5,a5,0x10
    1d7c:	83c1                	srli	a5,a5,0x10
    1d7e:	9bdd                	andi	a5,a5,-9
    1d80:	8ddd                	or	a1,a1,a5
    1d82:	a14e                	sh	a1,4(a0)
    1d84:	8082                	ret

00001d86 <TIM_OC2PolarityConfig>:
    1d86:	311e                	lhu	a5,32(a0)
    1d88:	0592                	slli	a1,a1,0x4
    1d8a:	07c2                	slli	a5,a5,0x10
    1d8c:	83c1                	srli	a5,a5,0x10
    1d8e:	fdf7f793          	andi	a5,a5,-33
    1d92:	8fcd                	or	a5,a5,a1
    1d94:	07c2                	slli	a5,a5,0x10
    1d96:	83c1                	srli	a5,a5,0x10
    1d98:	b11e                	sh	a5,32(a0)
    1d9a:	8082                	ret

00001d9c <TIM_CCxCmd>:
    1d9c:	311a                	lhu	a4,32(a0)
    1d9e:	4785                	li	a5,1
    1da0:	00b797b3          	sll	a5,a5,a1
    1da4:	fff7c793          	not	a5,a5
    1da8:	8ff9                	and	a5,a5,a4
    1daa:	b11e                	sh	a5,32(a0)
    1dac:	311e                	lhu	a5,32(a0)
    1dae:	00b61633          	sll	a2,a2,a1
    1db2:	8fd1                	or	a5,a5,a2
    1db4:	07c2                	slli	a5,a5,0x10
    1db6:	83c1                	srli	a5,a5,0x10
    1db8:	b11e                	sh	a5,32(a0)
    1dba:	8082                	ret

00001dbc <TIM_SelectOutputTrigger>:
    1dbc:	215e                	lhu	a5,4(a0)
    1dbe:	07c2                	slli	a5,a5,0x10
    1dc0:	83c1                	srli	a5,a5,0x10
    1dc2:	f8f7f793          	andi	a5,a5,-113
    1dc6:	07c2                	slli	a5,a5,0x10
    1dc8:	83c1                	srli	a5,a5,0x10
    1dca:	a15e                	sh	a5,4(a0)
    1dcc:	215e                	lhu	a5,4(a0)
    1dce:	8fcd                	or	a5,a5,a1
    1dd0:	a15e                	sh	a5,4(a0)
    1dd2:	8082                	ret

00001dd4 <TIM_SelectSlaveMode>:
    1dd4:	400137b7          	lui	a5,0x40013
    1dd8:	c0078793          	addi	a5,a5,-1024 # 40012c00 <_eusrstack+0x20010c00>
    1ddc:	00f50663          	beq	a0,a5,1de8 <TIM_SelectSlaveMode+0x14>
    1de0:	400007b7          	lui	a5,0x40000
    1de4:	00f51d63          	bne	a0,a5,1dfe <TIM_SelectSlaveMode+0x2a>
    1de8:	251e                	lhu	a5,8(a0)
    1dea:	07c2                	slli	a5,a5,0x10
    1dec:	83c1                	srli	a5,a5,0x10
    1dee:	9be1                	andi	a5,a5,-8
    1df0:	07c2                	slli	a5,a5,0x10
    1df2:	83c1                	srli	a5,a5,0x10
    1df4:	a51e                	sh	a5,8(a0)
    1df6:	251e                	lhu	a5,8(a0)
    1df8:	8fcd                	or	a5,a5,a1
    1dfa:	a51e                	sh	a5,8(a0)
    1dfc:	8082                	ret
    1dfe:	400017b7          	lui	a5,0x40001
    1e02:	80078793          	addi	a5,a5,-2048 # 40000800 <_eusrstack+0x1fffe800>
    1e06:	02f51063          	bne	a0,a5,1e26 <TIM_SelectSlaveMode+0x52>
    1e0a:	211e                	lhu	a5,0(a0)
    1e0c:	05a2                	slli	a1,a1,0x8
    1e0e:	07c2                	slli	a5,a5,0x10
    1e10:	83c1                	srli	a5,a5,0x10
    1e12:	8ff7f793          	andi	a5,a5,-1793
    1e16:	07c2                	slli	a5,a5,0x10
    1e18:	83c1                	srli	a5,a5,0x10
    1e1a:	a11e                	sh	a5,0(a0)
    1e1c:	211e                	lhu	a5,0(a0)
    1e1e:	8fcd                	or	a5,a5,a1
    1e20:	07c2                	slli	a5,a5,0x10
    1e22:	83c1                	srli	a5,a5,0x10
    1e24:	a11e                	sh	a5,0(a0)
    1e26:	8082                	ret

00001e28 <TIM_SetCompare1>:
    1e28:	400137b7          	lui	a5,0x40013
    1e2c:	c0078793          	addi	a5,a5,-1024 # 40012c00 <_eusrstack+0x20010c00>
    1e30:	00f50663          	beq	a0,a5,1e3c <TIM_SetCompare1+0x14>
    1e34:	400007b7          	lui	a5,0x40000
    1e38:	00f51463          	bne	a0,a5,1e40 <TIM_SetCompare1+0x18>
    1e3c:	d94c                	sw	a1,52(a0)
    1e3e:	8082                	ret
    1e40:	400017b7          	lui	a5,0x40001
    1e44:	80078793          	addi	a5,a5,-2048 # 40000800 <_eusrstack+0x1fffe800>
    1e48:	00f51363          	bne	a0,a5,1e4e <TIM_SetCompare1+0x26>
    1e4c:	a90e                	sh	a1,16(a0)
    1e4e:	8082                	ret

00001e50 <TIM_SetCompare2>:
    1e50:	400137b7          	lui	a5,0x40013
    1e54:	c0078793          	addi	a5,a5,-1024 # 40012c00 <_eusrstack+0x20010c00>
    1e58:	00f50663          	beq	a0,a5,1e64 <TIM_SetCompare2+0x14>
    1e5c:	400007b7          	lui	a5,0x40000
    1e60:	00f51463          	bne	a0,a5,1e68 <TIM_SetCompare2+0x18>
    1e64:	dd0c                	sw	a1,56(a0)
    1e66:	8082                	ret
    1e68:	400017b7          	lui	a5,0x40001
    1e6c:	80078793          	addi	a5,a5,-2048 # 40000800 <_eusrstack+0x1fffe800>
    1e70:	00f51363          	bne	a0,a5,1e76 <TIM_SetCompare2+0x26>
    1e74:	a94e                	sh	a1,20(a0)
    1e76:	8082                	ret

00001e78 <TIM_SetCompare4>:
    1e78:	400137b7          	lui	a5,0x40013
    1e7c:	c0078793          	addi	a5,a5,-1024 # 40012c00 <_eusrstack+0x20010c00>
    1e80:	00f50663          	beq	a0,a5,1e8c <TIM_SetCompare4+0x14>
    1e84:	400007b7          	lui	a5,0x40000
    1e88:	00f51463          	bne	a0,a5,1e90 <TIM_SetCompare4+0x18>
    1e8c:	c12c                	sw	a1,64(a0)
    1e8e:	8082                	ret
    1e90:	400017b7          	lui	a5,0x40001
    1e94:	80078793          	addi	a5,a5,-2048 # 40000800 <_eusrstack+0x1fffe800>
    1e98:	00f51363          	bne	a0,a5,1e9e <TIM_SetCompare4+0x26>
    1e9c:	ad4e                	sh	a1,28(a0)
    1e9e:	8082                	ret

00001ea0 <TIM_SetIC1Prescaler>:
    1ea0:	2d1e                	lhu	a5,24(a0)
    1ea2:	07c2                	slli	a5,a5,0x10
    1ea4:	83c1                	srli	a5,a5,0x10
    1ea6:	9bcd                	andi	a5,a5,-13
    1ea8:	07c2                	slli	a5,a5,0x10
    1eaa:	83c1                	srli	a5,a5,0x10
    1eac:	ad1e                	sh	a5,24(a0)
    1eae:	2d1e                	lhu	a5,24(a0)
    1eb0:	8fcd                	or	a5,a5,a1
    1eb2:	ad1e                	sh	a5,24(a0)
    1eb4:	8082                	ret

00001eb6 <TIM_SetIC2Prescaler>:
    1eb6:	2d1e                	lhu	a5,24(a0)
    1eb8:	777d                	lui	a4,0xfffff
    1eba:	3ff70713          	addi	a4,a4,1023 # fffff3ff <_eusrstack+0xdfffd3ff>
    1ebe:	8ff9                	and	a5,a5,a4
    1ec0:	ad1e                	sh	a5,24(a0)
    1ec2:	2d1e                	lhu	a5,24(a0)
    1ec4:	05a2                	slli	a1,a1,0x8
    1ec6:	8fcd                	or	a5,a5,a1
    1ec8:	07c2                	slli	a5,a5,0x10
    1eca:	83c1                	srli	a5,a5,0x10
    1ecc:	ad1e                	sh	a5,24(a0)
    1ece:	8082                	ret

00001ed0 <TIM_SetIC3Prescaler>:
    1ed0:	2d5e                	lhu	a5,28(a0)
    1ed2:	07c2                	slli	a5,a5,0x10
    1ed4:	83c1                	srli	a5,a5,0x10
    1ed6:	9bcd                	andi	a5,a5,-13
    1ed8:	07c2                	slli	a5,a5,0x10
    1eda:	83c1                	srli	a5,a5,0x10
    1edc:	ad5e                	sh	a5,28(a0)
    1ede:	2d5e                	lhu	a5,28(a0)
    1ee0:	8fcd                	or	a5,a5,a1
    1ee2:	ad5e                	sh	a5,28(a0)
    1ee4:	8082                	ret

00001ee6 <TIM_SetIC4Prescaler>:
    1ee6:	2d5e                	lhu	a5,28(a0)
    1ee8:	777d                	lui	a4,0xfffff
    1eea:	3ff70713          	addi	a4,a4,1023 # fffff3ff <_eusrstack+0xdfffd3ff>
    1eee:	8ff9                	and	a5,a5,a4
    1ef0:	ad5e                	sh	a5,28(a0)
    1ef2:	2d5e                	lhu	a5,28(a0)
    1ef4:	05a2                	slli	a1,a1,0x8
    1ef6:	8fcd                	or	a5,a5,a1
    1ef8:	07c2                	slli	a5,a5,0x10
    1efa:	83c1                	srli	a5,a5,0x10
    1efc:	ad5e                	sh	a5,28(a0)
    1efe:	8082                	ret

00001f00 <TIM_ICInit>:
    1f00:	9a8fe2ef          	jal	t0,a8 <__riscv_save_0>
    1f04:	219a                	lhu	a4,0(a1)
    1f06:	21be                	lhu	a5,2(a1)
    1f08:	21d2                	lhu	a2,4(a1)
    1f0a:	2596                	lhu	a3,8(a1)
    1f0c:	842a                	mv	s0,a0
    1f0e:	84ae                	mv	s1,a1
    1f10:	eb09                	bnez	a4,1f22 <TIM_ICInit+0x22>
    1f12:	85be                	mv	a1,a5
    1f14:	97bff0ef          	jal	ra,188e <TI1_Config>
    1f18:	20ee                	lhu	a1,6(s1)
    1f1a:	8522                	mv	a0,s0
    1f1c:	3751                	jal	1ea0 <TIM_SetIC1Prescaler>
    1f1e:	994fe06f          	j	b2 <__riscv_restore_0>
    1f22:	4591                	li	a1,4
    1f24:	00b71963          	bne	a4,a1,1f36 <TIM_ICInit+0x36>
    1f28:	85be                	mv	a1,a5
    1f2a:	9bbff0ef          	jal	ra,18e4 <TI2_Config>
    1f2e:	20ee                	lhu	a1,6(s1)
    1f30:	8522                	mv	a0,s0
    1f32:	3751                	jal	1eb6 <TIM_SetIC2Prescaler>
    1f34:	b7ed                	j	1f1e <TIM_ICInit+0x1e>
    1f36:	4521                	li	a0,8
    1f38:	20ee                	lhu	a1,6(s1)
    1f3a:	06a71463          	bne	a4,a0,1fa2 <TIM_ICInit+0xa2>
    1f3e:	301a                	lhu	a4,32(s0)
    1f40:	0692                	slli	a3,a3,0x4
    1f42:	0742                	slli	a4,a4,0x10
    1f44:	8341                	srli	a4,a4,0x10
    1f46:	eff77713          	andi	a4,a4,-257
    1f4a:	0742                	slli	a4,a4,0x10
    1f4c:	8341                	srli	a4,a4,0x10
    1f4e:	b01a                	sh	a4,32(s0)
    1f50:	2c5a                	lhu	a4,28(s0)
    1f52:	300a                	lhu	a0,32(s0)
    1f54:	01c45303          	lhu	t1,28(s0)
    1f58:	0742                	slli	a4,a4,0x10
    1f5a:	8341                	srli	a4,a4,0x10
    1f5c:	f0c77713          	andi	a4,a4,-244
    1f60:	8f51                	or	a4,a4,a2
    1f62:	8f55                	or	a4,a4,a3
    1f64:	00c36333          	or	t1,t1,a2
    1f68:	400136b7          	lui	a3,0x40013
    1f6c:	0542                	slli	a0,a0,0x10
    1f6e:	0742                	slli	a4,a4,0x10
    1f70:	00641e23          	sh	t1,28(s0)
    1f74:	c0068693          	addi	a3,a3,-1024 # 40012c00 <_eusrstack+0x20010c00>
    1f78:	8141                	srli	a0,a0,0x10
    1f7a:	8341                	srli	a4,a4,0x10
    1f7c:	00d40663          	beq	s0,a3,1f88 <TIM_ICInit+0x88>
    1f80:	400006b7          	lui	a3,0x40000
    1f84:	00d41a63          	bne	s0,a3,1f98 <TIM_ICInit+0x98>
    1f88:	dff57513          	andi	a0,a0,-513
    1f8c:	07a2                	slli	a5,a5,0x8
    1f8e:	8fc9                	or	a5,a5,a0
    1f90:	07c2                	slli	a5,a5,0x10
    1f92:	83c1                	srli	a5,a5,0x10
    1f94:	1007e513          	ori	a0,a5,256
    1f98:	ac5a                	sh	a4,28(s0)
    1f9a:	b00a                	sh	a0,32(s0)
    1f9c:	8522                	mv	a0,s0
    1f9e:	3f0d                	jal	1ed0 <TIM_SetIC3Prescaler>
    1fa0:	bfbd                	j	1f1e <TIM_ICInit+0x1e>
    1fa2:	301a                	lhu	a4,32(s0)
    1fa4:	757d                	lui	a0,0xfffff
    1fa6:	157d                	addi	a0,a0,-1 # ffffefff <_eusrstack+0xdfffcfff>
    1fa8:	8f69                	and	a4,a4,a0
    1faa:	b01a                	sh	a4,32(s0)
    1fac:	2c4a                	lhu	a0,28(s0)
    1fae:	6305                	lui	t1,0x1
    1fb0:	cff30313          	addi	t1,t1,-769 # cff <FLASH_ROM_ERASE+0x5d>
    1fb4:	301a                	lhu	a4,32(s0)
    1fb6:	00657533          	and	a0,a0,t1
    1fba:	0622                	slli	a2,a2,0x8
    1fbc:	01c45303          	lhu	t1,28(s0)
    1fc0:	0642                	slli	a2,a2,0x10
    1fc2:	8241                	srli	a2,a2,0x10
    1fc4:	06b2                	slli	a3,a3,0xc
    1fc6:	00c36333          	or	t1,t1,a2
    1fca:	8e55                	or	a2,a2,a3
    1fcc:	8d51                	or	a0,a0,a2
    1fce:	400136b7          	lui	a3,0x40013
    1fd2:	0742                	slli	a4,a4,0x10
    1fd4:	0542                	slli	a0,a0,0x10
    1fd6:	00641e23          	sh	t1,28(s0)
    1fda:	c0068693          	addi	a3,a3,-1024 # 40012c00 <_eusrstack+0x20010c00>
    1fde:	8341                	srli	a4,a4,0x10
    1fe0:	8141                	srli	a0,a0,0x10
    1fe2:	00d40663          	beq	s0,a3,1fee <TIM_ICInit+0xee>
    1fe6:	400006b7          	lui	a3,0x40000
    1fea:	00d41b63          	bne	s0,a3,2000 <TIM_ICInit+0x100>
    1fee:	76f9                	lui	a3,0xffffe
    1ff0:	16fd                	addi	a3,a3,-1 # ffffdfff <_eusrstack+0xdfffbfff>
    1ff2:	8f75                	and	a4,a4,a3
    1ff4:	07b2                	slli	a5,a5,0xc
    1ff6:	8fd9                	or	a5,a5,a4
    1ff8:	07c2                	slli	a5,a5,0x10
    1ffa:	83c1                	srli	a5,a5,0x10
    1ffc:	6705                	lui	a4,0x1
    1ffe:	8f5d                	or	a4,a4,a5
    2000:	ac4a                	sh	a0,28(s0)
    2002:	b01a                	sh	a4,32(s0)
    2004:	8522                	mv	a0,s0
    2006:	35c5                	jal	1ee6 <TIM_SetIC4Prescaler>
    2008:	bf19                	j	1f1e <TIM_ICInit+0x1e>

0000200a <TIM_GetCapture2>:
    200a:	40013737          	lui	a4,0x40013
    200e:	c0070713          	addi	a4,a4,-1024 # 40012c00 <_eusrstack+0x20010c00>
    2012:	87aa                	mv	a5,a0
    2014:	00e50663          	beq	a0,a4,2020 <TIM_GetCapture2+0x16>
    2018:	40000737          	lui	a4,0x40000
    201c:	00e51663          	bne	a0,a4,2028 <TIM_GetCapture2+0x1e>
    2020:	5f88                	lw	a0,56(a5)
    2022:	0542                	slli	a0,a0,0x10
    2024:	8141                	srli	a0,a0,0x10
    2026:	8082                	ret
    2028:	40001737          	lui	a4,0x40001
    202c:	80070713          	addi	a4,a4,-2048 # 40000800 <_eusrstack+0x1fffe800>
    2030:	4501                	li	a0,0
    2032:	fee79ae3          	bne	a5,a4,2026 <TIM_GetCapture2+0x1c>
    2036:	2bca                	lhu	a0,20(a5)
    2038:	b7ed                	j	2022 <TIM_GetCapture2+0x18>

0000203a <TIM_ClearFlag>:
    203a:	fff5c593          	not	a1,a1
    203e:	05c2                	slli	a1,a1,0x10
    2040:	81c1                	srli	a1,a1,0x10
    2042:	a90e                	sh	a1,16(a0)
    2044:	8082                	ret

00002046 <TIM_GetITStatus>:
    2046:	291e                	lhu	a5,16(a0)
    2048:	254a                	lhu	a0,12(a0)
    204a:	8fed                	and	a5,a5,a1
    204c:	0542                	slli	a0,a0,0x10
    204e:	8141                	srli	a0,a0,0x10
    2050:	c789                	beqz	a5,205a <TIM_GetITStatus+0x14>
    2052:	8d6d                	and	a0,a0,a1
    2054:	00a03533          	snez	a0,a0
    2058:	8082                	ret
    205a:	4501                	li	a0,0
    205c:	8082                	ret

0000205e <TIM_ClearITPendingBit>:
    205e:	fff5c593          	not	a1,a1
    2062:	05c2                	slli	a1,a1,0x10
    2064:	81c1                	srli	a1,a1,0x10
    2066:	a90e                	sh	a1,16(a0)
    2068:	8082                	ret

0000206a <USART_Init>:
    206a:	83efe2ef          	jal	t0,a8 <__riscv_save_0>
    206e:	2916                	lhu	a3,16(a0)
    2070:	77f5                	lui	a5,0xffffd
    2072:	17fd                	addi	a5,a5,-1 # ffffcfff <_eusrstack+0xdfffafff>
    2074:	8efd                	and	a3,a3,a5
    2076:	21fe                	lhu	a5,6(a1)
    2078:	25da                	lhu	a4,12(a1)
    207a:	1121                	addi	sp,sp,-24
    207c:	8fd5                	or	a5,a5,a3
    207e:	a91e                	sh	a5,16(a0)
    2080:	2556                	lhu	a3,12(a0)
    2082:	77fd                	lui	a5,0xfffff
    2084:	9f378793          	addi	a5,a5,-1549 # ffffe9f3 <_eusrstack+0xdfffc9f3>
    2088:	8efd                	and	a3,a3,a5
    208a:	21de                	lhu	a5,4(a1)
    208c:	842a                	mv	s0,a0
    208e:	84ae                	mv	s1,a1
    2090:	8fd5                	or	a5,a5,a3
    2092:	2596                	lhu	a3,8(a1)
    2094:	8fd5                	or	a5,a5,a3
    2096:	25b6                	lhu	a3,10(a1)
    2098:	8fd5                	or	a5,a5,a3
    209a:	a55e                	sh	a5,12(a0)
    209c:	295e                	lhu	a5,20(a0)
    209e:	07c2                	slli	a5,a5,0x10
    20a0:	83c1                	srli	a5,a5,0x10
    20a2:	cff7f793          	andi	a5,a5,-769
    20a6:	8fd9                	or	a5,a5,a4
    20a8:	a95e                	sh	a5,20(a0)
    20aa:	0048                	addi	a0,sp,4
    20ac:	e3cff0ef          	jal	ra,16e8 <RCC_GetClocksFreq>
    20b0:	400147b7          	lui	a5,0x40014
    20b4:	80078793          	addi	a5,a5,-2048 # 40013800 <_eusrstack+0x20011800>
    20b8:	04f41563          	bne	s0,a5,2102 <USART_Init+0x98>
    20bc:	47c2                	lw	a5,16(sp)
    20be:	4565                	li	a0,25
    20c0:	02a78533          	mul	a0,a5,a0
    20c4:	408c                	lw	a1,0(s1)
    20c6:	058a                	slli	a1,a1,0x2
    20c8:	ffdfd0ef          	jal	ra,c4 <__hidden___udivsi3>
    20cc:	06400593          	li	a1,100
    20d0:	c02a                	sw	a0,0(sp)
    20d2:	ff3fd0ef          	jal	ra,c4 <__hidden___udivsi3>
    20d6:	00451493          	slli	s1,a0,0x4
    20da:	4502                	lw	a0,0(sp)
    20dc:	06400593          	li	a1,100
    20e0:	810fe0ef          	jal	ra,f0 <__umodsi3>
    20e4:	0512                	slli	a0,a0,0x4
    20e6:	06400593          	li	a1,100
    20ea:	03250513          	addi	a0,a0,50
    20ee:	fd7fd0ef          	jal	ra,c4 <__hidden___udivsi3>
    20f2:	893d                	andi	a0,a0,15
    20f4:	8d45                	or	a0,a0,s1
    20f6:	0542                	slli	a0,a0,0x10
    20f8:	8141                	srli	a0,a0,0x10
    20fa:	a40a                	sh	a0,8(s0)
    20fc:	0161                	addi	sp,sp,24
    20fe:	fb5fd06f          	j	b2 <__riscv_restore_0>
    2102:	47b2                	lw	a5,12(sp)
    2104:	bf6d                	j	20be <USART_Init+0x54>

00002106 <USART_Cmd>:
    2106:	255e                	lhu	a5,12(a0)
    2108:	c589                	beqz	a1,2112 <USART_Cmd+0xc>
    210a:	6709                	lui	a4,0x2
    210c:	8fd9                	or	a5,a5,a4
    210e:	a55e                	sh	a5,12(a0)
    2110:	8082                	ret
    2112:	7779                	lui	a4,0xffffe
    2114:	177d                	addi	a4,a4,-1 # ffffdfff <_eusrstack+0xdfffbfff>
    2116:	8ff9                	and	a5,a5,a4
    2118:	bfdd                	j	210e <USART_Cmd+0x8>

0000211a <USART_ITConfig>:
    211a:	0ff5f713          	zext.b	a4,a1
    211e:	4785                	li	a5,1
    2120:	8315                	srli	a4,a4,0x5
    2122:	00b795b3          	sll	a1,a5,a1
    2126:	00f71963          	bne	a4,a5,2138 <USART_ITConfig+0x1e>
    212a:	00c50793          	addi	a5,a0,12
    212e:	4398                	lw	a4,0(a5)
    2130:	ce01                	beqz	a2,2148 <USART_ITConfig+0x2e>
    2132:	8f4d                	or	a4,a4,a1
    2134:	c398                	sw	a4,0(a5)
    2136:	8082                	ret
    2138:	4689                	li	a3,2
    213a:	01450793          	addi	a5,a0,20
    213e:	fed718e3          	bne	a4,a3,212e <USART_ITConfig+0x14>
    2142:	01050793          	addi	a5,a0,16
    2146:	b7e5                	j	212e <USART_ITConfig+0x14>
    2148:	fff5c593          	not	a1,a1
    214c:	8df9                	and	a1,a1,a4
    214e:	c38c                	sw	a1,0(a5)
    2150:	8082                	ret

00002152 <USART_SendData>:
    2152:	1ff5f593          	andi	a1,a1,511
    2156:	a14e                	sh	a1,4(a0)
    2158:	8082                	ret

0000215a <USART_ReceiveData>:
    215a:	214a                	lhu	a0,4(a0)
    215c:	1ff57513          	andi	a0,a0,511
    2160:	8082                	ret

00002162 <USART_HalfDuplexCmd>:
    2162:	295e                	lhu	a5,20(a0)
    2164:	c589                	beqz	a1,216e <USART_HalfDuplexCmd+0xc>
    2166:	0087e793          	ori	a5,a5,8
    216a:	a95e                	sh	a5,20(a0)
    216c:	8082                	ret
    216e:	07c2                	slli	a5,a5,0x10
    2170:	83c1                	srli	a5,a5,0x10
    2172:	9bdd                	andi	a5,a5,-9
    2174:	07c2                	slli	a5,a5,0x10
    2176:	83c1                	srli	a5,a5,0x10
    2178:	bfcd                	j	216a <USART_HalfDuplexCmd+0x8>

0000217a <USART_GetFlagStatus>:
    217a:	210a                	lhu	a0,0(a0)
    217c:	8d6d                	and	a0,a0,a1
    217e:	00a03533          	snez	a0,a0
    2182:	8082                	ret

00002184 <USART_GetITStatus>:
    2184:	0ff5f713          	zext.b	a4,a1
    2188:	4685                	li	a3,1
    218a:	8315                	srli	a4,a4,0x5
    218c:	87aa                	mv	a5,a0
    218e:	00b69533          	sll	a0,a3,a1
    2192:	02d71063          	bne	a4,a3,21b2 <USART_GetITStatus+0x2e>
    2196:	27da                	lhu	a4,12(a5)
    2198:	239e                	lhu	a5,0(a5)
    219a:	8d79                	and	a0,a0,a4
    219c:	07c2                	slli	a5,a5,0x10
    219e:	83c1                	srli	a5,a5,0x10
    21a0:	c901                	beqz	a0,21b0 <USART_GetITStatus+0x2c>
    21a2:	81a1                	srli	a1,a1,0x8
    21a4:	4705                	li	a4,1
    21a6:	00b71733          	sll	a4,a4,a1
    21aa:	8ff9                	and	a5,a5,a4
    21ac:	00f03533          	snez	a0,a5
    21b0:	8082                	ret
    21b2:	4689                	li	a3,2
    21b4:	00d71463          	bne	a4,a3,21bc <USART_GetITStatus+0x38>
    21b8:	2b9a                	lhu	a4,16(a5)
    21ba:	bff9                	j	2198 <USART_GetITStatus+0x14>
    21bc:	2bda                	lhu	a4,20(a5)
    21be:	bfe9                	j	2198 <USART_GetITStatus+0x14>

000021c0 <Delay_Init>:
    21c0:	ee9fd2ef          	jal	t0,a8 <__riscv_save_0>
    21c4:	200007b7          	lui	a5,0x20000
    21c8:	0107a503          	lw	a0,16(a5) # 20000010 <SystemCoreClock>
    21cc:	007a15b7          	lui	a1,0x7a1
    21d0:	20058593          	addi	a1,a1,512 # 7a1200 <_data_lma+0x799c04>
    21d4:	ef1fd0ef          	jal	ra,c4 <__hidden___udivsi3>
    21d8:	0ff57513          	zext.b	a0,a0
    21dc:	84a18923          	sb	a0,-1966(gp) # 200000e2 <p_us>
    21e0:	3e800793          	li	a5,1000
    21e4:	02f50533          	mul	a0,a0,a5
    21e8:	84a19823          	sh	a0,-1968(gp) # 200000e0 <p_ms>
    21ec:	ec7fd06f          	j	b2 <__riscv_restore_0>

000021f0 <Delay_Us>:
    21f0:	e000f7b7          	lui	a5,0xe000f
    21f4:	43d8                	lw	a4,4(a5)
    21f6:	9b79                	andi	a4,a4,-2
    21f8:	c3d8                	sw	a4,4(a5)
    21fa:	8521c703          	lbu	a4,-1966(gp) # 200000e2 <p_us>
    21fe:	02a70733          	mul	a4,a4,a0
    2202:	cb98                	sw	a4,16(a5)
    2204:	0007a423          	sw	zero,8(a5) # e000f008 <_eusrstack+0xc000d008>
    2208:	4398                	lw	a4,0(a5)
    220a:	00176713          	ori	a4,a4,1
    220e:	c398                	sw	a4,0(a5)
    2210:	43d8                	lw	a4,4(a5)
    2212:	8b05                	andi	a4,a4,1
    2214:	df75                	beqz	a4,2210 <Delay_Us+0x20>
    2216:	4398                	lw	a4,0(a5)
    2218:	9b79                	andi	a4,a4,-2
    221a:	c398                	sw	a4,0(a5)
    221c:	8082                	ret

0000221e <Delay_Ms>:
    221e:	e000f7b7          	lui	a5,0xe000f
    2222:	43d8                	lw	a4,4(a5)
    2224:	9b79                	andi	a4,a4,-2
    2226:	c3d8                	sw	a4,4(a5)
    2228:	8501d703          	lhu	a4,-1968(gp) # 200000e0 <p_ms>
    222c:	02a70733          	mul	a4,a4,a0
    2230:	cb98                	sw	a4,16(a5)
    2232:	0007a423          	sw	zero,8(a5) # e000f008 <_eusrstack+0xc000d008>
    2236:	4398                	lw	a4,0(a5)
    2238:	00176713          	ori	a4,a4,1
    223c:	c398                	sw	a4,0(a5)
    223e:	43d8                	lw	a4,4(a5)
    2240:	8b05                	andi	a4,a4,1
    2242:	df75                	beqz	a4,223e <Delay_Ms+0x20>
    2244:	4398                	lw	a4,0(a5)
    2246:	9b79                	andi	a4,a4,-2
    2248:	c398                	sw	a4,0(a5)
    224a:	8082                	ret

0000224c <__get_MSTATUS>:
    224c:	30002573          	.4byte	0x30002573
    2250:	8082                	ret

00002252 <__set_MSTATUS>:
    2252:	30051073          	.4byte	0x30051073
    2256:	8082                	ret

00002258 <ADC_Block_Sum>:
    2258:	00151713          	slli	a4,a0,0x1
    225c:	963a                	add	a2,a2,a4
    225e:	87aa                	mv	a5,a0
    2260:	86c18713          	addi	a4,gp,-1940 # 200000fc <s_adc_dma_buffer>
    2264:	4501                	li	a0,0
    2266:	00b79363          	bne	a5,a1,226c <ADC_Block_Sum+0x14>
    226a:	8082                	ret
    226c:	00161693          	slli	a3,a2,0x1
    2270:	96ba                	add	a3,a3,a4
    2272:	2296                	lhu	a3,0(a3)
    2274:	0785                	addi	a5,a5,1
    2276:	0ff7f793          	zext.b	a5,a5
    227a:	9536                	add	a0,a0,a3
    227c:	0609                	addi	a2,a2,2 # 40021002 <_eusrstack+0x2001f002>
    227e:	b7e5                	j	2266 <ADC_Block_Sum+0xe>

00002280 <D_ADC_DMA_Init>:
    2280:	e29fd2ef          	jal	t0,a8 <__riscv_save_0>
    2284:	fa810113          	addi	sp,sp,-88
    2288:	4661                	li	a2,24
    228a:	4581                	li	a1,0
    228c:	0848                	addi	a0,sp,20
    228e:	ec3fd0ef          	jal	ra,150 <memset>
    2292:	02c00613          	li	a2,44
    2296:	4581                	li	a1,0
    2298:	1068                	addi	a0,sp,44
    229a:	eb7fd0ef          	jal	ra,150 <memset>
    229e:	4585                	li	a1,1
    22a0:	4505                	li	a0,1
    22a2:	c402                	sw	zero,8(sp)
    22a4:	c602                	sw	zero,12(sp)
    22a6:	c802                	sw	zero,16(sp)
    22a8:	c002                	sw	zero,0(sp)
    22aa:	c202                	sw	zero,4(sp)
    22ac:	cdeff0ef          	jal	ra,178a <RCC_HBPeriphClockCmd>
    22b0:	4585                	li	a1,1
    22b2:	23000513          	li	a0,560
    22b6:	cf2ff0ef          	jal	ra,17a8 <RCC_PB2PeriphClockCmd>
    22ba:	4501                	li	a0,0
    22bc:	c02ff0ef          	jal	ra,16be <RCC_ADCCLKConfig>
    22c0:	40011537          	lui	a0,0x40011
    22c4:	04000793          	li	a5,64
    22c8:	002c                	addi	a1,sp,8
    22ca:	40050513          	addi	a0,a0,1024 # 40011400 <_eusrstack+0x2000f400>
    22ce:	847c                	sh	a5,8(sp)
    22d0:	c802                	sw	zero,16(sp)
    22d2:	c8bfe0ef          	jal	ra,f5c <GPIO_Init>
    22d6:	47c1                	li	a5,16
    22d8:	002c                	addi	a1,sp,8
    22da:	40011537          	lui	a0,0x40011
    22de:	40012437          	lui	s0,0x40012
    22e2:	847c                	sh	a5,8(sp)
    22e4:	c79fe0ef          	jal	ra,f5c <GPIO_Init>
    22e8:	40040513          	addi	a0,s0,1024 # 40012400 <_eusrstack+0x20010400>
    22ec:	cecfe0ef          	jal	ra,7d8 <ADC_DeInit>
    22f0:	000607b7          	lui	a5,0x60
    22f4:	4705                	li	a4,1
    22f6:	d03e                	sw	a5,32(sp)
    22f8:	084c                	addi	a1,sp,20
    22fa:	4789                	li	a5,2
    22fc:	40040513          	addi	a0,s0,1024
    2300:	cc3a                	sw	a4,24(sp)
    2302:	02f10423          	sb	a5,40(sp)
    2306:	ca02                	sw	zero,20(sp)
    2308:	ce02                	sw	zero,28(sp)
    230a:	d202                	sw	zero,36(sp)
    230c:	cf6fe0ef          	jal	ra,802 <ADC_Init>
    2310:	468d                	li	a3,3
    2312:	4605                	li	a2,1
    2314:	45a5                	li	a1,9
    2316:	40040513          	addi	a0,s0,1024
    231a:	d58fe0ef          	jal	ra,872 <ADC_RegularChannelConfig>
    231e:	469d                	li	a3,7
    2320:	4609                	li	a2,2
    2322:	4589                	li	a1,2
    2324:	40040513          	addi	a0,s0,1024
    2328:	d4afe0ef          	jal	ra,872 <ADC_RegularChannelConfig>
    232c:	4585                	li	a1,1
    232e:	40040513          	addi	a0,s0,1024
    2332:	e7efe0ef          	jal	ra,9b0 <ADC_InjectedSequencerLengthConfig>
    2336:	469d                	li	a3,7
    2338:	4605                	li	a2,1
    233a:	4599                	li	a1,6
    233c:	40040513          	addi	a0,s0,1024
    2340:	e22fe0ef          	jal	ra,962 <ADC_InjectedChannelConfig>
    2344:	659d                	lui	a1,0x7
    2346:	40040513          	addi	a0,s0,1024
    234a:	ddefe0ef          	jal	ra,928 <ADC_ExternalTrigInjectedConvConfig>
    234e:	4581                	li	a1,0
    2350:	40040513          	addi	a0,s0,1024
    2354:	de2fe0ef          	jal	ra,936 <ADC_ExternalTrigInjectedConvCmd>
    2358:	4581                	li	a1,0
    235a:	40040513          	addi	a0,s0,1024
    235e:	db8fe0ef          	jal	ra,916 <ADC_AutoInjectedConvCmd>
    2362:	4585                	li	a1,1
    2364:	40040513          	addi	a0,s0,1024
    2368:	ea4fe0ef          	jal	ra,a0c <ADC_Sample_ModeConfig>
    236c:	4581                	li	a1,0
    236e:	40040513          	addi	a0,s0,1024
    2372:	e82fe0ef          	jal	ra,9f4 <ADC_BufferCmd>
    2376:	400204b7          	lui	s1,0x40020
    237a:	00848513          	addi	a0,s1,8 # 40020008 <_eusrstack+0x2001e008>
    237e:	e9cfe0ef          	jal	ra,a1a <DMA_DeInit>
    2382:	44c40793          	addi	a5,s0,1100
    2386:	d63e                	sw	a5,44(sp)
    2388:	86c18793          	addi	a5,gp,-1940 # 200000fc <s_adc_dma_buffer>
    238c:	d83e                	sw	a5,48(sp)
    238e:	02800793          	li	a5,40
    2392:	dc3e                	sw	a5,56(sp)
    2394:	08000793          	li	a5,128
    2398:	c0be                	sw	a5,64(sp)
    239a:	10000793          	li	a5,256
    239e:	c2be                	sw	a5,68(sp)
    23a0:	40000793          	li	a5,1024
    23a4:	c4be                	sw	a5,72(sp)
    23a6:	02000793          	li	a5,32
    23aa:	106c                	addi	a1,sp,44
    23ac:	c6be                	sw	a5,76(sp)
    23ae:	00848513          	addi	a0,s1,8
    23b2:	6789                	lui	a5,0x2
    23b4:	c8be                	sw	a5,80(sp)
    23b6:	da02                	sw	zero,52(sp)
    23b8:	de02                	sw	zero,60(sp)
    23ba:	ca82                	sw	zero,84(sp)
    23bc:	ef0fe0ef          	jal	ra,aac <DMA_Init>
    23c0:	4505                	li	a0,1
    23c2:	f58fe0ef          	jal	ra,b1a <DMA_ClearFlag>
    23c6:	4605                	li	a2,1
    23c8:	45b9                	li	a1,14
    23ca:	00848513          	addi	a0,s1,8
    23ce:	f2afe0ef          	jal	ra,af8 <DMA_ITConfig>
    23d2:	4705                	li	a4,1
    23d4:	47d9                	li	a5,22
    23d6:	850a                	mv	a0,sp
    23d8:	c23a                	sw	a4,4(sp)
    23da:	807c                	sh	a5,0(sp)
    23dc:	00010123          	sb	zero,2(sp)
    23e0:	9a0ff0ef          	jal	ra,1580 <NVIC_Init>
    23e4:	86019223          	sh	zero,-1948(gp) # 200000f4 <s_current_avg>
    23e8:	86019123          	sh	zero,-1950(gp) # 200000f2 <s_current_offset>
    23ec:	8601a423          	sw	zero,-1944(gp) # 200000f8 <s_current_half_sum>
    23f0:	86018023          	sb	zero,-1952(gp) # 200000f0 <s_current_valid>
    23f4:	84018fa3          	sb	zero,-1953(gp) # 200000ef <s_current_in_window>
    23f8:	84019e23          	sh	zero,-1956(gp) # 200000ec <s_current_seq>
    23fc:	84018f23          	sb	zero,-1954(gp) # 200000ee <s_current_window_off>
    2400:	8401ac23          	sw	zero,-1960(gp) # 200000e8 <s_encoder_half_sum>
    2404:	84019a23          	sh	zero,-1964(gp) # 200000e4 <s_encoder_q4>
    2408:	4599                	li	a1,6
    240a:	40040513          	addi	a0,s0,1024
    240e:	840189a3          	sb	zero,-1965(gp) # 200000e3 <s_encoder_valid>
    2412:	ddafe0ef          	jal	ra,9ec <ADC_ClearFlag>
    2416:	4585                	li	a1,1
    2418:	40040513          	addi	a0,s0,1024
    241c:	c44fe0ef          	jal	ra,860 <ADC_DMACmd>
    2420:	4585                	li	a1,1
    2422:	00848513          	addi	a0,s1,8
    2426:	ebefe0ef          	jal	ra,ae4 <DMA_Cmd>
    242a:	4585                	li	a1,1
    242c:	40040513          	addi	a0,s0,1024
    2430:	c20fe0ef          	jal	ra,850 <ADC_Cmd>
    2434:	4509                	li	a0,2
    2436:	3b6d                	jal	21f0 <Delay_Us>
    2438:	4585                	li	a1,1
    243a:	40040513          	addi	a0,s0,1024
    243e:	cc0fe0ef          	jal	ra,8fe <ADC_ExternalTrigConvCmd>
    2442:	85c1d703          	lhu	a4,-1956(gp) # 200000ec <s_current_seq>
    2446:	45c1                	li	a1,16
    2448:	4781                	li	a5,0
    244a:	0742                	slli	a4,a4,0x10
    244c:	8341                	srli	a4,a4,0x10
    244e:	62e1                	lui	t0,0x18
    2450:	6a028513          	addi	a0,t0,1696 # 186a0 <_data_lma+0x110a4>
    2454:	85c1d383          	lhu	t2,-1956(gp) # 200000ec <s_current_seq>
    2458:	00e39863          	bne	t2,a4,2468 <D_ADC_DMA_Init+0x1e8>
    245c:	157d                	addi	a0,a0,-1 # 40010fff <_eusrstack+0x2000efff>
    245e:	f97d                	bnez	a0,2454 <D_ADC_DMA_Init+0x1d4>
    2460:	05810113          	addi	sp,sp,88
    2464:	c4ffd06f          	j	b2 <__riscv_restore_0>
    2468:	85c1d703          	lhu	a4,-1956(gp) # 200000ec <s_current_seq>
    246c:	8641d503          	lhu	a0,-1948(gp) # 200000f4 <s_current_avg>
    2470:	15fd                	addi	a1,a1,-1 # 6fff <__divdi3+0x1eb>
    2472:	0742                	slli	a4,a4,0x10
    2474:	0ff5f593          	zext.b	a1,a1
    2478:	8341                	srli	a4,a4,0x10
    247a:	97aa                	add	a5,a5,a0
    247c:	f9f1                	bnez	a1,2450 <D_ADC_DMA_Init+0x1d0>
    247e:	07a1                	addi	a5,a5,8 # 2008 <TIM_ICInit+0x108>
    2480:	8391                	srli	a5,a5,0x4
    2482:	07c2                	slli	a5,a5,0x10
    2484:	83c1                	srli	a5,a5,0x10
    2486:	86f19123          	sh	a5,-1950(gp) # 200000f2 <s_current_offset>
    248a:	bfd9                	j	2460 <D_ADC_DMA_Init+0x1e0>

0000248c <D_ADC_DMA_ISR>:
    248c:	c1dfd2ef          	jal	t0,a8 <__riscv_save_0>
    2490:	4521                	li	a0,8
    2492:	e90fe0ef          	jal	ra,b22 <DMA_GetITStatus>
    2496:	cd01                	beqz	a0,24ae <D_ADC_DMA_ISR+0x22>
    2498:	4505                	li	a0,1
    249a:	e8afe0ef          	jal	ra,b24 <DMA_ClearITPendingBit>
    249e:	86018023          	sb	zero,-1952(gp) # 200000f0 <s_current_valid>
    24a2:	86019223          	sh	zero,-1948(gp) # 200000f4 <s_current_avg>
    24a6:	840189a3          	sb	zero,-1965(gp) # 200000e3 <s_encoder_valid>
    24aa:	c09fd06f          	j	b2 <__riscv_restore_0>
    24ae:	4511                	li	a0,4
    24b0:	e72fe0ef          	jal	ra,b22 <DMA_GetITStatus>
    24b4:	c105                	beqz	a0,24d4 <D_ADC_DMA_ISR+0x48>
    24b6:	4511                	li	a0,4
    24b8:	e6cfe0ef          	jal	ra,b24 <DMA_ClearITPendingBit>
    24bc:	4601                	li	a2,0
    24be:	45a9                	li	a1,10
    24c0:	4501                	li	a0,0
    24c2:	3b59                	jal	2258 <ADC_Block_Sum>
    24c4:	86a1a423          	sw	a0,-1944(gp) # 200000f8 <s_current_half_sum>
    24c8:	4605                	li	a2,1
    24ca:	45a9                	li	a1,10
    24cc:	4501                	li	a0,0
    24ce:	3369                	jal	2258 <ADC_Block_Sum>
    24d0:	84a1ac23          	sw	a0,-1960(gp) # 200000e8 <s_encoder_half_sum>
    24d4:	4509                	li	a0,2
    24d6:	e4cfe0ef          	jal	ra,b22 <DMA_GetITStatus>
    24da:	d961                	beqz	a0,24aa <D_ADC_DMA_ISR+0x1e>
    24dc:	4509                	li	a0,2
    24de:	e46fe0ef          	jal	ra,b24 <DMA_ClearITPendingBit>
    24e2:	4605                	li	a2,1
    24e4:	45d1                	li	a1,20
    24e6:	4529                	li	a0,10
    24e8:	3b85                	jal	2258 <ADC_Block_Sum>
    24ea:	8581a783          	lw	a5,-1960(gp) # 200000e8 <s_encoder_half_sum>
    24ee:	45d1                	li	a1,20
    24f0:	953e                	add	a0,a0,a5
    24f2:	0512                	slli	a0,a0,0x4
    24f4:	0529                	addi	a0,a0,10
    24f6:	bcffd0ef          	jal	ra,c4 <__hidden___udivsi3>
    24fa:	0542                	slli	a0,a0,0x10
    24fc:	8141                	srli	a0,a0,0x10
    24fe:	84a19a23          	sh	a0,-1964(gp) # 200000e4 <s_encoder_q4>
    2502:	4705                	li	a4,1
    2504:	4601                	li	a2,0
    2506:	45d1                	li	a1,20
    2508:	4529                	li	a0,10
    250a:	84e189a3          	sb	a4,-1965(gp) # 200000e3 <s_encoder_valid>
    250e:	33a9                	jal	2258 <ADC_Block_Sum>
    2510:	8681a783          	lw	a5,-1944(gp) # 200000f8 <s_current_half_sum>
    2514:	45d1                	li	a1,20
    2516:	07a9                	addi	a5,a5,10
    2518:	953e                	add	a0,a0,a5
    251a:	babfd0ef          	jal	ra,c4 <__hidden___udivsi3>
    251e:	8601c783          	lbu	a5,-1952(gp) # 200000f0 <s_current_valid>
    2522:	cb89                	beqz	a5,2534 <D_ADC_DMA_ISR+0xa8>
    2524:	8641d783          	lhu	a5,-1948(gp) # 200000f4 <s_current_avg>
    2528:	0542                	slli	a0,a0,0x10
    252a:	8141                	srli	a0,a0,0x10
    252c:	0785                	addi	a5,a5,1
    252e:	97aa                	add	a5,a5,a0
    2530:	0017d513          	srli	a0,a5,0x1
    2534:	0542                	slli	a0,a0,0x10
    2536:	8141                	srli	a0,a0,0x10
    2538:	86a19223          	sh	a0,-1948(gp) # 200000f4 <s_current_avg>
    253c:	85e1c783          	lbu	a5,-1954(gp) # 200000ee <s_current_window_off>
    2540:	0017b793          	seqz	a5,a5
    2544:	84f18fa3          	sb	a5,-1953(gp) # 200000ef <s_current_in_window>
    2548:	4785                	li	a5,1
    254a:	86f18023          	sb	a5,-1952(gp) # 200000f0 <s_current_valid>
    254e:	85c1d783          	lhu	a5,-1956(gp) # 200000ec <s_current_seq>
    2552:	0785                	addi	a5,a5,1
    2554:	07c2                	slli	a5,a5,0x10
    2556:	83c1                	srli	a5,a5,0x10
    2558:	84f19e23          	sh	a5,-1956(gp) # 200000ec <s_current_seq>
    255c:	b7b9                	j	24aa <D_ADC_DMA_ISR+0x1e>

0000255e <D_ADC_Current_Window_Set>:
    255e:	00153513          	seqz	a0,a0
    2562:	84a18f23          	sb	a0,-1954(gp) # 200000ee <s_current_window_off>
    2566:	8082                	ret

00002568 <D_ADC_Current_Read>:
    2568:	b41fd2ef          	jal	t0,a8 <__riscv_save_0>
    256c:	1151                	addi	sp,sp,-12
    256e:	842a                	mv	s0,a0
    2570:	39f1                	jal	224c <__get_MSTATUS>
    2572:	c02d                	beqz	s0,25d4 <D_ADC_Current_Read+0x6c>
    2574:	08800793          	li	a5,136
    2578:	3007b073          	.4byte	0x3007b073
    257c:	0000100f          	.4byte	0x100f
    2580:	8601c683          	lbu	a3,-1952(gp) # 200000f0 <s_current_valid>
    2584:	85f1c783          	lbu	a5,-1953(gp) # 200000ef <s_current_in_window>
    2588:	0ff6f693          	zext.b	a3,a3
    258c:	0ff7f493          	zext.b	s1,a5
    2590:	8641d783          	lhu	a5,-1948(gp) # 200000f4 <s_current_avg>
    2594:	8621d703          	lhu	a4,-1950(gp) # 200000f2 <s_current_offset>
    2598:	c436                	sw	a3,8(sp)
    259a:	07c2                	slli	a5,a5,0x10
    259c:	0742                	slli	a4,a4,0x10
    259e:	83c1                	srli	a5,a5,0x10
    25a0:	8341                	srli	a4,a4,0x10
    25a2:	c23e                	sw	a5,4(sp)
    25a4:	c03a                	sw	a4,0(sp)
    25a6:	3175                	jal	2252 <__set_MSTATUS>
    25a8:	46a2                	lw	a3,8(sp)
    25aa:	c295                	beqz	a3,25ce <D_ADC_Current_Read+0x66>
    25ac:	4702                	lw	a4,0(sp)
    25ae:	4792                	lw	a5,4(sp)
    25b0:	4681                	li	a3,0
    25b2:	00f75663          	bge	a4,a5,25be <D_ADC_Current_Read+0x56>
    25b6:	8f99                	sub	a5,a5,a4
    25b8:	01079693          	slli	a3,a5,0x10
    25bc:	82c1                	srli	a3,a3,0x10
    25be:	009037b3          	snez	a5,s1
    25c2:	a016                	sh	a3,0(s0)
    25c4:	0ff7f513          	zext.b	a0,a5
    25c8:	0131                	addi	sp,sp,12
    25ca:	ae9fd06f          	j	b2 <__riscv_restore_0>
    25ce:	4681                	li	a3,0
    25d0:	4781                	li	a5,0
    25d2:	bfc5                	j	25c2 <D_ADC_Current_Read+0x5a>
    25d4:	4501                	li	a0,0
    25d6:	bfcd                	j	25c8 <D_ADC_Current_Read+0x60>

000025d8 <D_ADC_Encoder_Read>:
    25d8:	ad1fd2ef          	jal	t0,a8 <__riscv_save_0>
    25dc:	1171                	addi	sp,sp,-4
    25de:	84aa                	mv	s1,a0
    25e0:	31b5                	jal	224c <__get_MSTATUS>
    25e2:	e491                	bnez	s1,25ee <D_ADC_Encoder_Read+0x16>
    25e4:	4401                	li	s0,0
    25e6:	8522                	mv	a0,s0
    25e8:	0111                	addi	sp,sp,4
    25ea:	ac9fd06f          	j	b2 <__riscv_restore_0>
    25ee:	08800793          	li	a5,136
    25f2:	3007b073          	.4byte	0x3007b073
    25f6:	0000100f          	.4byte	0x100f
    25fa:	8531c403          	lbu	s0,-1965(gp) # 200000e3 <s_encoder_valid>
    25fe:	8541d783          	lhu	a5,-1964(gp) # 200000e4 <s_encoder_q4>
    2602:	0ff47413          	zext.b	s0,s0
    2606:	07c2                	slli	a5,a5,0x10
    2608:	83c1                	srli	a5,a5,0x10
    260a:	c03e                	sw	a5,0(sp)
    260c:	3199                	jal	2252 <__set_MSTATUS>
    260e:	d879                	beqz	s0,25e4 <D_ADC_Encoder_Read+0xc>
    2610:	4782                	lw	a5,0(sp)
    2612:	a09e                	sh	a5,0(s1)
    2614:	bfc9                	j	25e6 <D_ADC_Encoder_Read+0xe>

00002616 <D_ADC_Voltage_Read>:
    2616:	a93fd2ef          	jal	t0,a8 <__riscv_save_0>
    261a:	40012437          	lui	s0,0x40012
    261e:	4581                	li	a1,0
    2620:	40040513          	addi	a0,s0,1024 # 40012400 <_eusrstack+0x20010400>
    2624:	adafe0ef          	jal	ra,8fe <ADC_ExternalTrigConvCmd>
    2628:	4511                	li	a0,4
    262a:	bc7ff0ef          	jal	ra,21f0 <Delay_Us>
    262e:	40040513          	addi	a0,s0,1024
    2632:	4591                	li	a1,4
    2634:	bb8fe0ef          	jal	ra,9ec <ADC_ClearFlag>
    2638:	40040513          	addi	a0,s0,1024
    263c:	4585                	li	a1,1
    263e:	6461                	lui	s0,0x18
    2640:	b0afe0ef          	jal	ra,94a <ADC_SoftwareStartInjectedConvCmd>
    2644:	6a040413          	addi	s0,s0,1696 # 186a0 <_data_lma+0x110a4>
    2648:	400124b7          	lui	s1,0x40012
    264c:	400127b7          	lui	a5,0x40012
    2650:	4591                	li	a1,4
    2652:	40078513          	addi	a0,a5,1024 # 40012400 <_eusrstack+0x20010400>
    2656:	b8afe0ef          	jal	ra,9e0 <ADC_GetFlagStatus>
    265a:	e115                	bnez	a0,267e <D_ADC_Voltage_Read+0x68>
    265c:	147d                	addi	s0,s0,-1
    265e:	f47d                	bnez	s0,264c <D_ADC_Voltage_Read+0x36>
    2660:	400124b7          	lui	s1,0x40012
    2664:	40048513          	addi	a0,s1,1024 # 40012400 <_eusrstack+0x20010400>
    2668:	4591                	li	a1,4
    266a:	b82fe0ef          	jal	ra,9ec <ADC_ClearFlag>
    266e:	40048513          	addi	a0,s1,1024
    2672:	4585                	li	a1,1
    2674:	a8afe0ef          	jal	ra,8fe <ADC_ExternalTrigConvCmd>
    2678:	8522                	mv	a0,s0
    267a:	a39fd06f          	j	b2 <__riscv_restore_0>
    267e:	45d1                	li	a1,20
    2680:	40048513          	addi	a0,s1,1024
    2684:	b40fe0ef          	jal	ra,9c4 <ADC_GetInjectedConversionValue>
    2688:	842a                	mv	s0,a0
    268a:	bfd9                	j	2660 <D_ADC_Voltage_Read+0x4a>

0000268c <I2C_BusDelay>:
    268c:	1171                	addi	sp,sp,-4
    268e:	47e1                	li	a5,24
    2690:	81dc                	sb	a5,3(sp)
    2692:	8198                	lbu	a4,3(sp)
    2694:	fff70793          	addi	a5,a4,-1
    2698:	0ff7f793          	zext.b	a5,a5
    269c:	81dc                	sb	a5,3(sp)
    269e:	e319                	bnez	a4,26a4 <I2C_BusDelay+0x18>
    26a0:	0111                	addi	sp,sp,4
    26a2:	8082                	ret
    26a4:	0001                	nop
    26a6:	b7f5                	j	2692 <I2C_BusDelay+0x6>

000026a8 <I2C_ConfigPins>:
    26a8:	a01fd2ef          	jal	t0,a8 <__riscv_save_0>
    26ac:	1151                	addi	sp,sp,-12
    26ae:	00011123          	sh	zero,2(sp)
    26b2:	4799                	li	a5,6
    26b4:	40011737          	lui	a4,0x40011
    26b8:	cb1c                	sw	a5,16(a4)
    26ba:	807c                	sh	a5,0(sp)
    26bc:	c42a                	sw	a0,8(sp)
    26be:	4785                	li	a5,1
    26c0:	858a                	mv	a1,sp
    26c2:	40011537          	lui	a0,0x40011
    26c6:	c23e                	sw	a5,4(sp)
    26c8:	895fe0ef          	jal	ra,f5c <GPIO_Init>
    26cc:	0131                	addi	sp,sp,12
    26ce:	9e5fd06f          	j	b2 <__riscv_restore_0>

000026d2 <I2C_WaitStar1.constprop.0>:
    26d2:	400057b7          	lui	a5,0x40005
    26d6:	6605                	lui	a2,0x1
    26d8:	3e800693          	li	a3,1000
    26dc:	40078793          	addi	a5,a5,1024 # 40005400 <_eusrstack+0x20003400>
    26e0:	f0060613          	addi	a2,a2,-256 # f00 <FLASH_ROM_WRITE+0xa2>
    26e4:	2bda                	lhu	a4,20(a5)
    26e6:	8f69                	and	a4,a4,a0
    26e8:	c319                	beqz	a4,26ee <I2C_WaitStar1.constprop.0+0x1c>
    26ea:	4501                	li	a0,0
    26ec:	8082                	ret
    26ee:	2bda                	lhu	a4,20(a5)
    26f0:	8f71                	and	a4,a4,a2
    26f2:	e319                	bnez	a4,26f8 <I2C_WaitStar1.constprop.0+0x26>
    26f4:	16fd                	addi	a3,a3,-1
    26f6:	f6fd                	bnez	a3,26e4 <I2C_WaitStar1.constprop.0+0x12>
    26f8:	4505                	li	a0,1
    26fa:	8082                	ret

000026fc <I2C_ApplyConfig.constprop.0>:
    26fc:	9adfd2ef          	jal	t0,a8 <__riscv_save_0>
    2700:	000627b7          	lui	a5,0x62
    2704:	1141                	addi	sp,sp,-16
    2706:	a8078793          	addi	a5,a5,-1408 # 61a80 <_data_lma+0x5a484>
    270a:	c03e                	sw	a5,0(sp)
    270c:	400007b7          	lui	a5,0x40000
    2710:	40005437          	lui	s0,0x40005
    2714:	c23e                	sw	a5,4(sp)
    2716:	040007b7          	lui	a5,0x4000
    271a:	c43e                	sw	a5,8(sp)
    271c:	858a                	mv	a1,sp
    271e:	6791                	lui	a5,0x4
    2720:	40040513          	addi	a0,s0,1024 # 40005400 <_eusrstack+0x20003400>
    2724:	c63e                	sw	a5,12(sp)
    2726:	c3dfe0ef          	jal	ra,1362 <I2C_Init>
    272a:	65bd                	lui	a1,0xf
    272c:	40040513          	addi	a0,s0,1024
    2730:	7ff58593          	addi	a1,a1,2047 # f7ff <_data_lma+0x8203>
    2734:	d9ffe0ef          	jal	ra,14d2 <I2C_NACKPositionConfig>
    2738:	4585                	li	a1,1
    273a:	40040513          	addi	a0,s0,1024
    273e:	d03fe0ef          	jal	ra,1440 <I2C_Cmd>
    2742:	0141                	addi	sp,sp,16
    2744:	96ffd06f          	j	b2 <__riscv_restore_0>

00002748 <I2C_SoftReset.constprop.0>:
    2748:	961fd2ef          	jal	t0,a8 <__riscv_save_0>
    274c:	40005537          	lui	a0,0x40005
    2750:	4581                	li	a1,0
    2752:	40050513          	addi	a0,a0,1024 # 40005400 <_eusrstack+0x20003400>
    2756:	cebfe0ef          	jal	ra,1440 <I2C_Cmd>
    275a:	4551                	li	a0,20
    275c:	37b1                	jal	26a8 <I2C_ConfigPins>
    275e:	400117b7          	lui	a5,0x40011
    2762:	4719                	li	a4,6
    2764:	cb98                	sw	a4,16(a5)
    2766:	371d                	jal	268c <I2C_BusDelay>
    2768:	4425                	li	s0,9
    276a:	4589                	li	a1,2
    276c:	40011537          	lui	a0,0x40011
    2770:	863fe0ef          	jal	ra,fd2 <GPIO_ReadInputDataBit>
    2774:	ed09                	bnez	a0,278e <I2C_SoftReset.constprop.0+0x46>
    2776:	4791                	li	a5,4
    2778:	400114b7          	lui	s1,0x40011
    277c:	c8dc                	sw	a5,20(s1)
    277e:	3739                	jal	268c <I2C_BusDelay>
    2780:	4791                	li	a5,4
    2782:	147d                	addi	s0,s0,-1
    2784:	c89c                	sw	a5,16(s1)
    2786:	0ff47413          	zext.b	s0,s0
    278a:	3709                	jal	268c <I2C_BusDelay>
    278c:	fc79                	bnez	s0,276a <I2C_SoftReset.constprop.0+0x22>
    278e:	40011437          	lui	s0,0x40011
    2792:	4799                	li	a5,6
    2794:	c85c                	sw	a5,20(s0)
    2796:	3ddd                	jal	268c <I2C_BusDelay>
    2798:	4791                	li	a5,4
    279a:	c81c                	sw	a5,16(s0)
    279c:	3dc5                	jal	268c <I2C_BusDelay>
    279e:	4789                	li	a5,2
    27a0:	c81c                	sw	a5,16(s0)
    27a2:	35ed                	jal	268c <I2C_BusDelay>
    27a4:	4571                	li	a0,28
    27a6:	3709                	jal	26a8 <I2C_ConfigPins>
    27a8:	40005437          	lui	s0,0x40005
    27ac:	40040513          	addi	a0,s0,1024 # 40005400 <_eusrstack+0x20003400>
    27b0:	4585                	li	a1,1
    27b2:	d0ffe0ef          	jal	ra,14c0 <I2C_SoftwareResetCmd>
    27b6:	4581                	li	a1,0
    27b8:	40040513          	addi	a0,s0,1024
    27bc:	d05fe0ef          	jal	ra,14c0 <I2C_SoftwareResetCmd>
    27c0:	3f35                	jal	26fc <I2C_ApplyConfig.constprop.0>
    27c2:	8f1fd06f          	j	b2 <__riscv_restore_0>

000027c6 <D_Bus_I2C_Init>:
    27c6:	8e3fd2ef          	jal	t0,a8 <__riscv_save_0>
    27ca:	8bc1c783          	lbu	a5,-1860(gp) # 2000014c <s_i2c_initialized>
    27ce:	1151                	addi	sp,sp,-12
    27d0:	eb9d                	bnez	a5,2806 <D_Bus_I2C_Init+0x40>
    27d2:	4585                	li	a1,1
    27d4:	4545                	li	a0,17
    27d6:	c002                	sw	zero,0(sp)
    27d8:	c202                	sw	zero,4(sp)
    27da:	c402                	sw	zero,8(sp)
    27dc:	fcdfe0ef          	jal	ra,17a8 <RCC_PB2PeriphClockCmd>
    27e0:	4585                	li	a1,1
    27e2:	00200537          	lui	a0,0x200
    27e6:	fe1fe0ef          	jal	ra,17c6 <RCC_PB1PeriphClockCmd>
    27ea:	4799                	li	a5,6
    27ec:	807c                	sh	a5,0(sp)
    27ee:	4485                	li	s1,1
    27f0:	47f1                	li	a5,28
    27f2:	858a                	mv	a1,sp
    27f4:	40011537          	lui	a0,0x40011
    27f8:	c43e                	sw	a5,8(sp)
    27fa:	c226                	sw	s1,4(sp)
    27fc:	f60fe0ef          	jal	ra,f5c <GPIO_Init>
    2800:	3df5                	jal	26fc <I2C_ApplyConfig.constprop.0>
    2802:	8a918e23          	sb	s1,-1860(gp) # 2000014c <s_i2c_initialized>
    2806:	0131                	addi	sp,sp,12
    2808:	8abfd06f          	j	b2 <__riscv_restore_0>

0000280c <D_I2C_Write>:
    280c:	89dfd2ef          	jal	t0,a8 <__riscv_save_0>
    2810:	1141                	addi	sp,sp,-16
    2812:	c22a                	sw	a0,4(sp)
    2814:	c42e                	sw	a1,8(sp)
    2816:	c036                	sw	a3,0(sp)
    2818:	ca61                	beqz	a2,28e8 <D_I2C_Write+0xdc>
    281a:	c6f9                	beqz	a3,28e8 <D_I2C_Write+0xdc>
    281c:	8432                	mv	s0,a2
    281e:	3e800793          	li	a5,1000
    2822:	400054b7          	lui	s1,0x40005
    2826:	c63e                	sw	a5,12(sp)
    2828:	400057b7          	lui	a5,0x40005
    282c:	40078513          	addi	a0,a5,1024 # 40005400 <_eusrstack+0x20003400>
    2830:	000205b7          	lui	a1,0x20
    2834:	cd7fe0ef          	jal	ra,150a <I2C_GetFlagStatus>
    2838:	47b2                	lw	a5,12(sp)
    283a:	e545                	bnez	a0,28e2 <D_I2C_Write+0xd6>
    283c:	4585                	li	a1,1
    283e:	40048513          	addi	a0,s1,1024 # 40005400 <_eusrstack+0x20003400>
    2842:	c17fe0ef          	jal	ra,1458 <I2C_GenerateSTART>
    2846:	000304b7          	lui	s1,0x30
    284a:	3e800793          	li	a5,1000
    284e:	00148593          	addi	a1,s1,1 # 30001 <_data_lma+0x28a05>
    2852:	400054b7          	lui	s1,0x40005
    2856:	40048513          	addi	a0,s1,1024 # 40005400 <_eusrstack+0x20003400>
    285a:	c63e                	sw	a5,12(sp)
    285c:	c99fe0ef          	jal	ra,14f4 <I2C_CheckEvent>
    2860:	000307b7          	lui	a5,0x30
    2864:	00178593          	addi	a1,a5,1 # 30001 <_data_lma+0x28a05>
    2868:	47b2                	lw	a5,12(sp)
    286a:	c159                	beqz	a0,28f0 <D_I2C_Write+0xe4>
    286c:	4792                	lw	a5,4(sp)
    286e:	40048513          	addi	a0,s1,1024
    2872:	4601                	li	a2,0
    2874:	00179593          	slli	a1,a5,0x1
    2878:	0fe5f593          	andi	a1,a1,254
    287c:	c37fe0ef          	jal	ra,14b2 <I2C_Send7bitAddress>
    2880:	000704b7          	lui	s1,0x70
    2884:	3e800793          	li	a5,1000
    2888:	08248593          	addi	a1,s1,130 # 70082 <_data_lma+0x68a86>
    288c:	400054b7          	lui	s1,0x40005
    2890:	40048513          	addi	a0,s1,1024 # 40005400 <_eusrstack+0x20003400>
    2894:	c23e                	sw	a5,4(sp)
    2896:	c5ffe0ef          	jal	ra,14f4 <I2C_CheckEvent>
    289a:	000707b7          	lui	a5,0x70
    289e:	08278593          	addi	a1,a5,130 # 70082 <_data_lma+0x68a86>
    28a2:	4792                	lw	a5,4(sp)
    28a4:	c929                	beqz	a0,28f6 <D_I2C_Write+0xea>
    28a6:	45a2                	lw	a1,8(sp)
    28a8:	40048513          	addi	a0,s1,1024
    28ac:	000704b7          	lui	s1,0x70
    28b0:	bf7fe0ef          	jal	ra,14a6 <I2C_SendData>
    28b4:	3e800793          	li	a5,1000
    28b8:	08448493          	addi	s1,s1,132 # 70084 <_data_lma+0x68a88>
    28bc:	40005537          	lui	a0,0x40005
    28c0:	85a6                	mv	a1,s1
    28c2:	40050513          	addi	a0,a0,1024 # 40005400 <_eusrstack+0x20003400>
    28c6:	c23e                	sw	a5,4(sp)
    28c8:	c2dfe0ef          	jal	ra,14f4 <I2C_CheckEvent>
    28cc:	4792                	lw	a5,4(sp)
    28ce:	c51d                	beqz	a0,28fc <D_I2C_Write+0xf0>
    28d0:	10000737          	lui	a4,0x10000
    28d4:	08070793          	addi	a5,a4,128 # 10000080 <_data_lma+0xfff8a84>
    28d8:	84a2                	mv	s1,s0
    28da:	c23e                	sw	a5,4(sp)
    28dc:	3e800713          	li	a4,1000
    28e0:	a01d                	j	2906 <D_I2C_Write+0xfa>
    28e2:	17fd                	addi	a5,a5,-1
    28e4:	f3a9                	bnez	a5,2826 <D_I2C_Write+0x1a>
    28e6:	358d                	jal	2748 <I2C_SoftReset.constprop.0>
    28e8:	4505                	li	a0,1
    28ea:	0141                	addi	sp,sp,16
    28ec:	fc6fd06f          	j	b2 <__riscv_restore_0>
    28f0:	17fd                	addi	a5,a5,-1
    28f2:	f3a5                	bnez	a5,2852 <D_I2C_Write+0x46>
    28f4:	bfcd                	j	28e6 <D_I2C_Write+0xda>
    28f6:	17fd                	addi	a5,a5,-1
    28f8:	fbd1                	bnez	a5,288c <D_I2C_Write+0x80>
    28fa:	b7f5                	j	28e6 <D_I2C_Write+0xda>
    28fc:	17fd                	addi	a5,a5,-1
    28fe:	ffdd                	bnez	a5,28bc <D_I2C_Write+0xb0>
    2900:	b7dd                	j	28e6 <D_I2C_Write+0xda>
    2902:	177d                	addi	a4,a4,-1
    2904:	d36d                	beqz	a4,28e6 <D_I2C_Write+0xda>
    2906:	4592                	lw	a1,4(sp)
    2908:	400056b7          	lui	a3,0x40005
    290c:	40068513          	addi	a0,a3,1024 # 40005400 <_eusrstack+0x20003400>
    2910:	c43a                	sw	a4,8(sp)
    2912:	bf9fe0ef          	jal	ra,150a <I2C_GetFlagStatus>
    2916:	4722                	lw	a4,8(sp)
    2918:	400056b7          	lui	a3,0x40005
    291c:	d17d                	beqz	a0,2902 <D_I2C_Write+0xf6>
    291e:	208c                	lbu	a1,0(s1)
    2920:	40068513          	addi	a0,a3,1024 # 40005400 <_eusrstack+0x20003400>
    2924:	0485                	addi	s1,s1,1
    2926:	b81fe0ef          	jal	ra,14a6 <I2C_SendData>
    292a:	4782                	lw	a5,0(sp)
    292c:	0ff4f693          	zext.b	a3,s1
    2930:	00f40733          	add	a4,s0,a5
    2934:	0ff77713          	zext.b	a4,a4
    2938:	fad712e3          	bne	a4,a3,28dc <D_I2C_Write+0xd0>
    293c:	00070437          	lui	s0,0x70
    2940:	3e800493          	li	s1,1000
    2944:	08440593          	addi	a1,s0,132 # 70084 <_data_lma+0x68a88>
    2948:	40005437          	lui	s0,0x40005
    294c:	40040513          	addi	a0,s0,1024 # 40005400 <_eusrstack+0x20003400>
    2950:	ba5fe0ef          	jal	ra,14f4 <I2C_CheckEvent>
    2954:	000707b7          	lui	a5,0x70
    2958:	08478593          	addi	a1,a5,132 # 70084 <_data_lma+0x68a88>
    295c:	c901                	beqz	a0,296c <D_I2C_Write+0x160>
    295e:	40040513          	addi	a0,s0,1024
    2962:	4585                	li	a1,1
    2964:	b0ffe0ef          	jal	ra,1472 <I2C_GenerateSTOP>
    2968:	4501                	li	a0,0
    296a:	b741                	j	28ea <D_I2C_Write+0xde>
    296c:	14fd                	addi	s1,s1,-1
    296e:	fce9                	bnez	s1,2948 <D_I2C_Write+0x13c>
    2970:	bf9d                	j	28e6 <D_I2C_Write+0xda>

00002972 <D_I2C_Read>:
    2972:	f36fd2ef          	jal	t0,a8 <__riscv_save_0>
    2976:	1131                	addi	sp,sp,-20
    2978:	c22a                	sw	a0,4(sp)
    297a:	c42e                	sw	a1,8(sp)
    297c:	c036                	sw	a3,0(sp)
    297e:	16060863          	beqz	a2,2aee <D_I2C_Read+0x17c>
    2982:	16068663          	beqz	a3,2aee <D_I2C_Read+0x17c>
    2986:	40005437          	lui	s0,0x40005
    298a:	40040513          	addi	a0,s0,1024 # 40005400 <_eusrstack+0x20003400>
    298e:	4585                	li	a1,1
    2990:	84b2                	mv	s1,a2
    2992:	afbfe0ef          	jal	ra,148c <I2C_AcknowledgeConfig>
    2996:	65bd                	lui	a1,0xf
    2998:	40040513          	addi	a0,s0,1024
    299c:	7ff58593          	addi	a1,a1,2047 # f7ff <_data_lma+0x8203>
    29a0:	b33fe0ef          	jal	ra,14d2 <I2C_NACKPositionConfig>
    29a4:	41445783          	lhu	a5,1044(s0)
    29a8:	777d                	lui	a4,0xfffff
    29aa:	0ff70713          	addi	a4,a4,255 # fffff0ff <_eusrstack+0xdfffd0ff>
    29ae:	8ff9                	and	a5,a5,a4
    29b0:	40040413          	addi	s0,s0,1024
    29b4:	3e800713          	li	a4,1000
    29b8:	a85e                	sh	a5,20(s0)
    29ba:	2c1e                	lhu	a5,24(s0)
    29bc:	8b89                	andi	a5,a5,2
    29be:	12079363          	bnez	a5,2ae4 <D_I2C_Read+0x172>
    29c2:	8522                	mv	a0,s0
    29c4:	4585                	li	a1,1
    29c6:	a93fe0ef          	jal	ra,1458 <I2C_GenerateSTART>
    29ca:	4505                	li	a0,1
    29cc:	d07ff0ef          	jal	ra,26d2 <I2C_WaitStar1.constprop.0>
    29d0:	10051d63          	bnez	a0,2aea <D_I2C_Read+0x178>
    29d4:	4792                	lw	a5,4(sp)
    29d6:	8522                	mv	a0,s0
    29d8:	4601                	li	a2,0
    29da:	0786                	slli	a5,a5,0x1
    29dc:	0ff7f793          	zext.b	a5,a5
    29e0:	85be                	mv	a1,a5
    29e2:	c23e                	sw	a5,4(sp)
    29e4:	acffe0ef          	jal	ra,14b2 <I2C_Send7bitAddress>
    29e8:	4509                	li	a0,2
    29ea:	ce9ff0ef          	jal	ra,26d2 <I2C_WaitStar1.constprop.0>
    29ee:	0e051e63          	bnez	a0,2aea <D_I2C_Read+0x178>
    29f2:	285e                	lhu	a5,20(s0)
    29f4:	45a2                	lw	a1,8(sp)
    29f6:	8522                	mv	a0,s0
    29f8:	07c2                	slli	a5,a5,0x10
    29fa:	83c1                	srli	a5,a5,0x10
    29fc:	867c                	sh	a5,12(sp)
    29fe:	2c1e                	lhu	a5,24(s0)
    2a00:	07c2                	slli	a5,a5,0x10
    2a02:	83c1                	srli	a5,a5,0x10
    2a04:	867c                	sh	a5,12(sp)
    2a06:	863c                	lhu	a5,12(sp)
    2a08:	a9ffe0ef          	jal	ra,14a6 <I2C_SendData>
    2a0c:	4511                	li	a0,4
    2a0e:	cc5ff0ef          	jal	ra,26d2 <I2C_WaitStar1.constprop.0>
    2a12:	0c051c63          	bnez	a0,2aea <D_I2C_Read+0x178>
    2a16:	8522                	mv	a0,s0
    2a18:	4585                	li	a1,1
    2a1a:	a3ffe0ef          	jal	ra,1458 <I2C_GenerateSTART>
    2a1e:	4505                	li	a0,1
    2a20:	cb3ff0ef          	jal	ra,26d2 <I2C_WaitStar1.constprop.0>
    2a24:	e179                	bnez	a0,2aea <D_I2C_Read+0x178>
    2a26:	4702                	lw	a4,0(sp)
    2a28:	4789                	li	a5,2
    2a2a:	00f71863          	bne	a4,a5,2a3a <D_I2C_Read+0xc8>
    2a2e:	6585                	lui	a1,0x1
    2a30:	80058593          	addi	a1,a1,-2048 # 800 <__stack_size>
    2a34:	8522                	mv	a0,s0
    2a36:	a9dfe0ef          	jal	ra,14d2 <I2C_NACKPositionConfig>
    2a3a:	4592                	lw	a1,4(sp)
    2a3c:	40005437          	lui	s0,0x40005
    2a40:	4605                	li	a2,1
    2a42:	40040513          	addi	a0,s0,1024 # 40005400 <_eusrstack+0x20003400>
    2a46:	a6dfe0ef          	jal	ra,14b2 <I2C_Send7bitAddress>
    2a4a:	4509                	li	a0,2
    2a4c:	c87ff0ef          	jal	ra,26d2 <I2C_WaitStar1.constprop.0>
    2a50:	c22a                	sw	a0,4(sp)
    2a52:	ed41                	bnez	a0,2aea <D_I2C_Read+0x178>
    2a54:	4702                	lw	a4,0(sp)
    2a56:	4785                	li	a5,1
    2a58:	08f71e63          	bne	a4,a5,2af4 <D_I2C_Read+0x182>
    2a5c:	ff0ff0ef          	jal	ra,224c <__get_MSTATUS>
    2a60:	c02a                	sw	a0,0(sp)
    2a62:	08800793          	li	a5,136
    2a66:	3007b073          	.4byte	0x3007b073
    2a6a:	0000100f          	.4byte	0x100f
    2a6e:	4581                	li	a1,0
    2a70:	40040513          	addi	a0,s0,1024
    2a74:	a19fe0ef          	jal	ra,148c <I2C_AcknowledgeConfig>
    2a78:	41445783          	lhu	a5,1044(s0)
    2a7c:	40040413          	addi	s0,s0,1024
    2a80:	4585                	li	a1,1
    2a82:	07c2                	slli	a5,a5,0x10
    2a84:	83c1                	srli	a5,a5,0x10
    2a86:	877c                	sh	a5,14(sp)
    2a88:	2c1e                	lhu	a5,24(s0)
    2a8a:	8522                	mv	a0,s0
    2a8c:	07c2                	slli	a5,a5,0x10
    2a8e:	83c1                	srli	a5,a5,0x10
    2a90:	877c                	sh	a5,14(sp)
    2a92:	873c                	lhu	a5,14(sp)
    2a94:	9dffe0ef          	jal	ra,1472 <I2C_GenerateSTOP>
    2a98:	4502                	lw	a0,0(sp)
    2a9a:	fb8ff0ef          	jal	ra,2252 <__set_MSTATUS>
    2a9e:	04000513          	li	a0,64
    2aa2:	c31ff0ef          	jal	ra,26d2 <I2C_WaitStar1.constprop.0>
    2aa6:	e131                	bnez	a0,2aea <D_I2C_Read+0x178>
    2aa8:	8522                	mv	a0,s0
    2aaa:	a01fe0ef          	jal	ra,14aa <I2C_ReceiveData>
    2aae:	a088                	sb	a0,0(s1)
    2ab0:	40005537          	lui	a0,0x40005
    2ab4:	3e800713          	li	a4,1000
    2ab8:	40050513          	addi	a0,a0,1024 # 40005400 <_eusrstack+0x20003400>
    2abc:	2d1e                	lhu	a5,24(a0)
    2abe:	8b89                	andi	a5,a5,2
    2ac0:	14079363          	bnez	a5,2c06 <D_I2C_Read+0x294>
    2ac4:	4585                	li	a1,1
    2ac6:	9c7fe0ef          	jal	ra,148c <I2C_AcknowledgeConfig>
    2aca:	65bd                	lui	a1,0xf
    2acc:	400057b7          	lui	a5,0x40005
    2ad0:	7ff58593          	addi	a1,a1,2047 # f7ff <_data_lma+0x8203>
    2ad4:	40078513          	addi	a0,a5,1024 # 40005400 <_eusrstack+0x20003400>
    2ad8:	9fbfe0ef          	jal	ra,14d2 <I2C_NACKPositionConfig>
    2adc:	4512                	lw	a0,4(sp)
    2ade:	0151                	addi	sp,sp,20
    2ae0:	dd2fd06f          	j	b2 <__riscv_restore_0>
    2ae4:	177d                	addi	a4,a4,-1
    2ae6:	ec071ae3          	bnez	a4,29ba <D_I2C_Read+0x48>
    2aea:	c5fff0ef          	jal	ra,2748 <I2C_SoftReset.constprop.0>
    2aee:	4785                	li	a5,1
    2af0:	c23e                	sw	a5,4(sp)
    2af2:	b7ed                	j	2adc <D_I2C_Read+0x16a>
    2af4:	4702                	lw	a4,0(sp)
    2af6:	4789                	li	a5,2
    2af8:	06f71c63          	bne	a4,a5,2b70 <D_I2C_Read+0x1fe>
    2afc:	f50ff0ef          	jal	ra,224c <__get_MSTATUS>
    2b00:	c02a                	sw	a0,0(sp)
    2b02:	08800793          	li	a5,136
    2b06:	3007b073          	.4byte	0x3007b073
    2b0a:	0000100f          	.4byte	0x100f
    2b0e:	4581                	li	a1,0
    2b10:	40040513          	addi	a0,s0,1024
    2b14:	979fe0ef          	jal	ra,148c <I2C_AcknowledgeConfig>
    2b18:	41445783          	lhu	a5,1044(s0)
    2b1c:	4502                	lw	a0,0(sp)
    2b1e:	40040413          	addi	s0,s0,1024
    2b22:	07c2                	slli	a5,a5,0x10
    2b24:	83c1                	srli	a5,a5,0x10
    2b26:	80fc                	sh	a5,16(sp)
    2b28:	2c1e                	lhu	a5,24(s0)
    2b2a:	07c2                	slli	a5,a5,0x10
    2b2c:	83c1                	srli	a5,a5,0x10
    2b2e:	80fc                	sh	a5,16(sp)
    2b30:	80bc                	lhu	a5,16(sp)
    2b32:	f20ff0ef          	jal	ra,2252 <__set_MSTATUS>
    2b36:	4511                	li	a0,4
    2b38:	b9bff0ef          	jal	ra,26d2 <I2C_WaitStar1.constprop.0>
    2b3c:	f55d                	bnez	a0,2aea <D_I2C_Read+0x178>
    2b3e:	f0eff0ef          	jal	ra,224c <__get_MSTATUS>
    2b42:	c02a                	sw	a0,0(sp)
    2b44:	08800793          	li	a5,136
    2b48:	3007b073          	.4byte	0x3007b073
    2b4c:	0000100f          	.4byte	0x100f
    2b50:	4585                	li	a1,1
    2b52:	8522                	mv	a0,s0
    2b54:	91ffe0ef          	jal	ra,1472 <I2C_GenerateSTOP>
    2b58:	8522                	mv	a0,s0
    2b5a:	951fe0ef          	jal	ra,14aa <I2C_ReceiveData>
    2b5e:	a088                	sb	a0,0(s1)
    2b60:	8522                	mv	a0,s0
    2b62:	949fe0ef          	jal	ra,14aa <I2C_ReceiveData>
    2b66:	b088                	sb	a0,1(s1)
    2b68:	4502                	lw	a0,0(sp)
    2b6a:	ee8ff0ef          	jal	ra,2252 <__set_MSTATUS>
    2b6e:	b789                	j	2ab0 <D_I2C_Read+0x13e>
    2b70:	41445783          	lhu	a5,1044(s0)
    2b74:	07c2                	slli	a5,a5,0x10
    2b76:	83c1                	srli	a5,a5,0x10
    2b78:	81fc                	sh	a5,18(sp)
    2b7a:	41845783          	lhu	a5,1048(s0)
    2b7e:	07c2                	slli	a5,a5,0x10
    2b80:	83c1                	srli	a5,a5,0x10
    2b82:	81fc                	sh	a5,18(sp)
    2b84:	81bc                	lhu	a5,18(sp)
    2b86:	4782                	lw	a5,0(sp)
    2b88:	97a6                	add	a5,a5,s1
    2b8a:	0ff7f413          	zext.b	s0,a5
    2b8e:	409407b3          	sub	a5,s0,s1
    2b92:	0ff7f793          	zext.b	a5,a5
    2b96:	470d                	li	a4,3
    2b98:	04e79763          	bne	a5,a4,2be6 <D_I2C_Read+0x274>
    2b9c:	4511                	li	a0,4
    2b9e:	b35ff0ef          	jal	ra,26d2 <I2C_WaitStar1.constprop.0>
    2ba2:	f521                	bnez	a0,2aea <D_I2C_Read+0x178>
    2ba4:	40005437          	lui	s0,0x40005
    2ba8:	4581                	li	a1,0
    2baa:	40040513          	addi	a0,s0,1024 # 40005400 <_eusrstack+0x20003400>
    2bae:	8dffe0ef          	jal	ra,148c <I2C_AcknowledgeConfig>
    2bb2:	40040513          	addi	a0,s0,1024
    2bb6:	8f5fe0ef          	jal	ra,14aa <I2C_ReceiveData>
    2bba:	a088                	sb	a0,0(s1)
    2bbc:	4511                	li	a0,4
    2bbe:	b15ff0ef          	jal	ra,26d2 <I2C_WaitStar1.constprop.0>
    2bc2:	f20514e3          	bnez	a0,2aea <D_I2C_Read+0x178>
    2bc6:	4585                	li	a1,1
    2bc8:	40040513          	addi	a0,s0,1024
    2bcc:	8a7fe0ef          	jal	ra,1472 <I2C_GenerateSTOP>
    2bd0:	40040513          	addi	a0,s0,1024
    2bd4:	8d7fe0ef          	jal	ra,14aa <I2C_ReceiveData>
    2bd8:	b088                	sb	a0,1(s1)
    2bda:	40040513          	addi	a0,s0,1024
    2bde:	8cdfe0ef          	jal	ra,14aa <I2C_ReceiveData>
    2be2:	a0a8                	sb	a0,2(s1)
    2be4:	b5f1                	j	2ab0 <D_I2C_Read+0x13e>
    2be6:	04000513          	li	a0,64
    2bea:	ae9ff0ef          	jal	ra,26d2 <I2C_WaitStar1.constprop.0>
    2bee:	ee051ee3          	bnez	a0,2aea <D_I2C_Read+0x178>
    2bf2:	40005537          	lui	a0,0x40005
    2bf6:	40050513          	addi	a0,a0,1024 # 40005400 <_eusrstack+0x20003400>
    2bfa:	0485                	addi	s1,s1,1
    2bfc:	8affe0ef          	jal	ra,14aa <I2C_ReceiveData>
    2c00:	fea48fa3          	sb	a0,-1(s1)
    2c04:	b769                	j	2b8e <D_I2C_Read+0x21c>
    2c06:	177d                	addi	a4,a4,-1
    2c08:	ea071ae3          	bnez	a4,2abc <D_I2C_Read+0x14a>
    2c0c:	bdf9                	j	2aea <D_I2C_Read+0x178>

00002c0e <D_IWDG_Init>:
    2c0e:	c9afd2ef          	jal	t0,a8 <__riscv_save_0>
    2c12:	4505                	li	a0,1
    2c14:	6461                	lui	s0,0x18
    2c16:	abffe0ef          	jal	ra,16d4 <RCC_LSICmd>
    2c1a:	6a040413          	addi	s0,s0,1696 # 186a0 <_data_lma+0x110a4>
    2c1e:	06100513          	li	a0,97
    2c22:	be1fe0ef          	jal	ra,1802 <RCC_GetFlagStatus>
    2c26:	e509                	bnez	a0,2c30 <D_IWDG_Init+0x22>
    2c28:	147d                	addi	s0,s0,-1
    2c2a:	f875                	bnez	s0,2c1e <D_IWDG_Init+0x10>
    2c2c:	c86fd06f          	j	b2 <__riscv_restore_0>
    2c30:	6515                	lui	a0,0x5
    2c32:	55550513          	addi	a0,a0,1365 # 5555 <A_Encoder_Read+0x75>
    2c36:	907fe0ef          	jal	ra,153c <IWDG_WriteAccessCmd>
    2c3a:	4519                	li	a0,6
    2c3c:	909fe0ef          	jal	ra,1544 <IWDG_SetPrescaler>
    2c40:	3e800513          	li	a0,1000
    2c44:	909fe0ef          	jal	ra,154c <IWDG_SetReload>
    2c48:	90dfe0ef          	jal	ra,1554 <IWDG_ReloadCounter>
    2c4c:	917fe0ef          	jal	ra,1562 <IWDG_Enable>
    2c50:	bff1                	j	2c2c <D_IWDG_Init+0x1e>

00002c52 <D_IWDG_Feed>:
    2c52:	903fe06f          	j	1554 <IWDG_ReloadCounter>

00002c56 <D_Motor_Set>:
    2c56:	c52fd2ef          	jal	t0,a8 <__riscv_save_0>
    2c5a:	76fd                	lui	a3,0xfffff
    2c5c:	6a068693          	addi	a3,a3,1696 # fffff6a0 <_eusrstack+0xdfffd6a0>
    2c60:	1141                	addi	sp,sp,-16
    2c62:	872a                	mv	a4,a0
    2c64:	87b6                	mv	a5,a3
    2c66:	00d54363          	blt	a0,a3,2c6c <D_Motor_Set+0x16>
    2c6a:	87aa                	mv	a5,a0
    2c6c:	01079613          	slli	a2,a5,0x10
    2c70:	6685                	lui	a3,0x1
    2c72:	8641                	srai	a2,a2,0x10
    2c74:	96068693          	addi	a3,a3,-1696 # 960 <ADC_SoftwareStartInjectedConvCmd+0x16>
    2c78:	00c6d363          	bge	a3,a2,2c7e <D_Motor_Set+0x28>
    2c7c:	87b6                	mv	a5,a3
    2c7e:	01079693          	slli	a3,a5,0x10
    2c82:	86c1                	srai	a3,a3,0x10
    2c84:	c236                	sw	a3,4(sp)
    2c86:	200006b7          	lui	a3,0x20000
    2c8a:	03869683          	lh	a3,56(a3) # 20000038 <s_motor_pwm>
    2c8e:	01079613          	slli	a2,a5,0x10
    2c92:	8641                	srai	a2,a2,0x10
    2c94:	08c68863          	beq	a3,a2,2d24 <D_Motor_Set+0xce>
    2c98:	01079513          	slli	a0,a5,0x10
    2c9c:	8141                	srli	a0,a0,0x10
    2c9e:	4485                	li	s1,1
    2ca0:	00e04a63          	bgtz	a4,2cb4 <D_Motor_Set+0x5e>
    2ca4:	4481                	li	s1,0
    2ca6:	c719                	beqz	a4,2cb4 <D_Motor_Set+0x5e>
    2ca8:	40a007b3          	neg	a5,a0
    2cac:	01079513          	slli	a0,a5,0x10
    2cb0:	8141                	srli	a0,a0,0x10
    2cb2:	54fd                	li	s1,-1
    2cb4:	6405                	lui	s0,0x1
    2cb6:	96040413          	addi	s0,s0,-1696 # 960 <ADC_SoftwareStartInjectedConvCmd+0x16>
    2cba:	8c09                	sub	s0,s0,a0
    2cbc:	01041793          	slli	a5,s0,0x10
    2cc0:	83c1                	srli	a5,a5,0x10
    2cc2:	c03e                	sw	a5,0(sp)
    2cc4:	8bd18783          	lb	a5,-1859(gp) # 2000014d <s_motor_direction>
    2cc8:	c63a                	sw	a4,12(sp)
    2cca:	c43e                	sw	a5,8(sp)
    2ccc:	2e99                	jal	3022 <D_TIM2_ADC_Trigger_Set>
    2cce:	891ff0ef          	jal	ra,255e <D_ADC_Current_Window_Set>
    2cd2:	47a2                	lw	a5,8(sp)
    2cd4:	4732                	lw	a4,12(sp)
    2cd6:	02f48063          	beq	s1,a5,2cf6 <D_Motor_Set+0xa0>
    2cda:	4581                	li	a1,0
    2cdc:	40000537          	lui	a0,0x40000
    2ce0:	c43a                	sw	a4,8(sp)
    2ce2:	96eff0ef          	jal	ra,1e50 <TIM_SetCompare2>
    2ce6:	40013537          	lui	a0,0x40013
    2cea:	4581                	li	a1,0
    2cec:	c0050513          	addi	a0,a0,-1024 # 40012c00 <_eusrstack+0x20010c00>
    2cf0:	938ff0ef          	jal	ra,1e28 <TIM_SetCompare1>
    2cf4:	4722                	lw	a4,8(sp)
    2cf6:	6585                	lui	a1,0x1
    2cf8:	96058593          	addi	a1,a1,-1696 # 960 <ADC_SoftwareStartInjectedConvCmd+0x16>
    2cfc:	02074863          	bltz	a4,2d2c <D_Motor_Set+0xd6>
    2d00:	40000537          	lui	a0,0x40000
    2d04:	94cff0ef          	jal	ra,1e50 <TIM_SetCompare2>
    2d08:	4582                	lw	a1,0(sp)
    2d0a:	40013537          	lui	a0,0x40013
    2d0e:	c0050513          	addi	a0,a0,-1024 # 40012c00 <_eusrstack+0x20010c00>
    2d12:	916ff0ef          	jal	ra,1e28 <TIM_SetCompare1>
    2d16:	4712                	lw	a4,4(sp)
    2d18:	200007b7          	lui	a5,0x20000
    2d1c:	8a918ea3          	sb	s1,-1859(gp) # 2000014d <s_motor_direction>
    2d20:	02e79c23          	sh	a4,56(a5) # 20000038 <s_motor_pwm>
    2d24:	4512                	lw	a0,4(sp)
    2d26:	0141                	addi	sp,sp,16
    2d28:	b8afd06f          	j	b2 <__riscv_restore_0>
    2d2c:	40013537          	lui	a0,0x40013
    2d30:	c0050513          	addi	a0,a0,-1024 # 40012c00 <_eusrstack+0x20010c00>
    2d34:	8f4ff0ef          	jal	ra,1e28 <TIM_SetCompare1>
    2d38:	4582                	lw	a1,0(sp)
    2d3a:	40000537          	lui	a0,0x40000
    2d3e:	912ff0ef          	jal	ra,1e50 <TIM_SetCompare2>
    2d42:	bfd1                	j	2d16 <D_Motor_Set+0xc0>

00002d44 <D_Motor_Release>:
    2d44:	b64fd2ef          	jal	t0,a8 <__riscv_save_0>
    2d48:	842a                	mv	s0,a0
    2d4a:	4501                	li	a0,0
    2d4c:	2cd9                	jal	3022 <D_TIM2_ADC_Trigger_Set>
    2d4e:	811ff0ef          	jal	ra,255e <D_ADC_Current_Window_Set>
    2d52:	c81d                	beqz	s0,2d88 <D_Motor_Release+0x44>
    2d54:	6405                	lui	s0,0x1
    2d56:	40013537          	lui	a0,0x40013
    2d5a:	96040593          	addi	a1,s0,-1696 # 960 <ADC_SoftwareStartInjectedConvCmd+0x16>
    2d5e:	c0050513          	addi	a0,a0,-1024 # 40012c00 <_eusrstack+0x20010c00>
    2d62:	8c6ff0ef          	jal	ra,1e28 <TIM_SetCompare1>
    2d66:	96040593          	addi	a1,s0,-1696
    2d6a:	40000537          	lui	a0,0x40000
    2d6e:	8e2ff0ef          	jal	ra,1e50 <TIM_SetCompare2>
    2d72:	8a018ea3          	sb	zero,-1859(gp) # 2000014d <s_motor_direction>
    2d76:	6785                	lui	a5,0x1
    2d78:	20000737          	lui	a4,0x20000
    2d7c:	96178793          	addi	a5,a5,-1695 # 961 <ADC_SoftwareStartInjectedConvCmd+0x17>
    2d80:	02f71c23          	sh	a5,56(a4) # 20000038 <s_motor_pwm>
    2d84:	b2efd06f          	j	b2 <__riscv_restore_0>
    2d88:	40013537          	lui	a0,0x40013
    2d8c:	4581                	li	a1,0
    2d8e:	c0050513          	addi	a0,a0,-1024 # 40012c00 <_eusrstack+0x20010c00>
    2d92:	896ff0ef          	jal	ra,1e28 <TIM_SetCompare1>
    2d96:	4581                	li	a1,0
    2d98:	bfc9                	j	2d6a <D_Motor_Release+0x26>

00002d9a <D_MT6701_Init>:
    2d9a:	b0efd2ef          	jal	t0,a8 <__riscv_save_0>
    2d9e:	1171                	addi	sp,sp,-4
    2da0:	860a                	mv	a2,sp
    2da2:	4689                	li	a3,2
    2da4:	458d                	li	a1,3
    2da6:	4519                	li	a0,6
    2da8:	bcbff0ef          	jal	ra,2972 <D_I2C_Read>
    2dac:	0111                	addi	sp,sp,4
    2dae:	b04fd06f          	j	b2 <__riscv_restore_0>

00002db2 <D_OPA1_Init>:
    2db2:	af6fd2ef          	jal	t0,a8 <__riscv_save_0>
    2db6:	fa410113          	addi	sp,sp,-92
    2dba:	05000613          	li	a2,80
    2dbe:	4581                	li	a1,0
    2dc0:	0068                	addi	a0,sp,12
    2dc2:	c002                	sw	zero,0(sp)
    2dc4:	c202                	sw	zero,4(sp)
    2dc6:	c402                	sw	zero,8(sp)
    2dc8:	b88fd0ef          	jal	ra,150 <memset>
    2dcc:	817fe0ef          	jal	ra,15e2 <OPA_Unlock>
    2dd0:	4585                	li	a1,1
    2dd2:	4511                	li	a0,4
    2dd4:	9d5fe0ef          	jal	ra,17a8 <RCC_PB2PeriphClockCmd>
    2dd8:	40011537          	lui	a0,0x40011
    2ddc:	858a                	mv	a1,sp
    2dde:	4411                	li	s0,4
    2de0:	80050513          	addi	a0,a0,-2048 # 40010800 <_eusrstack+0x2000e800>
    2de4:	8060                	sh	s0,0(sp)
    2de6:	c402                	sw	zero,8(sp)
    2de8:	974fe0ef          	jal	ra,f5c <GPIO_Init>
    2dec:	4785                	li	a5,1
    2dee:	0068                	addi	a0,sp,12
    2df0:	c2be                	sw	a5,68(sp)
    2df2:	ccbe                	sw	a5,88(sp)
    2df4:	c6be                	sw	a5,76(sp)
    2df6:	c8be                	sw	a5,80(sp)
    2df8:	c0a2                	sw	s0,64(sp)
    2dfa:	dc02                	sw	zero,56(sp)
    2dfc:	c482                	sw	zero,72(sp)
    2dfe:	de02                	sw	zero,60(sp)
    2e00:	80dfe0ef          	jal	ra,160c <OPA_Init>
    2e04:	4505                	li	a0,1
    2e06:	89ffe0ef          	jal	ra,16a4 <OPA_Cmd>
    2e0a:	ff2fe0ef          	jal	ra,15fc <OPA_Lock>
    2e0e:	05c10113          	addi	sp,sp,92
    2e12:	aa0fd06f          	j	b2 <__riscv_restore_0>

00002e16 <SPI1_Recover>:
    2e16:	a92fd2ef          	jal	t0,a8 <__riscv_save_0>
    2e1a:	4581                	li	a1,0
    2e1c:	40013537          	lui	a0,0x40013
    2e20:	a47fe0ef          	jal	ra,1866 <SPI_Cmd>
    2e24:	4585                	li	a1,1
    2e26:	40013537          	lui	a0,0x40013
    2e2a:	a3dfe0ef          	jal	ra,1866 <SPI_Cmd>
    2e2e:	a84fd06f          	j	b2 <__riscv_restore_0>

00002e32 <D_SPI1_Init>:
    2e32:	a76fd2ef          	jal	t0,a8 <__riscv_save_0>
    2e36:	6505                	lui	a0,0x1
    2e38:	1101                	addi	sp,sp,-32
    2e3a:	4585                	li	a1,1
    2e3c:	0541                	addi	a0,a0,16 # 1010 <GPIO_PinRemapConfig+0x2e>
    2e3e:	c002                	sw	zero,0(sp)
    2e40:	c202                	sw	zero,4(sp)
    2e42:	c402                	sw	zero,8(sp)
    2e44:	c602                	sw	zero,12(sp)
    2e46:	c802                	sw	zero,16(sp)
    2e48:	ca02                	sw	zero,20(sp)
    2e4a:	cc02                	sw	zero,24(sp)
    2e4c:	00011e23          	sh	zero,28(sp)
    2e50:	959fe0ef          	jal	ra,17a8 <RCC_PB2PeriphClockCmd>
    2e54:	02000793          	li	a5,32
    2e58:	807c                	sh	a5,0(sp)
    2e5a:	47e1                	li	a5,24
    2e5c:	c43e                	sw	a5,8(sp)
    2e5e:	858a                	mv	a1,sp
    2e60:	4785                	li	a5,1
    2e62:	40011537          	lui	a0,0x40011
    2e66:	c23e                	sw	a5,4(sp)
    2e68:	8f4fe0ef          	jal	ra,f5c <GPIO_Init>
    2e6c:	04000793          	li	a5,64
    2e70:	858a                	mv	a1,sp
    2e72:	40011537          	lui	a0,0x40011
    2e76:	807c                	sh	a5,0(sp)
    2e78:	8e4fe0ef          	jal	ra,f5c <GPIO_Init>
    2e7c:	010407b7          	lui	a5,0x1040
    2e80:	c63e                	sw	a5,12(sp)
    2e82:	020007b7          	lui	a5,0x2000
    2e86:	ca3e                	sw	a5,20(sp)
    2e88:	47c1                	li	a5,16
    2e8a:	cc3e                	sw	a5,24(sp)
    2e8c:	006c                	addi	a1,sp,12
    2e8e:	479d                	li	a5,7
    2e90:	40013537          	lui	a0,0x40013
    2e94:	86fc                	sh	a5,28(sp)
    2e96:	c802                	sw	zero,16(sp)
    2e98:	99bfe0ef          	jal	ra,1832 <SPI_Init>
    2e9c:	4585                	li	a1,1
    2e9e:	40013537          	lui	a0,0x40013
    2ea2:	9c5fe0ef          	jal	ra,1866 <SPI_Cmd>
    2ea6:	6105                	addi	sp,sp,32
    2ea8:	a0afd06f          	j	b2 <__riscv_restore_0>

00002eac <D_SPI1_Send_Buf>:
    2eac:	9fcfd2ef          	jal	t0,a8 <__riscv_save_0>
    2eb0:	1161                	addi	sp,sp,-8
    2eb2:	00b507b3          	add	a5,a0,a1
    2eb6:	6409                	lui	s0,0x2
    2eb8:	84aa                	mv	s1,a0
    2eba:	c03e                	sw	a5,0(sp)
    2ebc:	71040413          	addi	s0,s0,1808 # 2710 <I2C_ApplyConfig.constprop.0+0x14>
    2ec0:	4782                	lw	a5,0(sp)
    2ec2:	02f49463          	bne	s1,a5,2eea <D_SPI1_Send_Buf+0x3e>
    2ec6:	08000593          	li	a1,128
    2eca:	40013537          	lui	a0,0x40013
    2ece:	9b7fe0ef          	jal	ra,1884 <SPI_I2S_GetFlagStatus>
    2ed2:	4785                	li	a5,1
    2ed4:	00f51863          	bne	a0,a5,2ee4 <D_SPI1_Send_Buf+0x38>
    2ed8:	147d                	addi	s0,s0,-1
    2eda:	f475                	bnez	s0,2ec6 <D_SPI1_Send_Buf+0x1a>
    2edc:	a019                	j	2ee2 <D_SPI1_Send_Buf+0x36>
    2ede:	177d                	addi	a4,a4,-1
    2ee0:	e711                	bnez	a4,2eec <D_SPI1_Send_Buf+0x40>
    2ee2:	3f15                	jal	2e16 <SPI1_Recover>
    2ee4:	0121                	addi	sp,sp,8
    2ee6:	9ccfd06f          	j	b2 <__riscv_restore_0>
    2eea:	8722                	mv	a4,s0
    2eec:	4589                	li	a1,2
    2eee:	40013537          	lui	a0,0x40013
    2ef2:	c23a                	sw	a4,4(sp)
    2ef4:	991fe0ef          	jal	ra,1884 <SPI_I2S_GetFlagStatus>
    2ef8:	4712                	lw	a4,4(sp)
    2efa:	d175                	beqz	a0,2ede <D_SPI1_Send_Buf+0x32>
    2efc:	208c                	lbu	a1,0(s1)
    2efe:	40013537          	lui	a0,0x40013
    2f02:	0485                	addi	s1,s1,1
    2f04:	97dfe0ef          	jal	ra,1880 <SPI_I2S_SendData>
    2f08:	bf65                	j	2ec0 <D_SPI1_Send_Buf+0x14>

00002f0a <PWM_ResetCaptureState>:
    2f0a:	8c0186a3          	sb	zero,-1843(gp) # 2000015d <s_ic_wait_falling>
    2f0e:	8c018623          	sb	zero,-1844(gp) # 2000015c <s_ic_have_rise>
    2f12:	40013537          	lui	a0,0x40013
    2f16:	8c01a423          	sw	zero,-1848(gp) # 20000158 <s_ic_rise_time>
    2f1a:	4581                	li	a1,0
    2f1c:	c0050513          	addi	a0,a0,-1024 # 40012c00 <_eusrstack+0x20010c00>
    2f20:	8c018223          	sb	zero,-1852(gp) # 20000154 <s_ic_period_valid>
    2f24:	e63fe06f          	j	1d86 <TIM_OC2PolarityConfig>

00002f28 <D_TIM2_PWM_Init>:
    2f28:	980fd2ef          	jal	t0,a8 <__riscv_save_0>
    2f2c:	fd810113          	addi	sp,sp,-40
    2f30:	4585                	li	a1,1
    2f32:	02000513          	li	a0,32
    2f36:	c602                	sw	zero,12(sp)
    2f38:	c802                	sw	zero,16(sp)
    2f3a:	ca02                	sw	zero,20(sp)
    2f3c:	c002                	sw	zero,0(sp)
    2f3e:	c202                	sw	zero,4(sp)
    2f40:	00011423          	sh	zero,8(sp)
    2f44:	cc02                	sw	zero,24(sp)
    2f46:	ce02                	sw	zero,28(sp)
    2f48:	d002                	sw	zero,32(sp)
    2f4a:	d202                	sw	zero,36(sp)
    2f4c:	85dfe0ef          	jal	ra,17a8 <RCC_PB2PeriphClockCmd>
    2f50:	4585                	li	a1,1
    2f52:	4505                	li	a0,1
    2f54:	873fe0ef          	jal	ra,17c6 <RCC_PB1PeriphClockCmd>
    2f58:	47a1                	li	a5,8
    2f5a:	867c                	sh	a5,12(sp)
    2f5c:	40011537          	lui	a0,0x40011
    2f60:	4785                	li	a5,1
    2f62:	c83e                	sw	a5,16(sp)
    2f64:	006c                	addi	a1,sp,12
    2f66:	47e1                	li	a5,24
    2f68:	40050513          	addi	a0,a0,1024 # 40011400 <_eusrstack+0x2000f400>
    2f6c:	ca3e                	sw	a5,20(sp)
    2f6e:	feffd0ef          	jal	ra,f5c <GPIO_Init>
    2f72:	6785                	lui	a5,0x1
    2f74:	95f78793          	addi	a5,a5,-1697 # 95f <ADC_SoftwareStartInjectedConvCmd+0x15>
    2f78:	858a                	mv	a1,sp
    2f7a:	40000537          	lui	a0,0x40000
    2f7e:	c23e                	sw	a5,4(sp)
    2f80:	c002                	sw	zero,0(sp)
    2f82:	9c9fe0ef          	jal	ra,194a <TIM_TimeBaseInit>
    2f86:	0828                	addi	a0,sp,24
    2f88:	c17fe0ef          	jal	ra,1b9e <TIM_OCStructInit>
    2f8c:	67c1                	lui	a5,0x10
    2f8e:	06078793          	addi	a5,a5,96 # 10060 <_data_lma+0x8a64>
    2f92:	082c                	addi	a1,sp,24
    2f94:	40000537          	lui	a0,0x40000
    2f98:	cc3e                	sw	a5,24(sp)
    2f9a:	00011f23          	sh	zero,30(sp)
    2f9e:	02011023          	sh	zero,32(sp)
    2fa2:	abdfe0ef          	jal	ra,1a5e <TIM_OC2Init>
    2fa6:	4605                	li	a2,1
    2fa8:	4591                	li	a1,4
    2faa:	40000537          	lui	a0,0x40000
    2fae:	deffe0ef          	jal	ra,1d9c <TIM_CCxCmd>
    2fb2:	45a1                	li	a1,8
    2fb4:	40000537          	lui	a0,0x40000
    2fb8:	d43fe0ef          	jal	ra,1cfa <TIM_OC2PreloadConfig>
    2fbc:	4585                	li	a1,1
    2fbe:	40000537          	lui	a0,0x40000
    2fc2:	ca3fe0ef          	jal	ra,1c64 <TIM_ARRPreloadConfig>
    2fc6:	0828                	addi	a0,sp,24
    2fc8:	bd7fe0ef          	jal	ra,1b9e <TIM_OCStructInit>
    2fcc:	07000793          	li	a5,112
    2fd0:	cc3e                	sw	a5,24(sp)
    2fd2:	082c                	addi	a1,sp,24
    2fd4:	4b000793          	li	a5,1200
    2fd8:	40000537          	lui	a0,0x40000
    2fdc:	87fc                	sh	a5,30(sp)
    2fde:	02011023          	sh	zero,32(sp)
    2fe2:	b55fe0ef          	jal	ra,1b36 <TIM_OC4Init>
    2fe6:	45a1                	li	a1,8
    2fe8:	40000537          	lui	a0,0x40000
    2fec:	d55fe0ef          	jal	ra,1d40 <TIM_OC4PreloadConfig>
    2ff0:	07000593          	li	a1,112
    2ff4:	40000537          	lui	a0,0x40000
    2ff8:	dc5fe0ef          	jal	ra,1dbc <TIM_SelectOutputTrigger>
    2ffc:	4581                	li	a1,0
    2ffe:	40000537          	lui	a0,0x40000
    3002:	c53fe0ef          	jal	ra,1c54 <TIM_SelectInputTrigger>
    3006:	4591                	li	a1,4
    3008:	40000537          	lui	a0,0x40000
    300c:	dc9fe0ef          	jal	ra,1dd4 <TIM_SelectSlaveMode>
    3010:	4585                	li	a1,1
    3012:	40000537          	lui	a0,0x40000
    3016:	bc1fe0ef          	jal	ra,1bd6 <TIM_Cmd>
    301a:	02810113          	addi	sp,sp,40
    301e:	894fd06f          	j	b2 <__riscv_restore_0>

00003022 <D_TIM2_ADC_Trigger_Set>:
    3022:	886fd2ef          	jal	t0,a8 <__riscv_save_0>
    3026:	6785                	lui	a5,0x1
    3028:	96078793          	addi	a5,a5,-1696 # 960 <ADC_SoftwareStartInjectedConvCmd+0x16>
    302c:	00a7ef63          	bltu	a5,a0,304a <D_TIM2_ADC_Trigger_Set+0x28>
    3030:	0d300793          	li	a5,211
    3034:	00a7ec63          	bltu	a5,a0,304c <D_TIM2_ADC_Trigger_Set+0x2a>
    3038:	40000537          	lui	a0,0x40000
    303c:	4b000593          	li	a1,1200
    3040:	e39fe0ef          	jal	ra,1e78 <TIM_SetCompare4>
    3044:	4501                	li	a0,0
    3046:	86cfd06f          	j	b2 <__riscv_restore_0>
    304a:	853e                	mv	a0,a5
    304c:	6785                	lui	a5,0x1
    304e:	00155713          	srli	a4,a0,0x1
    3052:	94078593          	addi	a1,a5,-1728 # 940 <ADC_ExternalTrigInjectedConvCmd+0xa>
    3056:	9c678793          	addi	a5,a5,-1594
    305a:	40a78533          	sub	a0,a5,a0
    305e:	8d99                	sub	a1,a1,a4
    3060:	00a5f363          	bgeu	a1,a0,3066 <D_TIM2_ADC_Trigger_Set+0x44>
    3064:	85aa                	mv	a1,a0
    3066:	05c2                	slli	a1,a1,0x10
    3068:	40000537          	lui	a0,0x40000
    306c:	81c1                	srli	a1,a1,0x10
    306e:	e0bfe0ef          	jal	ra,1e78 <TIM_SetCompare4>
    3072:	4505                	li	a0,1
    3074:	bfc9                	j	3046 <D_TIM2_ADC_Trigger_Set+0x24>

00003076 <D_TIM1_PWM_IC_Init>:
    3076:	832fd2ef          	jal	t0,a8 <__riscv_save_0>
    307a:	6605                	lui	a2,0x1
    307c:	fc410113          	addi	sp,sp,-60
    3080:	82460513          	addi	a0,a2,-2012 # 824 <ADC_Init+0x22>
    3084:	4585                	li	a1,1
    3086:	40011437          	lui	s0,0x40011
    308a:	d002                	sw	zero,32(sp)
    308c:	d202                	sw	zero,36(sp)
    308e:	d402                	sw	zero,40(sp)
    3090:	c002                	sw	zero,0(sp)
    3092:	c202                	sw	zero,4(sp)
    3094:	c402                	sw	zero,8(sp)
    3096:	c602                	sw	zero,12(sp)
    3098:	00011823          	sh	zero,16(sp)
    309c:	d602                	sw	zero,44(sp)
    309e:	d802                	sw	zero,48(sp)
    30a0:	da02                	sw	zero,52(sp)
    30a2:	dc02                	sw	zero,56(sp)
    30a4:	ca02                	sw	zero,20(sp)
    30a6:	cc02                	sw	zero,24(sp)
    30a8:	00011e23          	sh	zero,28(sp)
    30ac:	efcfe0ef          	jal	ra,17a8 <RCC_PB2PeriphClockCmd>
    30b0:	4711                	li	a4,4
    30b2:	47e1                	li	a5,24
    30b4:	4485                	li	s1,1
    30b6:	100c                	addi	a1,sp,32
    30b8:	40040513          	addi	a0,s0,1024 # 40011400 <_eusrstack+0x2000f400>
    30bc:	02e11023          	sh	a4,32(sp)
    30c0:	d43e                	sw	a5,40(sp)
    30c2:	d226                	sw	s1,36(sp)
    30c4:	e99fd0ef          	jal	ra,f5c <GPIO_Init>
    30c8:	80040513          	addi	a0,s0,-2048
    30cc:	4589                	li	a1,2
    30ce:	f11fd0ef          	jal	ra,fde <GPIO_SetBits>
    30d2:	4689                	li	a3,2
    30d4:	02d11023          	sh	a3,32(sp)
    30d8:	100c                	addi	a1,sp,32
    30da:	46d1                	li	a3,20
    30dc:	80040513          	addi	a0,s0,-2048
    30e0:	d436                	sw	a3,40(sp)
    30e2:	e7bfd0ef          	jal	ra,f5c <GPIO_Init>
    30e6:	6605                	lui	a2,0x1
    30e8:	95f60413          	addi	s0,a2,-1697 # 95f <ADC_SoftwareStartInjectedConvCmd+0x15>
    30ec:	c622                	sw	s0,12(sp)
    30ee:	40013437          	lui	s0,0x40013
    30f2:	002c                	addi	a1,sp,8
    30f4:	c0040513          	addi	a0,s0,-1024 # 40012c00 <_eusrstack+0x20010c00>
    30f8:	c402                	sw	zero,8(sp)
    30fa:	00010823          	sb	zero,16(sp)
    30fe:	84dfe0ef          	jal	ra,194a <TIM_TimeBaseInit>
    3102:	1068                	addi	a0,sp,44
    3104:	a9bfe0ef          	jal	ra,1b9e <TIM_OCStructInit>
    3108:	67c1                	lui	a5,0x10
    310a:	06078793          	addi	a5,a5,96 # 10060 <_data_lma+0x8a64>
    310e:	106c                	addi	a1,sp,44
    3110:	c0040513          	addi	a0,s0,-1024
    3114:	d63e                	sw	a5,44(sp)
    3116:	02011923          	sh	zero,50(sp)
    311a:	02011a23          	sh	zero,52(sp)
    311e:	899fe0ef          	jal	ra,19b6 <TIM_OC1Init>
    3122:	c0040513          	addi	a0,s0,-1024
    3126:	4585                	li	a1,1
    3128:	b3dfe0ef          	jal	ra,1c64 <TIM_ARRPreloadConfig>
    312c:	c0040513          	addi	a0,s0,-1024
    3130:	02000593          	li	a1,32
    3134:	c89fe0ef          	jal	ra,1dbc <TIM_SelectOutputTrigger>
    3138:	45a1                	li	a1,8
    313a:	c0040513          	addi	a0,s0,-1024
    313e:	b7ffe0ef          	jal	ra,1cbc <TIM_OC1PreloadConfig>
    3142:	0848                	addi	a0,sp,20
    3144:	a7dfe0ef          	jal	ra,1bc0 <TIM_ICStructInit>
    3148:	4711                	li	a4,4
    314a:	084c                	addi	a1,sp,20
    314c:	c0040513          	addi	a0,s0,-1024
    3150:	ca3a                	sw	a4,20(sp)
    3152:	cc26                	sw	s1,24(sp)
    3154:	00011e23          	sh	zero,28(sp)
    3158:	da9fe0ef          	jal	ra,1f00 <TIM_ICInit>
    315c:	c0040513          	addi	a0,s0,-1024
    3160:	4595                	li	a1,5
    3162:	efdfe0ef          	jal	ra,205e <TIM_ClearITPendingBit>
    3166:	c0040513          	addi	a0,s0,-1024
    316a:	40000593          	li	a1,1024
    316e:	ecdfe0ef          	jal	ra,203a <TIM_ClearFlag>
    3172:	4605                	li	a2,1
    3174:	4585                	li	a1,1
    3176:	c0040513          	addi	a0,s0,-1024
    317a:	ac9fe0ef          	jal	ra,1c42 <TIM_ITConfig>
    317e:	02500793          	li	a5,37
    3182:	850a                	mv	a0,sp
    3184:	807c                	sh	a5,0(sp)
    3186:	8144                	sb	s1,2(sp)
    3188:	c202                	sw	zero,4(sp)
    318a:	bf6fe0ef          	jal	ra,1580 <NVIC_Init>
    318e:	12300793          	li	a5,291
    3192:	850a                	mv	a0,sp
    3194:	807c                	sh	a5,0(sp)
    3196:	c226                	sw	s1,4(sp)
    3198:	00010123          	sb	zero,2(sp)
    319c:	be4fe0ef          	jal	ra,1580 <NVIC_Init>
    31a0:	c0040513          	addi	a0,s0,-1024
    31a4:	4585                	li	a1,1
    31a6:	a87fe0ef          	jal	ra,1c2c <TIM_CtrlPWMOutputs>
    31aa:	4585                	li	a1,1
    31ac:	c0040513          	addi	a0,s0,-1024
    31b0:	a27fe0ef          	jal	ra,1bd6 <TIM_Cmd>
    31b4:	03c10113          	addi	sp,sp,60
    31b8:	efbfc06f          	j	b2 <__riscv_restore_0>

000031bc <D_PWM_Read>:
    31bc:	eedfc2ef          	jal	t0,a8 <__riscv_save_0>
    31c0:	88cff0ef          	jal	ra,224c <__get_MSTATUS>
    31c4:	08800793          	li	a5,136
    31c8:	3007b073          	.4byte	0x3007b073
    31cc:	0000100f          	.4byte	0x100f
    31d0:	8be1d403          	lhu	s0,-1858(gp) # 2000014e <s_pulse_us>
    31d4:	8a019f23          	sh	zero,-1858(gp) # 2000014e <s_pulse_us>
    31d8:	87aff0ef          	jal	ra,2252 <__set_MSTATUS>
    31dc:	0442                	slli	s0,s0,0x10
    31de:	8041                	srli	s0,s0,0x10
    31e0:	8522                	mv	a0,s0
    31e2:	ed1fc06f          	j	b2 <__riscv_restore_0>

000031e6 <D_PWM_Input_Enable>:
    31e6:	ec3fc2ef          	jal	t0,a8 <__riscv_save_0>
    31ea:	1141                	addi	sp,sp,-16
    31ec:	4709                	li	a4,2
    31ee:	40013437          	lui	s0,0x40013
    31f2:	c02a                	sw	a0,0(sp)
    31f4:	8278                	sh	a4,4(sp)
    31f6:	4601                	li	a2,0
    31f8:	4705                	li	a4,1
    31fa:	4591                	li	a1,4
    31fc:	c0040513          	addi	a0,s0,-1024 # 40012c00 <_eusrstack+0x20010c00>
    3200:	00011323          	sh	zero,6(sp)
    3204:	00011623          	sh	zero,12(sp)
    3208:	00011723          	sh	zero,14(sp)
    320c:	c43a                	sw	a4,8(sp)
    320e:	a35fe0ef          	jal	ra,1c42 <TIM_ITConfig>
    3212:	02000493          	li	s1,32
    3216:	e000e7b7          	lui	a5,0xe000e
    321a:	1897a223          	sw	s1,388(a5) # e000e184 <_eusrstack+0xc000c184>
    321e:	0000100f          	.4byte	0x100f
    3222:	4591                	li	a1,4
    3224:	c0040513          	addi	a0,s0,-1024
    3228:	e37fe0ef          	jal	ra,205e <TIM_ClearITPendingBit>
    322c:	40000593          	li	a1,1024
    3230:	c0040513          	addi	a0,s0,-1024
    3234:	e07fe0ef          	jal	ra,203a <TIM_ClearFlag>
    3238:	8c01a023          	sw	zero,-1856(gp) # 20000150 <s_ic_overflow>
    323c:	ccfff0ef          	jal	ra,2f0a <PWM_ResetCaptureState>
    3240:	4782                	lw	a5,0(sp)
    3242:	8a019f23          	sh	zero,-1858(gp) # 2000014e <s_pulse_us>
    3246:	c3b9                	beqz	a5,328c <D_PWM_Input_Enable+0xa6>
    3248:	40011537          	lui	a0,0x40011
    324c:	04800793          	li	a5,72
    3250:	004c                	addi	a1,sp,4
    3252:	80050513          	addi	a0,a0,-2048 # 40010800 <_eusrstack+0x2000e800>
    3256:	c63e                	sw	a5,12(sp)
    3258:	d05fd0ef          	jal	ra,f5c <GPIO_Init>
    325c:	4591                	li	a1,4
    325e:	c0040513          	addi	a0,s0,-1024
    3262:	dfdfe0ef          	jal	ra,205e <TIM_ClearITPendingBit>
    3266:	40000593          	li	a1,1024
    326a:	c0040513          	addi	a0,s0,-1024
    326e:	dcdfe0ef          	jal	ra,203a <TIM_ClearFlag>
    3272:	4605                	li	a2,1
    3274:	4591                	li	a1,4
    3276:	c0040513          	addi	a0,s0,-1024
    327a:	9c9fe0ef          	jal	ra,1c42 <TIM_ITConfig>
    327e:	e000e7b7          	lui	a5,0xe000e
    3282:	1097a223          	sw	s1,260(a5) # e000e104 <_eusrstack+0xc000c104>
    3286:	0141                	addi	sp,sp,16
    3288:	e2bfc06f          	j	b2 <__riscv_restore_0>
    328c:	40011437          	lui	s0,0x40011
    3290:	80040513          	addi	a0,s0,-2048 # 40010800 <_eusrstack+0x2000e800>
    3294:	4589                	li	a1,2
    3296:	d49fd0ef          	jal	ra,fde <GPIO_SetBits>
    329a:	47d1                	li	a5,20
    329c:	004c                	addi	a1,sp,4
    329e:	80040513          	addi	a0,s0,-2048
    32a2:	c63e                	sw	a5,12(sp)
    32a4:	cb9fd0ef          	jal	ra,f5c <GPIO_Init>
    32a8:	bff9                	j	3286 <D_PWM_Input_Enable+0xa0>

000032aa <D_TIM1_CC_ISR>:
    32aa:	dfffc2ef          	jal	t0,a8 <__riscv_save_0>
    32ae:	40013537          	lui	a0,0x40013
    32b2:	c1055783          	lhu	a5,-1008(a0) # 40012c10 <_eusrstack+0x20010c10>
    32b6:	c0050513          	addi	a0,a0,-1024
    32ba:	01079413          	slli	s0,a5,0x10
    32be:	4047f793          	andi	a5,a5,1028
    32c2:	c785                	beqz	a5,32ea <D_TIM1_CC_ISR+0x40>
    32c4:	8041                	srli	s0,s0,0x10
    32c6:	40047793          	andi	a5,s0,1024
    32ca:	c395                	beqz	a5,32ee <D_TIM1_CC_ISR+0x44>
    32cc:	c3fff0ef          	jal	ra,2f0a <PWM_ResetCaptureState>
    32d0:	40013437          	lui	s0,0x40013
    32d4:	40000593          	li	a1,1024
    32d8:	c0040513          	addi	a0,s0,-1024 # 40012c00 <_eusrstack+0x20010c00>
    32dc:	d5ffe0ef          	jal	ra,203a <TIM_ClearFlag>
    32e0:	4591                	li	a1,4
    32e2:	c0040513          	addi	a0,s0,-1024
    32e6:	d79fe0ef          	jal	ra,205e <TIM_ClearITPendingBit>
    32ea:	dc9fc06f          	j	b2 <__riscv_restore_0>
    32ee:	d1dfe0ef          	jal	ra,200a <TIM_GetCapture2>
    32f2:	8c01a703          	lw	a4,-1856(gp) # 20000150 <s_ic_overflow>
    32f6:	6785                	lui	a5,0x1
    32f8:	96078793          	addi	a5,a5,-1696 # 960 <ADC_SoftwareStartInjectedConvCmd+0x16>
    32fc:	02f70733          	mul	a4,a4,a5
    3300:	8805                	andi	s0,s0,1
    3302:	972a                	add	a4,a4,a0
    3304:	c411                	beqz	s0,3310 <D_TIM1_CC_ISR+0x66>
    3306:	4af00693          	li	a3,1199
    330a:	00a6e363          	bltu	a3,a0,3310 <D_TIM1_CC_ISR+0x66>
    330e:	973e                	add	a4,a4,a5
    3310:	8c81a503          	lw	a0,-1848(gp) # 20000158 <s_ic_rise_time>
    3314:	8cd1c783          	lbu	a5,-1843(gp) # 2000015d <s_ic_wait_falling>
    3318:	40a70533          	sub	a0,a4,a0
    331c:	e7a9                	bnez	a5,3366 <D_TIM1_CC_ISR+0xbc>
    331e:	8cc1c683          	lbu	a3,-1844(gp) # 2000015c <s_ic_have_rise>
    3322:	ce81                	beqz	a3,333a <D_TIM1_CC_ISR+0x90>
    3324:	fff2d7b7          	lui	a5,0xfff2d
    3328:	10078793          	addi	a5,a5,256 # fff2d100 <_eusrstack+0xdff2b100>
    332c:	0002f6b7          	lui	a3,0x2f
    3330:	97aa                	add	a5,a5,a0
    3332:	e0168693          	addi	a3,a3,-511 # 2ee01 <_data_lma+0x27805>
    3336:	00d7b7b3          	sltu	a5,a5,a3
    333a:	8cf18223          	sb	a5,-1852(gp) # 20000154 <s_ic_period_valid>
    333e:	4785                	li	a5,1
    3340:	8ce1a423          	sw	a4,-1848(gp) # 20000158 <s_ic_rise_time>
    3344:	8cf18623          	sb	a5,-1844(gp) # 2000015c <s_ic_have_rise>
    3348:	8cf186a3          	sb	a5,-1843(gp) # 2000015d <s_ic_wait_falling>
    334c:	4589                	li	a1,2
    334e:	40013537          	lui	a0,0x40013
    3352:	c0050513          	addi	a0,a0,-1024 # 40012c00 <_eusrstack+0x20010c00>
    3356:	a31fe0ef          	jal	ra,1d86 <TIM_OC2PolarityConfig>
    335a:	40013537          	lui	a0,0x40013
    335e:	4591                	li	a1,4
    3360:	c0050513          	addi	a0,a0,-1024 # 40012c00 <_eusrstack+0x20010c00>
    3364:	b749                	j	32e6 <D_TIM1_CC_ISR+0x3c>
    3366:	8c41c783          	lbu	a5,-1852(gp) # 20000154 <s_ic_period_valid>
    336a:	c3a1                	beqz	a5,33aa <D_TIM1_CC_ISR+0x100>
    336c:	77ed                	lui	a5,0xffffb
    336e:	ba078793          	addi	a5,a5,-1120 # ffffaba0 <_eusrstack+0xdfff8ba0>
    3372:	6765                	lui	a4,0x19
    3374:	97aa                	add	a5,a5,a0
    3376:	9c070713          	addi	a4,a4,-1600 # 189c0 <_data_lma+0x113c4>
    337a:	02f76863          	bltu	a4,a5,33aa <D_TIM1_CC_ISR+0x100>
    337e:	6719                	lui	a4,0x6
    3380:	0561                	addi	a0,a0,24
    3382:	dbf70713          	addi	a4,a4,-577 # 5dbf <Servo_SubmitQ3+0x24f>
    3386:	1f400793          	li	a5,500
    338a:	00a77c63          	bgeu	a4,a0,33a2 <D_TIM1_CC_ISR+0xf8>
    338e:	67f5                	lui	a5,0x1d
    3390:	4ef78793          	addi	a5,a5,1263 # 1d4ef <_data_lma+0x15ef3>
    3394:	00a7ef63          	bltu	a5,a0,33b2 <D_TIM1_CC_ISR+0x108>
    3398:	03000593          	li	a1,48
    339c:	d29fc0ef          	jal	ra,c4 <__hidden___udivsi3>
    33a0:	87aa                	mv	a5,a0
    33a2:	07c2                	slli	a5,a5,0x10
    33a4:	83c1                	srli	a5,a5,0x10
    33a6:	8af19f23          	sh	a5,-1858(gp) # 2000014e <s_pulse_us>
    33aa:	8c0186a3          	sb	zero,-1843(gp) # 2000015d <s_ic_wait_falling>
    33ae:	4581                	li	a1,0
    33b0:	bf79                	j	334e <D_TIM1_CC_ISR+0xa4>
    33b2:	6785                	lui	a5,0x1
    33b4:	9c478793          	addi	a5,a5,-1596 # 9c4 <ADC_GetInjectedConversionValue>
    33b8:	b7ed                	j	33a2 <D_TIM1_CC_ISR+0xf8>

000033ba <D_TIM1_UP_ISR>:
    33ba:	ceffc2ef          	jal	t0,a8 <__riscv_save_0>
    33be:	400134b7          	lui	s1,0x40013
    33c2:	4585                	li	a1,1
    33c4:	c0048513          	addi	a0,s1,-1024 # 40012c00 <_eusrstack+0x20010c00>
    33c8:	c7ffe0ef          	jal	ra,2046 <TIM_GetITStatus>
    33cc:	c51d                	beqz	a0,33fa <D_TIM1_UP_ISR+0x40>
    33ce:	e7ffe0ef          	jal	ra,224c <__get_MSTATUS>
    33d2:	842a                	mv	s0,a0
    33d4:	08800793          	li	a5,136
    33d8:	3007b073          	.4byte	0x3007b073
    33dc:	0000100f          	.4byte	0x100f
    33e0:	8c01a783          	lw	a5,-1856(gp) # 20000150 <s_ic_overflow>
    33e4:	c0048513          	addi	a0,s1,-1024
    33e8:	4585                	li	a1,1
    33ea:	0785                	addi	a5,a5,1
    33ec:	8cf1a023          	sw	a5,-1856(gp) # 20000150 <s_ic_overflow>
    33f0:	c6ffe0ef          	jal	ra,205e <TIM_ClearITPendingBit>
    33f4:	8522                	mv	a0,s0
    33f6:	e5dfe0ef          	jal	ra,2252 <__set_MSTATUS>
    33fa:	cb9fc06f          	j	b2 <__riscv_restore_0>

000033fe <D_TMP112_Init>:
    33fe:	cabfc2ef          	jal	t0,a8 <__riscv_save_0>
    3402:	1171                	addi	sp,sp,-4
    3404:	4689                	li	a3,2
    3406:	860a                	mv	a2,sp
    3408:	4585                	li	a1,1
    340a:	04800513          	li	a0,72
    340e:	d64ff0ef          	jal	ra,2972 <D_I2C_Read>
    3412:	c509                	beqz	a0,341c <D_TMP112_Init+0x1e>
    3414:	4505                	li	a0,1
    3416:	0111                	addi	sp,sp,4
    3418:	c9bfc06f          	j	b2 <__riscv_restore_0>
    341c:	77e9                	lui	a5,0xffffa
    341e:	06078793          	addi	a5,a5,96 # ffffa060 <_eusrstack+0xdfff8060>
    3422:	4689                	li	a3,2
    3424:	860a                	mv	a2,sp
    3426:	4585                	li	a1,1
    3428:	04800513          	li	a0,72
    342c:	807c                	sh	a5,0(sp)
    342e:	bdeff0ef          	jal	ra,280c <D_I2C_Write>
    3432:	b7d5                	j	3416 <D_TMP112_Init+0x18>

00003434 <D_TMP112_Read_Temp>:
    3434:	c75fc2ef          	jal	t0,a8 <__riscv_save_0>
    3438:	1171                	addi	sp,sp,-4
    343a:	4689                	li	a3,2
    343c:	860a                	mv	a2,sp
    343e:	4581                	li	a1,0
    3440:	04800513          	li	a0,72
    3444:	d2eff0ef          	jal	ra,2972 <D_I2C_Read>
    3448:	87aa                	mv	a5,a0
    344a:	7561                	lui	a0,0xffff8
    344c:	e39d                	bnez	a5,3472 <D_TMP112_Read_Temp+0x3e>
    344e:	8038                	lhu	a4,0(sp)
    3450:	27100513          	li	a0,625
    3454:	3e800593          	li	a1,1000
    3458:	00871793          	slli	a5,a4,0x8
    345c:	8321                	srli	a4,a4,0x8
    345e:	8fd9                	or	a5,a5,a4
    3460:	07c2                	slli	a5,a5,0x10
    3462:	87c1                	srai	a5,a5,0x10
    3464:	8791                	srai	a5,a5,0x4
    3466:	02a78533          	mul	a0,a5,a0
    346a:	c53fc0ef          	jal	ra,bc <__divsi3>
    346e:	0542                	slli	a0,a0,0x10
    3470:	8541                	srai	a0,a0,0x10
    3472:	0111                	addi	sp,sp,4
    3474:	c3ffc06f          	j	b2 <__riscv_restore_0>

00003478 <Uart_ApplyParams>:
    3478:	c31fc2ef          	jal	t0,a8 <__riscv_save_0>
    347c:	1141                	addi	sp,sp,-16
    347e:	40014437          	lui	s0,0x40014
    3482:	47b1                	li	a5,12
    3484:	c402                	sw	zero,8(sp)
    3486:	c02a                	sw	a0,0(sp)
    3488:	4581                	li	a1,0
    348a:	80040513          	addi	a0,s0,-2048 # 40013800 <_eusrstack+0x20011800>
    348e:	857c                	sh	a5,10(sp)
    3490:	c202                	sw	zero,4(sp)
    3492:	c602                	sw	zero,12(sp)
    3494:	c73fe0ef          	jal	ra,2106 <USART_Cmd>
    3498:	858a                	mv	a1,sp
    349a:	80040513          	addi	a0,s0,-2048
    349e:	bcdfe0ef          	jal	ra,206a <USART_Init>
    34a2:	80040513          	addi	a0,s0,-2048
    34a6:	4585                	li	a1,1
    34a8:	cbbfe0ef          	jal	ra,2162 <USART_HalfDuplexCmd>
    34ac:	4585                	li	a1,1
    34ae:	80040513          	addi	a0,s0,-2048
    34b2:	c55fe0ef          	jal	ra,2106 <USART_Cmd>
    34b6:	0141                	addi	sp,sp,16
    34b8:	bfbfc06f          	j	b2 <__riscv_restore_0>

000034bc <Uart_TxDone>:
    34bc:	bedfc2ef          	jal	t0,a8 <__riscv_save_0>
    34c0:	40014437          	lui	s0,0x40014
    34c4:	02000593          	li	a1,32
    34c8:	80040513          	addi	a0,s0,-2048 # 40013800 <_eusrstack+0x20011800>
    34cc:	caffe0ef          	jal	ra,217a <USART_GetFlagStatus>
    34d0:	c509                	beqz	a0,34da <Uart_TxDone+0x1e>
    34d2:	80040513          	addi	a0,s0,-2048
    34d6:	c85fe0ef          	jal	ra,215a <USART_ReceiveData>
    34da:	40014537          	lui	a0,0x40014
    34de:	4605                	li	a2,1
    34e0:	52500593          	li	a1,1317
    34e4:	80050513          	addi	a0,a0,-2048 # 40013800 <_eusrstack+0x20011800>
    34e8:	c33fe0ef          	jal	ra,211a <USART_ITConfig>
    34ec:	8c018aa3          	sb	zero,-1835(gp) # 20000165 <s_tx_busy>
    34f0:	bc3fc06f          	j	b2 <__riscv_restore_0>

000034f4 <D_USART1_Cfg>:
    34f4:	bb5fc2ef          	jal	t0,a8 <__riscv_save_0>
    34f8:	84aa                	mv	s1,a0
    34fa:	6511                	lui	a0,0x4
    34fc:	1131                	addi	sp,sp,-20
    34fe:	4585                	li	a1,1
    3500:	0545                	addi	a0,a0,17 # 4011 <C_SpeedObs_Update+0x111>
    3502:	c402                	sw	zero,8(sp)
    3504:	c602                	sw	zero,12(sp)
    3506:	c802                	sw	zero,16(sp)
    3508:	c002                	sw	zero,0(sp)
    350a:	c202                	sw	zero,4(sp)
    350c:	a9cfe0ef          	jal	ra,17a8 <RCC_PB2PeriphClockCmd>
    3510:	00160537          	lui	a0,0x160
    3514:	4585                	li	a1,1
    3516:	0c050513          	addi	a0,a0,192 # 1600c0 <_data_lma+0x158ac4>
    351a:	ac9fd0ef          	jal	ra,fe2 <GPIO_PinRemapConfig>
    351e:	4405                	li	s0,1
    3520:	002c                	addi	a1,sp,8
    3522:	47e1                	li	a5,24
    3524:	40011537          	lui	a0,0x40011
    3528:	c83e                	sw	a5,16(sp)
    352a:	8460                	sh	s0,8(sp)
    352c:	c622                	sw	s0,12(sp)
    352e:	a2ffd0ef          	jal	ra,f5c <GPIO_Init>
    3532:	95c18513          	addi	a0,gp,-1700 # 200001ec <s_rx_rb>
    3536:	0ef000ef          	jal	ra,3e24 <C_Ring_Buf_Init>
    353a:	8d818513          	addi	a0,gp,-1832 # 20000168 <s_tx_rb>
    353e:	0e7000ef          	jal	ra,3e24 <C_Ring_Buf_Init>
    3542:	8526                	mv	a0,s1
    3544:	8c018aa3          	sb	zero,-1835(gp) # 20000165 <s_tx_busy>
    3548:	8c01a823          	sw	zero,-1840(gp) # 20000160 <s_pending_baud>
    354c:	f2dff0ef          	jal	ra,3478 <Uart_ApplyParams>
    3550:	40014537          	lui	a0,0x40014
    3554:	4605                	li	a2,1
    3556:	52500593          	li	a1,1317
    355a:	80050513          	addi	a0,a0,-2048 # 40013800 <_eusrstack+0x20011800>
    355e:	bbdfe0ef          	jal	ra,211a <USART_ITConfig>
    3562:	12000793          	li	a5,288
    3566:	850a                	mv	a0,sp
    3568:	807c                	sh	a5,0(sp)
    356a:	8140                	sb	s0,2(sp)
    356c:	c222                	sw	s0,4(sp)
    356e:	812fe0ef          	jal	ra,1580 <NVIC_Init>
    3572:	8c818a23          	sb	s0,-1836(gp) # 20000164 <s_enabled>
    3576:	0151                	addi	sp,sp,20
    3578:	b3bfc06f          	j	b2 <__riscv_restore_0>

0000357c <D_UART_Enable>:
    357c:	b2dfc2ef          	jal	t0,a8 <__riscv_save_0>
    3580:	1151                	addi	sp,sp,-12
    3582:	4485                	li	s1,1
    3584:	00011123          	sh	zero,2(sp)
    3588:	00011423          	sh	zero,8(sp)
    358c:	00011523          	sh	zero,10(sp)
    3590:	8064                	sh	s1,0(sp)
    3592:	c226                	sw	s1,4(sp)
    3594:	cd1d                	beqz	a0,35d2 <D_UART_Enable+0x56>
    3596:	4761                	li	a4,24
    3598:	858a                	mv	a1,sp
    359a:	40011537          	lui	a0,0x40011
    359e:	c43a                	sw	a4,8(sp)
    35a0:	40014437          	lui	s0,0x40014
    35a4:	9b9fd0ef          	jal	ra,f5c <GPIO_Init>
    35a8:	4585                	li	a1,1
    35aa:	80040513          	addi	a0,s0,-2048 # 40013800 <_eusrstack+0x20011800>
    35ae:	b59fe0ef          	jal	ra,2106 <USART_Cmd>
    35b2:	4605                	li	a2,1
    35b4:	52500593          	li	a1,1317
    35b8:	80040513          	addi	a0,s0,-2048
    35bc:	8c918a23          	sb	s1,-1836(gp) # 20000164 <s_enabled>
    35c0:	b5bfe0ef          	jal	ra,211a <USART_ITConfig>
    35c4:	e000e737          	lui	a4,0xe000e
    35c8:	10972223          	sw	s1,260(a4) # e000e104 <_eusrstack+0xc000c104>
    35cc:	0131                	addi	sp,sp,12
    35ce:	ae5fc06f          	j	b2 <__riscv_restore_0>
    35d2:	40014437          	lui	s0,0x40014
    35d6:	80040513          	addi	a0,s0,-2048 # 40013800 <_eusrstack+0x20011800>
    35da:	4601                	li	a2,0
    35dc:	52500593          	li	a1,1317
    35e0:	b3bfe0ef          	jal	ra,211a <USART_ITConfig>
    35e4:	80040513          	addi	a0,s0,-2048
    35e8:	4601                	li	a2,0
    35ea:	72700593          	li	a1,1831
    35ee:	b2dfe0ef          	jal	ra,211a <USART_ITConfig>
    35f2:	4601                	li	a2,0
    35f4:	62600593          	li	a1,1574
    35f8:	80040513          	addi	a0,s0,-2048
    35fc:	b1ffe0ef          	jal	ra,211a <USART_ITConfig>
    3600:	e000e737          	lui	a4,0xe000e
    3604:	18972223          	sw	s1,388(a4) # e000e184 <_eusrstack+0xc000c184>
    3608:	0000100f          	.4byte	0x100f
    360c:	4581                	li	a1,0
    360e:	80040513          	addi	a0,s0,-2048
    3612:	af5fe0ef          	jal	ra,2106 <USART_Cmd>
    3616:	8c018a23          	sb	zero,-1836(gp) # 20000164 <s_enabled>
    361a:	8d818513          	addi	a0,gp,-1832 # 20000168 <s_tx_rb>
    361e:	8c018aa3          	sb	zero,-1835(gp) # 20000165 <s_tx_busy>
    3622:	003000ef          	jal	ra,3e24 <C_Ring_Buf_Init>
    3626:	4791                	li	a5,4
    3628:	858a                	mv	a1,sp
    362a:	40011537          	lui	a0,0x40011
    362e:	c43e                	sw	a5,8(sp)
    3630:	92dfd0ef          	jal	ra,f5c <GPIO_Init>
    3634:	bf61                	j	35cc <D_UART_Enable+0x50>

00003636 <D_UART1_Rx_Get>:
    3636:	85aa                	mv	a1,a0
    3638:	95c18513          	addi	a0,gp,-1700 # 200001ec <s_rx_rb>
    363c:	0210006f          	j	3e5c <C_Ring_Buf_Get>

00003640 <D_UART1_Tx_Write>:
    3640:	8d41c783          	lbu	a5,-1836(gp) # 20000164 <s_enabled>
    3644:	e799                	bnez	a5,3652 <D_UART1_Tx_Write+0x12>
    3646:	4501                	li	a0,0
    3648:	8082                	ret
    364a:	4501                	li	a0,0
    364c:	0121                	addi	sp,sp,8
    364e:	a65fc06f          	j	b2 <__riscv_restore_0>
    3652:	a57fc2ef          	jal	t0,a8 <__riscv_save_0>
    3656:	1161                	addi	sp,sp,-8
    3658:	842a                	mv	s0,a0
    365a:	d965                	beqz	a0,364a <D_UART1_Tx_Write+0xa>
    365c:	c02e                	sw	a1,0(sp)
    365e:	d5f5                	beqz	a1,364a <D_UART1_Tx_Write+0xa>
    3660:	8d818513          	addi	a0,gp,-1832 # 20000168 <s_tx_rb>
    3664:	02b000ef          	jal	ra,3e8e <C_Ring_Buf_Get_Count>
    3668:	4582                	lw	a1,0(sp)
    366a:	07f00793          	li	a5,127
    366e:	952e                	add	a0,a0,a1
    3670:	fca7cde3          	blt	a5,a0,364a <D_UART1_Tx_Write+0xa>
    3674:	00b407b3          	add	a5,s0,a1
    3678:	200c                	lbu	a1,0(s0)
    367a:	8d818513          	addi	a0,gp,-1832 # 20000168 <s_tx_rb>
    367e:	c03e                	sw	a5,0(sp)
    3680:	7b0000ef          	jal	ra,3e30 <C_Ring_Buf_Put>
    3684:	4782                	lw	a5,0(sp)
    3686:	0405                	addi	s0,s0,1
    3688:	fef418e3          	bne	s0,a5,3678 <D_UART1_Tx_Write+0x38>
    368c:	bc1fe0ef          	jal	ra,224c <__get_MSTATUS>
    3690:	c02a                	sw	a0,0(sp)
    3692:	08800793          	li	a5,136
    3696:	3007b073          	.4byte	0x3007b073
    369a:	0000100f          	.4byte	0x100f
    369e:	8d51c703          	lbu	a4,-1835(gp) # 20000165 <s_tx_busy>
    36a2:	e739                	bnez	a4,36f0 <D_UART1_Tx_Write+0xb0>
    36a4:	00710593          	addi	a1,sp,7
    36a8:	8d818513          	addi	a0,gp,-1832 # 20000168 <s_tx_rb>
    36ac:	7b0000ef          	jal	ra,3e5c <C_Ring_Buf_Get>
    36b0:	c121                	beqz	a0,36f0 <D_UART1_Tx_Write+0xb0>
    36b2:	400144b7          	lui	s1,0x40014
    36b6:	4705                	li	a4,1
    36b8:	4601                	li	a2,0
    36ba:	52500593          	li	a1,1317
    36be:	80048513          	addi	a0,s1,-2048 # 40013800 <_eusrstack+0x20011800>
    36c2:	8ce18aa3          	sb	a4,-1835(gp) # 20000165 <s_tx_busy>
    36c6:	a55fe0ef          	jal	ra,211a <USART_ITConfig>
    36ca:	4601                	li	a2,0
    36cc:	62600593          	li	a1,1574
    36d0:	80048513          	addi	a0,s1,-2048
    36d4:	a47fe0ef          	jal	ra,211a <USART_ITConfig>
    36d8:	838c                	lbu	a1,7(sp)
    36da:	80048513          	addi	a0,s1,-2048
    36de:	a75fe0ef          	jal	ra,2152 <USART_SendData>
    36e2:	4605                	li	a2,1
    36e4:	72700593          	li	a1,1831
    36e8:	80048513          	addi	a0,s1,-2048
    36ec:	a2ffe0ef          	jal	ra,211a <USART_ITConfig>
    36f0:	4502                	lw	a0,0(sp)
    36f2:	b61fe0ef          	jal	ra,2252 <__set_MSTATUS>
    36f6:	4505                	li	a0,1
    36f8:	bf91                	j	364c <D_UART1_Tx_Write+0xc>

000036fa <D_UART_SetBaud_Deferred>:
    36fa:	8ca1a823          	sw	a0,-1840(gp) # 20000160 <s_pending_baud>
    36fe:	8082                	ret

00003700 <D_UART_Service>:
    3700:	9a9fc2ef          	jal	t0,a8 <__riscv_save_0>
    3704:	8d01a783          	lw	a5,-1840(gp) # 20000160 <s_pending_baud>
    3708:	cf99                	beqz	a5,3726 <D_UART_Service+0x26>
    370a:	8d51c783          	lbu	a5,-1835(gp) # 20000165 <s_tx_busy>
    370e:	ef81                	bnez	a5,3726 <D_UART_Service+0x26>
    3710:	8d818513          	addi	a0,gp,-1832 # 20000168 <s_tx_rb>
    3714:	77a000ef          	jal	ra,3e8e <C_Ring_Buf_Get_Count>
    3718:	e519                	bnez	a0,3726 <D_UART_Service+0x26>
    371a:	8d01a503          	lw	a0,-1840(gp) # 20000160 <s_pending_baud>
    371e:	d5bff0ef          	jal	ra,3478 <Uart_ApplyParams>
    3722:	8c01a823          	sw	zero,-1840(gp) # 20000160 <s_pending_baud>
    3726:	98dfc06f          	j	b2 <__riscv_restore_0>

0000372a <D_UART1_ISR>:
    372a:	8d41c783          	lbu	a5,-1836(gp) # 20000164 <s_enabled>
    372e:	c7cd                	beqz	a5,37d8 <D_UART1_ISR+0xae>
    3730:	979fc2ef          	jal	t0,a8 <__riscv_save_0>
    3734:	40014437          	lui	s0,0x40014
    3738:	1171                	addi	sp,sp,-4
    373a:	52500593          	li	a1,1317
    373e:	80040513          	addi	a0,s0,-2048 # 40013800 <_eusrstack+0x20011800>
    3742:	a43fe0ef          	jal	ra,2184 <USART_GetITStatus>
    3746:	cd11                	beqz	a0,3762 <D_UART1_ISR+0x38>
    3748:	80040513          	addi	a0,s0,-2048
    374c:	a0ffe0ef          	jal	ra,215a <USART_ReceiveData>
    3750:	0ff57593          	zext.b	a1,a0
    3754:	95c18513          	addi	a0,gp,-1700 # 200001ec <s_rx_rb>
    3758:	81cc                	sb	a1,3(sp)
    375a:	2dd9                	jal	3e30 <C_Ring_Buf_Put>
    375c:	0111                	addi	sp,sp,4
    375e:	955fc06f          	j	b2 <__riscv_restore_0>
    3762:	72700593          	li	a1,1831
    3766:	80040513          	addi	a0,s0,-2048
    376a:	a1bfe0ef          	jal	ra,2184 <USART_GetITStatus>
    376e:	c531                	beqz	a0,37ba <D_UART1_ISR+0x90>
    3770:	00310593          	addi	a1,sp,3
    3774:	8d818513          	addi	a0,gp,-1832 # 20000168 <s_tx_rb>
    3778:	25d5                	jal	3e5c <C_Ring_Buf_Get>
    377a:	c519                	beqz	a0,3788 <D_UART1_ISR+0x5e>
    377c:	818c                	lbu	a1,3(sp)
    377e:	80040513          	addi	a0,s0,-2048
    3782:	9d1fe0ef          	jal	ra,2152 <USART_SendData>
    3786:	bfd9                	j	375c <D_UART1_ISR+0x32>
    3788:	72700593          	li	a1,1831
    378c:	80040513          	addi	a0,s0,-2048
    3790:	4601                	li	a2,0
    3792:	989fe0ef          	jal	ra,211a <USART_ITConfig>
    3796:	04000593          	li	a1,64
    379a:	80040513          	addi	a0,s0,-2048
    379e:	9ddfe0ef          	jal	ra,217a <USART_GetFlagStatus>
    37a2:	c501                	beqz	a0,37aa <D_UART1_ISR+0x80>
    37a4:	d19ff0ef          	jal	ra,34bc <Uart_TxDone>
    37a8:	bf55                	j	375c <D_UART1_ISR+0x32>
    37aa:	4605                	li	a2,1
    37ac:	62600593          	li	a1,1574
    37b0:	80040513          	addi	a0,s0,-2048
    37b4:	967fe0ef          	jal	ra,211a <USART_ITConfig>
    37b8:	b755                	j	375c <D_UART1_ISR+0x32>
    37ba:	62600593          	li	a1,1574
    37be:	80040513          	addi	a0,s0,-2048
    37c2:	9c3fe0ef          	jal	ra,2184 <USART_GetITStatus>
    37c6:	d959                	beqz	a0,375c <D_UART1_ISR+0x32>
    37c8:	4601                	li	a2,0
    37ca:	62600593          	li	a1,1574
    37ce:	80040513          	addi	a0,s0,-2048
    37d2:	949fe0ef          	jal	ra,211a <USART_ITConfig>
    37d6:	b7f9                	j	37a4 <D_UART1_ISR+0x7a>
    37d8:	8082                	ret

000037da <WS2812_Encode>:
    37da:	4781                	li	a5,0
    37dc:	4621                	li	a2,8
    37de:	01851713          	slli	a4,a0,0x18
    37e2:	8761                	srai	a4,a4,0x18
    37e4:	0f800693          	li	a3,248
    37e8:	00074463          	bltz	a4,37f0 <WS2812_Encode+0x16>
    37ec:	0c000693          	li	a3,192
    37f0:	00f58733          	add	a4,a1,a5
    37f4:	0506                	slli	a0,a0,0x1
    37f6:	a314                	sb	a3,0(a4)
    37f8:	0785                	addi	a5,a5,1
    37fa:	0ff57513          	zext.b	a0,a0
    37fe:	fec790e3          	bne	a5,a2,37de <WS2812_Encode+0x4>
    3802:	8082                	ret

00003804 <D_WS2812_Send>:
    3804:	8a5fc2ef          	jal	t0,a8 <__riscv_save_0>
    3808:	1171                	addi	sp,sp,-4
    380a:	84aa                	mv	s1,a0
    380c:	852e                	mv	a0,a1
    380e:	9e018593          	addi	a1,gp,-1568 # 20000270 <s_frame>
    3812:	c032                	sw	a2,0(sp)
    3814:	fc7ff0ef          	jal	ra,37da <WS2812_Encode>
    3818:	8526                	mv	a0,s1
    381a:	9e818593          	addi	a1,gp,-1560 # 20000278 <s_frame+0x8>
    381e:	fbdff0ef          	jal	ra,37da <WS2812_Encode>
    3822:	4502                	lw	a0,0(sp)
    3824:	9f018593          	addi	a1,gp,-1552 # 20000280 <s_frame+0x10>
    3828:	fb3ff0ef          	jal	ra,37da <WS2812_Encode>
    382c:	45e1                	li	a1,24
    382e:	9e018513          	addi	a0,gp,-1568 # 20000270 <s_frame>
    3832:	e7aff0ef          	jal	ra,2eac <D_SPI1_Send_Buf>
    3836:	03c00513          	li	a0,60
    383a:	9b7fe0ef          	jal	ra,21f0 <Delay_Us>
    383e:	0111                	addi	sp,sp,4
    3840:	873fc06f          	j	b2 <__riscv_restore_0>

00003844 <D_WS2812_Off>:
    3844:	4601                	li	a2,0
    3846:	4581                	li	a1,0
    3848:	4501                	li	a0,0
    384a:	fbbff06f          	j	3804 <D_WS2812_Send>

0000384e <D_WS2812_Init>:
    384e:	ff7ff06f          	j	3844 <D_WS2812_Off>

00003852 <C_PosCtrl_Reset>:
    3852:	9f818793          	addi	a5,gp,-1544 # 20000288 <s_ctl>
    3856:	0007a023          	sw	zero,0(a5)
    385a:	00078223          	sb	zero,4(a5)
    385e:	00079323          	sh	zero,6(a5)
    3862:	0007a423          	sw	zero,8(a5)
    3866:	00079623          	sh	zero,12(a5)
    386a:	00078723          	sb	zero,14(a5)
    386e:	8082                	ret

00003870 <C_PosCtrl_Init>:
    3870:	9f818793          	addi	a5,gp,-1544 # 20000288 <s_ctl>
    3874:	1c700713          	li	a4,455
    3878:	cbd8                	sw	a4,20(a5)
    387a:	6705                	lui	a4,0x1
    387c:	96070713          	addi	a4,a4,-1696 # 960 <ADC_SoftwareStartInjectedConvCmd+0x16>
    3880:	ab9a                	sh	a4,16(a5)
    3882:	fd1ff06f          	j	3852 <C_PosCtrl_Reset>

00003886 <C_PosCtrl_Set_Output_Limit>:
    3886:	fff50793          	addi	a5,a0,-1 # 40010fff <_eusrstack+0x2000efff>
    388a:	07c2                	slli	a5,a5,0x10
    388c:	6705                	lui	a4,0x1
    388e:	83c1                	srli	a5,a5,0x10
    3890:	95f70693          	addi	a3,a4,-1697 # 95f <ADC_SoftwareStartInjectedConvCmd+0x15>
    3894:	00f6f463          	bgeu	a3,a5,389c <C_PosCtrl_Set_Output_Limit+0x16>
    3898:	96070513          	addi	a0,a4,-1696
    389c:	a0a19423          	sh	a0,-1528(gp) # 20000298 <s_ctl+0x10>
    38a0:	8082                	ret

000038a2 <C_PosCtrl_Update>:
    38a2:	807fc2ef          	jal	t0,a8 <__riscv_save_0>
    38a6:	fc810113          	addi	sp,sp,-56
    38aa:	cc32                	sw	a2,24(sp)
    38ac:	30050e63          	beqz	a0,3bc8 <C_PosCtrl_Update+0x326>
    38b0:	832a                	mv	t1,a0
    38b2:	4501                	li	a0,0
    38b4:	56058463          	beqz	a1,3e1c <C_PosCtrl_Update+0x57a>
    38b8:	41d8                	lw	a4,4(a1)
    38ba:	c202                	sw	zero,4(sp)
    38bc:	83b6                	mv	t2,a3
    38be:	41f75793          	srai	a5,a4,0x1f
    38c2:	00e7c433          	xor	s0,a5,a4
    38c6:	8c1d                	sub	s0,s0,a5
    38c8:	ca19                	beqz	a2,38de <C_PosCtrl_Update+0x3c>
    38ca:	459c                	lw	a5,8(a1)
    38cc:	41f7d693          	srai	a3,a5,0x1f
    38d0:	8fb5                	xor	a5,a5,a3
    38d2:	8f95                	sub	a5,a5,a3
    38d4:	0757a793          	slti	a5,a5,117
    38d8:	0017c793          	xori	a5,a5,1
    38dc:	c23e                	sw	a5,4(sp)
    38de:	0005a283          	lw	t0,0(a1)
    38e2:	9f818513          	addi	a0,gp,-1544 # 20000288 <s_ctl>
    38e6:	00432583          	lw	a1,4(t1)
    38ea:	01051683          	lh	a3,16(a0)
    38ee:	20c00493          	li	s1,524
    38f2:	40b70633          	sub	a2,a4,a1
    38f6:	d836                	sw	a3,48(sp)
    38f8:	029606b3          	mul	a3,a2,s1
    38fc:	02961633          	mulh	a2,a2,s1
    3900:	82c1                	srli	a3,a3,0x10
    3902:	9f818493          	addi	s1,gp,-1544 # 20000288 <s_ctl>
    3906:	47e2                	lw	a5,24(sp)
    3908:	0642                	slli	a2,a2,0x10
    390a:	8ed1                	or	a3,a3,a2
    390c:	00032603          	lw	a2,0(t1)
    3910:	9696                	add	a3,a3,t0
    3912:	405602b3          	sub	t0,a2,t0
    3916:	40d606b3          	sub	a3,a2,a3
    391a:	41f2d613          	srai	a2,t0,0x1f
    391e:	c636                	sw	a3,12(sp)
    3920:	005646b3          	xor	a3,a2,t0
    3924:	8e91                	sub	a3,a3,a2
    3926:	2150                	lbu	a2,4(a0)
    3928:	e22d                	bnez	a2,398a <C_PosCtrl_Update+0xe8>
    392a:	cfb5                	beqz	a5,39a6 <C_PosCtrl_Update+0x104>
    392c:	05000793          	li	a5,80
    3930:	06d7c463          	blt	a5,a3,3998 <C_PosCtrl_Update+0xf6>
    3934:	64000793          	li	a5,1600
    3938:	0687c063          	blt	a5,s0,3998 <C_PosCtrl_Update+0xf6>
    393c:	20fe                	lhu	a5,6(s1)
    393e:	6641                	lui	a2,0x10
    3940:	167d                	addi	a2,a2,-1 # ffff <_data_lma+0x8a03>
    3942:	02c79663          	bne	a5,a2,396e <C_PosCtrl_Update+0xcc>
    3946:	4785                	li	a5,1
    3948:	a0dc                	sb	a5,4(s1)
    394a:	a4fc                	sb	a5,14(s1)
    394c:	4792                	lw	a5,4(sp)
    394e:	e7b9                	bnez	a5,399c <C_PosCtrl_Update+0xfa>
    3950:	03f00793          	li	a5,63
    3954:	04d7c463          	blt	a5,a3,399c <C_PosCtrl_Update+0xfa>
    3958:	03000793          	li	a5,48
    395c:	28d7c363          	blt	a5,a3,3be2 <C_PosCtrl_Update+0x340>
    3960:	10800793          	li	a5,264
    3964:	2687cf63          	blt	a5,s0,3be2 <C_PosCtrl_Update+0x340>
    3968:	4785                	li	a5,1
    396a:	a49c                	sb	a5,8(s1)
    396c:	ac9d                	j	3be2 <C_PosCtrl_Update+0x340>
    396e:	0785                	addi	a5,a5,1
    3970:	07c2                	slli	a5,a5,0x10
    3972:	83c1                	srli	a5,a5,0x10
    3974:	a0fe                	sh	a5,6(s1)
    3976:	464d                	li	a2,19
    3978:	fcf667e3          	bltu	a2,a5,3946 <C_PosCtrl_Update+0xa4>
    397c:	4792                	lw	a5,4(sp)
    397e:	ef99                	bnez	a5,399c <C_PosCtrl_Update+0xfa>
    3980:	03f00793          	li	a5,63
    3984:	24d7df63          	bge	a5,a3,3be2 <C_PosCtrl_Update+0x340>
    3988:	a811                	j	399c <C_PosCtrl_Update+0xfa>
    398a:	cf81                	beqz	a5,39a2 <C_PosCtrl_Update+0x100>
    398c:	07f00793          	li	a5,127
    3990:	02d7d063          	bge	a5,a3,39b0 <C_PosCtrl_Update+0x10e>
    3994:	00048223          	sb	zero,4(s1)
    3998:	00049323          	sh	zero,6(s1)
    399c:	00048423          	sb	zero,8(s1)
    39a0:	a489                	j	3be2 <C_PosCtrl_Update+0x340>
    39a2:	00048223          	sb	zero,4(s1)
    39a6:	00049323          	sh	zero,6(s1)
    39aa:	00048723          	sb	zero,14(s1)
    39ae:	b7fd                	j	399c <C_PosCtrl_Update+0xfa>
    39b0:	4785                	li	a5,1
    39b2:	20f61d63          	bne	a2,a5,3bcc <C_PosCtrl_Update+0x32a>
    39b6:	4792                	lw	a5,4(sp)
    39b8:	a4f0                	sb	a2,14(s1)
    39ba:	f3ed                	bnez	a5,399c <C_PosCtrl_Update+0xfa>
    39bc:	03f00793          	li	a5,63
    39c0:	fcd7cee3          	blt	a5,a3,399c <C_PosCtrl_Update+0xfa>
    39c4:	64000793          	li	a5,1600
    39c8:	fc87cae3          	blt	a5,s0,399c <C_PosCtrl_Update+0xfa>
    39cc:	b771                	j	3958 <C_PosCtrl_Update+0xb6>
    39ce:	47b2                	lw	a5,12(sp)
    39d0:	5681                	li	a3,-32
    39d2:	00f6d363          	bge	a3,a5,39d8 <C_PosCtrl_Update+0x136>
    39d6:	5781                	li	a5,-32
    39d8:	02078793          	addi	a5,a5,32
    39dc:	ac11                	j	3bf0 <C_PosCtrl_Update+0x34e>
    39de:	f9f78793          	addi	a5,a5,-97
    39e2:	02f606b3          	mul	a3,a2,a5
    39e6:	02f617b3          	mulh	a5,a2,a5
    39ea:	82d1                	srli	a3,a3,0x14
    39ec:	00c79513          	slli	a0,a5,0xc
    39f0:	8ec9                	or	a3,a3,a0
    39f2:	87d1                	srai	a5,a5,0x14
    39f4:	0005d463          	bgez	a1,39fc <C_PosCtrl_Update+0x15a>
    39f8:	40e00733          	neg	a4,a4
    39fc:	4501                	li	a0,0
    39fe:	02e05763          	blez	a4,3a2c <C_PosCtrl_Update+0x18a>
    3a02:	20f00593          	li	a1,527
    3a06:	6521                	lui	a0,0x8
    3a08:	02e5c263          	blt	a1,a4,3a2c <C_PosCtrl_Update+0x18a>
    3a0c:	21000593          	li	a1,528
    3a10:	00f71513          	slli	a0,a4,0xf
    3a14:	da3e                	sw	a5,52(sp)
    3a16:	d636                	sw	a3,44(sp)
    3a18:	d41e                	sw	t2,40(sp)
    3a1a:	d032                	sw	a2,32(sp)
    3a1c:	ca16                	sw	t0,20(sp)
    3a1e:	e9efc0ef          	jal	ra,bc <__divsi3>
    3a22:	57d2                	lw	a5,52(sp)
    3a24:	56b2                	lw	a3,44(sp)
    3a26:	53a2                	lw	t2,40(sp)
    3a28:	5602                	lw	a2,32(sp)
    3a2a:	42d2                	lw	t0,20(sp)
    3a2c:	41f55713          	srai	a4,a0,0x1f
    3a30:	02d70733          	mul	a4,a4,a3
    3a34:	02a787b3          	mul	a5,a5,a0
    3a38:	97ba                	add	a5,a5,a4
    3a3a:	02d50733          	mul	a4,a0,a3
    3a3e:	02d53533          	mulhu	a0,a0,a3
    3a42:	833d                	srli	a4,a4,0xf
    3a44:	97aa                	add	a5,a5,a0
    3a46:	07c6                	slli	a5,a5,0x11
    3a48:	a4b5                	j	3cb4 <C_PosCtrl_Update+0x412>
    3a4a:	47a2                	lw	a5,8(sp)
    3a4c:	ef800713          	li	a4,-264
    3a50:	00f75463          	bge	a4,a5,3a58 <C_PosCtrl_Update+0x1b6>
    3a54:	ef800793          	li	a5,-264
    3a58:	10878793          	addi	a5,a5,264
    3a5c:	aca5                	j	3cd4 <C_PosCtrl_Update+0x432>
    3a5e:	6705                	lui	a4,0x1
    3a60:	57c70713          	addi	a4,a4,1404 # 157c <NVIC_PriorityGroupConfig+0x2>
    3a64:	acb5                	j	3ce0 <C_PosCtrl_Update+0x43e>
    3a66:	10800793          	li	a5,264
    3a6a:	0687cd63          	blt	a5,s0,3ae4 <C_PosCtrl_Update+0x242>
    3a6e:	24de                	lhu	a5,12(s1)
    3a70:	474d                	li	a4,19
    3a72:	00f76963          	bltu	a4,a5,3a84 <C_PosCtrl_Update+0x1e2>
    3a76:	0785                	addi	a5,a5,1
    3a78:	07c2                	slli	a5,a5,0x10
    3a7a:	83c1                	srli	a5,a5,0x10
    3a7c:	a4de                	sh	a5,12(s1)
    3a7e:	349c                	lbu	a5,9(s1)
    3a80:	c781                	beqz	a5,3a88 <C_PosCtrl_Update+0x1e6>
    3a82:	acfd                	j	3d80 <C_PosCtrl_Update+0x4de>
    3a84:	000484a3          	sb	zero,9(s1)
    3a88:	4782                	lw	a5,0(sp)
    3a8a:	4702                	lw	a4,0(sp)
    3a8c:	87fd                	srai	a5,a5,0x1f
    3a8e:	8f3d                	xor	a4,a4,a5
    3a90:	40f707b3          	sub	a5,a4,a5
    3a94:	04800713          	li	a4,72
    3a98:	04f75863          	bge	a4,a5,3ae8 <C_PosCtrl_Update+0x246>
    3a9c:	00a49783          	lh	a5,10(s1)
    3aa0:	07400713          	li	a4,116
    3aa4:	00f74463          	blt	a4,a5,3aac <C_PosCtrl_Update+0x20a>
    3aa8:	0789                	addi	a5,a5,2
    3aaa:	a4be                	sh	a5,10(s1)
    3aac:	57a2                	lw	a5,40(sp)
    3aae:	4772                	lw	a4,28(sp)
    3ab0:	973e                	add	a4,a4,a5
    3ab2:	5782                	lw	a5,32(sp)
    3ab4:	973e                	add	a4,a4,a5
    3ab6:	41055793          	srai	a5,a0,0x10
    3aba:	973e                	add	a4,a4,a5
    3abc:	00a49783          	lh	a5,10(s1)
    3ac0:	9736                	add	a4,a4,a3
    3ac2:	0eb78793          	addi	a5,a5,235
    3ac6:	02b78333          	mul	t1,a5,a1
    3aca:	02b797b3          	mulh	a5,a5,a1
    3ace:	00f35313          	srli	t1,t1,0xf
    3ad2:	07c6                	slli	a5,a5,0x11
    3ad4:	0067e7b3          	or	a5,a5,t1
    3ad8:	00f05b63          	blez	a5,3aee <C_PosCtrl_Update+0x24c>
    3adc:	00f75d63          	bge	a4,a5,3af6 <C_PosCtrl_Update+0x254>
    3ae0:	8f99                	sub	a5,a5,a4
    3ae2:	ac55                	j	3d96 <C_PosCtrl_Update+0x4f4>
    3ae4:	4781                	li	a5,0
    3ae6:	bf59                	j	3a7c <C_PosCtrl_Update+0x1da>
    3ae8:	00049523          	sh	zero,10(s1)
    3aec:	b7c1                	j	3aac <C_PosCtrl_Update+0x20a>
    3aee:	2a078463          	beqz	a5,3d96 <C_PosCtrl_Update+0x4f4>
    3af2:	fee7c7e3          	blt	a5,a4,3ae0 <C_PosCtrl_Update+0x23e>
    3af6:	4781                	li	a5,0
    3af8:	ac79                	j	3d96 <C_PosCtrl_Update+0x4f4>
    3afa:	4332                	lw	t1,12(sp)
    3afc:	41f35293          	srai	t0,t1,0x1f
    3b00:	0062c333          	xor	t1,t0,t1
    3b04:	40530333          	sub	t1,t1,t0
    3b08:	02000293          	li	t0,32
    3b0c:	0262c363          	blt	t0,t1,3b32 <C_PosCtrl_Update+0x290>
    3b10:	4692                	lw	a3,4(sp)
    3b12:	ee91                	bnez	a3,3b2e <C_PosCtrl_Update+0x28c>
    3b14:	40c55693          	srai	a3,a0,0xc
    3b18:	4652                	lw	a2,20(sp)
    3b1a:	40d506b3          	sub	a3,a0,a3
    3b1e:	c094                	sw	a3,0(s1)
    3b20:	4685                	li	a3,1
    3b22:	00d61663          	bne	a2,a3,3b2e <C_PosCtrl_Update+0x28c>
    3b26:	10800693          	li	a3,264
    3b2a:	2886dd63          	bge	a3,s0,3dc4 <C_PosCtrl_Update+0x522>
    3b2e:	853a                	mv	a0,a4
    3b30:	ac59                	j	3dc6 <C_PosCtrl_Update+0x524>
    3b32:	fef5                	bnez	a3,3b2e <C_PosCtrl_Update+0x28c>
    3b34:	41f65693          	srai	a3,a2,0x1f
    3b38:	8e35                	xor	a2,a2,a3
    3b3a:	8e15                	sub	a2,a2,a3
    3b3c:	66a1                	lui	a3,0x8
    3b3e:	0ba68693          	addi	a3,a3,186 # 80ba <_data_lma+0xabe>
    3b42:	02c6d763          	bge	a3,a2,3b70 <C_PosCtrl_Update+0x2ce>
    3b46:	4652                	lw	a2,20(sp)
    3b48:	4685                	li	a3,1
    3b4a:	fed612e3          	bne	a2,a3,3b2e <C_PosCtrl_Update+0x28c>
    3b4e:	4692                	lw	a3,4(sp)
    3b50:	fef9                	bnez	a3,3b2e <C_PosCtrl_Update+0x28c>
    3b52:	10800693          	li	a3,264
    3b56:	fc86cce3          	blt	a3,s0,3b2e <C_PosCtrl_Update+0x28c>
    3b5a:	41f75693          	srai	a3,a4,0x1f
    3b5e:	00e6c633          	xor	a2,a3,a4
    3b62:	40d606b3          	sub	a3,a2,a3
    3b66:	0ea00613          	li	a2,234
    3b6a:	24d65d63          	bge	a2,a3,3dc4 <C_PosCtrl_Update+0x522>
    3b6e:	b7c1                	j	3b2e <C_PosCtrl_Update+0x28c>
    3b70:	4622                	lw	a2,8(sp)
    3b72:	02b00693          	li	a3,43
    3b76:	02d606b3          	mul	a3,a2,a3
    3b7a:	4662                	lw	a2,24(sp)
    3b7c:	ce11                	beqz	a2,3b98 <C_PosCtrl_Update+0x2f6>
    3b7e:	10800613          	li	a2,264
    3b82:	00864b63          	blt	a2,s0,3b98 <C_PosCtrl_Update+0x2f6>
    3b86:	03000613          	li	a2,48
    3b8a:	00665763          	bge	a2,t1,3b98 <C_PosCtrl_Update+0x2f6>
    3b8e:	4622                	lw	a2,8(sp)
    3b90:	0ac00693          	li	a3,172
    3b94:	02d606b3          	mul	a3,a2,a3
    3b98:	02b75363          	bge	a4,a1,3bbe <C_PosCtrl_Update+0x31c>
    3b9c:	fad045e3          	bgtz	a3,3b46 <C_PosCtrl_Update+0x2a4>
    3ba0:	9536                	add	a0,a0,a3
    3ba2:	fce006b7          	lui	a3,0xfce00
    3ba6:	00d55463          	bge	a0,a3,3bae <C_PosCtrl_Update+0x30c>
    3baa:	fce00537          	lui	a0,0xfce00
    3bae:	032006b7          	lui	a3,0x3200
    3bb2:	00a6d463          	bge	a3,a0,3bba <C_PosCtrl_Update+0x318>
    3bb6:	03200537          	lui	a0,0x3200
    3bba:	c088                	sw	a0,0(s1)
    3bbc:	b769                	j	3b46 <C_PosCtrl_Update+0x2a4>
    3bbe:	feb701e3          	beq	a4,a1,3ba0 <C_PosCtrl_Update+0x2fe>
    3bc2:	fc06dfe3          	bgez	a3,3ba0 <C_PosCtrl_Update+0x2fe>
    3bc6:	b741                	j	3b46 <C_PosCtrl_Update+0x2a4>
    3bc8:	4501                	li	a0,0
    3bca:	ac89                	j	3e1c <C_PosCtrl_Update+0x57a>
    3bcc:	4792                	lw	a5,4(sp)
    3bce:	dc0797e3          	bnez	a5,399c <C_PosCtrl_Update+0xfa>
    3bd2:	03f00793          	li	a5,63
    3bd6:	dcd7c3e3          	blt	a5,a3,399c <C_PosCtrl_Update+0xfa>
    3bda:	64000793          	li	a5,1600
    3bde:	da87cfe3          	blt	a5,s0,399c <C_PosCtrl_Update+0xfa>
    3be2:	46b2                	lw	a3,12(sp)
    3be4:	02000793          	li	a5,32
    3be8:	ded7d3e3          	bge	a5,a3,39ce <C_PosCtrl_Update+0x12c>
    3bec:	fe068793          	addi	a5,a3,-32 # 31fffe0 <_data_lma+0x31f89e4>
    3bf0:	6685                	lui	a3,0x1
    3bf2:	90068693          	addi	a3,a3,-1792 # 900 <ADC_ExternalTrigConvCmd+0x2>
    3bf6:	02d78633          	mul	a2,a5,a3
    3bfa:	02d797b3          	mulh	a5,a5,a3
    3bfe:	8221                	srli	a2,a2,0x8
    3c00:	07e2                	slli	a5,a5,0x18
    3c02:	8fd1                	or	a5,a5,a2
    3c04:	c83e                	sw	a5,16(sp)
    3c06:	46c2                	lw	a3,16(sp)
    3c08:	77f9                	lui	a5,0xffffe
    3c0a:	54b78793          	addi	a5,a5,1355 # ffffe54b <_eusrstack+0xdfffc54b>
    3c0e:	00f6d363          	bge	a3,a5,3c14 <C_PosCtrl_Update+0x372>
    3c12:	c83e                	sw	a5,16(sp)
    3c14:	46c2                	lw	a3,16(sp)
    3c16:	6789                	lui	a5,0x2
    3c18:	ab578793          	addi	a5,a5,-1355 # 1ab5 <TIM_OC2Init+0x57>
    3c1c:	00d7d363          	bge	a5,a3,3c22 <C_PosCtrl_Update+0x380>
    3c20:	c83e                	sw	a5,16(sp)
    3c22:	00832603          	lw	a2,8(t1)
    3c26:	08300693          	li	a3,131
    3c2a:	02d607b3          	mul	a5,a2,a3
    3c2e:	02d616b3          	mulh	a3,a2,a3
    3c32:	83c1                	srli	a5,a5,0x10
    3c34:	06c2                	slli	a3,a3,0x10
    3c36:	8fd5                	or	a5,a5,a3
    3c38:	46c2                	lw	a3,16(sp)
    3c3a:	97ae                	add	a5,a5,a1
    3c3c:	97b6                	add	a5,a5,a3
    3c3e:	c03e                	sw	a5,0(sp)
    3c40:	4682                	lw	a3,0(sp)
    3c42:	77e5                	lui	a5,0xffff9
    3c44:	52b78793          	addi	a5,a5,1323 # ffff952b <_eusrstack+0xdfff752b>
    3c48:	00f6d363          	bge	a3,a5,3c4e <C_PosCtrl_Update+0x3ac>
    3c4c:	c03e                	sw	a5,0(sp)
    3c4e:	4682                	lw	a3,0(sp)
    3c50:	679d                	lui	a5,0x7
    3c52:	ad578793          	addi	a5,a5,-1323 # 6ad5 <A_Uart_Process+0x3dd>
    3c56:	00d7d363          	bge	a5,a3,3c5c <C_PosCtrl_Update+0x3ba>
    3c5a:	c03e                	sw	a5,0(sp)
    3c5c:	47c2                	lw	a5,16(sp)
    3c5e:	d202                	sw	zero,36(sp)
    3c60:	97ae                	add	a5,a5,a1
    3c62:	8f99                	sub	a5,a5,a4
    3c64:	c43e                	sw	a5,8(sp)
    3c66:	04800793          	li	a5,72
    3c6a:	0087dc63          	bge	a5,s0,3c82 <C_PosCtrl_Update+0x3e0>
    3c6e:	02e617b3          	mulh	a5,a2,a4
    3c72:	4685                	li	a3,1
    3c74:	d236                	sw	a3,36(sp)
    3c76:	0007c663          	bltz	a5,3c82 <C_PosCtrl_Update+0x3e0>
    3c7a:	47e2                	lw	a5,24(sp)
    3c7c:	00f037b3          	snez	a5,a5
    3c80:	d23e                	sw	a5,36(sp)
    3c82:	4502                	lw	a0,0(sp)
    3c84:	4302                	lw	t1,0(sp)
    3c86:	6785                	lui	a5,0x1
    3c88:	26c78693          	addi	a3,a5,620 # 126c <GPIO_IPD_Unused+0x1e8>
    3c8c:	02d50533          	mul	a0,a0,a3
    3c90:	02d316b3          	mulh	a3,t1,a3
    3c94:	8141                	srli	a0,a0,0x10
    3c96:	06c2                	slli	a3,a3,0x10
    3c98:	8ec9                	or	a3,a3,a0
    3c9a:	ce36                	sw	a3,28(sp)
    3c9c:	02b616b3          	mulh	a3,a2,a1
    3ca0:	d206cfe3          	bltz	a3,39de <C_PosCtrl_Update+0x13c>
    3ca4:	f5378793          	addi	a5,a5,-173
    3ca8:	02f60733          	mul	a4,a2,a5
    3cac:	02f617b3          	mulh	a5,a2,a5
    3cb0:	8351                	srli	a4,a4,0x14
    3cb2:	07b2                	slli	a5,a5,0xc
    3cb4:	8fd9                	or	a5,a5,a4
    3cb6:	d43e                	sw	a5,40(sp)
    3cb8:	20dc                	lbu	a5,4(s1)
    3cba:	4705                	li	a4,1
    3cbc:	ca3e                	sw	a5,20(sp)
    3cbe:	46d2                	lw	a3,20(sp)
    3cc0:	47a2                	lw	a5,8(sp)
    3cc2:	00e69963          	bne	a3,a4,3cd4 <C_PosCtrl_Update+0x432>
    3cc6:	4722                	lw	a4,8(sp)
    3cc8:	10800793          	li	a5,264
    3ccc:	d6e7dfe3          	bge	a5,a4,3a4a <C_PosCtrl_Update+0x1a8>
    3cd0:	ef870793          	addi	a5,a4,-264
    3cd4:	5712                	lw	a4,36(sp)
    3cd6:	d80714e3          	bnez	a4,3a5e <C_PosCtrl_Update+0x1bc>
    3cda:	6705                	lui	a4,0x1
    3cdc:	51370713          	addi	a4,a4,1299 # 1513 <I2C_GetFlagStatus+0x9>
    3ce0:	41f7d693          	srai	a3,a5,0x1f
    3ce4:	02e785b3          	mul	a1,a5,a4
    3ce8:	02e686b3          	mul	a3,a3,a4
    3cec:	02e7b7b3          	mulhu	a5,a5,a4
    3cf0:	96be                	add	a3,a3,a5
    3cf2:	06c2                	slli	a3,a3,0x10
    3cf4:	0105d793          	srli	a5,a1,0x10
    3cf8:	8fd5                	or	a5,a5,a3
    3cfa:	d03e                	sw	a5,32(sp)
    3cfc:	249c                	lbu	a5,8(s1)
    3cfe:	4681                	li	a3,0
    3d00:	d63e                	sw	a5,44(sp)
    3d02:	24fc                	lbu	a5,14(s1)
    3d04:	c7b1                	beqz	a5,3d50 <C_PosCtrl_Update+0x4ae>
    3d06:	57b2                	lw	a5,44(sp)
    3d08:	e7a1                	bnez	a5,3d50 <C_PosCtrl_Update+0x4ae>
    3d0a:	02000793          	li	a5,32
    3d0e:	fe028693          	addi	a3,t0,-32
    3d12:	0057c963          	blt	a5,t0,3d24 <C_PosCtrl_Update+0x482>
    3d16:	5781                	li	a5,-32
    3d18:	8696                	mv	a3,t0
    3d1a:	0057d363          	bge	a5,t0,3d20 <C_PosCtrl_Update+0x47e>
    3d1e:	5681                	li	a3,-32
    3d20:	02068693          	addi	a3,a3,32
    3d24:	6785                	lui	a5,0x1
    3d26:	c0078793          	addi	a5,a5,-1024 # c00 <FLASH_Lock+0xc>
    3d2a:	02f68733          	mul	a4,a3,a5
    3d2e:	02f696b3          	mulh	a3,a3,a5
    3d32:	8321                	srli	a4,a4,0x8
    3d34:	b5000793          	li	a5,-1200
    3d38:	06e2                	slli	a3,a3,0x18
    3d3a:	8ed9                	or	a3,a3,a4
    3d3c:	00f6d463          	bge	a3,a5,3d44 <C_PosCtrl_Update+0x4a2>
    3d40:	b5000693          	li	a3,-1200
    3d44:	4b000793          	li	a5,1200
    3d48:	00d7d463          	bge	a5,a3,3d50 <C_PosCtrl_Update+0x4ae>
    3d4c:	4b000693          	li	a3,1200
    3d50:	4088                	lw	a0,0(s1)
    3d52:	48cc                	lw	a1,20(s1)
    3d54:	41055793          	srai	a5,a0,0x10
    3d58:	da3e                	sw	a5,52(sp)
    3d5a:	4782                	lw	a5,0(sp)
    3d5c:	02b785b3          	mul	a1,a5,a1
    3d60:	77e1                	lui	a5,0xffff8
    3d62:	00f5d363          	bge	a1,a5,3d68 <C_PosCtrl_Update+0x4c6>
    3d66:	75e1                	lui	a1,0xffff8
    3d68:	67a1                	lui	a5,0x8
    3d6a:	00b7d363          	bge	a5,a1,3d70 <C_PosCtrl_Update+0x4ce>
    3d6e:	65a1                	lui	a1,0x8
    3d70:	20f00793          	li	a5,527
    3d74:	ce87d9e3          	bge	a5,s0,3a66 <C_PosCtrl_Update+0x1c4>
    3d78:	4785                	li	a5,1
    3d7a:	b49c                	sb	a5,9(s1)
    3d7c:	00049623          	sh	zero,12(s1)
    3d80:	03900793          	li	a5,57
    3d84:	02f58733          	mul	a4,a1,a5
    3d88:	00049523          	sh	zero,10(s1)
    3d8c:	02f597b3          	mulh	a5,a1,a5
    3d90:	833d                	srli	a4,a4,0xf
    3d92:	07c6                	slli	a5,a5,0x11
    3d94:	8fd9                	or	a5,a5,a4
    3d96:	45f2                	lw	a1,28(sp)
    3d98:	5322                	lw	t1,40(sp)
    3d9a:	5742                	lw	a4,48(sp)
    3d9c:	95be                	add	a1,a1,a5
    3d9e:	959a                	add	a1,a1,t1
    3da0:	5302                	lw	t1,32(sp)
    3da2:	959a                	add	a1,a1,t1
    3da4:	41055313          	srai	t1,a0,0x10
    3da8:	959a                	add	a1,a1,t1
    3daa:	95b6                	add	a1,a1,a3
    3dac:	00b74763          	blt	a4,a1,3dba <C_PosCtrl_Update+0x518>
    3db0:	40e00733          	neg	a4,a4
    3db4:	00b75363          	bge	a4,a1,3dba <C_PosCtrl_Update+0x518>
    3db8:	872e                	mv	a4,a1
    3dba:	5332                	lw	t1,44(sp)
    3dbc:	d2030fe3          	beqz	t1,3afa <C_PosCtrl_Update+0x258>
    3dc0:	0004a023          	sw	zero,0(s1)
    3dc4:	4501                	li	a0,0
    3dc6:	0542                	slli	a0,a0,0x10
    3dc8:	8541                	srai	a0,a0,0x10
    3dca:	04038963          	beqz	t2,3e1c <C_PosCtrl_Update+0x57a>
    3dce:	00f39823          	sh	a5,16(t2)
    3dd2:	47f2                	lw	a5,28(sp)
    3dd4:	46b2                	lw	a3,12(sp)
    3dd6:	8f0d                	sub	a4,a4,a1
    3dd8:	00f39923          	sh	a5,18(t2)
    3ddc:	57a2                	lw	a5,40(sp)
    3dde:	00d3a023          	sw	a3,0(t2)
    3de2:	46a2                	lw	a3,8(sp)
    3de4:	00f39a23          	sh	a5,20(t2)
    3de8:	5782                	lw	a5,32(sp)
    3dea:	00d3a223          	sw	a3,4(t2)
    3dee:	46c2                	lw	a3,16(sp)
    3df0:	00f39b23          	sh	a5,22(t2)
    3df4:	57d2                	lw	a5,52(sp)
    3df6:	00d3a423          	sw	a3,8(t2)
    3dfa:	4682                	lw	a3,0(sp)
    3dfc:	00f39c23          	sh	a5,24(t2)
    3e00:	47d2                	lw	a5,20(sp)
    3e02:	00e03733          	snez	a4,a4
    3e06:	00d3a623          	sw	a3,12(t2)
    3e0a:	00f38e23          	sb	a5,28(t2)
    3e0e:	5792                	lw	a5,36(sp)
    3e10:	00a39d23          	sh	a0,26(t2)
    3e14:	00e38ea3          	sb	a4,29(t2)
    3e18:	00f38f23          	sb	a5,30(t2)
    3e1c:	03810113          	addi	sp,sp,56
    3e20:	a92fc06f          	j	b2 <__riscv_restore_0>

00003e24 <C_Ring_Buf_Init>:
    3e24:	c509                	beqz	a0,3e2e <C_Ring_Buf_Init+0xa>
    3e26:	08050023          	sb	zero,128(a0) # 3200080 <_data_lma+0x31f8a84>
    3e2a:	080500a3          	sb	zero,129(a0)
    3e2e:	8082                	ret

00003e30 <C_Ring_Buf_Put>:
    3e30:	87aa                	mv	a5,a0
    3e32:	c11d                	beqz	a0,3e58 <C_Ring_Buf_Put+0x28>
    3e34:	08054703          	lbu	a4,128(a0)
    3e38:	08154683          	lbu	a3,129(a0)
    3e3c:	4501                	li	a0,0
    3e3e:	0705                	addi	a4,a4,1
    3e40:	07f77713          	andi	a4,a4,127
    3e44:	00e68b63          	beq	a3,a4,3e5a <C_Ring_Buf_Put+0x2a>
    3e48:	0807c683          	lbu	a3,128(a5) # 8080 <_data_lma+0xa84>
    3e4c:	4505                	li	a0,1
    3e4e:	96be                	add	a3,a3,a5
    3e50:	a28c                	sb	a1,0(a3)
    3e52:	08e78023          	sb	a4,128(a5)
    3e56:	8082                	ret
    3e58:	4501                	li	a0,0
    3e5a:	8082                	ret

00003e5c <C_Ring_Buf_Get>:
    3e5c:	87aa                	mv	a5,a0
    3e5e:	4501                	li	a0,0
    3e60:	c795                	beqz	a5,3e8c <C_Ring_Buf_Get+0x30>
    3e62:	c58d                	beqz	a1,3e8c <C_Ring_Buf_Get+0x30>
    3e64:	0807c683          	lbu	a3,128(a5)
    3e68:	0817c703          	lbu	a4,129(a5)
    3e6c:	02e68063          	beq	a3,a4,3e8c <C_Ring_Buf_Get+0x30>
    3e70:	0817c703          	lbu	a4,129(a5)
    3e74:	4505                	li	a0,1
    3e76:	973e                	add	a4,a4,a5
    3e78:	2318                	lbu	a4,0(a4)
    3e7a:	a198                	sb	a4,0(a1)
    3e7c:	0817c703          	lbu	a4,129(a5)
    3e80:	0705                	addi	a4,a4,1
    3e82:	07f77713          	andi	a4,a4,127
    3e86:	08e780a3          	sb	a4,129(a5)
    3e8a:	8082                	ret
    3e8c:	8082                	ret

00003e8e <C_Ring_Buf_Get_Count>:
    3e8e:	c905                	beqz	a0,3ebe <C_Ring_Buf_Get_Count+0x30>
    3e90:	08054703          	lbu	a4,128(a0)
    3e94:	08154783          	lbu	a5,129(a0)
    3e98:	00f76b63          	bltu	a4,a5,3eae <C_Ring_Buf_Get_Count+0x20>
    3e9c:	08054783          	lbu	a5,128(a0)
    3ea0:	08154703          	lbu	a4,129(a0)
    3ea4:	40e78533          	sub	a0,a5,a4
    3ea8:	0ff57513          	zext.b	a0,a0
    3eac:	8082                	ret
    3eae:	08054783          	lbu	a5,128(a0)
    3eb2:	08154703          	lbu	a4,129(a0)
    3eb6:	f8078513          	addi	a0,a5,-128
    3eba:	8d19                	sub	a0,a0,a4
    3ebc:	b7f5                	j	3ea8 <C_Ring_Buf_Get_Count+0x1a>
    3ebe:	4501                	li	a0,0
    3ec0:	8082                	ret

00003ec2 <C_SpeedObs_Init>:
    3ec2:	a1c18793          	addi	a5,gp,-1508 # 200002ac <s_obs+0xc>
    3ec6:	0007a023          	sw	zero,0(a5)
    3eca:	0007a223          	sw	zero,4(a5)
    3ece:	0007a423          	sw	zero,8(a5)
    3ed2:	0007a623          	sw	zero,12(a5)
    3ed6:	6705                	lui	a4,0x1
    3ed8:	a1018793          	addi	a5,gp,-1520 # 200002a0 <s_obs>
    3edc:	de570713          	addi	a4,a4,-539 # de5 <FLASH_ROM_ERASE+0x143>
    3ee0:	d398                	sw	a4,32(a5)
    3ee2:	4ec00713          	li	a4,1260
    3ee6:	0522                	slli	a0,a0,0x8
    3ee8:	d3d8                	sw	a4,36(a5)
    3eea:	10200713          	li	a4,258
    3eee:	00078e23          	sb	zero,28(a5)
    3ef2:	c388                	sw	a0,0(a5)
    3ef4:	0007a223          	sw	zero,4(a5)
    3ef8:	0007a423          	sw	zero,8(a5)
    3efc:	b79a                	sh	a4,40(a5)
    3efe:	8082                	ret

00003f00 <C_SpeedObs_Update>:
    3f00:	9a8fc2ef          	jal	t0,a8 <__riscv_save_0>
    3f04:	a1018793          	addi	a5,gp,-1520 # 200002a0 <s_obs>
    3f08:	0297c783          	lbu	a5,41(a5)
    3f0c:	1161                	addi	sp,sp,-8
    3f0e:	842a                	mv	s0,a0
    3f10:	a1018493          	addi	s1,gp,-1520 # 200002a0 <s_obs>
    3f14:	e799                	bnez	a5,3f22 <C_SpeedObs_Update+0x22>
    3f16:	c232                	sw	a2,4(sp)
    3f18:	c02e                	sw	a1,0(sp)
    3f1a:	fa9ff0ef          	jal	ra,3ec2 <C_SpeedObs_Init>
    3f1e:	4612                	lw	a2,4(sp)
    3f20:	4582                	lw	a1,0(sp)
    3f22:	2cdc                	lbu	a5,28(s1)
    3f24:	40d4                	lw	a3,4(s1)
    3f26:	00179713          	slli	a4,a5,0x1
    3f2a:	9726                	add	a4,a4,s1
    3f2c:	a74e                	sh	a1,12(a4)
    3f2e:	0284c703          	lbu	a4,40(s1)
    3f32:	0785                	addi	a5,a5,1
    3f34:	8b9d                	andi	a5,a5,7
    3f36:	acdc                	sb	a5,28(s1)
    3f38:	8f99                	sub	a5,a5,a4
    3f3a:	079d                	addi	a5,a5,7
    3f3c:	8b9d                	andi	a5,a5,7
    3f3e:	0786                	slli	a5,a5,0x1
    3f40:	6725                	lui	a4,0x9
    3f42:	97a6                	add	a5,a5,s1
    3f44:	7b470713          	addi	a4,a4,1972 # 97b4 <_data_lma+0x21b8>
    3f48:	00c79583          	lh	a1,12(a5)
    3f4c:	02e687b3          	mul	a5,a3,a4
    3f50:	02e69733          	mulh	a4,a3,a4
    3f54:	83c1                	srli	a5,a5,0x10
    3f56:	0742                	slli	a4,a4,0x10
    3f58:	8fd9                	or	a5,a5,a4
    3f5a:	7761                	lui	a4,0xffff8
    3f5c:	00e7d363          	bge	a5,a4,3f62 <C_SpeedObs_Update+0x62>
    3f60:	77e1                	lui	a5,0xffff8
    3f62:	6721                	lui	a4,0x8
    3f64:	00f75363          	bge	a4,a5,3f6a <C_SpeedObs_Update+0x6a>
    3f68:	67a1                	lui	a5,0x8
    3f6a:	03900293          	li	t0,57
    3f6e:	02578333          	mul	t1,a5,t0
    3f72:	5088                	lw	a0,32(s1)
    3f74:	4498                	lw	a4,8(s1)
    3f76:	025792b3          	mulh	t0,a5,t0
    3f7a:	00f35313          	srli	t1,t1,0xf
    3f7e:	02c6                	slli	t0,t0,0x11
    3f80:	0062e333          	or	t1,t0,t1
    3f84:	40658333          	sub	t1,a1,t1
    3f88:	82ae                	mv	t0,a1
    3f8a:	fc700593          	li	a1,-57
    3f8e:	00b2d463          	bge	t0,a1,3f96 <C_SpeedObs_Update+0x96>
    3f92:	fc700293          	li	t0,-57
    3f96:	03900593          	li	a1,57
    3f9a:	0055d463          	bge	a1,t0,3fa2 <C_SpeedObs_Update+0xa2>
    3f9e:	03900293          	li	t0,57
    3fa2:	41f7d393          	srai	t2,a5,0x1f
    3fa6:	00f3c5b3          	xor	a1,t2,a5
    3faa:	407585b3          	sub	a1,a1,t2
    3fae:	67a1                	lui	a5,0x8
    3fb0:	8f8d                	sub	a5,a5,a1
    3fb2:	02f285b3          	mul	a1,t0,a5
    3fb6:	0422                	slli	s0,s0,0x8
    3fb8:	02f297b3          	mulh	a5,t0,a5
    3fbc:	81bd                	srli	a1,a1,0xf
    3fbe:	07c6                	slli	a5,a5,0x11
    3fc0:	8ddd                	or	a1,a1,a5
    3fc2:	40b307b3          	sub	a5,t1,a1
    3fc6:	02a787b3          	mul	a5,a5,a0
    3fca:	02e505b3          	mul	a1,a0,a4
    3fce:	02e51533          	mulh	a0,a0,a4
    3fd2:	81a1                	srli	a1,a1,0x8
    3fd4:	0562                	slli	a0,a0,0x18
    3fd6:	8dc9                	or	a1,a1,a0
    3fd8:	50c8                	lw	a0,36(s1)
    3fda:	8f8d                	sub	a5,a5,a1
    3fdc:	8f95                	sub	a5,a5,a3
    3fde:	02a785b3          	mul	a1,a5,a0
    3fe2:	02a797b3          	mulh	a5,a5,a0
    3fe6:	81c1                	srli	a1,a1,0x10
    3fe8:	07c2                	slli	a5,a5,0x10
    3fea:	8ddd                	or	a1,a1,a5
    3fec:	6785                	lui	a5,0x1
    3fee:	06278313          	addi	t1,a5,98 # 1062 <GPIO_PinRemapConfig+0x80>
    3ff2:	95b6                	add	a1,a1,a3
    3ff4:	02668533          	mul	a0,a3,t1
    3ff8:	5ed78793          	addi	a5,a5,1517
    3ffc:	026696b3          	mulh	a3,a3,t1
    4000:	8159                	srli	a0,a0,0x16
    4002:	06aa                	slli	a3,a3,0xa
    4004:	8d55                	or	a0,a0,a3
    4006:	4094                	lw	a3,0(s1)
    4008:	96aa                	add	a3,a3,a0
    400a:	8c15                	sub	s0,s0,a3
    400c:	02f40533          	mul	a0,s0,a5
    4010:	02f417b3          	mulh	a5,s0,a5
    4014:	813d                	srli	a0,a0,0xf
    4016:	07c6                	slli	a5,a5,0x11
    4018:	8d5d                	or	a0,a0,a5
    401a:	96aa                	add	a3,a3,a0
    401c:	0004e537          	lui	a0,0x4e
    4020:	4a950513          	addi	a0,a0,1193 # 4e4a9 <_data_lma+0x46ead>
    4024:	02a407b3          	mul	a5,s0,a0
    4028:	c094                	sw	a3,0(s1)
    402a:	02a41533          	mulh	a0,s0,a0
    402e:	83bd                	srli	a5,a5,0xf
    4030:	0546                	slli	a0,a0,0x11
    4032:	8fc9                	or	a5,a5,a0
    4034:	97ae                	add	a5,a5,a1
    4036:	ff70f5b7          	lui	a1,0xff70f
    403a:	c0058593          	addi	a1,a1,-1024 # ff70ec00 <_eusrstack+0xdf70cc00>
    403e:	00b7d363          	bge	a5,a1,4044 <C_SpeedObs_Update+0x144>
    4042:	87ae                	mv	a5,a1
    4044:	008f15b7          	lui	a1,0x8f1
    4048:	40058593          	addi	a1,a1,1024 # 8f1400 <_data_lma+0x8e9e04>
    404c:	00f5d363          	bge	a1,a5,4052 <C_SpeedObs_Update+0x152>
    4050:	87ae                	mv	a5,a1
    4052:	755d                	lui	a0,0xffff7
    4054:	15f50513          	addi	a0,a0,351 # ffff715f <_eusrstack+0xdfff515f>
    4058:	02a405b3          	mul	a1,s0,a0
    405c:	c0dc                	sw	a5,4(s1)
    405e:	02a41433          	mulh	s0,s0,a0
    4062:	81bd                	srli	a1,a1,0xf
    4064:	0446                	slli	s0,s0,0x11
    4066:	8dc1                	or	a1,a1,s0
    4068:	972e                	add	a4,a4,a1
    406a:	fffce5b7          	lui	a1,0xfffce
    406e:	00b75463          	bge	a4,a1,4076 <C_SpeedObs_Update+0x176>
    4072:	fffce737          	lui	a4,0xfffce
    4076:	000325b7          	lui	a1,0x32
    407a:	00e5d463          	bge	a1,a4,4082 <C_SpeedObs_Update+0x182>
    407e:	00032737          	lui	a4,0x32
    4082:	c498                	sw	a4,8(s1)
    4084:	c619                	beqz	a2,4092 <C_SpeedObs_Update+0x192>
    4086:	86a1                	srai	a3,a3,0x8
    4088:	87a1                	srai	a5,a5,0x8
    408a:	8721                	srai	a4,a4,0x8
    408c:	c214                	sw	a3,0(a2)
    408e:	c25c                	sw	a5,4(a2)
    4090:	c618                	sw	a4,8(a2)
    4092:	0121                	addi	sp,sp,8
    4094:	81efc06f          	j	b2 <__riscv_restore_0>

00004098 <C_Task_Init>:
    4098:	a4a1a023          	sw	a0,-1472(gp) # 200002d0 <s_tasks>
    409c:	e111                	bnez	a0,40a0 <C_Task_Init+0x8>
    409e:	4581                	li	a1,0
    40a0:	a2b18e23          	sb	a1,-1476(gp) # 200002cc <s_task_count>
    40a4:	4781                	li	a5,0
    40a6:	00b79363          	bne	a5,a1,40ac <C_Task_Init+0x14>
    40aa:	8082                	ret
    40ac:	215a                	lhu	a4,4(a0)
    40ae:	00050023          	sb	zero,0(a0)
    40b2:	000500a3          	sb	zero,1(a0)
    40b6:	0785                	addi	a5,a5,1
    40b8:	00051323          	sh	zero,6(a0)
    40bc:	a13a                	sh	a4,2(a0)
    40be:	0ff7f793          	zext.b	a5,a5
    40c2:	0541                	addi	a0,a0,16
    40c4:	b7cd                	j	40a6 <C_Task_Init+0xe>

000040c6 <C_Task_Tick_Update>:
    40c6:	a3c1c503          	lbu	a0,-1476(gp) # 200002cc <s_task_count>
    40ca:	a401a783          	lw	a5,-1472(gp) # 200002d0 <s_tasks>
    40ce:	6641                	lui	a2,0x10
    40d0:	4681                	li	a3,0
    40d2:	167d                	addi	a2,a2,-1 # ffff <_data_lma+0x8a03>
    40d4:	00d51363          	bne	a0,a3,40da <C_Task_Tick_Update+0x14>
    40d8:	8082                	ret
    40da:	23ce                	lhu	a1,4(a5)
    40dc:	c599                	beqz	a1,40ea <C_Task_Tick_Update+0x24>
    40de:	23ba                	lhu	a4,2(a5)
    40e0:	177d                	addi	a4,a4,-1 # 31fff <_data_lma+0x2aa03>
    40e2:	0742                	slli	a4,a4,0x10
    40e4:	8341                	srli	a4,a4,0x10
    40e6:	c719                	beqz	a4,40f4 <C_Task_Tick_Update+0x2e>
    40e8:	a3ba                	sh	a4,2(a5)
    40ea:	0685                	addi	a3,a3,1
    40ec:	0ff6f693          	zext.b	a3,a3
    40f0:	07c1                	addi	a5,a5,16
    40f2:	b7cd                	j	40d4 <C_Task_Tick_Update+0xe>
    40f4:	2398                	lbu	a4,0(a5)
    40f6:	a3ae                	sh	a1,2(a5)
    40f8:	e319                	bnez	a4,40fe <C_Task_Tick_Update+0x38>
    40fa:	3398                	lbu	a4,1(a5)
    40fc:	cb11                	beqz	a4,4110 <C_Task_Tick_Update+0x4a>
    40fe:	23fa                	lhu	a4,6(a5)
    4100:	fec705e3          	beq	a4,a2,40ea <C_Task_Tick_Update+0x24>
    4104:	23fa                	lhu	a4,6(a5)
    4106:	0705                	addi	a4,a4,1
    4108:	0742                	slli	a4,a4,0x10
    410a:	8341                	srli	a4,a4,0x10
    410c:	a3fa                	sh	a4,6(a5)
    410e:	bff1                	j	40ea <C_Task_Tick_Update+0x24>
    4110:	4705                	li	a4,1
    4112:	a398                	sb	a4,0(a5)
    4114:	bfd9                	j	40ea <C_Task_Tick_Update+0x24>

00004116 <C_Task_Run>:
    4116:	f93fb2ef          	jal	t0,a8 <__riscv_save_0>
    411a:	932fe0ef          	jal	ra,224c <__get_MSTATUS>
    411e:	08800793          	li	a5,136
    4122:	3007b073          	.4byte	0x3007b073
    4126:	0000100f          	.4byte	0x100f
    412a:	a401a703          	lw	a4,-1472(gp) # 200002d0 <s_tasks>
    412e:	a3c1c303          	lbu	t1,-1476(gp) # 200002cc <s_task_count>
    4132:	86ba                	mv	a3,a4
    4134:	0ff00613          	li	a2,255
    4138:	0ff00413          	li	s0,255
    413c:	4781                	li	a5,0
    413e:	00f31a63          	bne	t1,a5,4152 <C_Task_Run+0x3c>
    4142:	0ff00793          	li	a5,255
    4146:	02f41263          	bne	s0,a5,416a <C_Task_Run+0x54>
    414a:	908fe0ef          	jal	ra,2252 <__set_MSTATUS>
    414e:	f65fb06f          	j	b2 <__riscv_restore_0>
    4152:	228c                	lbu	a1,0(a3)
    4154:	c591                	beqz	a1,4160 <C_Task_Run+0x4a>
    4156:	268c                	lbu	a1,8(a3)
    4158:	00c5f463          	bgeu	a1,a2,4160 <C_Task_Run+0x4a>
    415c:	862e                	mv	a2,a1
    415e:	843e                	mv	s0,a5
    4160:	0785                	addi	a5,a5,1
    4162:	0ff7f793          	zext.b	a5,a5
    4166:	06c1                	addi	a3,a3,16
    4168:	bfd9                	j	413e <C_Task_Run+0x28>
    416a:	0412                	slli	s0,s0,0x4
    416c:	008707b3          	add	a5,a4,s0
    4170:	00078023          	sb	zero,0(a5)
    4174:	4705                	li	a4,1
    4176:	b398                	sb	a4,1(a5)
    4178:	8dafe0ef          	jal	ra,2252 <__set_MSTATUS>
    417c:	a401a783          	lw	a5,-1472(gp) # 200002d0 <s_tasks>
    4180:	97a2                	add	a5,a5,s0
    4182:	47dc                	lw	a5,12(a5)
    4184:	c391                	beqz	a5,4188 <C_Task_Run+0x72>
    4186:	9782                	jalr	a5
    4188:	8c4fe0ef          	jal	ra,224c <__get_MSTATUS>
    418c:	08800793          	li	a5,136
    4190:	3007b073          	.4byte	0x3007b073
    4194:	0000100f          	.4byte	0x100f
    4198:	a401a783          	lw	a5,-1472(gp) # 200002d0 <s_tasks>
    419c:	97a2                	add	a5,a5,s0
    419e:	000780a3          	sb	zero,1(a5)
    41a2:	b765                	j	414a <C_Task_Run+0x34>

000041a4 <C_Task_EventFlag>:
    41a4:	c901                	beqz	a0,41b4 <C_Task_EventFlag+0x10>
    41a6:	a3c1c683          	lbu	a3,-1476(gp) # 200002cc <s_task_count>
    41aa:	a401a783          	lw	a5,-1472(gp) # 200002d0 <s_tasks>
    41ae:	4701                	li	a4,0
    41b0:	00e69463          	bne	a3,a4,41b8 <C_Task_EventFlag+0x14>
    41b4:	4501                	li	a0,0
    41b6:	8082                	ret
    41b8:	47cc                	lw	a1,12(a5)
    41ba:	01078613          	addi	a2,a5,16
    41be:	00a59463          	bne	a1,a0,41c6 <C_Task_EventFlag+0x22>
    41c2:	853e                	mv	a0,a5
    41c4:	8082                	ret
    41c6:	0705                	addi	a4,a4,1
    41c8:	0ff77713          	zext.b	a4,a4
    41cc:	87b2                	mv	a5,a2
    41ce:	b7cd                	j	41b0 <C_Task_EventFlag+0xc>

000041d0 <Traj_Sqrt_Ceil>:
    41d0:	46c1                	li	a3,16
    41d2:	4701                	li	a4,0
    41d4:	4781                	li	a5,0
    41d6:	01e55613          	srli	a2,a0,0x1e
    41da:	078a                	slli	a5,a5,0x2
    41dc:	0706                	slli	a4,a4,0x1
    41de:	8fd1                	or	a5,a5,a2
    41e0:	050a                	slli	a0,a0,0x2
    41e2:	00f77563          	bgeu	a4,a5,41ec <Traj_Sqrt_Ceil+0x1c>
    41e6:	8f99                	sub	a5,a5,a4
    41e8:	17fd                	addi	a5,a5,-1
    41ea:	0709                	addi	a4,a4,2
    41ec:	16fd                	addi	a3,a3,-1
    41ee:	f6e5                	bnez	a3,41d6 <Traj_Sqrt_Ceil+0x6>
    41f0:	00175513          	srli	a0,a4,0x1
    41f4:	00f037b3          	snez	a5,a5
    41f8:	953e                	add	a0,a0,a5
    41fa:	8082                	ret

000041fc <Traj_Div_U64>:
    41fc:	10000737          	lui	a4,0x10000
    4200:	fff60693          	addi	a3,a2,-1
    4204:	1779                	addi	a4,a4,-2 # ffffffe <_data_lma+0xfff8a02>
    4206:	87aa                	mv	a5,a0
    4208:	557d                	li	a0,-1
    420a:	04d76c63          	bltu	a4,a3,4262 <Traj_Div_U64+0x66>
    420e:	04c5fa63          	bgeu	a1,a2,4262 <Traj_Div_U64+0x66>
    4212:	00161693          	slli	a3,a2,0x1
    4216:	00261313          	slli	t1,a2,0x2
    421a:	00361293          	slli	t0,a2,0x3
    421e:	4721                	li	a4,8
    4220:	4501                	li	a0,0
    4222:	01c7d393          	srli	t2,a5,0x1c
    4226:	0592                	slli	a1,a1,0x4
    4228:	00b3e5b3          	or	a1,t2,a1
    422c:	0792                	slli	a5,a5,0x4
    422e:	0512                	slli	a0,a0,0x4
    4230:	0055e663          	bltu	a1,t0,423c <Traj_Div_U64+0x40>
    4234:	405585b3          	sub	a1,a1,t0
    4238:	00856513          	ori	a0,a0,8
    423c:	0065e663          	bltu	a1,t1,4248 <Traj_Div_U64+0x4c>
    4240:	406585b3          	sub	a1,a1,t1
    4244:	00456513          	ori	a0,a0,4
    4248:	00d5e563          	bltu	a1,a3,4252 <Traj_Div_U64+0x56>
    424c:	8d95                	sub	a1,a1,a3
    424e:	00256513          	ori	a0,a0,2
    4252:	00c5e563          	bltu	a1,a2,425c <Traj_Div_U64+0x60>
    4256:	8d91                	sub	a1,a1,a2
    4258:	00156513          	ori	a0,a0,1
    425c:	177d                	addi	a4,a4,-1
    425e:	f371                	bnez	a4,4222 <Traj_Div_U64+0x26>
    4260:	8082                	ret
    4262:	8082                	ret

00004264 <Traj_Acc_Coef>:
    4264:	02b506b3          	mul	a3,a0,a1
    4268:	02b51533          	mulh	a0,a0,a1
    426c:	02054763          	bltz	a0,429a <Traj_Acc_Coef+0x36>
    4270:	00251793          	slli	a5,a0,0x2
    4274:	82f9                	srli	a3,a3,0x1e
    4276:	000f4737          	lui	a4,0xf4
    427a:	24070713          	addi	a4,a4,576 # f4240 <_data_lma+0xecc44>
    427e:	8edd                	or	a3,a3,a5
    4280:	8579                	srai	a0,a0,0x1e
    4282:	02e50633          	mul	a2,a0,a4
    4286:	02e6b7b3          	mulhu	a5,a3,a4
    428a:	02e68733          	mul	a4,a3,a4
    428e:	97b2                	add	a5,a5,a2
    4290:	07c2                	slli	a5,a5,0x10
    4292:	8341                	srli	a4,a4,0x10
    4294:	00e7e533          	or	a0,a5,a4
    4298:	8082                	ret
    429a:	40d00733          	neg	a4,a3
    429e:	40a007b3          	neg	a5,a0
    42a2:	00d036b3          	snez	a3,a3
    42a6:	8f95                	sub	a5,a5,a3
    42a8:	00279693          	slli	a3,a5,0x2
    42ac:	8379                	srli	a4,a4,0x1e
    42ae:	8f55                	or	a4,a4,a3
    42b0:	87f9                	srai	a5,a5,0x1e
    42b2:	00f766b3          	or	a3,a4,a5
    42b6:	dee9                	beqz	a3,4290 <Traj_Acc_Coef+0x2c>
    42b8:	000f46b7          	lui	a3,0xf4
    42bc:	24068693          	addi	a3,a3,576 # f4240 <_data_lma+0xecc44>
    42c0:	02d70533          	mul	a0,a4,a3
    42c4:	02d787b3          	mul	a5,a5,a3
    42c8:	8141                	srli	a0,a0,0x10
    42ca:	02d73733          	mulhu	a4,a4,a3
    42ce:	97ba                	add	a5,a5,a4
    42d0:	07c2                	slli	a5,a5,0x10
    42d2:	8d5d                	or	a0,a0,a5
    42d4:	40a00533          	neg	a0,a0
    42d8:	8082                	ret

000042da <Traj_Emit>:
    42da:	a4418713          	addi	a4,gp,-1468 # 200002d4 <s_tj>
    42de:	09072703          	lw	a4,144(a4)
    42e2:	a4418793          	addi	a5,gp,-1468 # 200002d4 <s_tj>
    42e6:	00e5c663          	blt	a1,a4,42f2 <Traj_Emit+0x18>
    42ea:	0947a703          	lw	a4,148(a5)
    42ee:	00b75663          	bge	a4,a1,42fa <Traj_Emit+0x20>
    42f2:	0007a223          	sw	zero,4(a5)
    42f6:	85ba                	mv	a1,a4
    42f8:	4601                	li	a2,0
    42fa:	43d4                	lw	a3,4(a5)
    42fc:	3e800713          	li	a4,1000
    4300:	c38c                	sw	a1,0(a5)
    4302:	02d707b3          	mul	a5,a4,a3
    4306:	c10c                	sw	a1,0(a0)
    4308:	c510                	sw	a2,8(a0)
    430a:	02d71733          	mulh	a4,a4,a3
    430e:	83c1                	srli	a5,a5,0x10
    4310:	0742                	slli	a4,a4,0x10
    4312:	8fd9                	or	a5,a5,a4
    4314:	c15c                	sw	a5,4(a0)
    4316:	8082                	ret

00004318 <Traj_SCurve>:
    4318:	d91fb2ef          	jal	t0,a8 <__riscv_save_0>
    431c:	1131                	addi	sp,sp,-20
    431e:	842a                	mv	s0,a0
    4320:	82ba                	mv	t0,a4
    4322:	84be                	mv	s1,a5
    4324:	02b04263          	bgtz	a1,4348 <Traj_SCurve+0x30>
    4328:	02a507b3          	mul	a5,a0,a0
    432c:	00a2a023          	sw	a0,0(t0)
    4330:	02a51433          	mulh	s0,a0,a0
    4334:	83c1                	srli	a5,a5,0x10
    4336:	0442                	slli	s0,s0,0x10
    4338:	8fc1                	or	a5,a5,s0
    433a:	c09c                	sw	a5,0(s1)
    433c:	67a1                	lui	a5,0x8
    433e:	5702                	lw	a4,32(sp)
    4340:	c31c                	sw	a5,0(a4)
    4342:	0151                	addi	sp,sp,20
    4344:	d6ffb06f          	j	b2 <__riscv_restore_0>
    4348:	67a1                	lui	a5,0x8
    434a:	8f8d                	sub	a5,a5,a1
    434c:	852e                	mv	a0,a1
    434e:	0287d863          	bge	a5,s0,437e <Traj_SCurve+0x66>
    4352:	081c                	addi	a5,sp,16
    4354:	6521                	lui	a0,0x8
    4356:	c23a                	sw	a4,4(sp)
    4358:	c03e                	sw	a5,0(sp)
    435a:	0038                	addi	a4,sp,8
    435c:	007c                	addi	a5,sp,12
    435e:	8d01                	sub	a0,a0,s0
    4360:	3f65                	jal	4318 <Traj_SCurve>
    4362:	47a2                	lw	a5,8(sp)
    4364:	4292                	lw	t0,4(sp)
    4366:	4732                	lw	a4,12(sp)
    4368:	6521                	lui	a0,0x8
    436a:	40f503b3          	sub	t2,a0,a5
    436e:	77f1                	lui	a5,0xffffc
    4370:	97a2                	add	a5,a5,s0
    4372:	97ba                	add	a5,a5,a4
    4374:	0072a023          	sw	t2,0(t0)
    4378:	c09c                	sw	a5,0(s1)
    437a:	47c2                	lw	a5,16(sp)
    437c:	b7c9                	j	433e <Traj_SCurve+0x26>
    437e:	83b6                	mv	t2,a3
    4380:	02c40733          	mul	a4,s0,a2
    4384:	8332                	mv	t1,a2
    4386:	02c416b3          	mulh	a3,s0,a2
    438a:	06b45863          	bge	s0,a1,43fa <Traj_SCurve+0xe2>
    438e:	5582                	lw	a1,32(sp)
    4390:	02838633          	mul	a2,t2,s0
    4394:	028397b3          	mulh	a5,t2,s0
    4398:	823d                	srli	a2,a2,0xf
    439a:	07c6                	slli	a5,a5,0x11
    439c:	8e5d                	or	a2,a2,a5
    439e:	026607b3          	mul	a5,a2,t1
    43a2:	02661333          	mulh	t1,a2,t1
    43a6:	83bd                	srli	a5,a5,0xf
    43a8:	0346                	slli	t1,t1,0x11
    43aa:	00f367b3          	or	a5,t1,a5
    43ae:	c19c                	sw	a5,0(a1)
    43b0:	41f65793          	srai	a5,a2,0x1f
    43b4:	02e787b3          	mul	a5,a5,a4
    43b8:	02c686b3          	mul	a3,a3,a2
    43bc:	96be                	add	a3,a3,a5
    43be:	02e607b3          	mul	a5,a2,a4
    43c2:	02e63633          	mulhu	a2,a2,a4
    43c6:	83fd                	srli	a5,a5,0x1f
    43c8:	00c68733          	add	a4,a3,a2
    43cc:	0706                	slli	a4,a4,0x1
    43ce:	8fd9                	or	a5,a5,a4
    43d0:	02878633          	mul	a2,a5,s0
    43d4:	00f2a023          	sw	a5,0(t0)
    43d8:	6695                	lui	a3,0x5
    43da:	55568693          	addi	a3,a3,1365 # 5555 <A_Encoder_Read+0x75>
    43de:	028797b3          	mulh	a5,a5,s0
    43e2:	02d60733          	mul	a4,a2,a3
    43e6:	02d787b3          	mul	a5,a5,a3
    43ea:	837d                	srli	a4,a4,0x1f
    43ec:	02d63633          	mulhu	a2,a2,a3
    43f0:	97b2                	add	a5,a5,a2
    43f2:	0786                	slli	a5,a5,0x1
    43f4:	8f5d                	or	a4,a4,a5
    43f6:	c098                	sw	a4,0(s1)
    43f8:	b7a9                	j	4342 <Traj_SCurve+0x2a>
    43fa:	5782                	lw	a5,32(sp)
    43fc:	c390                	sw	a2,0(a5)
    43fe:	4015d793          	srai	a5,a1,0x1
    4402:	40f407b3          	sub	a5,s0,a5
    4406:	02c78633          	mul	a2,a5,a2
    440a:	8c09                	sub	s0,s0,a0
    440c:	026797b3          	mulh	a5,a5,t1
    4410:	823d                	srli	a2,a2,0xf
    4412:	07c6                	slli	a5,a5,0x11
    4414:	8e5d                	or	a2,a2,a5
    4416:	00c2a023          	sw	a2,0(t0)
    441a:	02658633          	mul	a2,a1,t1
    441e:	02659333          	mulh	t1,a1,t1
    4422:	8241                	srli	a2,a2,0x10
    4424:	85fd                	srai	a1,a1,0x1f
    4426:	01031793          	slli	a5,t1,0x10
    442a:	8e5d                	or	a2,a2,a5
    442c:	41035793          	srai	a5,t1,0x10
    4430:	02c585b3          	mul	a1,a1,a2
    4434:	6315                	lui	t1,0x5
    4436:	55530313          	addi	t1,t1,1365 # 5555 <A_Encoder_Read+0x75>
    443a:	02a787b3          	mul	a5,a5,a0
    443e:	97ae                	add	a5,a5,a1
    4440:	02a605b3          	mul	a1,a2,a0
    4444:	02a63633          	mulhu	a2,a2,a0
    4448:	97b2                	add	a5,a5,a2
    444a:	026787b3          	mul	a5,a5,t1
    444e:	02658633          	mul	a2,a1,t1
    4452:	0265b5b3          	mulhu	a1,a1,t1
    4456:	827d                	srli	a2,a2,0x1f
    4458:	97ae                	add	a5,a5,a1
    445a:	0786                	slli	a5,a5,0x1
    445c:	8e5d                	or	a2,a2,a5
    445e:	41f45793          	srai	a5,s0,0x1f
    4462:	028686b3          	mul	a3,a3,s0
    4466:	02e787b3          	mul	a5,a5,a4
    446a:	97b6                	add	a5,a5,a3
    446c:	02e406b3          	mul	a3,s0,a4
    4470:	02e43433          	mulhu	s0,s0,a4
    4474:	01f6d713          	srli	a4,a3,0x1f
    4478:	97a2                	add	a5,a5,s0
    447a:	0786                	slli	a5,a5,0x1
    447c:	8f5d                	or	a4,a4,a5
    447e:	963a                	add	a2,a2,a4
    4480:	c090                	sw	a2,0(s1)
    4482:	b5c1                	j	4342 <Traj_SCurve+0x2a>

00004484 <Traj_TblLerp>:
    4484:	c25fb2ef          	jal	t0,a8 <__riscv_save_0>
    4488:	419c                	lw	a5,0(a1)
    448a:	82b2                	mv	t0,a2
    448c:	00a7c563          	blt	a5,a0,4496 <Traj_TblLerp+0x12>
    4490:	4208                	lw	a0,0(a2)
    4492:	c21fb06f          	j	b2 <__riscv_restore_0>
    4496:	55dc                	lw	a5,44(a1)
    4498:	872a                	mv	a4,a0
    449a:	4685                	li	a3,1
    449c:	4531                	li	a0,12
    449e:	00f74863          	blt	a4,a5,44ae <Traj_TblLerp+0x2a>
    44a2:	02c2a503          	lw	a0,44(t0)
    44a6:	b7f5                	j	4492 <Traj_TblLerp+0xe>
    44a8:	0685                	addi	a3,a3,1
    44aa:	fea68ce3          	beq	a3,a0,44a2 <Traj_TblLerp+0x1e>
    44ae:	00269793          	slli	a5,a3,0x2
    44b2:	00f58633          	add	a2,a1,a5
    44b6:	00062303          	lw	t1,0(a2)
    44ba:	fee347e3          	blt	t1,a4,44a8 <Traj_TblLerp+0x24>
    44be:	ffc78693          	addi	a3,a5,-4 # ffffbffc <_eusrstack+0xdfff9ffc>
    44c2:	95b6                	add	a1,a1,a3
    44c4:	418c                	lw	a1,0(a1)
    44c6:	9796                	add	a5,a5,t0
    44c8:	4388                	lw	a0,0(a5)
    44ca:	40b30633          	sub	a2,t1,a1
    44ce:	fcc052e3          	blez	a2,4492 <Traj_TblLerp+0xe>
    44d2:	9696                	add	a3,a3,t0
    44d4:	4280                	lw	s0,0(a3)
    44d6:	41f65693          	srai	a3,a2,0x1f
    44da:	408507b3          	sub	a5,a0,s0
    44de:	40b70533          	sub	a0,a4,a1
    44e2:	02a795b3          	mulh	a1,a5,a0
    44e6:	02a78533          	mul	a0,a5,a0
    44ea:	12b020ef          	jal	ra,6e14 <__divdi3>
    44ee:	9522                	add	a0,a0,s0
    44f0:	b74d                	j	4492 <Traj_TblLerp+0xe>

000044f2 <C_Traj_Init>:
    44f2:	bb7fb2ef          	jal	t0,a8 <__riscv_save_0>
    44f6:	1101                	addi	sp,sp,-32
    44f8:	c82a                	sw	a0,16(sp)
    44fa:	06400793          	li	a5,100
    44fe:	84b2                	mv	s1,a2
    4500:	00b7d463          	bge	a5,a1,4508 <C_Traj_Init+0x16>
    4504:	06400593          	li	a1,100
    4508:	4681                	li	a3,0
    450a:	00e59513          	slli	a0,a1,0xe
    450e:	06400613          	li	a2,100
    4512:	4581                	li	a1,0
    4514:	101020ef          	jal	ra,6e14 <__divdi3>
    4518:	a4418693          	addi	a3,gp,-1468 # 200002d4 <s_tj>
    451c:	cac8                	sw	a0,20(a3)
    451e:	c02a                	sw	a0,0(sp)
    4520:	ca2e                	sw	a1,20(sp)
    4522:	06400693          	li	a3,100
    4526:	872a                	mv	a4,a0
    4528:	a4418413          	addi	s0,gp,-1468 # 200002d4 <s_tj>
    452c:	0096d463          	bge	a3,s1,4534 <C_Traj_Init+0x42>
    4530:	06400493          	li	s1,100
    4534:	06400613          	li	a2,100
    4538:	4681                	li	a3,0
    453a:	00e49513          	slli	a0,s1,0xe
    453e:	4581                	li	a1,0
    4540:	ce3a                	sw	a4,28(sp)
    4542:	0d3020ef          	jal	ra,6e14 <__divdi3>
    4546:	4782                	lw	a5,0(sp)
    4548:	64a1                	lui	s1,0x8
    454a:	c22a                	sw	a0,4(sp)
    454c:	40f48633          	sub	a2,s1,a5
    4550:	41f65693          	srai	a3,a2,0x1f
    4554:	cc2e                	sw	a1,24(sp)
    4556:	c62a                	sw	a0,12(sp)
    4558:	cc08                	sw	a0,24(s0)
    455a:	4581                	li	a1,0
    455c:	40000537          	lui	a0,0x40000
    4560:	0b5020ef          	jal	ra,6e14 <__divdi3>
    4564:	4792                	lw	a5,4(sp)
    4566:	c42a                	sw	a0,8(sp)
    4568:	cc48                	sw	a0,28(s0)
    456a:	40f48633          	sub	a2,s1,a5
    456e:	41f65693          	srai	a3,a2,0x1f
    4572:	40000537          	lui	a0,0x40000
    4576:	4581                	li	a1,0
    4578:	09d020ef          	jal	ra,6e14 <__divdi3>
    457c:	4772                	lw	a4,28(sp)
    457e:	d008                	sw	a0,32(s0)
    4580:	84aa                	mv	s1,a0
    4582:	4301                	li	t1,0
    4584:	cb09                	beqz	a4,4596 <C_Traj_Init+0xa4>
    4586:	4602                	lw	a2,0(sp)
    4588:	46d2                	lw	a3,20(sp)
    458a:	40000537          	lui	a0,0x40000
    458e:	4581                	li	a1,0
    4590:	085020ef          	jal	ra,6e14 <__divdi3>
    4594:	832a                	mv	t1,a0
    4596:	47b2                	lw	a5,12(sp)
    4598:	02642223          	sw	t1,36(s0)
    459c:	4501                	li	a0,0
    459e:	cb91                	beqz	a5,45b2 <C_Traj_Init+0xc0>
    45a0:	4612                	lw	a2,4(sp)
    45a2:	46e2                	lw	a3,24(sp)
    45a4:	40000537          	lui	a0,0x40000
    45a8:	4581                	li	a1,0
    45aa:	c61a                	sw	t1,12(sp)
    45ac:	069020ef          	jal	ra,6e14 <__divdi3>
    45b0:	4332                	lw	t1,12(sp)
    45b2:	66a5                	lui	a3,0x9
    45b4:	4742                	lw	a4,16(sp)
    45b6:	ca068693          	addi	a3,a3,-864 # 8ca0 <_data_lma+0x16a4>
    45ba:	d408                	sw	a0,40(s0)
    45bc:	08042823          	sw	zero,144(s0)
    45c0:	08d42a23          	sw	a3,148(s0)
    45c4:	06e6d163          	bge	a3,a4,4626 <C_Traj_Init+0x134>
    45c8:	8736                	mv	a4,a3
    45ca:	4782                	lw	a5,0(sp)
    45cc:	c018                	sw	a4,0(s0)
    45ce:	00042223          	sw	zero,4(s0)
    45d2:	d07c                	sw	a5,100(s0)
    45d4:	4792                	lw	a5,4(sp)
    45d6:	d458                	sw	a4,44(s0)
    45d8:	02042823          	sw	zero,48(s0)
    45dc:	d43c                	sw	a5,104(s0)
    45de:	47a2                	lw	a5,8(sp)
    45e0:	02042a23          	sw	zero,52(s0)
    45e4:	dc18                	sw	a4,56(s0)
    45e6:	dc58                	sw	a4,60(s0)
    45e8:	c038                	sw	a4,64(s0)
    45ea:	04042223          	sw	zero,68(s0)
    45ee:	04042423          	sw	zero,72(s0)
    45f2:	04042623          	sw	zero,76(s0)
    45f6:	04042823          	sw	zero,80(s0)
    45fa:	04042e23          	sw	zero,92(s0)
    45fe:	06042023          	sw	zero,96(s0)
    4602:	d47c                	sw	a5,108(s0)
    4604:	d824                	sw	s1,112(s0)
    4606:	06642a23          	sw	t1,116(s0)
    460a:	dc28                	sw	a0,120(s0)
    460c:	06042e23          	sw	zero,124(s0)
    4610:	08042023          	sw	zero,128(s0)
    4614:	08042223          	sw	zero,132(s0)
    4618:	08042423          	sw	zero,136(s0)
    461c:	08042623          	sw	zero,140(s0)
    4620:	6105                	addi	sp,sp,32
    4622:	a91fb06f          	j	b2 <__riscv_restore_0>
    4626:	fa0752e3          	bgez	a4,45ca <C_Traj_Init+0xd8>
    462a:	4701                	li	a4,0
    462c:	bf79                	j	45ca <C_Traj_Init+0xd8>

0000462e <C_Traj_Set_Range>:
    462e:	04a5c463          	blt	a1,a0,4676 <C_Traj_Set_Range+0x48>
    4632:	a4418713          	addi	a4,gp,-1468 # 200002d4 <s_tj>
    4636:	08a72823          	sw	a0,144(a4)
    463a:	08b72a23          	sw	a1,148(a4)
    463e:	4318                	lw	a4,0(a4)
    4640:	a4418793          	addi	a5,gp,-1468 # 200002d4 <s_tj>
    4644:	00a74663          	blt	a4,a0,4650 <C_Traj_Set_Range+0x22>
    4648:	852e                	mv	a0,a1
    464a:	00b75363          	bge	a4,a1,4650 <C_Traj_Set_Range+0x22>
    464e:	853a                	mv	a0,a4
    4650:	4705                	li	a4,1
    4652:	c388                	sw	a0,0(a5)
    4654:	0007a223          	sw	zero,4(a5)
    4658:	d7c8                	sw	a0,44(a5)
    465a:	df88                	sw	a0,56(a5)
    465c:	dfc8                	sw	a0,60(a5)
    465e:	c3a8                	sw	a0,64(a5)
    4660:	0207aa23          	sw	zero,52(a5)
    4664:	dff8                	sw	a4,124(a5)
    4666:	0807a023          	sw	zero,128(a5)
    466a:	08e7a223          	sw	a4,132(a5)
    466e:	0807a423          	sw	zero,136(a5)
    4672:	0807a623          	sw	zero,140(a5)
    4676:	8082                	ret

00004678 <C_Traj_Hold>:
    4678:	a4418693          	addi	a3,gp,-1468 # 200002d4 <s_tj>
    467c:	0906a703          	lw	a4,144(a3)
    4680:	a4418793          	addi	a5,gp,-1468 # 200002d4 <s_tj>
    4684:	0946a683          	lw	a3,148(a3)
    4688:	00e54663          	blt	a0,a4,4694 <C_Traj_Hold+0x1c>
    468c:	8736                	mv	a4,a3
    468e:	00d55363          	bge	a0,a3,4694 <C_Traj_Hold+0x1c>
    4692:	872a                	mv	a4,a0
    4694:	c398                	sw	a4,0(a5)
    4696:	c3b8                	sw	a4,64(a5)
    4698:	dfd8                	sw	a4,60(a5)
    469a:	df98                	sw	a4,56(a5)
    469c:	d7d8                	sw	a4,44(a5)
    469e:	4705                	li	a4,1
    46a0:	0007a223          	sw	zero,4(a5)
    46a4:	0607a023          	sw	zero,96(a5)
    46a8:	0407ae23          	sw	zero,92(a5)
    46ac:	0207aa23          	sw	zero,52(a5)
    46b0:	0207a823          	sw	zero,48(a5)
    46b4:	08e7a223          	sw	a4,132(a5)
    46b8:	dff8                	sw	a4,124(a5)
    46ba:	0807a623          	sw	zero,140(a5)
    46be:	0807a423          	sw	zero,136(a5)
    46c2:	0807a023          	sw	zero,128(a5)
    46c6:	8082                	ret

000046c8 <C_Traj_Plan>:
    46c8:	9e1fb2ef          	jal	t0,a8 <__riscv_save_0>
    46cc:	a4418793          	addi	a5,gp,-1468 # 200002d4 <s_tj>
    46d0:	4394                	lw	a3,0(a5)
    46d2:	715d                	addi	sp,sp,-80
    46d4:	a4418713          	addi	a4,gp,-1468 # 200002d4 <s_tj>
    46d8:	d7d4                	sw	a3,44(a5)
    46da:	d236                	sw	a3,36(sp)
    46dc:	43d4                	lw	a3,4(a5)
    46de:	d62e                	sw	a1,44(sp)
    46e0:	c03a                	sw	a4,0(sp)
    46e2:	db94                	sw	a3,48(a5)
    46e4:	08078793          	addi	a5,a5,128
    46e8:	ca36                	sw	a3,20(sp)
    46ea:	4b94                	lw	a3,16(a5)
    46ec:	4bdc                	lw	a5,20(a5)
    46ee:	ce36                	sw	a3,28(sp)
    46f0:	00d54663          	blt	a0,a3,46fc <C_Traj_Plan+0x34>
    46f4:	ce3e                	sw	a5,28(sp)
    46f6:	00f55363          	bge	a0,a5,46fc <C_Traj_Plan+0x34>
    46fa:	ce2a                	sw	a0,28(sp)
    46fc:	47f2                	lw	a5,28(sp)
    46fe:	5712                	lw	a4,36(sp)
    4700:	8f99                	sub	a5,a5,a4
    4702:	c63e                	sw	a5,12(sp)
    4704:	3007d863          	bgez	a5,4a14 <C_Traj_Plan+0x34c>
    4708:	87ba                	mv	a5,a4
    470a:	4772                	lw	a4,28(sp)
    470c:	8f99                	sub	a5,a5,a4
    470e:	c63e                	sw	a5,12(sp)
    4710:	47d2                	lw	a5,20(sp)
    4712:	40f007b3          	neg	a5,a5
    4716:	c23e                	sw	a5,4(sp)
    4718:	57fd                	li	a5,-1
    471a:	d83e                	sw	a5,48(sp)
    471c:	47b2                	lw	a5,12(sp)
    471e:	3e800513          	li	a0,1000
    4722:	04600613          	li	a2,70
    4726:	02a795b3          	mulh	a1,a5,a0
    472a:	4681                	li	a3,0
    472c:	02a78533          	mul	a0,a5,a0
    4730:	6e4020ef          	jal	ra,6e14 <__divdi3>
    4734:	679d                	lui	a5,0x7
    4736:	ad578793          	addi	a5,a5,-1323 # 6ad5 <A_Uart_Process+0x3dd>
    473a:	2ea7db63          	bge	a5,a0,4a30 <C_Traj_Plan+0x368>
    473e:	853e                	mv	a0,a5
    4740:	4792                	lw	a5,4(sp)
    4742:	4712                	lw	a4,4(sp)
    4744:	87fd                	srai	a5,a5,0x1f
    4746:	8f3d                	xor	a4,a4,a5
    4748:	40f707b3          	sub	a5,a4,a5
    474c:	cc3e                	sw	a5,24(sp)
    474e:	46e2                	lw	a3,24(sp)
    4750:	3e800713          	li	a4,1000
    4754:	02e787b3          	mul	a5,a5,a4
    4758:	02e69733          	mulh	a4,a3,a4
    475c:	83c1                	srli	a5,a5,0x10
    475e:	01071693          	slli	a3,a4,0x10
    4762:	8741                	srai	a4,a4,0x10
    4764:	8fd5                	or	a5,a5,a3
    4766:	d43a                	sw	a4,40(sp)
    4768:	843e                	mv	s0,a5
    476a:	00a7d363          	bge	a5,a0,4770 <C_Traj_Plan+0xa8>
    476e:	842a                	mv	s0,a0
    4770:	de3e                	sw	a5,60(sp)
    4772:	41f45793          	srai	a5,s0,0x1f
    4776:	01079313          	slli	t1,a5,0x10
    477a:	01045593          	srli	a1,s0,0x10
    477e:	3e800613          	li	a2,1000
    4782:	4681                	li	a3,0
    4784:	0065e5b3          	or	a1,a1,t1
    4788:	01041513          	slli	a0,s0,0x10
    478c:	c43e                	sw	a5,8(sp)
    478e:	686020ef          	jal	ra,6e14 <__divdi3>
    4792:	c82a                	sw	a0,16(sp)
    4794:	dc2a                	sw	a0,56(sp)
    4796:	d02a                	sw	a0,32(sp)
    4798:	3e800513          	li	a0,1000
    479c:	da2e                	sw	a1,52(sp)
    479e:	c0ae                	sw	a1,64(sp)
    47a0:	02a415b3          	mulh	a1,s0,a0
    47a4:	4679                	li	a2,30
    47a6:	4681                	li	a3,0
    47a8:	02a40533          	mul	a0,s0,a0
    47ac:	668020ef          	jal	ra,6e14 <__divdi3>
    47b0:	4782                	lw	a5,0(sp)
    47b2:	0019d6b7          	lui	a3,0x19d
    47b6:	58c68693          	addi	a3,a3,1420 # 19d58c <_data_lma+0x195f90>
    47ba:	4fc4                	lw	s1,28(a5)
    47bc:	c42a                	sw	a0,8(sp)
    47be:	57f2                	lw	a5,60(sp)
    47c0:	02d48633          	mul	a2,s1,a3
    47c4:	02d496b3          	mulh	a3,s1,a3
    47c8:	823d                	srli	a2,a2,0xf
    47ca:	01169593          	slli	a1,a3,0x11
    47ce:	86bd                	srai	a3,a3,0xf
    47d0:	8e4d                	or	a2,a2,a1
    47d2:	00d04663          	bgtz	a3,47de <C_Traj_Plan+0x116>
    47d6:	26069963          	bnez	a3,4a48 <C_Traj_Plan+0x380>
    47da:	26060763          	beqz	a2,4a48 <C_Traj_Plan+0x380>
    47de:	c2be                	sw	a5,68(sp)
    47e0:	47b2                	lw	a5,12(sp)
    47e2:	003e8537          	lui	a0,0x3e8
    47e6:	02a795b3          	mulh	a1,a5,a0
    47ea:	02a78533          	mul	a0,a5,a0
    47ee:	626020ef          	jal	ra,6e14 <__divdi3>
    47f2:	661d                	lui	a2,0x7
    47f4:	659d                	lui	a1,0x7
    47f6:	39c60613          	addi	a2,a2,924 # 739c <TRAJ_F_Q15>
    47fa:	36c58593          	addi	a1,a1,876 # 736c <TRAJ_H_Q12>
    47fe:	c87ff0ef          	jal	ra,4484 <Traj_TblLerp>
    4802:	41f45793          	srai	a5,s0,0x1f
    4806:	00f79713          	slli	a4,a5,0xf
    480a:	01145593          	srli	a1,s0,0x11
    480e:	6621                	lui	a2,0x8
    4810:	de2a                	sw	a0,60(sp)
    4812:	f2f60613          	addi	a2,a2,-209 # 7f2f <_data_lma+0x933>
    4816:	00f41513          	slli	a0,s0,0xf
    481a:	4681                	li	a3,0
    481c:	8dd9                	or	a1,a1,a4
    481e:	5f6020ef          	jal	ra,6e14 <__divdi3>
    4822:	5372                	lw	t1,60(sp)
    4824:	4796                	lw	a5,68(sp)
    4826:	842a                	mv	s0,a0
    4828:	00a35363          	bge	t1,a0,482e <C_Traj_Plan+0x166>
    482c:	841a                	mv	s0,t1
    482e:	56a2                	lw	a3,40(sp)
    4830:	0117d713          	srli	a4,a5,0x11
    4834:	6621                	lui	a2,0x8
    4836:	00f69593          	slli	a1,a3,0xf
    483a:	00f79513          	slli	a0,a5,0xf
    483e:	8dd9                	or	a1,a1,a4
    4840:	f2f60613          	addi	a2,a2,-209 # 7f2f <_data_lma+0x933>
    4844:	4681                	li	a3,0
    4846:	5ce020ef          	jal	ra,6e14 <__divdi3>
    484a:	6721                	lui	a4,0x8
    484c:	87aa                	mv	a5,a0
    484e:	00e54463          	blt	a0,a4,4856 <C_Traj_Plan+0x18e>
    4852:	fff70793          	addi	a5,a4,-1 # 7fff <_data_lma+0xa03>
    4856:	8522                	mv	a0,s0
    4858:	00f45363          	bge	s0,a5,485e <C_Traj_Plan+0x196>
    485c:	853e                	mv	a0,a5
    485e:	661d                	lui	a2,0x7
    4860:	659d                	lui	a1,0x7
    4862:	33c60613          	addi	a2,a2,828 # 733c <TRAJ_G_Q15>
    4866:	39c58593          	addi	a1,a1,924 # 739c <TRAJ_F_Q15>
    486a:	c1bff0ef          	jal	ra,4484 <Traj_TblLerp>
    486e:	000997b7          	lui	a5,0x99
    4872:	dd678793          	addi	a5,a5,-554 # 98dd6 <_data_lma+0x917da>
    4876:	02f50733          	mul	a4,a0,a5
    487a:	02f517b3          	mulh	a5,a0,a5
    487e:	833d                	srli	a4,a4,0xf
    4880:	07c6                	slli	a5,a5,0x11
    4882:	8fd9                	or	a5,a5,a4
    4884:	4622                	lw	a2,8(sp)
    4886:	00f64663          	blt	a2,a5,4892 <C_Traj_Plan+0x1ca>
    488a:	863e                	mv	a2,a5
    488c:	00f04363          	bgtz	a5,4892 <C_Traj_Plan+0x1ca>
    4890:	4605                	li	a2,1
    4892:	41f65693          	srai	a3,a2,0x1f
    4896:	42400537          	lui	a0,0x42400
    489a:	45bd                	li	a1,15
    489c:	578020ef          	jal	ra,6e14 <__divdi3>
    48a0:	4622                	lw	a2,8(sp)
    48a2:	000487b7          	lui	a5,0x48
    48a6:	40a78793          	addi	a5,a5,1034 # 4840a <_data_lma+0x40e0e>
    48aa:	842a                	mv	s0,a0
    48ac:	00c7d363          	bge	a5,a2,48b2 <C_Traj_Plan+0x1ea>
    48b0:	863e                	mv	a2,a5
    48b2:	41f65693          	srai	a3,a2,0x1f
    48b6:	42400537          	lui	a0,0x42400
    48ba:	45bd                	li	a1,15
    48bc:	558020ef          	jal	ra,6e14 <__divdi3>
    48c0:	02940733          	mul	a4,s0,s1
    48c4:	87aa                	mv	a5,a0
    48c6:	862e                	mv	a2,a1
    48c8:	029416b3          	mulh	a3,s0,s1
    48cc:	833d                	srli	a4,a4,0xf
    48ce:	06c6                	slli	a3,a3,0x11
    48d0:	00e6e2b3          	or	t0,a3,a4
    48d4:	4702                	lw	a4,0(sp)
    48d6:	5314                	lw	a3,32(a4)
    48d8:	00572423          	sw	t0,8(a4)
    48dc:	41f6d593          	srai	a1,a3,0x1f
    48e0:	02c68733          	mul	a4,a3,a2
    48e4:	02f585b3          	mul	a1,a1,a5
    48e8:	02f6b633          	mulhu	a2,a3,a5
    48ec:	95ba                	add	a1,a1,a4
    48ee:	02f68733          	mul	a4,a3,a5
    48f2:	95b2                	add	a1,a1,a2
    48f4:	05c6                	slli	a1,a1,0x11
    48f6:	833d                	srli	a4,a4,0xf
    48f8:	8f4d                	or	a4,a4,a1
    48fa:	c43a                	sw	a4,8(sp)
    48fc:	4622                	lw	a2,8(sp)
    48fe:	4702                	lw	a4,0(sp)
    4900:	c750                	sw	a2,12(a4)
    4902:	0087d363          	bge	a5,s0,4908 <C_Traj_Plan+0x240>
    4906:	87a2                	mv	a5,s0
    4908:	02978633          	mul	a2,a5,s1
    490c:	02979733          	mulh	a4,a5,s1
    4910:	00f65793          	srli	a5,a2,0xf
    4914:	4622                	lw	a2,8(sp)
    4916:	41f65593          	srai	a1,a2,0x1f
    491a:	4612                	lw	a2,4(sp)
    491c:	0746                	slli	a4,a4,0x11
    491e:	8f5d                	or	a4,a4,a5
    4920:	4782                	lw	a5,0(sp)
    4922:	cb98                	sw	a4,16(a5)
    4924:	47e2                	lw	a5,24(sp)
    4926:	87a1                	srai	a5,a5,0x8
    4928:	12c05563          	blez	a2,4a52 <C_Traj_Plan+0x38a>
    492c:	4622                	lw	a2,8(sp)
    492e:	4462                	lw	s0,24(sp)
    4930:	02c78533          	mul	a0,a5,a2
    4934:	41f45313          	srai	t1,s0,0x1f
    4938:	02c79633          	mulh	a2,a5,a2
    493c:	02a30333          	mul	t1,t1,a0
    4940:	02f60633          	mul	a2,a2,a5
    4944:	961a                	add	a2,a2,t1
    4946:	02f50333          	mul	t1,a0,a5
    494a:	02f53533          	mulhu	a0,a0,a5
    494e:	962a                	add	a2,a2,a0
    4950:	4532                	lw	a0,12(sp)
    4952:	0506                	slli	a0,a0,0x1
    4954:	00c54663          	blt	a0,a2,4960 <C_Traj_Plan+0x298>
    4958:	10a61263          	bne	a2,a0,4a5c <C_Traj_Plan+0x394>
    495c:	10030063          	beqz	t1,4a5c <C_Traj_Plan+0x394>
    4960:	82ba                	mv	t0,a4
    4962:	4705                	li	a4,1
    4964:	d43a                	sw	a4,40(sp)
    4966:	4702                	lw	a4,0(sp)
    4968:	4602                	lw	a2,0(sp)
    496a:	4b58                	lw	a4,20(a4)
    496c:	d664                	sw	s1,108(a2)
    496e:	da34                	sw	a3,112(a2)
    4970:	d278                	sw	a4,100(a2)
    4972:	5258                	lw	a4,36(a2)
    4974:	da78                	sw	a4,116(a2)
    4976:	4e18                	lw	a4,24(a2)
    4978:	d638                	sw	a4,104(a2)
    497a:	5618                	lw	a4,40(a2)
    497c:	de38                	sw	a4,120(a2)
    497e:	41f2d713          	srai	a4,t0,0x1f
    4982:	de3a                	sw	a4,60(sp)
    4984:	5722                	lw	a4,40(sp)
    4986:	cf69                	beqz	a4,4a60 <C_Traj_Plan+0x398>
    4988:	02578533          	mul	a0,a5,t0
    498c:	4722                	lw	a4,8(sp)
    498e:	00570633          	add	a2,a4,t0
    4992:	41f7d713          	srai	a4,a5,0x1f
    4996:	025795b3          	mulh	a1,a5,t0
    499a:	02a70733          	mul	a4,a4,a0
    499e:	02f585b3          	mul	a1,a1,a5
    49a2:	95ba                	add	a1,a1,a4
    49a4:	02f53733          	mulhu	a4,a0,a5
    49a8:	95ba                	add	a1,a1,a4
    49aa:	4732                	lw	a4,12(sp)
    49ac:	02f50533          	mul	a0,a0,a5
    49b0:	0706                	slli	a4,a4,0x1
    49b2:	8d99                	sub	a1,a1,a4
    49b4:	0005d463          	bgez	a1,49bc <C_Traj_Plan+0x2f4>
    49b8:	4501                	li	a0,0
    49ba:	4581                	li	a1,0
    49bc:	c2be                	sw	a5,68(sp)
    49be:	da16                	sw	t0,52(sp)
    49c0:	83dff0ef          	jal	ra,41fc <Traj_Div_U64>
    49c4:	80dff0ef          	jal	ra,41d0 <Traj_Sqrt_Ceil>
    49c8:	5682                	lw	a3,32(sp)
    49ca:	0522                	slli	a0,a0,0x8
    49cc:	52d2                	lw	t0,52(sp)
    49ce:	4796                	lw	a5,68(sp)
    49d0:	40a00733          	neg	a4,a0
    49d4:	00a6d563          	bge	a3,a0,49de <C_Traj_Plan+0x316>
    49d8:	4742                	lw	a4,16(sp)
    49da:	40e00733          	neg	a4,a4
    49de:	4692                	lw	a3,4(sp)
    49e0:	8e99                	sub	a3,a3,a4
    49e2:	025684b3          	mul	s1,a3,t0
    49e6:	025696b3          	mulh	a3,a3,t0
    49ea:	009034b3          	snez	s1,s1
    49ee:	94b6                	add	s1,s1,a3
    49f0:	00904363          	bgtz	s1,49f6 <C_Traj_Plan+0x32e>
    49f4:	4485                	li	s1,1
    49f6:	46a2                	lw	a3,8(sp)
    49f8:	40e00733          	neg	a4,a4
    49fc:	02d70433          	mul	s0,a4,a3
    4a00:	02d71733          	mulh	a4,a4,a3
    4a04:	00803433          	snez	s0,s0
    4a08:	943a                	add	s0,s0,a4
    4a0a:	00804363          	bgtz	s0,4a10 <C_Traj_Plan+0x348>
    4a0e:	4405                	li	s0,1
    4a10:	4501                	li	a0,0
    4a12:	a8dd                	j	4b08 <C_Traj_Plan+0x440>
    4a14:	47b2                	lw	a5,12(sp)
    4a16:	eb89                	bnez	a5,4a28 <C_Traj_Plan+0x360>
    4a18:	47d2                	lw	a5,20(sp)
    4a1a:	ef99                	bnez	a5,4a38 <C_Traj_Plan+0x370>
    4a1c:	5512                	lw	a0,36(sp)
    4a1e:	c5bff0ef          	jal	ra,4678 <C_Traj_Hold>
    4a22:	6161                	addi	sp,sp,80
    4a24:	e8efb06f          	j	b2 <__riscv_restore_0>
    4a28:	47d2                	lw	a5,20(sp)
    4a2a:	c23e                	sw	a5,4(sp)
    4a2c:	4785                	li	a5,1
    4a2e:	b1f5                	j	471a <C_Traj_Plan+0x52>
    4a30:	d0a048e3          	bgtz	a0,4740 <C_Traj_Plan+0x78>
    4a34:	4505                	li	a0,1
    4a36:	b329                	j	4740 <C_Traj_Plan+0x78>
    4a38:	47d2                	lw	a5,20(sp)
    4a3a:	651d                	lui	a0,0x7
    4a3c:	ad550513          	addi	a0,a0,-1323 # 6ad5 <A_Uart_Process+0x3dd>
    4a40:	c23e                	sw	a5,4(sp)
    4a42:	4785                	li	a5,1
    4a44:	d83e                	sw	a5,48(sp)
    4a46:	b9ed                	j	4740 <C_Traj_Plan+0x78>
    4a48:	000917b7          	lui	a5,0x91
    4a4c:	1a278793          	addi	a5,a5,418 # 911a2 <_data_lma+0x89ba6>
    4a50:	bd15                	j	4884 <C_Traj_Plan+0x1bc>
    4a52:	4612                	lw	a2,4(sp)
    4a54:	d402                	sw	zero,40(sp)
    4a56:	da01                	beqz	a2,4966 <C_Traj_Plan+0x29e>
    4a58:	82ba                	mv	t0,a4
    4a5a:	b731                	j	4966 <C_Traj_Plan+0x29e>
    4a5c:	d402                	sw	zero,40(sp)
    4a5e:	b721                	j	4966 <C_Traj_Plan+0x29e>
    4a60:	4742                	lw	a4,16(sp)
    4a62:	4692                	lw	a3,4(sp)
    4a64:	8f15                	sub	a4,a4,a3
    4a66:	025704b3          	mul	s1,a4,t0
    4a6a:	02571733          	mulh	a4,a4,t0
    4a6e:	009034b3          	snez	s1,s1
    4a72:	94ba                	add	s1,s1,a4
    4a74:	00904363          	bgtz	s1,4a7a <C_Traj_Plan+0x3b2>
    4a78:	4485                	li	s1,1
    4a7a:	56d2                	lw	a3,52(sp)
    4a7c:	4722                	lw	a4,8(sp)
    4a7e:	4642                	lw	a2,16(sp)
    4a80:	02d70733          	mul	a4,a4,a3
    4a84:	46c2                	lw	a3,16(sp)
    4a86:	02d585b3          	mul	a1,a1,a3
    4a8a:	46a2                	lw	a3,8(sp)
    4a8c:	02c68433          	mul	s0,a3,a2
    4a90:	86b2                	mv	a3,a2
    4a92:	4622                	lw	a2,8(sp)
    4a94:	972e                	add	a4,a4,a1
    4a96:	02c6b6b3          	mulhu	a3,a3,a2
    4a9a:	00803433          	snez	s0,s0
    4a9e:	9736                	add	a4,a4,a3
    4aa0:	943a                	add	s0,s0,a4
    4aa2:	00804363          	bgtz	s0,4aa8 <C_Traj_Plan+0x3e0>
    4aa6:	4405                	li	s0,1
    4aa8:	4712                	lw	a4,4(sp)
    4aaa:	46c2                	lw	a3,16(sp)
    4aac:	45c2                	lw	a1,16(sp)
    4aae:	00d70633          	add	a2,a4,a3
    4ab2:	41f45693          	srai	a3,s0,0x1f
    4ab6:	02b686b3          	mul	a3,a3,a1
    4aba:	55d2                	lw	a1,52(sp)
    4abc:	02b405b3          	mul	a1,s0,a1
    4ac0:	96ae                	add	a3,a3,a1
    4ac2:	45c2                	lw	a1,16(sp)
    4ac4:	02960733          	mul	a4,a2,s1
    4ac8:	02b40533          	mul	a0,s0,a1
    4acc:	02b435b3          	mulhu	a1,s0,a1
    4ad0:	953a                	add	a0,a0,a4
    4ad2:	00e53733          	sltu	a4,a0,a4
    4ad6:	8145                	srli	a0,a0,0x11
    4ad8:	02961633          	mulh	a2,a2,s1
    4adc:	96ae                	add	a3,a3,a1
    4ade:	9636                	add	a2,a2,a3
    4ae0:	9732                	add	a4,a4,a2
    4ae2:	073e                	slli	a4,a4,0xf
    4ae4:	8d59                	or	a0,a0,a4
    4ae6:	4732                	lw	a4,12(sp)
    4ae8:	24a74963          	blt	a4,a0,4d3a <C_Traj_Plan+0x672>
    4aec:	c2be                	sw	a5,68(sp)
    4aee:	47c2                	lw	a5,16(sp)
    4af0:	40a70533          	sub	a0,a4,a0
    4af4:	0542                	slli	a0,a0,0x10
    4af6:	fff78713          	addi	a4,a5,-1
    4afa:	85be                	mv	a1,a5
    4afc:	953a                	add	a0,a0,a4
    4afe:	da16                	sw	t0,52(sp)
    4b00:	dc4fb0ef          	jal	ra,c4 <__hidden___udivsi3>
    4b04:	52d2                	lw	t0,52(sp)
    4b06:	4796                	lw	a5,68(sp)
    4b08:	da3e                	sw	a5,52(sp)
    4b0a:	57b2                	lw	a5,44(sp)
    4b0c:	9526                	add	a0,a0,s1
    4b0e:	00850733          	add	a4,a0,s0
    4b12:	04f75563          	bge	a4,a5,4b5c <C_Traj_Plan+0x494>
    4b16:	85ba                	mv	a1,a4
    4b18:	00879513          	slli	a0,a5,0x8
    4b1c:	c816                	sw	t0,16(sp)
    4b1e:	da6fb0ef          	jal	ra,c4 <__hidden___udivsi3>
    4b22:	02a40433          	mul	s0,s0,a0
    4b26:	56a2                	lw	a3,40(sp)
    4b28:	42c2                	lw	t0,16(sp)
    4b2a:	57d2                	lw	a5,52(sp)
    4b2c:	872a                	mv	a4,a0
    4b2e:	8021                	srli	s0,s0,0x8
    4b30:	28069363          	bnez	a3,4db6 <C_Traj_Plan+0x6ee>
    4b34:	4692                	lw	a3,4(sp)
    4b36:	2806c063          	bltz	a3,4db6 <C_Traj_Plan+0x6ee>
    4b3a:	02a48733          	mul	a4,s1,a0
    4b3e:	4485                	li	s1,1
    4b40:	8321                	srli	a4,a4,0x8
    4b42:	c311                	beqz	a4,4b46 <C_Traj_Plan+0x47e>
    4b44:	84ba                	mv	s1,a4
    4b46:	5732                	lw	a4,44(sp)
    4b48:	008487b3          	add	a5,s1,s0
    4b4c:	00f75463          	bge	a4,a5,4b54 <C_Traj_Plan+0x48c>
    4b50:	40970433          	sub	s0,a4,s1
    4b54:	00804363          	bgtz	s0,4b5a <C_Traj_Plan+0x492>
    4b58:	4405                	li	s0,1
    4b5a:	5732                	lw	a4,44(sp)
    4b5c:	47b2                	lw	a5,12(sp)
    4b5e:	4301                	li	t1,0
    4b60:	87bd                	srai	a5,a5,0xf
    4b62:	d43e                	sw	a5,40(sp)
    4b64:	47b2                	lw	a5,12(sp)
    4b66:	07c6                	slli	a5,a5,0x11
    4b68:	c63e                	sw	a5,12(sp)
    4b6a:	800007b7          	lui	a5,0x80000
    4b6e:	17fd                	addi	a5,a5,-1 # 7fffffff <_eusrstack+0x5fffdfff>
    4b70:	cc3e                	sw	a5,24(sp)
    4b72:	008487b3          	add	a5,s1,s0
    4b76:	d63e                	sw	a5,44(sp)
    4b78:	00f75363          	bge	a4,a5,4b7e <C_Traj_Plan+0x4b6>
    4b7c:	873e                	mv	a4,a5
    4b7e:	4692                	lw	a3,4(sp)
    4b80:	4532                	lw	a0,12(sp)
    4b82:	00171793          	slli	a5,a4,0x1
    4b86:	029683b3          	mul	t2,a3,s1
    4b8a:	8f85                	sub	a5,a5,s1
    4b8c:	40878633          	sub	a2,a5,s0
    4b90:	029695b3          	mulh	a1,a3,s1
    4b94:	46b2                	lw	a3,12(sp)
    4b96:	407686b3          	sub	a3,a3,t2
    4b9a:	00d53533          	sltu	a0,a0,a3
    4b9e:	c836                	sw	a3,16(sp)
    4ba0:	56a2                	lw	a3,40(sp)
    4ba2:	8e8d                	sub	a3,a3,a1
    4ba4:	8e89                	sub	a3,a3,a0
    4ba6:	2806de63          	bgez	a3,4e42 <C_Traj_Plan+0x77a>
    4baa:	4532                	lw	a0,12(sp)
    4bac:	50a2                	lw	ra,40(sp)
    4bae:	40a38533          	sub	a0,t2,a0
    4bb2:	00a3b3b3          	sltu	t2,t2,a0
    4bb6:	401585b3          	sub	a1,a1,ra
    4bba:	407585b3          	sub	a1,a1,t2
    4bbe:	53fd                	li	t2,-1
    4bc0:	00065663          	bgez	a2,4bcc <C_Traj_Plan+0x504>
    4bc4:	40f40633          	sub	a2,s0,a5
    4bc8:	407003b3          	neg	t2,t2
    4bcc:	c6b6                	sw	a3,76(sp)
    4bce:	c49e                	sw	t2,72(sp)
    4bd0:	c29a                	sw	t1,68(sp)
    4bd2:	de16                	sw	t0,60(sp)
    4bd4:	da3a                	sw	a4,52(sp)
    4bd6:	e26ff0ef          	jal	ra,41fc <Traj_Div_U64>
    4bda:	4662                	lw	a2,24(sp)
    4bdc:	5752                	lw	a4,52(sp)
    4bde:	52f2                	lw	t0,60(sp)
    4be0:	4316                	lw	t1,68(sp)
    4be2:	43a6                	lw	t2,72(sp)
    4be4:	46b6                	lw	a3,76(sp)
    4be6:	87aa                	mv	a5,a0
    4be8:	00a67363          	bgeu	a2,a0,4bee <C_Traj_Plan+0x526>
    4bec:	87b2                	mv	a5,a2
    4bee:	4605                	li	a2,1
    4bf0:	24c38d63          	beq	t2,a2,4e4a <C_Traj_Plan+0x782>
    4bf4:	5582                	lw	a1,32(sp)
    4bf6:	40f00633          	neg	a2,a5
    4bfa:	2af5cd63          	blt	a1,a5,4eb4 <C_Traj_Plan+0x7ec>
    4bfe:	87b2                	mv	a5,a2
    4c00:	468d                	li	a3,3
    4c02:	04d30863          	beq	t1,a3,4c52 <C_Traj_Plan+0x58a>
    4c06:	4692                	lw	a3,4(sp)
    4c08:	4612                	lw	a2,4(sp)
    4c0a:	8e9d                	sub	a3,a3,a5
    4c0c:	00f65463          	bge	a2,a5,4c14 <C_Traj_Plan+0x54c>
    4c10:	40c786b3          	sub	a3,a5,a2
    4c14:	02d28633          	mul	a2,t0,a3
    4c18:	02d296b3          	mulh	a3,t0,a3
    4c1c:	00c03633          	snez	a2,a2
    4c20:	9636                	add	a2,a2,a3
    4c22:	00c04363          	bgtz	a2,4c28 <C_Traj_Plan+0x560>
    4c26:	4605                	li	a2,1
    4c28:	41f7d693          	srai	a3,a5,0x1f
    4c2c:	00f6c5b3          	xor	a1,a3,a5
    4c30:	8d95                	sub	a1,a1,a3
    4c32:	46a2                	lw	a3,8(sp)
    4c34:	4522                	lw	a0,8(sp)
    4c36:	02d586b3          	mul	a3,a1,a3
    4c3a:	02a595b3          	mulh	a1,a1,a0
    4c3e:	00d036b3          	snez	a3,a3
    4c42:	96ae                	add	a3,a3,a1
    4c44:	00d04363          	bgtz	a3,4c4a <C_Traj_Plan+0x582>
    4c48:	4685                	li	a3,1
    4c4a:	26c4c963          	blt	s1,a2,4ebc <C_Traj_Plan+0x7f4>
    4c4e:	26d44863          	blt	s0,a3,4ebe <C_Traj_Plan+0x7f6>
    4c52:	56c2                	lw	a3,48(sp)
    4c54:	4602                	lw	a2,0(sp)
    4c56:	409705b3          	sub	a1,a4,s1
    4c5a:	02d787b3          	mul	a5,a5,a3
    4c5e:	4682                	lw	a3,0(sp)
    4c60:	de64                	sw	s1,124(a2)
    4c62:	8d81                	sub	a1,a1,s0
    4c64:	dadc                	sw	a5,52(a3)
    4c66:	46d2                	lw	a3,20(sp)
    4c68:	40d78333          	sub	t1,a5,a3
    4c6c:	4682                	lw	a3,0(sp)
    4c6e:	c41a                	sw	t1,8(sp)
    4c70:	0466ae23          	sw	t1,92(a3)
    4c74:	40f006b3          	neg	a3,a5
    4c78:	d234                	sw	a3,96(a2)
    4c7a:	08060613          	addi	a2,a2,128
    4c7e:	c618                	sw	a4,8(a2)
    4c80:	4702                	lw	a4,0(sp)
    4c82:	c20c                	sw	a1,0(a2)
    4c84:	c240                	sw	s0,4(a2)
    4c86:	08072623          	sw	zero,140(a4)
    4c8a:	02931633          	mulh	a2,t1,s1
    4c8e:	c236                	sw	a3,4(sp)
    4c90:	02930733          	mul	a4,t1,s1
    4c94:	0646                	slli	a2,a2,0x11
    4c96:	833d                	srli	a4,a4,0xf
    4c98:	8f51                	or	a4,a4,a2
    4c9a:	4602                	lw	a2,0(sp)
    4c9c:	02869533          	mulh	a0,a3,s0
    4ca0:	01275393          	srli	t2,a4,0x12
    4ca4:	c678                	sw	a4,76(a2)
    4ca6:	02868633          	mul	a2,a3,s0
    4caa:	4682                	lw	a3,0(sp)
    4cac:	0546                	slli	a0,a0,0x11
    4cae:	823d                	srli	a2,a2,0xf
    4cb0:	8e49                	or	a2,a2,a0
    4cb2:	cab0                	sw	a2,80(a3)
    4cb4:	46d2                	lw	a3,20(sp)
    4cb6:	41f75513          	srai	a0,a4,0x1f
    4cba:	053a                	slli	a0,a0,0xe
    4cbc:	02d48633          	mul	a2,s1,a3
    4cc0:	073a                	slli	a4,a4,0xe
    4cc2:	00a3e533          	or	a0,t2,a0
    4cc6:	02d492b3          	mulh	t0,s1,a3
    4cca:	9732                	add	a4,a4,a2
    4ccc:	00c73633          	sltu	a2,a4,a2
    4cd0:	8341                	srli	a4,a4,0x10
    4cd2:	5692                	lw	a3,36(sp)
    4cd4:	92aa                	add	t0,t0,a0
    4cd6:	9616                	add	a2,a2,t0
    4cd8:	0642                	slli	a2,a2,0x10
    4cda:	8f51                	or	a4,a4,a2
    4cdc:	02b78633          	mul	a2,a5,a1
    4ce0:	9736                	add	a4,a4,a3
    4ce2:	4682                	lw	a3,0(sp)
    4ce4:	40000537          	lui	a0,0x40000
    4ce8:	de98                	sw	a4,56(a3)
    4cea:	02b797b3          	mulh	a5,a5,a1
    4cee:	8241                	srli	a2,a2,0x10
    4cf0:	4581                	li	a1,0
    4cf2:	07c2                	slli	a5,a5,0x10
    4cf4:	8e5d                	or	a2,a2,a5
    4cf6:	9732                	add	a4,a4,a2
    4cf8:	ded8                	sw	a4,60(a3)
    4cfa:	4772                	lw	a4,28(sp)
    4cfc:	8626                	mv	a2,s1
    4cfe:	c2b8                	sw	a4,64(a3)
    4d00:	cfcff0ef          	jal	ra,41fc <Traj_Div_U64>
    4d04:	4782                	lw	a5,0(sp)
    4d06:	8622                	mv	a2,s0
    4d08:	84aa                	mv	s1,a0
    4d0a:	c3e8                	sw	a0,68(a5)
    4d0c:	4581                	li	a1,0
    4d0e:	40000537          	lui	a0,0x40000
    4d12:	ceaff0ef          	jal	ra,41fc <Traj_Div_U64>
    4d16:	4782                	lw	a5,0(sp)
    4d18:	4322                	lw	t1,8(sp)
    4d1a:	842a                	mv	s0,a0
    4d1c:	c7a8                	sw	a0,72(a5)
    4d1e:	85a6                	mv	a1,s1
    4d20:	851a                	mv	a0,t1
    4d22:	d42ff0ef          	jal	ra,4264 <Traj_Acc_Coef>
    4d26:	4782                	lw	a5,0(sp)
    4d28:	4692                	lw	a3,4(sp)
    4d2a:	85a2                	mv	a1,s0
    4d2c:	cbe8                	sw	a0,84(a5)
    4d2e:	8536                	mv	a0,a3
    4d30:	d34ff0ef          	jal	ra,4264 <Traj_Acc_Coef>
    4d34:	4782                	lw	a5,0(sp)
    4d36:	cfa8                	sw	a0,88(a5)
    4d38:	b1ed                	j	4a22 <C_Traj_Plan+0x35a>
    4d3a:	02578533          	mul	a0,a5,t0
    4d3e:	41f7d693          	srai	a3,a5,0x1f
    4d42:	c296                	sw	t0,68(sp)
    4d44:	da3e                	sw	a5,52(sp)
    4d46:	02579733          	mulh	a4,a5,t0
    4d4a:	02a686b3          	mul	a3,a3,a0
    4d4e:	02f70733          	mul	a4,a4,a5
    4d52:	9736                	add	a4,a4,a3
    4d54:	02f536b3          	mulhu	a3,a0,a5
    4d58:	02f50533          	mul	a0,a0,a5
    4d5c:	9736                	add	a4,a4,a3
    4d5e:	46b2                	lw	a3,12(sp)
    4d60:	00169593          	slli	a1,a3,0x1
    4d64:	46a2                	lw	a3,8(sp)
    4d66:	95ba                	add	a1,a1,a4
    4d68:	00568633          	add	a2,a3,t0
    4d6c:	c90ff0ef          	jal	ra,41fc <Traj_Div_U64>
    4d70:	c60ff0ef          	jal	ra,41d0 <Traj_Sqrt_Ceil>
    4d74:	5702                	lw	a4,32(sp)
    4d76:	0522                	slli	a0,a0,0x8
    4d78:	57d2                	lw	a5,52(sp)
    4d7a:	4296                	lw	t0,68(sp)
    4d7c:	00a75363          	bge	a4,a0,4d82 <C_Traj_Plan+0x6ba>
    4d80:	4542                	lw	a0,16(sp)
    4d82:	4712                	lw	a4,4(sp)
    4d84:	4692                	lw	a3,4(sp)
    4d86:	8f09                	sub	a4,a4,a0
    4d88:	00a6d463          	bge	a3,a0,4d90 <C_Traj_Plan+0x6c8>
    4d8c:	40d50733          	sub	a4,a0,a3
    4d90:	025704b3          	mul	s1,a4,t0
    4d94:	02571733          	mulh	a4,a4,t0
    4d98:	009034b3          	snez	s1,s1
    4d9c:	94ba                	add	s1,s1,a4
    4d9e:	00904363          	bgtz	s1,4da4 <C_Traj_Plan+0x6dc>
    4da2:	4485                	li	s1,1
    4da4:	4722                	lw	a4,8(sp)
    4da6:	02e50433          	mul	s0,a0,a4
    4daa:	02e51533          	mulh	a0,a0,a4
    4dae:	00803433          	snez	s0,s0
    4db2:	942a                	add	s0,s0,a0
    4db4:	b999                	j	4a0a <C_Traj_Plan+0x342>
    4db6:	d43a                	sw	a4,40(sp)
    4db8:	cbad                	beqz	a5,4e2a <C_Traj_Plan+0x762>
    4dba:	02f796b3          	mulh	a3,a5,a5
    4dbe:	4732                	lw	a4,12(sp)
    4dc0:	4501                	li	a0,0
    4dc2:	c816                	sw	t0,16(sp)
    4dc4:	40375593          	srai	a1,a4,0x3
    4dc8:	0586                	slli	a1,a1,0x1
    4dca:	02f78633          	mul	a2,a5,a5
    4dce:	046020ef          	jal	ra,6e14 <__divdi3>
    4dd2:	42c2                	lw	t0,16(sp)
    4dd4:	5722                	lw	a4,40(sp)
    4dd6:	00b04563          	bgtz	a1,4de0 <C_Traj_Plan+0x718>
    4dda:	e599                	bnez	a1,4de8 <C_Traj_Plan+0x720>
    4ddc:	00055663          	bgez	a0,4de8 <C_Traj_Plan+0x720>
    4de0:	80000537          	lui	a0,0x80000
    4de4:	157d                	addi	a0,a0,-1 # 7fffffff <_eusrstack+0x5fffdfff>
    4de6:	4581                	li	a1,0
    4de8:	02570633          	mul	a2,a4,t0
    4dec:	02e2a7b3          	mulhsu	a5,t0,a4
    4df0:	02e606b3          	mul	a3,a2,a4
    4df4:	02e787b3          	mul	a5,a5,a4
    4df8:	02e63633          	mulhu	a2,a2,a4
    4dfc:	0106d713          	srli	a4,a3,0x10
    4e00:	97b2                	add	a5,a5,a2
    4e02:	01079613          	slli	a2,a5,0x10
    4e06:	87c1                	srai	a5,a5,0x10
    4e08:	8f51                	or	a4,a4,a2
    4e0a:	00b7c663          	blt	a5,a1,4e16 <C_Traj_Plan+0x74e>
    4e0e:	00f59663          	bne	a1,a5,4e1a <C_Traj_Plan+0x752>
    4e12:	00a77463          	bgeu	a4,a0,4e1a <C_Traj_Plan+0x752>
    4e16:	853a                	mv	a0,a4
    4e18:	85be                	mv	a1,a5
    4e1a:	57f2                	lw	a5,60(sp)
    4e1c:	00b7c663          	blt	a5,a1,4e28 <C_Traj_Plan+0x760>
    4e20:	00f59563          	bne	a1,a5,4e2a <C_Traj_Plan+0x762>
    4e24:	00a2f363          	bgeu	t0,a0,4e2a <C_Traj_Plan+0x762>
    4e28:	82aa                	mv	t0,a0
    4e2a:	47e2                	lw	a5,24(sp)
    4e2c:	025784b3          	mul	s1,a5,t0
    4e30:	025797b3          	mulh	a5,a5,t0
    4e34:	009034b3          	snez	s1,s1
    4e38:	94be                	add	s1,s1,a5
    4e3a:	d09046e3          	bgtz	s1,4b46 <C_Traj_Plan+0x47e>
    4e3e:	4485                	li	s1,1
    4e40:	b319                	j	4b46 <C_Traj_Plan+0x47e>
    4e42:	4542                	lw	a0,16(sp)
    4e44:	85b6                	mv	a1,a3
    4e46:	4385                	li	t2,1
    4e48:	bba5                	j	4bc0 <C_Traj_Plan+0x4f8>
    4e4a:	5602                	lw	a2,32(sp)
    4e4c:	daf65ae3          	bge	a2,a5,4c00 <C_Traj_Plan+0x538>
    4e50:	de3e                	sw	a5,60(sp)
    4e52:	47c2                	lw	a5,16(sp)
    4e54:	41f6d513          	srai	a0,a3,0x1f
    4e58:	00d54633          	xor	a2,a0,a3
    4e5c:	00f543b3          	xor	t2,a0,a5
    4e60:	57e2                	lw	a5,56(sp)
    4e62:	40a385b3          	sub	a1,t2,a0
    4e66:	8e09                	sub	a2,a2,a0
    4e68:	00f58533          	add	a0,a1,a5
    4e6c:	4786                	lw	a5,64(sp)
    4e6e:	00b3b6b3          	sltu	a3,t2,a1
    4e72:	8e15                	sub	a2,a2,a3
    4e74:	963e                	add	a2,a2,a5
    4e76:	00b536b3          	sltu	a3,a0,a1
    4e7a:	96b2                	add	a3,a3,a2
    4e7c:	5662                	lw	a2,56(sp)
    4e7e:	00153593          	seqz	a1,a0
    4e82:	40b685b3          	sub	a1,a3,a1
    4e86:	157d                	addi	a0,a0,-1
    4e88:	c49a                	sw	t1,72(sp)
    4e8a:	c296                	sw	t0,68(sp)
    4e8c:	da3a                	sw	a4,52(sp)
    4e8e:	b6eff0ef          	jal	ra,41fc <Traj_Div_U64>
    4e92:	57b2                	lw	a5,44(sp)
    4e94:	5752                	lw	a4,52(sp)
    4e96:	4296                	lw	t0,68(sp)
    4e98:	00178693          	addi	a3,a5,1
    4e9c:	9536                	add	a0,a0,a3
    4e9e:	8105                	srli	a0,a0,0x1
    4ea0:	57f2                	lw	a5,60(sp)
    4ea2:	4326                	lw	t1,72(sp)
    4ea4:	02a74b63          	blt	a4,a0,4eda <C_Traj_Plan+0x812>
    4ea8:	00f04863          	bgtz	a5,4eb8 <C_Traj_Plan+0x7f0>
    4eac:	5782                	lw	a5,32(sp)
    4eae:	40f007b3          	neg	a5,a5
    4eb2:	b3b9                	j	4c00 <C_Traj_Plan+0x538>
    4eb4:	87b2                	mv	a5,a2
    4eb6:	bf69                	j	4e50 <C_Traj_Plan+0x788>
    4eb8:	5782                	lw	a5,32(sp)
    4eba:	b399                	j	4c00 <C_Traj_Plan+0x538>
    4ebc:	84b2                	mv	s1,a2
    4ebe:	00d45363          	bge	s0,a3,4ec4 <C_Traj_Plan+0x7fc>
    4ec2:	8436                	mv	s0,a3
    4ec4:	009407b3          	add	a5,s0,s1
    4ec8:	0305                	addi	t1,t1,1
    4eca:	caf754e3          	bge	a4,a5,4b72 <C_Traj_Plan+0x4aa>
    4ece:	409707b3          	sub	a5,a4,s1
    4ed2:	cad7c0e3          	blt	a5,a3,4b72 <C_Traj_Plan+0x4aa>
    4ed6:	843e                	mv	s0,a5
    4ed8:	b969                	j	4b72 <C_Traj_Plan+0x4aa>
    4eda:	0305                	addi	t1,t1,1
    4edc:	4711                	li	a4,4
    4ede:	00e30463          	beq	t1,a4,4ee6 <C_Traj_Plan+0x81e>
    4ee2:	872a                	mv	a4,a0
    4ee4:	b179                	j	4b72 <C_Traj_Plan+0x4aa>
    4ee6:	872a                	mv	a4,a0
    4ee8:	b3ad                	j	4c52 <C_Traj_Plan+0x58a>

00004eea <C_Traj_Step>:
    4eea:	16050e63          	beqz	a0,5066 <C_Traj_Step+0x17c>
    4eee:	9bafb2ef          	jal	t0,a8 <__riscv_save_0>
    4ef2:	a4418713          	addi	a4,gp,-1468 # 200002d4 <s_tj>
    4ef6:	08c72783          	lw	a5,140(a4)
    4efa:	08872683          	lw	a3,136(a4)
    4efe:	7179                	addi	sp,sp,-48
    4f00:	82aa                	mv	t0,a0
    4f02:	a4418413          	addi	s0,gp,-1468 # 200002d4 <s_tj>
    4f06:	00d7dc63          	bge	a5,a3,4f1e <C_Traj_Step+0x34>
    4f0a:	c599                	beqz	a1,4f18 <C_Traj_Step+0x2e>
    4f0c:	5c78                	lw	a4,124(s0)
    4f0e:	08042603          	lw	a2,128(s0)
    4f12:	9732                	add	a4,a4,a2
    4f14:	00e7c563          	blt	a5,a4,4f1e <C_Traj_Step+0x34>
    4f18:	0785                	addi	a5,a5,1
    4f1a:	08f42623          	sw	a5,140(s0)
    4f1e:	08c42383          	lw	t2,140(s0)
    4f22:	02d3c963          	blt	t2,a3,4f54 <C_Traj_Step+0x6a>
    4f26:	4034                	lw	a3,64(s0)
    4f28:	09042783          	lw	a5,144(s0)
    4f2c:	09442703          	lw	a4,148(s0)
    4f30:	00f6c663          	blt	a3,a5,4f3c <C_Traj_Step+0x52>
    4f34:	87b6                	mv	a5,a3
    4f36:	00d75363          	bge	a4,a3,4f3c <C_Traj_Step+0x52>
    4f3a:	87ba                	mv	a5,a4
    4f3c:	c01c                	sw	a5,0(s0)
    4f3e:	00042223          	sw	zero,4(s0)
    4f42:	00f2a023          	sw	a5,0(t0)
    4f46:	0002a223          	sw	zero,4(t0)
    4f4a:	0002a423          	sw	zero,8(t0)
    4f4e:	6145                	addi	sp,sp,48
    4f50:	962fb06f          	j	b2 <__riscv_restore_0>
    4f54:	5c64                	lw	s1,124(s0)
    4f56:	08042783          	lw	a5,128(s0)
    4f5a:	00f48733          	add	a4,s1,a5
    4f5e:	ca3a                	sw	a4,20(sp)
    4f60:	0a74cb63          	blt	s1,t2,5016 <C_Traj_Step+0x12c>
    4f64:	545c                	lw	a5,44(s0)
    4f66:	03042303          	lw	t1,48(s0)
    4f6a:	4068                	lw	a0,68(s0)
    4f6c:	c83e                	sw	a5,16(sp)
    4f6e:	4c7c                	lw	a5,92(s0)
    4f70:	506c                	lw	a1,100(s0)
    4f72:	5470                	lw	a2,108(s0)
    4f74:	c23e                	sw	a5,4(sp)
    4f76:	447c                	lw	a5,76(s0)
    4f78:	5874                	lw	a3,116(s0)
    4f7a:	849e                	mv	s1,t2
    4f7c:	c43e                	sw	a5,8(sp)
    4f7e:	487c                	lw	a5,84(s0)
    4f80:	c63e                	sw	a5,12(sp)
    4f82:	02a48533          	mul	a0,s1,a0
    4f86:	67a1                	lui	a5,0x8
    4f88:	813d                	srli	a0,a0,0xf
    4f8a:	00a7f363          	bgeu	a5,a0,4f90 <C_Traj_Step+0xa6>
    4f8e:	6521                	lui	a0,0x8
    4f90:	107c                	addi	a5,sp,44
    4f92:	c03e                	sw	a5,0(sp)
    4f94:	1058                	addi	a4,sp,36
    4f96:	103c                	addi	a5,sp,40
    4f98:	d016                	sw	t0,32(sp)
    4f9a:	ce1a                	sw	t1,28(sp)
    4f9c:	cc1e                	sw	t2,24(sp)
    4f9e:	b7aff0ef          	jal	ra,4318 <Traj_SCurve>
    4fa2:	5732                	lw	a4,44(sp)
    4fa4:	46b2                	lw	a3,12(sp)
    4fa6:	47b2                	lw	a5,12(sp)
    4fa8:	4372                	lw	t1,28(sp)
    4faa:	02e69633          	mulh	a2,a3,a4
    4fae:	4692                	lw	a3,4(sp)
    4fb0:	43e2                	lw	t2,24(sp)
    4fb2:	5282                	lw	t0,32(sp)
    4fb4:	02e787b3          	mul	a5,a5,a4
    4fb8:	0646                	slli	a2,a2,0x11
    4fba:	5712                	lw	a4,36(sp)
    4fbc:	83bd                	srli	a5,a5,0xf
    4fbe:	8e5d                	or	a2,a2,a5
    4fc0:	4792                	lw	a5,4(sp)
    4fc2:	02e787b3          	mul	a5,a5,a4
    4fc6:	02e69733          	mulh	a4,a3,a4
    4fca:	83bd                	srli	a5,a5,0xf
    4fcc:	46a2                	lw	a3,8(sp)
    4fce:	0746                	slli	a4,a4,0x11
    4fd0:	8fd9                	or	a5,a5,a4
    4fd2:	979a                	add	a5,a5,t1
    4fd4:	4722                	lw	a4,8(sp)
    4fd6:	c05c                	sw	a5,4(s0)
    4fd8:	57a2                	lw	a5,40(sp)
    4fda:	02f70733          	mul	a4,a4,a5
    4fde:	02f696b3          	mulh	a3,a3,a5
    4fe2:	029307b3          	mul	a5,t1,s1
    4fe6:	02931333          	mulh	t1,t1,s1
    4fea:	97ba                	add	a5,a5,a4
    4fec:	00e7b733          	sltu	a4,a5,a4
    4ff0:	83c1                	srli	a5,a5,0x10
    4ff2:	969a                	add	a3,a3,t1
    4ff4:	9736                	add	a4,a4,a3
    4ff6:	0742                	slli	a4,a4,0x10
    4ff8:	8fd9                	or	a5,a5,a4
    4ffa:	4742                	lw	a4,16(sp)
    4ffc:	00f705b3          	add	a1,a4,a5
    5000:	47d2                	lw	a5,20(sp)
    5002:	0277dd63          	bge	a5,t2,503c <C_Traj_Step+0x152>
    5006:	5858                	lw	a4,52(s0)
    5008:	403c                	lw	a5,64(s0)
    500a:	04074b63          	bltz	a4,5060 <C_Traj_Step+0x176>
    500e:	02b7d763          	bge	a5,a1,503c <C_Traj_Step+0x152>
    5012:	85be                	mv	a1,a5
    5014:	a025                	j	503c <C_Traj_Step+0x152>
    5016:	4752                	lw	a4,20(sp)
    5018:	03442303          	lw	t1,52(s0)
    501c:	409384b3          	sub	s1,t2,s1
    5020:	02774263          	blt	a4,t2,5044 <C_Traj_Step+0x15a>
    5024:	026487b3          	mul	a5,s1,t1
    5028:	5c0c                	lw	a1,56(s0)
    502a:	00642223          	sw	t1,4(s0)
    502e:	4601                	li	a2,0
    5030:	026494b3          	mulh	s1,s1,t1
    5034:	83c1                	srli	a5,a5,0x10
    5036:	04c2                	slli	s1,s1,0x10
    5038:	8fc5                	or	a5,a5,s1
    503a:	95be                	add	a1,a1,a5
    503c:	8516                	mv	a0,t0
    503e:	a9cff0ef          	jal	ra,42da <Traj_Emit>
    5042:	b731                	j	4f4e <C_Traj_Step+0x64>
    5044:	8c9d                	sub	s1,s1,a5
    5046:	5c5c                	lw	a5,60(s0)
    5048:	4428                	lw	a0,72(s0)
    504a:	542c                	lw	a1,104(s0)
    504c:	c83e                	sw	a5,16(sp)
    504e:	503c                	lw	a5,96(s0)
    5050:	5830                	lw	a2,112(s0)
    5052:	5c34                	lw	a3,120(s0)
    5054:	c23e                	sw	a5,4(sp)
    5056:	483c                	lw	a5,80(s0)
    5058:	c43e                	sw	a5,8(sp)
    505a:	4c3c                	lw	a5,88(s0)
    505c:	c63e                	sw	a5,12(sp)
    505e:	b715                	j	4f82 <C_Traj_Step+0x98>
    5060:	fcf5dee3          	bge	a1,a5,503c <C_Traj_Step+0x152>
    5064:	b77d                	j	5012 <C_Traj_Step+0x128>
    5066:	8082                	ret

00005068 <C_Traj_Is_Done>:
    5068:	a4418793          	addi	a5,gp,-1468 # 200002d4 <s_tj>
    506c:	08c7a503          	lw	a0,140(a5) # 808c <_data_lma+0xa90>
    5070:	0887a783          	lw	a5,136(a5)
    5074:	00f52533          	slt	a0,a0,a5
    5078:	00154513          	xori	a0,a0,1
    507c:	8082                	ret

0000507e <C_Traj_Get_Ticks>:
    507e:	acc1a503          	lw	a0,-1332(gp) # 2000035c <s_tj+0x88>
    5082:	67c1                	lui	a5,0x10
    5084:	00f54463          	blt	a0,a5,508c <C_Traj_Get_Ticks+0xe>
    5088:	fff78513          	addi	a0,a5,-1 # ffff <_data_lma+0x8a03>
    508c:	0542                	slli	a0,a0,0x10
    508e:	8141                	srli	a0,a0,0x10
    5090:	8082                	ret

00005092 <A_Config_MarkDirty>:
    5092:	4705                	li	a4,1
    5094:	aee18023          	sb	a4,-1312(gp) # 20000370 <s_dirty>
    5098:	adc1a783          	lw	a5,-1316(gp) # 2000036c <s_save_event>
    509c:	c391                	beqz	a5,50a0 <A_Config_MarkDirty+0xe>
    509e:	a398                	sb	a4,0(a5)
    50a0:	8082                	ret

000050a2 <A_Config_Default>:
    50a2:	5dc00693          	li	a3,1500
    50a6:	ae818713          	addi	a4,gp,-1304 # 20000378 <g_config>
    50aa:	aed1a423          	sw	a3,-1304(gp) # 20000378 <g_config>
    50ae:	2718                	lbu	a4,8(a4)
    50b0:	ae818793          	addi	a5,gp,-1304 # 20000378 <g_config>
    50b4:	c111                	beqz	a0,50b8 <A_Config_Default+0x16>
    50b6:	853a                	mv	a0,a4
    50b8:	4705                	li	a4,1
    50ba:	b798                	sb	a4,9(a5)
    50bc:	20500713          	li	a4,517
    50c0:	a7ba                	sh	a4,10(a5)
    50c2:	01f40737          	lui	a4,0x1f40
    50c6:	06470713          	addi	a4,a4,100 # 1f40064 <_data_lma+0x1f38a68>
    50ca:	c7d8                	sw	a4,12(a5)
    50cc:	6705                	lui	a4,0x1
    50ce:	9c470713          	addi	a4,a4,-1596 # 9c4 <ADC_GetInjectedConversionValue>
    50d2:	a788                	sb	a0,8(a5)
    50d4:	0007a223          	sw	zero,4(a5)
    50d8:	cb98                	sw	a4,16(a5)
    50da:	00078a23          	sb	zero,20(a5)
    50de:	fb5ff06f          	j	5092 <A_Config_MarkDirty>

000050e2 <A_Config_BindSaveEvent>:
    50e2:	aca1ae23          	sw	a0,-1316(gp) # 2000036c <s_save_event>
    50e6:	ae01c783          	lbu	a5,-1312(gp) # 20000370 <s_dirty>
    50ea:	c781                	beqz	a5,50f2 <A_Config_BindSaveEvent+0x10>
    50ec:	c119                	beqz	a0,50f2 <A_Config_BindSaveEvent+0x10>
    50ee:	4785                	li	a5,1
    50f0:	a11c                	sb	a5,0(a0)
    50f2:	8082                	ret

000050f4 <A_Config_SaveTask>:
    50f4:	fb5fa2ef          	jal	t0,a8 <__riscv_save_0>
    50f8:	ae01c783          	lbu	a5,-1312(gp) # 20000370 <s_dirty>
    50fc:	c38d                	beqz	a5,511e <A_Config_SaveTask+0x2a>
    50fe:	ae41a603          	lw	a2,-1308(gp) # 20000374 <s_sequence>
    5102:	45d9                	li	a1,22
    5104:	0605                	addi	a2,a2,1
    5106:	ae818513          	addi	a0,gp,-1304 # 20000378 <g_config>
    510a:	a30fb0ef          	jal	ra,33a <FLASH_Config_Save>
    510e:	c901                	beqz	a0,511e <A_Config_SaveTask+0x2a>
    5110:	ae41a783          	lw	a5,-1308(gp) # 20000374 <s_sequence>
    5114:	ae018023          	sb	zero,-1312(gp) # 20000370 <s_dirty>
    5118:	0785                	addi	a5,a5,1
    511a:	aef1a223          	sw	a5,-1308(gp) # 20000374 <s_sequence>
    511e:	f95fa06f          	j	b2 <__riscv_restore_0>

00005122 <A_Config_Init>:
    5122:	f87fa2ef          	jal	t0,a8 <__riscv_save_0>
    5126:	ae418613          	addi	a2,gp,-1308 # 20000374 <s_sequence>
    512a:	45d9                	li	a1,22
    512c:	ae818513          	addi	a0,gp,-1304 # 20000378 <g_config>
    5130:	9a4fb0ef          	jal	ra,2d4 <FLASH_Config_Load>
    5134:	ae818793          	addi	a5,gp,-1304 # 20000378 <g_config>
    5138:	ed0d                	bnez	a0,5172 <A_Config_Init+0x50>
    513a:	4659                	li	a2,22
    513c:	4581                	li	a1,0
    513e:	ae818513          	addi	a0,gp,-1304 # 20000378 <g_config>
    5142:	80efb0ef          	jal	ra,150 <memset>
    5146:	ae418613          	addi	a2,gp,-1308 # 20000374 <s_sequence>
    514a:	45b9                	li	a1,14
    514c:	ae818513          	addi	a0,gp,-1304 # 20000378 <g_config>
    5150:	984fb0ef          	jal	ra,2d4 <FLASH_Config_Load>
    5154:	ae818793          	addi	a5,gp,-1304 # 20000378 <g_config>
    5158:	cd09                	beqz	a0,5172 <A_Config_Init+0x50>
    515a:	1f400713          	li	a4,500
    515e:	a7fa                	sh	a4,14(a5)
    5160:	6705                	lui	a4,0x1
    5162:	9c470713          	addi	a4,a4,-1596 # 9c4 <ADC_GetInjectedConversionValue>
    5166:	cb98                	sw	a4,16(a5)
    5168:	4705                	li	a4,1
    516a:	00078a23          	sb	zero,20(a5)
    516e:	aee18023          	sb	a4,-1312(gp) # 20000370 <s_dirty>
    5172:	239a                	lhu	a4,0(a5)
    5174:	7d000693          	li	a3,2000
    5178:	e0c70713          	addi	a4,a4,-500
    517c:	0742                	slli	a4,a4,0x10
    517e:	8341                	srli	a4,a4,0x10
    5180:	0ae6e163          	bltu	a3,a4,5222 <A_Config_Init+0x100>
    5184:	27f2                	lhu	a2,14(a5)
    5186:	1f300713          	li	a4,499
    518a:	08c77c63          	bgeu	a4,a2,5222 <A_Config_Init+0x100>
    518e:	2b96                	lhu	a3,16(a5)
    5190:	6705                	lui	a4,0x1
    5192:	9c470713          	addi	a4,a4,-1596 # 9c4 <ADC_GetInjectedConversionValue>
    5196:	08d76663          	bltu	a4,a3,5222 <A_Config_Init+0x100>
    519a:	08d67463          	bgeu	a2,a3,5222 <A_Config_Init+0x100>
    519e:	2bd8                	lbu	a4,20(a5)
    51a0:	4689                	li	a3,2
    51a2:	08e6e063          	bltu	a3,a4,5222 <A_Config_Init+0x100>
    51a6:	c719                	beqz	a4,51b4 <A_Config_Init+0x92>
    51a8:	2bb6                	lhu	a3,18(a5)
    51aa:	671d                	lui	a4,0x7
    51ac:	97870713          	addi	a4,a4,-1672 # 6978 <A_Uart_Process+0x280>
    51b0:	06d76963          	bltu	a4,a3,5222 <A_Config_Init+0x100>
    51b4:	23b6                	lhu	a3,2(a5)
    51b6:	6725                	lui	a4,0x9
    51b8:	c9f70713          	addi	a4,a4,-865 # 8c9f <_data_lma+0x16a3>
    51bc:	06d76363          	bltu	a4,a3,5222 <A_Config_Init+0x100>
    51c0:	2790                	lbu	a2,8(a5)
    51c2:	0ff00693          	li	a3,255
    51c6:	04d60e63          	beq	a2,a3,5222 <A_Config_Init+0x100>
    51ca:	3790                	lbu	a2,9(a5)
    51cc:	45a9                	li	a1,10
    51ce:	fff60693          	addi	a3,a2,-1
    51d2:	0ff6f693          	zext.b	a3,a3
    51d6:	04d5e663          	bltu	a1,a3,5222 <A_Config_Init+0x100>
    51da:	23d6                	lhu	a3,4(a5)
    51dc:	04d76363          	bltu	a4,a3,5222 <A_Config_Init+0x100>
    51e0:	23f6                	lhu	a3,6(a5)
    51e2:	04d76063          	bltu	a4,a3,5222 <A_Config_Init+0x100>
    51e6:	37cc                	lbu	a1,13(a5)
    51e8:	4705                	li	a4,1
    51ea:	02b76c63          	bltu	a4,a1,5222 <A_Config_Init+0x100>
    51ee:	472d                	li	a4,11
    51f0:	00e61663          	bne	a2,a4,51fc <A_Config_Init+0xda>
    51f4:	06300713          	li	a4,99
    51f8:	02d77563          	bgeu	a4,a3,5222 <A_Config_Init+0x100>
    51fc:	27b8                	lbu	a4,10(a5)
    51fe:	469d                	li	a3,7
    5200:	177d                	addi	a4,a4,-1
    5202:	0ff77713          	zext.b	a4,a4
    5206:	00e6ee63          	bltu	a3,a4,5222 <A_Config_Init+0x100>
    520a:	37b8                	lbu	a4,11(a5)
    520c:	4689                	li	a3,2
    520e:	177d                	addi	a4,a4,-1
    5210:	0ff77713          	zext.b	a4,a4
    5214:	00e6e763          	bltu	a3,a4,5222 <A_Config_Init+0x100>
    5218:	27d8                	lbu	a4,12(a5)
    521a:	06400793          	li	a5,100
    521e:	00e7f563          	bgeu	a5,a4,5228 <A_Config_Init+0x106>
    5222:	4501                	li	a0,0
    5224:	e7fff0ef          	jal	ra,50a2 <A_Config_Default>
    5228:	ae01c783          	lbu	a5,-1312(gp) # 20000370 <s_dirty>
    522c:	c399                	beqz	a5,5232 <A_Config_Init+0x110>
    522e:	ec7ff0ef          	jal	ra,50f4 <A_Config_SaveTask>
    5232:	e81fa06f          	j	b2 <__riscv_restore_0>

00005236 <A_Config_Baudrate>:
    5236:	af21c783          	lbu	a5,-1294(gp) # 20000382 <g_config+0xa>
    523a:	469d                	li	a3,7
    523c:	4711                	li	a4,4
    523e:	17fd                	addi	a5,a5,-1
    5240:	0ff7f613          	zext.b	a2,a5
    5244:	00c6e363          	bltu	a3,a2,524a <A_Config_Baudrate+0x14>
    5248:	873e                	mv	a4,a5
    524a:	679d                	lui	a5,0x7
    524c:	070a                	slli	a4,a4,0x2
    524e:	3cc78793          	addi	a5,a5,972 # 73cc <baud.0>
    5252:	97ba                	add	a5,a5,a4
    5254:	4388                	lw	a0,0(a5)
    5256:	8082                	ret

00005258 <Protect_ApplyTorqueSetting>:
    5258:	e51fa2ef          	jal	t0,a8 <__riscv_save_0>
    525c:	af41c703          	lbu	a4,-1292(gp) # 20000384 <g_config+0xc>
    5260:	06400693          	li	a3,100
    5264:	06400793          	li	a5,100
    5268:	00e6e363          	bltu	a3,a4,526e <Protect_ApplyTorqueSetting+0x16>
    526c:	87ba                	mv	a5,a4
    526e:	b0018713          	addi	a4,gp,-1280 # 20000390 <s_prot>
    5272:	0ff7f413          	zext.b	s0,a5
    5276:	a33c                	sb	a5,2(a4)
    5278:	6785                	lui	a5,0x1
    527a:	bb878513          	addi	a0,a5,-1096 # bb8 <ROM_ERASE+0x8c>
    527e:	02a40533          	mul	a0,s0,a0
    5282:	06400593          	li	a1,100
    5286:	e3ffa0ef          	jal	ra,c4 <__hidden___udivsi3>
    528a:	6785                	lui	a5,0x1
    528c:	96078793          	addi	a5,a5,-1696 # 960 <ADC_SoftwareStartInjectedConvCmd+0x16>
    5290:	02f40433          	mul	s0,s0,a5
    5294:	b0018713          	addi	a4,gp,-1280 # 20000390 <s_prot>
    5298:	a72a                	sh	a0,10(a4)
    529a:	06300793          	li	a5,99
    529e:	b0018493          	addi	s1,gp,-1280 # 20000390 <s_prot>
    52a2:	4505                	li	a0,1
    52a4:	0087f963          	bgeu	a5,s0,52b6 <Protect_ApplyTorqueSetting+0x5e>
    52a8:	06400593          	li	a1,100
    52ac:	8522                	mv	a0,s0
    52ae:	e17fa0ef          	jal	ra,c4 <__hidden___udivsi3>
    52b2:	0542                	slli	a0,a0,0x10
    52b4:	8541                	srai	a0,a0,0x10
    52b6:	a4ea                	sh	a0,14(s1)
    52b8:	23e9                	jal	5882 <A_Servo_SetOutputLimit>
    52ba:	df9fa06f          	j	b2 <__riscv_restore_0>

000052be <A_Protect_SetTorque>:
    52be:	06400793          	li	a5,100
    52c2:	00a7ed63          	bltu	a5,a0,52dc <A_Protect_SetTorque+0x1e>
    52c6:	de3fa2ef          	jal	t0,a8 <__riscv_save_0>
    52ca:	aea18a23          	sb	a0,-1292(gp) # 20000384 <g_config+0xc>
    52ce:	dc5ff0ef          	jal	ra,5092 <A_Config_MarkDirty>
    52d2:	f87ff0ef          	jal	ra,5258 <Protect_ApplyTorqueSetting>
    52d6:	4505                	li	a0,1
    52d8:	ddbfa06f          	j	b2 <__riscv_restore_0>
    52dc:	4501                	li	a0,0
    52de:	8082                	ret

000052e0 <A_Protect_GetTorque>:
    52e0:	b021c503          	lbu	a0,-1278(gp) # 20000392 <s_prot+0x2>
    52e4:	8082                	ret

000052e6 <A_Protect_Fault>:
    52e6:	b001c503          	lbu	a0,-1280(gp) # 20000390 <s_prot>
    52ea:	8082                	ret

000052ec <A_Protect_GetCurrent>:
    52ec:	b0c1d503          	lhu	a0,-1268(gp) # 2000039c <s_prot+0xc>
    52f0:	8082                	ret

000052f2 <A_Protect_Init>:
    52f2:	b0018793          	addi	a5,gp,-1280 # 20000390 <s_prot>
    52f6:	0007a023          	sw	zero,0(a5)
    52fa:	0007a223          	sw	zero,4(a5)
    52fe:	0007a423          	sw	zero,8(a5)
    5302:	0007a623          	sw	zero,12(a5)
    5306:	f53ff06f          	j	5258 <Protect_ApplyTorqueSetting>

0000530a <A_Protect_Task>:
    530a:	d9ffa2ef          	jal	t0,a8 <__riscv_save_0>
    530e:	b0018793          	addi	a5,gp,-1280 # 20000390 <s_prot>
    5312:	af41c703          	lbu	a4,-1292(gp) # 20000384 <g_config+0xc>
    5316:	23bc                	lbu	a5,2(a5)
    5318:	1141                	addi	sp,sp,-16
    531a:	00011123          	sh	zero,2(sp)
    531e:	b0018413          	addi	s0,gp,-1280 # 20000390 <s_prot>
    5322:	00f70463          	beq	a4,a5,532a <A_Protect_Task+0x20>
    5326:	f33ff0ef          	jal	ra,5258 <Protect_ApplyTorqueSetting>
    532a:	00210513          	addi	a0,sp,2
    532e:	2495                	jal	5592 <A_Current_Read>
    5330:	8138                	lhu	a4,2(sp)
    5332:	241e                	lhu	a5,8(s0)
    5334:	a45a                	sh	a4,12(s0)
    5336:	c3b1                	beqz	a5,537a <A_Protect_Task+0x70>
    5338:	17fd                	addi	a5,a5,-1
    533a:	07c2                	slli	a5,a5,0x10
    533c:	83c1                	srli	a5,a5,0x10
    533e:	a41e                	sh	a5,8(s0)
    5340:	e781                	bnez	a5,5348 <A_Protect_Task+0x3e>
    5342:	201c                	lbu	a5,0(s0)
    5344:	9bf5                	andi	a5,a5,-3
    5346:	a01c                	sb	a5,0(s0)
    5348:	203c                	lbu	a5,2(s0)
    534a:	00e41683          	lh	a3,14(s0)
    534e:	cfa1                	beqz	a5,53a6 <A_Protect_Task+0x9c>
    5350:	87b6                	mv	a5,a3
    5352:	c92d                	beqz	a0,53c4 <A_Protect_Task+0xba>
    5354:	2432                	lhu	a2,10(s0)
    5356:	0ce67063          	bgeu	a2,a4,5416 <A_Protect_Task+0x10c>
    535a:	8f11                	sub	a4,a4,a2
    535c:	460d                	li	a2,3
    535e:	4785                	li	a5,1
    5360:	00e65a63          	bge	a2,a4,5374 <A_Protect_Task+0x6a>
    5364:	64300613          	li	a2,1603
    5368:	19000793          	li	a5,400
    536c:	00e64463          	blt	a2,a4,5374 <A_Protect_Task+0x6a>
    5370:	40275793          	srai	a5,a4,0x2
    5374:	40f687b3          	sub	a5,a3,a5
    5378:	a0b1                	j	53c4 <A_Protect_Task+0xba>
    537a:	00e41683          	lh	a3,14(s0)
    537e:	202c                	lbu	a1,2(s0)
    5380:	87b6                	mv	a5,a3
    5382:	cd15                	beqz	a0,53be <A_Protect_Task+0xb4>
    5384:	6605                	lui	a2,0x1
    5386:	bb860613          	addi	a2,a2,-1096 # bb8 <ROM_ERASE+0x8c>
    538a:	02e67763          	bgeu	a2,a4,53b8 <A_Protect_Task+0xae>
    538e:	3030                	lbu	a2,3(s0)
    5390:	4509                	li	a0,2
    5392:	00c56c63          	bltu	a0,a2,53aa <A_Protect_Task+0xa0>
    5396:	0605                	addi	a2,a2,1
    5398:	0ff67613          	zext.b	a2,a2
    539c:	b030                	sb	a2,3(s0)
    539e:	450d                	li	a0,3
    53a0:	00a60563          	beq	a2,a0,53aa <A_Protect_Task+0xa0>
    53a4:	f9c5                	bnez	a1,5354 <A_Protect_Task+0x4a>
    53a6:	4785                	li	a5,1
    53a8:	a059                	j	542e <A_Protect_Task+0x124>
    53aa:	2010                	lbu	a2,0(s0)
    53ac:	00266613          	ori	a2,a2,2
    53b0:	a010                	sb	a2,0(s0)
    53b2:	03200613          	li	a2,50
    53b6:	a412                	sh	a2,8(s0)
    53b8:	000401a3          	sb	zero,3(s0)
    53bc:	b7e5                	j	53a4 <A_Protect_Task+0x9a>
    53be:	000401a3          	sb	zero,3(s0)
    53c2:	d1f5                	beqz	a1,53a6 <A_Protect_Task+0x9c>
    53c4:	4505                	li	a0,1
    53c6:	06f04463          	bgtz	a5,542e <A_Protect_Task+0x124>
    53ca:	0542                	slli	a0,a0,0x10
    53cc:	8541                	srai	a0,a0,0x10
    53ce:	00d50463          	beq	a0,a3,53d6 <A_Protect_Task+0xcc>
    53d2:	a46a                	sh	a0,14(s0)
    53d4:	217d                	jal	5882 <A_Servo_SetOutputLimit>
    53d6:	305c                	lbu	a5,5(s0)
    53d8:	4705                	li	a4,1
    53da:	0785                	addi	a5,a5,1
    53dc:	0ff7f793          	zext.b	a5,a5
    53e0:	0af77f63          	bgeu	a4,a5,549e <A_Protect_Task+0x194>
    53e4:	0048                	addi	a0,sp,4
    53e6:	000402a3          	sb	zero,5(s0)
    53ea:	21e9                	jal	58b4 <A_Servo_SampleMotion>
    53ec:	871c                	lbu	a5,14(sp)
    53ee:	eba1                	bnez	a5,543e <A_Protect_Task+0x134>
    53f0:	00040323          	sb	zero,6(s0)
    53f4:	205c                	lbu	a5,4(s0)
    53f6:	4761                	li	a4,24
    53f8:	0785                	addi	a5,a5,1
    53fa:	0ff7f793          	zext.b	a5,a5
    53fe:	0af76263          	bltu	a4,a5,54a2 <A_Protect_Task+0x198>
    5402:	a05c                	sb	a5,4(s0)
    5404:	201c                	lbu	a5,0(s0)
    5406:	efc5                	bnez	a5,54be <A_Protect_Task+0x1b4>
    5408:	301c                	lbu	a5,1(s0)
    540a:	c3e9                	beqz	a5,54cc <A_Protect_Task+0x1c2>
    540c:	000400a3          	sb	zero,1(s0)
    5410:	726000ef          	jal	ra,5b36 <A_Servo_RestoreTorque>
    5414:	a865                	j	54cc <A_Protect_Task+0x1c2>
    5416:	6705                	lui	a4,0x1
    5418:	95f70613          	addi	a2,a4,-1697 # 95f <ADC_SoftwareStartInjectedConvCmd+0x15>
    541c:	00d64963          	blt	a2,a3,542e <A_Protect_Task+0x124>
    5420:	03068793          	addi	a5,a3,48
    5424:	96070713          	addi	a4,a4,-1696
    5428:	f8f75ee3          	bge	a4,a5,53c4 <A_Protect_Task+0xba>
    542c:	87ba                	mv	a5,a4
    542e:	853e                	mv	a0,a5
    5430:	6785                	lui	a5,0x1
    5432:	96078793          	addi	a5,a5,-1696 # 960 <ADC_SoftwareStartInjectedConvCmd+0x16>
    5436:	f8a7dae3          	bge	a5,a0,53ca <A_Protect_Task+0xc0>
    543a:	853e                	mv	a0,a5
    543c:	b779                	j	53ca <A_Protect_Task+0xc0>
    543e:	47a2                	lw	a5,8(sp)
    5440:	41f7d713          	srai	a4,a5,0x1f
    5444:	8fb9                	xor	a5,a5,a4
    5446:	8f99                	sub	a5,a5,a4
    5448:	4712                	lw	a4,4(sp)
    544a:	41f75693          	srai	a3,a4,0x1f
    544e:	8f35                	xor	a4,a4,a3
    5450:	8f15                	sub	a4,a4,a3
    5452:	07f00693          	li	a3,127
    5456:	00e6c663          	blt	a3,a4,5462 <A_Protect_Task+0x158>
    545a:	8634                	lhu	a3,12(sp)
    545c:	4739                	li	a4,14
    545e:	02d77763          	bgeu	a4,a3,548c <A_Protect_Task+0x182>
    5462:	02000713          	li	a4,32
    5466:	00f74e63          	blt	a4,a5,5482 <A_Protect_Task+0x178>
    546a:	207c                	lbu	a5,6(s0)
    546c:	4711                	li	a4,4
    546e:	0785                	addi	a5,a5,1
    5470:	0ff7f793          	zext.b	a5,a5
    5474:	02f77363          	bgeu	a4,a5,549a <A_Protect_Task+0x190>
    5478:	10000793          	li	a5,256
    547c:	a07e                	sh	a5,6(s0)
    547e:	2521                	jal	5a86 <A_Servo_HoldHere>
    5480:	bf95                	j	53f4 <A_Protect_Task+0xea>
    5482:	00040323          	sb	zero,6(s0)
    5486:	000403a3          	sb	zero,7(s0)
    548a:	b7ad                	j	53f4 <A_Protect_Task+0xea>
    548c:	00040323          	sb	zero,6(s0)
    5490:	02000713          	li	a4,32
    5494:	f6f750e3          	bge	a4,a5,53f4 <A_Protect_Task+0xea>
    5498:	b7fd                	j	5486 <A_Protect_Task+0x17c>
    549a:	a07c                	sb	a5,6(s0)
    549c:	bfa1                	j	53f4 <A_Protect_Task+0xea>
    549e:	b05c                	sb	a5,5(s0)
    54a0:	bf91                	j	53f4 <A_Protect_Task+0xea>
    54a2:	00040223          	sb	zero,4(s0)
    54a6:	20e5                	jal	558e <A_Temperature_Read>
    54a8:	77e1                	lui	a5,0xffff8
    54aa:	f4f50de3          	beq	a0,a5,5404 <A_Protect_Task+0xfa>
    54ae:	1f300713          	li	a4,499
    54b2:	201c                	lbu	a5,0(s0)
    54b4:	00a75f63          	bge	a4,a0,54d2 <A_Protect_Task+0x1c8>
    54b8:	0017e793          	ori	a5,a5,1
    54bc:	a01c                	sb	a5,0(s0)
    54be:	26f5                	jal	58aa <A_Servo_TorqueOn>
    54c0:	c511                	beqz	a0,54cc <A_Protect_Task+0x1c2>
    54c2:	4501                	li	a0,0
    54c4:	664000ef          	jal	ra,5b28 <A_Servo_Release>
    54c8:	4785                	li	a5,1
    54ca:	b01c                	sb	a5,1(s0)
    54cc:	0141                	addi	sp,sp,16
    54ce:	be5fa06f          	j	b2 <__riscv_restore_0>
    54d2:	1c200713          	li	a4,450
    54d6:	f2a747e3          	blt	a4,a0,5404 <A_Protect_Task+0xfa>
    54da:	9bf9                	andi	a5,a5,-2
    54dc:	a01c                	sb	a5,0(s0)
    54de:	b71d                	j	5404 <A_Protect_Task+0xfa>

000054e0 <A_Encoder_Read>:
    54e0:	bc9fa2ef          	jal	t0,a8 <__riscv_save_0>
    54e4:	1171                	addi	sp,sp,-4
    54e6:	00210513          	addi	a0,sp,2
    54ea:	00011123          	sh	zero,2(sp)
    54ee:	8eafd0ef          	jal	ra,25d8 <D_ADC_Encoder_Read>
    54f2:	c92d                	beqz	a0,5564 <A_Encoder_Read+0x84>
    54f4:	8128                	lhu	a0,2(sp)
    54f6:	63f00793          	li	a5,1599
    54fa:	06a7f563          	bgeu	a5,a0,5564 <A_Encoder_Read+0x84>
    54fe:	77fd                	lui	a5,0xfffff
    5500:	a2078793          	addi	a5,a5,-1504 # ffffea20 <_eusrstack+0xdfffca20>
    5504:	953e                	add	a0,a0,a5
    5506:	679d                	lui	a5,0x7
    5508:	97878713          	addi	a4,a5,-1672 # 6978 <A_Uart_Process+0x280>
    550c:	02e50533          	mul	a0,a0,a4
    5510:	02054663          	bltz	a0,553c <A_Encoder_Read+0x5c>
    5514:	a4078713          	addi	a4,a5,-1472
    5518:	5acb06b7          	lui	a3,0x5acb0
    551c:	972a                	add	a4,a4,a0
    551e:	47f68693          	addi	a3,a3,1151 # 5acb047f <_eusrstack+0x3acae47f>
    5522:	d6078513          	addi	a0,a5,-672
    5526:	00e6c863          	blt	a3,a4,5536 <A_Encoder_Read+0x56>
    552a:	65b5                	lui	a1,0xd
    552c:	48058593          	addi	a1,a1,1152 # d480 <_data_lma+0x5e84>
    5530:	853a                	mv	a0,a4
    5532:	b8bfa0ef          	jal	ra,bc <__divsi3>
    5536:	0111                	addi	sp,sp,4
    5538:	b7bfa06f          	j	b2 <__riscv_restore_0>
    553c:	77e5                	lui	a5,0xffff9
    553e:	5c078793          	addi	a5,a5,1472 # ffff95c0 <_eusrstack+0xdfff75c0>
    5542:	00f50433          	add	s0,a0,a5
    5546:	65b5                	lui	a1,0xd
    5548:	48058593          	addi	a1,a1,1152 # d480 <_data_lma+0x5e84>
    554c:	8522                	mv	a0,s0
    554e:	b6ffa0ef          	jal	ra,bc <__divsi3>
    5552:	fcc117b7          	lui	a5,0xfcc11
    5556:	78178793          	addi	a5,a5,1921 # fcc11781 <_eusrstack+0xdcc0f781>
    555a:	fcf45ee3          	bge	s0,a5,5536 <A_Encoder_Read+0x56>
    555e:	c1800513          	li	a0,-1000
    5562:	bfd1                	j	5536 <A_Encoder_Read+0x56>
    5564:	6541                	lui	a0,0x10
    5566:	157d                	addi	a0,a0,-1 # ffff <_data_lma+0x8a03>
    5568:	b7f9                	j	5536 <A_Encoder_Read+0x56>

0000556a <A_Voltage_Read>:
    556a:	b3ffa2ef          	jal	t0,a8 <__riscv_save_0>
    556e:	8a8fd0ef          	jal	ra,2616 <D_ADC_Voltage_Read>
    5572:	000277b7          	lui	a5,0x27
    5576:	7a478793          	addi	a5,a5,1956 # 277a4 <_data_lma+0x201a8>
    557a:	02f50533          	mul	a0,a0,a5
    557e:	000645b7          	lui	a1,0x64
    5582:	b43fa0ef          	jal	ra,c4 <__hidden___udivsi3>
    5586:	0542                	slli	a0,a0,0x10
    5588:	8141                	srli	a0,a0,0x10
    558a:	b29fa06f          	j	b2 <__riscv_restore_0>

0000558e <A_Temperature_Read>:
    558e:	ea7fd06f          	j	3434 <D_TMP112_Read_Temp>

00005592 <A_Current_Read>:
    5592:	b17fa2ef          	jal	t0,a8 <__riscv_save_0>
    5596:	1171                	addi	sp,sp,-4
    5598:	00011123          	sh	zero,2(sp)
    559c:	c905                	beqz	a0,55cc <A_Current_Read+0x3a>
    559e:	842a                	mv	s0,a0
    55a0:	00210513          	addi	a0,sp,2
    55a4:	fc5fc0ef          	jal	ra,2568 <D_ADC_Current_Read>
    55a8:	813c                	lhu	a5,2(sp)
    55aa:	6709                	lui	a4,0x2
    55ac:	adb70713          	addi	a4,a4,-1317 # 1adb <TIM_OC2Init+0x7d>
    55b0:	02e787b3          	mul	a5,a5,a4
    55b4:	10000737          	lui	a4,0x10000
    55b8:	00e7f763          	bgeu	a5,a4,55c6 <A_Current_Read+0x34>
    55bc:	83b1                	srli	a5,a5,0xc
    55be:	a01e                	sh	a5,0(s0)
    55c0:	0111                	addi	sp,sp,4
    55c2:	af1fa06f          	j	b2 <__riscv_restore_0>
    55c6:	67c1                	lui	a5,0x10
    55c8:	17fd                	addi	a5,a5,-1 # ffff <_data_lma+0x8a03>
    55ca:	bfd5                	j	55be <A_Current_Read+0x2c>
    55cc:	4501                	li	a0,0
    55ce:	bfcd                	j	55c0 <A_Current_Read+0x2e>

000055d0 <Servo_IsPosition>:
    55d0:	b101a783          	lw	a5,-1264(gp) # 200003a0 <s_servo>
    55d4:	4719                	li	a4,6
    55d6:	4505                	li	a0,1
    55d8:	00f77563          	bgeu	a4,a5,55e2 <Servo_IsPosition+0x12>
    55dc:	17d5                	addi	a5,a5,-11
    55de:	0017b513          	seqz	a0,a5
    55e2:	8082                	ret

000055e4 <Servo_NominalSpan>:
    55e4:	b101a783          	lw	a5,-1264(gp) # 200003a0 <s_servo>
    55e8:	472d                	li	a4,11
    55ea:	00e79563          	bne	a5,a4,55f4 <Servo_NominalSpan+0x10>
    55ee:	aee1d503          	lhu	a0,-1298(gp) # 2000037e <g_config+0x6>
    55f2:	8082                	ret
    55f4:	4719                	li	a4,6
    55f6:	4501                	li	a0,0
    55f8:	00f76963          	bltu	a4,a5,560a <Servo_NominalSpan+0x26>
    55fc:	671d                	lui	a4,0x7
    55fe:	17fd                	addi	a5,a5,-1
    5600:	9bf9                	andi	a5,a5,-2
    5602:	3ec70713          	addi	a4,a4,1004 # 73ec <span.0>
    5606:	97ba                	add	a5,a5,a4
    5608:	238a                	lhu	a0,0(a5)
    560a:	8082                	ret

0000560c <Servo_StoredOffset>:
    560c:	b101a683          	lw	a3,-1264(gp) # 200003a0 <s_servo>
    5610:	472d                	li	a4,11
    5612:	ae818793          	addi	a5,gp,-1304 # 20000378 <g_config>
    5616:	00e69d63          	bne	a3,a4,5630 <Servo_StoredOffset+0x24>
    561a:	23ca                	lhu	a0,4(a5)
    561c:	679d                	lui	a5,0x7
    561e:	d6078793          	addi	a5,a5,-672 # 6d60 <A_Uart_Process+0x668>
    5622:	00a7d663          	bge	a5,a0,562e <Servo_StoredOffset+0x22>
    5626:	77dd                	lui	a5,0xffff7
    5628:	36078793          	addi	a5,a5,864 # ffff7360 <_eusrstack+0xdfff5360>
    562c:	953e                	add	a0,a0,a5
    562e:	8082                	ret
    5630:	23aa                	lhu	a0,2(a5)
    5632:	b7ed                	j	561c <Servo_StoredOffset+0x10>

00005634 <Servo_DeriveCal>:
    5634:	679d                	lui	a5,0x7
    5636:	97878793          	addi	a5,a5,-1672 # 6978 <A_Uart_Process+0x280>
    563a:	02b7d963          	bge	a5,a1,566c <Servo_DeriveCal+0x38>
    563e:	85be                	mv	a1,a5
    5640:	4785                	li	a5,1
    5642:	02f51963          	bne	a0,a5,5674 <Servo_DeriveCal+0x40>
    5646:	679d                	lui	a5,0x7
    5648:	97878793          	addi	a5,a5,-1672 # 6978 <A_Uart_Process+0x280>
    564c:	8f8d                	sub	a5,a5,a1
    564e:	00f5d363          	bge	a1,a5,5654 <Servo_DeriveCal+0x20>
    5652:	87ae                	mv	a5,a1
    5654:	0786                	slli	a5,a5,0x1
    5656:	00f65363          	bge	a2,a5,565c <Servo_DeriveCal+0x28>
    565a:	87b2                	mv	a5,a2
    565c:	01f7d613          	srli	a2,a5,0x1f
    5660:	963e                	add	a2,a2,a5
    5662:	8605                	srai	a2,a2,0x1
    5664:	8d91                	sub	a1,a1,a2
    5666:	c30c                	sw	a1,0(a4)
    5668:	a29e                	sh	a5,0(a3)
    566a:	8082                	ret
    566c:	fc05dae3          	bgez	a1,5640 <Servo_DeriveCal+0xc>
    5670:	4581                	li	a1,0
    5672:	b7f9                	j	5640 <Servo_DeriveCal+0xc>
    5674:	b361c783          	lbu	a5,-1226(gp) # 200003c6 <s_servo+0x26>
    5678:	eb89                	bnez	a5,568a <Servo_DeriveCal+0x56>
    567a:	679d                	lui	a5,0x7
    567c:	97878793          	addi	a5,a5,-1672 # 6978 <A_Uart_Process+0x280>
    5680:	8f8d                	sub	a5,a5,a1
    5682:	fef652e3          	bge	a2,a5,5666 <Servo_DeriveCal+0x32>
    5686:	87b2                	mv	a5,a2
    5688:	bff9                	j	5666 <Servo_DeriveCal+0x32>
    568a:	87b2                	mv	a5,a2
    568c:	00c5d363          	bge	a1,a2,5692 <Servo_DeriveCal+0x5e>
    5690:	87ae                	mv	a5,a1
    5692:	8d9d                	sub	a1,a1,a5
    5694:	bfc9                	j	5666 <Servo_DeriveCal+0x32>

00005696 <Servo_SetModeFields>:
    5696:	a13fa2ef          	jal	t0,a8 <__riscv_save_0>
    569a:	fff50713          	addi	a4,a0,-1
    569e:	47a9                	li	a5,10
    56a0:	1151                	addi	sp,sp,-12
    56a2:	b1018413          	addi	s0,gp,-1264 # 200003a0 <s_servo>
    56a6:	00e7e863          	bltu	a5,a4,56b6 <Servo_SetModeFields+0x20>
    56aa:	ffb50793          	addi	a5,a0,-5
    56ae:	4705                	li	a4,1
    56b0:	84aa                	mv	s1,a0
    56b2:	00f76963          	bltu	a4,a5,56c4 <Servo_SetModeFields+0x2e>
    56b6:	4785                	li	a5,1
    56b8:	c01c                	sw	a5,0(s0)
    56ba:	4485                	li	s1,1
    56bc:	fff4c793          	not	a5,s1
    56c0:	8b85                	andi	a5,a5,1
    56c2:	a039                	j	56d0 <Servo_SetModeFields+0x3a>
    56c4:	c008                	sw	a0,0(s0)
    56c6:	47ad                	li	a5,11
    56c8:	fef51ae3          	bne	a0,a5,56bc <Servo_SetModeFields+0x26>
    56cc:	af51c783          	lbu	a5,-1291(gp) # 20000385 <g_config+0xd>
    56d0:	02f40323          	sb	a5,38(s0)
    56d4:	f11ff0ef          	jal	ra,55e4 <Servo_NominalSpan>
    56d8:	a80a                	sh	a0,16(s0)
    56da:	c02a                	sw	a0,0(sp)
    56dc:	f31ff0ef          	jal	ra,560c <Servo_StoredOffset>
    56e0:	4602                	lw	a2,0(sp)
    56e2:	c848                	sw	a0,20(s0)
    56e4:	ce15                	beqz	a2,5720 <Servo_SetModeFields+0x8a>
    56e6:	ae818793          	addi	a5,gp,-1304 # 20000378 <g_config>
    56ea:	2bc8                	lbu	a0,20(a5)
    56ec:	2bae                	lhu	a1,18(a5)
    56ee:	ed01                	bnez	a0,5706 <Servo_SetModeFields+0x70>
    56f0:	47ad                	li	a5,11
    56f2:	02f48763          	beq	s1,a5,5720 <Servo_SetModeFields+0x8a>
    56f6:	f17ff0ef          	jal	ra,560c <Servo_StoredOffset>
    56fa:	4602                	lw	a2,0(sp)
    56fc:	c50d                	beqz	a0,5726 <Servo_SetModeFields+0x90>
    56fe:	00165593          	srli	a1,a2,0x1
    5702:	95aa                	add	a1,a1,a0
    5704:	4505                	li	a0,1
    5706:	0038                	addi	a4,sp,8
    5708:	00610693          	addi	a3,sp,6
    570c:	f29ff0ef          	jal	ra,5634 <Servo_DeriveCal>
    5710:	833c                	lhu	a5,6(sp)
    5712:	06300713          	li	a4,99
    5716:	00f77563          	bgeu	a4,a5,5720 <Servo_SetModeFields+0x8a>
    571a:	a81e                	sh	a5,16(s0)
    571c:	47a2                	lw	a5,8(sp)
    571e:	c85c                	sw	a5,20(s0)
    5720:	0131                	addi	sp,sp,12
    5722:	991fa06f          	j	b2 <__riscv_restore_0>
    5726:	658d                	lui	a1,0x3
    5728:	4bc58593          	addi	a1,a1,1212 # 34bc <Uart_TxDone>
    572c:	bfe1                	j	5704 <Servo_SetModeFields+0x6e>

0000572e <Servo_EscapeStart>:
    572e:	b1018793          	addi	a5,gp,-1264 # 200003a0 <s_servo>
    5732:	10100713          	li	a4,257
    5736:	b7fa                	sh	a4,46(a5)
    5738:	02078823          	sb	zero,48(a5)
    573c:	02079923          	sh	zero,50(a5)
    5740:	02079a23          	sh	zero,52(a5)
    5744:	020783a3          	sb	zero,39(a5)
    5748:	8082                	ret

0000574a <Servo_PositionToPwm>:
    574a:	95ffa2ef          	jal	t0,a8 <__riscv_save_0>
    574e:	e83ff0ef          	jal	ra,55d0 <Servo_IsPosition>
    5752:	87aa                	mv	a5,a0
    5754:	5dc00513          	li	a0,1500
    5758:	cb85                	beqz	a5,5788 <Servo_PositionToPwm+0x3e>
    575a:	b1018793          	addi	a5,gp,-1264 # 200003a0 <s_servo>
    575e:	2b8e                	lhu	a1,16(a5)
    5760:	c585                	beqz	a1,5788 <Servo_PositionToPwm+0x3e>
    5762:	23ca                	lhu	a0,4(a5)
    5764:	0267c783          	lbu	a5,38(a5)
    5768:	c399                	beqz	a5,576e <Servo_PositionToPwm+0x24>
    576a:	40a58533          	sub	a0,a1,a0
    576e:	7d000793          	li	a5,2000
    5772:	02f50533          	mul	a0,a0,a5
    5776:	0015d793          	srli	a5,a1,0x1
    577a:	953e                	add	a0,a0,a5
    577c:	949fa0ef          	jal	ra,c4 <__hidden___udivsi3>
    5780:	1f450513          	addi	a0,a0,500
    5784:	0542                	slli	a0,a0,0x10
    5786:	8141                	srli	a0,a0,0x10
    5788:	92bfa06f          	j	b2 <__riscv_restore_0>

0000578c <Servo_ResyncLoops>:
    578c:	91dfa2ef          	jal	t0,a8 <__riscv_save_0>
    5790:	b1018793          	addi	a5,gp,-1264 # 200003a0 <s_servo>
    5794:	23c6                	lhu	s1,4(a5)
    5796:	b1018413          	addi	s0,gp,-1264 # 200003a0 <s_servo>
    579a:	c501                	beqz	a0,57a2 <Servo_ResyncLoops+0x16>
    579c:	4408                	lw	a0,8(s0)
    579e:	f24fe0ef          	jal	ra,3ec2 <C_SpeedObs_Init>
    57a2:	8526                	mv	a0,s1
    57a4:	ed5fe0ef          	jal	ra,4678 <C_Traj_Hold>
    57a8:	8aafe0ef          	jal	ra,3852 <C_PosCtrl_Reset>
    57ac:	4581                	li	a1,0
    57ae:	b7018513          	addi	a0,gp,-1168 # 20000400 <s_servo+0x60>
    57b2:	f38ff0ef          	jal	ra,4eea <C_Traj_Step>
    57b6:	02000613          	li	a2,32
    57ba:	4581                	li	a1,0
    57bc:	b8818513          	addi	a0,gp,-1144 # 20000418 <s_servo+0x78>
    57c0:	991fa0ef          	jal	ra,150 <memset>
    57c4:	205e                	lhu	a5,4(s0)
    57c6:	ac1e                	sh	a5,24(s0)
    57c8:	8ebfa06f          	j	b2 <__riscv_restore_0>

000057cc <Servo_SetTrajRange>:
    57cc:	b1018693          	addi	a3,gp,-1264 # 200003a0 <s_servo>
    57d0:	4ac8                	lw	a0,20(a3)
    57d2:	671d                	lui	a4,0x7
    57d4:	2a8e                	lhu	a1,16(a3)
    57d6:	97870713          	addi	a4,a4,-1672 # 6978 <A_Uart_Process+0x280>
    57da:	41f55613          	srai	a2,a0,0x1f
    57de:	8f09                	sub	a4,a4,a0
    57e0:	40a00533          	neg	a0,a0
    57e4:	b1018793          	addi	a5,gp,-1264 # 200003a0 <s_servo>
    57e8:	8d71                	and	a0,a0,a2
    57ea:	00b75363          	bge	a4,a1,57f0 <Servo_SetTrajRange+0x24>
    57ee:	85ba                	mv	a1,a4
    57f0:	00a5a733          	slt	a4,a1,a0
    57f4:	00174713          	xori	a4,a4,1
    57f8:	02e782a3          	sb	a4,37(a5)
    57fc:	00a5d763          	bge	a1,a0,580a <Servo_SetTrajRange+0x3e>
    5800:	00079e23          	sh	zero,28(a5)
    5804:	00079d23          	sh	zero,26(a5)
    5808:	8082                	ret
    580a:	afaa                	sh	a0,26(a5)
    580c:	afce                	sh	a1,28(a5)
    580e:	e21fe06f          	j	462e <C_Traj_Set_Range>

00005812 <Servo_ReadPosition>:
    5812:	897fa2ef          	jal	t0,a8 <__riscv_save_0>
    5816:	ccbff0ef          	jal	ra,54e0 <A_Encoder_Read>
    581a:	6741                	lui	a4,0x10
    581c:	87aa                	mv	a5,a0
    581e:	177d                	addi	a4,a4,-1 # ffff <_data_lma+0x8a03>
    5820:	4501                	li	a0,0
    5822:	02e78863          	beq	a5,a4,5852 <Servo_ReadPosition+0x40>
    5826:	b1018693          	addi	a3,gp,-1264 # 200003a0 <s_servo>
    582a:	4ad0                	lw	a2,20(a3)
    582c:	c6dc                	sw	a5,12(a3)
    582e:	40c78533          	sub	a0,a5,a2
    5832:	c688                	sw	a0,8(a3)
    5834:	b1018793          	addi	a5,gp,-1264 # 200003a0 <s_servo>
    5838:	4701                	li	a4,0
    583a:	00054863          	bltz	a0,584a <Servo_ReadPosition+0x38>
    583e:	2b9a                	lhu	a4,16(a5)
    5840:	00a74563          	blt	a4,a0,584a <Servo_ReadPosition+0x38>
    5844:	01051713          	slli	a4,a0,0x10
    5848:	8341                	srli	a4,a4,0x10
    584a:	a3da                	sh	a4,4(a5)
    584c:	020783a3          	sb	zero,39(a5)
    5850:	4505                	li	a0,1
    5852:	861fa06f          	j	b2 <__riscv_restore_0>

00005856 <Servo_ApplyTorqueOutput>:
    5856:	853fa2ef          	jal	t0,a8 <__riscv_save_0>
    585a:	b1018793          	addi	a5,gp,-1264 # 200003a0 <s_servo>
    585e:	02d7c503          	lbu	a0,45(a5)
    5862:	b1018413          	addi	s0,gp,-1264 # 200003a0 <s_servo>
    5866:	e519                	bnez	a0,5874 <Servo_ApplyTorqueOutput+0x1e>
    5868:	beefd0ef          	jal	ra,2c56 <D_Motor_Set>
    586c:	04a41823          	sh	a0,80(s0)
    5870:	843fa06f          	j	b2 <__riscv_restore_0>
    5874:	1579                	addi	a0,a0,-2
    5876:	00153513          	seqz	a0,a0
    587a:	ccafd0ef          	jal	ra,2d44 <D_Motor_Release>
    587e:	4501                	li	a0,0
    5880:	b7f5                	j	586c <Servo_ApplyTorqueOutput+0x16>

00005882 <A_Servo_SetOutputLimit>:
    5882:	6705                	lui	a4,0x1
    5884:	96070713          	addi	a4,a4,-1696 # 960 <ADC_SoftwareStartInjectedConvCmd+0x16>
    5888:	87ba                	mv	a5,a4
    588a:	00a74963          	blt	a4,a0,589c <A_Servo_SetOutputLimit+0x1a>
    588e:	87aa                	mv	a5,a0
    5890:	01079713          	slli	a4,a5,0x10
    5894:	8741                	srai	a4,a4,0x10
    5896:	00e04363          	bgtz	a4,589c <A_Servo_SetOutputLimit+0x1a>
    589a:	4785                	li	a5,1
    589c:	01079513          	slli	a0,a5,0x10
    58a0:	8541                	srai	a0,a0,0x10
    58a2:	b4f19f23          	sh	a5,-1186(gp) # 200003ee <s_servo+0x4e>
    58a6:	fe1fd06f          	j	3886 <C_PosCtrl_Set_Output_Limit>

000058aa <A_Servo_TorqueOn>:
    58aa:	b3d1c503          	lbu	a0,-1219(gp) # 200003cd <s_servo+0x2d>
    58ae:	00153513          	seqz	a0,a0
    58b2:	8082                	ret

000058b4 <A_Servo_SampleMotion>:
    58b4:	c535                	beqz	a0,5920 <A_Servo_SampleMotion+0x6c>
    58b6:	ff2fa2ef          	jal	t0,a8 <__riscv_save_0>
    58ba:	84aa                	mv	s1,a0
    58bc:	d15ff0ef          	jal	ra,55d0 <Servo_IsPosition>
    58c0:	b1018413          	addi	s0,gp,-1264 # 200003a0 <s_servo>
    58c4:	4781                	li	a5,0
    58c6:	c10d                	beqz	a0,58e8 <A_Servo_SampleMotion+0x34>
    58c8:	02544703          	lbu	a4,37(s0)
    58cc:	cf11                	beqz	a4,58e8 <A_Servo_SampleMotion+0x34>
    58ce:	02944683          	lbu	a3,41(s0)
    58d2:	02d44703          	lbu	a4,45(s0)
    58d6:	8f55                	or	a4,a4,a3
    58d8:	02e44683          	lbu	a3,46(s0)
    58dc:	8f55                	or	a4,a4,a3
    58de:	e709                	bnez	a4,58e8 <A_Servo_SampleMotion+0x34>
    58e0:	f88ff0ef          	jal	ra,5068 <C_Traj_Is_Done>
    58e4:	00153793          	seqz	a5,a0
    58e8:	5030                	lw	a2,96(s0)
    58ea:	5c58                	lw	a4,60(s0)
    58ec:	4414                	lw	a3,8(s0)
    58ee:	0ff7f593          	zext.b	a1,a5
    58f2:	40e60733          	sub	a4,a2,a4
    58f6:	c098                	sw	a4,0(s1)
    58f8:	4038                	lw	a4,64(s0)
    58fa:	40e68733          	sub	a4,a3,a4
    58fe:	c0d8                	sw	a4,4(s1)
    5900:	387a                	lhu	a4,54(s0)
    5902:	a49a                	sh	a4,8(s1)
    5904:	c789                	beqz	a5,590e <A_Servo_SampleMotion+0x5a>
    5906:	03844783          	lbu	a5,56(s0)
    590a:	00f037b3          	snez	a5,a5
    590e:	a4bc                	sb	a5,10(s1)
    5910:	dc50                	sw	a2,60(s0)
    5912:	c034                	sw	a3,64(s0)
    5914:	02b40c23          	sb	a1,56(s0)
    5918:	02041b23          	sh	zero,54(s0)
    591c:	f96fa06f          	j	b2 <__riscv_restore_0>
    5920:	8082                	ret

00005922 <A_Servo_ApplyConfig>:
    5922:	f86fa2ef          	jal	t0,a8 <__riscv_save_0>
    5926:	af11c503          	lbu	a0,-1295(gp) # 20000381 <g_config+0x9>
    592a:	b1018413          	addi	s0,gp,-1264 # 200003a0 <s_servo>
    592e:	d69ff0ef          	jal	ra,5696 <Servo_SetModeFields>
    5932:	ee1ff0ef          	jal	ra,5812 <Servo_ReadPosition>
    5936:	02e44783          	lbu	a5,46(s0)
    593a:	020408a3          	sb	zero,49(s0)
    593e:	04042223          	sw	zero,68(s0)
    5942:	17fd                	addi	a5,a5,-1
    5944:	0017b793          	seqz	a5,a5
    5948:	02f404a3          	sb	a5,41(s0)
    594c:	04042423          	sw	zero,72(s0)
    5950:	04041623          	sh	zero,76(s0)
    5954:	02041523          	sh	zero,42(s0)
    5958:	04040923          	sb	zero,82(s0)
    595c:	c75ff0ef          	jal	ra,55d0 <Servo_IsPosition>
    5960:	c911                	beqz	a0,5974 <A_Servo_ApplyConfig+0x52>
    5962:	e6bff0ef          	jal	ra,57cc <Servo_SetTrajRange>
    5966:	4505                	li	a0,1
    5968:	e25ff0ef          	jal	ra,578c <Servo_ResyncLoops>
    596c:	eebff0ef          	jal	ra,5856 <Servo_ApplyTorqueOutput>
    5970:	f42fa06f          	j	b2 <__riscv_restore_0>
    5974:	02040723          	sb	zero,46(s0)
    5978:	020404a3          	sb	zero,41(s0)
    597c:	ed7fd0ef          	jal	ra,3852 <C_PosCtrl_Reset>
    5980:	b7f5                	j	596c <A_Servo_ApplyConfig+0x4a>

00005982 <A_Servo_SubmitTurns>:
    5982:	8082                	ret

00005984 <A_Servo_Pause>:
    5984:	f24fa2ef          	jal	t0,a8 <__riscv_save_0>
    5988:	b1018713          	addi	a4,gp,-1264 # 200003a0 <s_servo>
    598c:	02d74783          	lbu	a5,45(a4)
    5990:	02974703          	lbu	a4,41(a4)
    5994:	8fd9                	or	a5,a5,a4
    5996:	ef8d                	bnez	a5,59d0 <A_Servo_Pause+0x4c>
    5998:	b1018413          	addi	s0,gp,-1264 # 200003a0 <s_servo>
    599c:	02a44783          	lbu	a5,42(s0)
    59a0:	03144703          	lbu	a4,49(s0)
    59a4:	8fd9                	or	a5,a5,a4
    59a6:	c78d                	beqz	a5,59d0 <A_Servo_Pause+0x4c>
    59a8:	4785                	li	a5,1
    59aa:	02f404a3          	sb	a5,41(s0)
    59ae:	02f40523          	sb	a5,42(s0)
    59b2:	c1fff0ef          	jal	ra,55d0 <Servo_IsPosition>
    59b6:	c901                	beqz	a0,59c6 <A_Servo_Pause+0x42>
    59b8:	2c06                	lhu	s1,24(s0)
    59ba:	e59ff0ef          	jal	ra,5812 <Servo_ReadPosition>
    59be:	4501                	li	a0,0
    59c0:	dcdff0ef          	jal	ra,578c <Servo_ResyncLoops>
    59c4:	ac06                	sh	s1,24(s0)
    59c6:	4501                	li	a0,0
    59c8:	a8efd0ef          	jal	ra,2c56 <D_Motor_Set>
    59cc:	04a41823          	sh	a0,80(s0)
    59d0:	ee2fa06f          	j	b2 <__riscv_restore_0>

000059d4 <A_Servo_Resume>:
    59d4:	ed4fa2ef          	jal	t0,a8 <__riscv_save_0>
    59d8:	b1018793          	addi	a5,gp,-1264 # 200003a0 <s_servo>
    59dc:	0297c783          	lbu	a5,41(a5)
    59e0:	c3a5                	beqz	a5,5a40 <A_Servo_Resume+0x6c>
    59e2:	b1018413          	addi	s0,gp,-1264 # 200003a0 <s_servo>
    59e6:	02a44783          	lbu	a5,42(s0)
    59ea:	cbb9                	beqz	a5,5a40 <A_Servo_Resume+0x6c>
    59ec:	be5ff0ef          	jal	ra,55d0 <Servo_IsPosition>
    59f0:	02e44703          	lbu	a4,46(s0)
    59f4:	cd01                	beqz	a0,5a0c <A_Servo_Resume+0x38>
    59f6:	4785                	li	a5,1
    59f8:	00f70a63          	beq	a4,a5,5a0c <A_Servo_Resume+0x38>
    59fc:	e17ff0ef          	jal	ra,5812 <Servo_ReadPosition>
    5a00:	c121                	beqz	a0,5a40 <A_Servo_Resume+0x6c>
    5a02:	2c06                	lhu	s1,24(s0)
    5a04:	4505                	li	a0,1
    5a06:	d87ff0ef          	jal	ra,578c <Servo_ResyncLoops>
    5a0a:	ac06                	sh	s1,24(s0)
    5a0c:	02e44703          	lbu	a4,46(s0)
    5a10:	020404a3          	sb	zero,41(s0)
    5a14:	4785                	li	a5,1
    5a16:	02f70563          	beq	a4,a5,5a40 <A_Servo_Resume+0x6c>
    5a1a:	bb7ff0ef          	jal	ra,55d0 <Servo_IsPosition>
    5a1e:	c10d                	beqz	a0,5a40 <A_Servo_Resume+0x6c>
    5a20:	02b44703          	lbu	a4,43(s0)
    5a24:	443c                	lw	a5,72(s0)
    5a26:	2c0a                	lhu	a0,24(s0)
    5a28:	4581                	li	a1,0
    5a2a:	c719                	beqz	a4,5a38 <A_Servo_Resume+0x64>
    5a2c:	85be                	mv	a1,a5
    5a2e:	67c1                	lui	a5,0x10
    5a30:	00f5e463          	bltu	a1,a5,5a38 <A_Servo_Resume+0x64>
    5a34:	fff78593          	addi	a1,a5,-1 # ffff <_data_lma+0x8a03>
    5a38:	05c2                	slli	a1,a1,0x10
    5a3a:	81c1                	srli	a1,a1,0x10
    5a3c:	c8dfe0ef          	jal	ra,46c8 <C_Traj_Plan>
    5a40:	e72fa06f          	j	b2 <__riscv_restore_0>

00005a44 <A_Servo_Stop>:
    5a44:	e64fa2ef          	jal	t0,a8 <__riscv_save_0>
    5a48:	b1018793          	addi	a5,gp,-1264 # 200003a0 <s_servo>
    5a4c:	02e7c703          	lbu	a4,46(a5)
    5a50:	020788a3          	sb	zero,49(a5)
    5a54:	0407a223          	sw	zero,68(a5)
    5a58:	177d                	addi	a4,a4,-1
    5a5a:	00173713          	seqz	a4,a4
    5a5e:	02e784a3          	sb	a4,41(a5)
    5a62:	0407a423          	sw	zero,72(a5)
    5a66:	04079623          	sh	zero,76(a5)
    5a6a:	02079523          	sh	zero,42(a5)
    5a6e:	b63ff0ef          	jal	ra,55d0 <Servo_IsPosition>
    5a72:	c511                	beqz	a0,5a7e <A_Servo_Stop+0x3a>
    5a74:	d9fff0ef          	jal	ra,5812 <Servo_ReadPosition>
    5a78:	4501                	li	a0,0
    5a7a:	d13ff0ef          	jal	ra,578c <Servo_ResyncLoops>
    5a7e:	dd9ff0ef          	jal	ra,5856 <Servo_ApplyTorqueOutput>
    5a82:	e30fa06f          	j	b2 <__riscv_restore_0>

00005a86 <A_Servo_HoldHere>:
    5a86:	e22fa2ef          	jal	t0,a8 <__riscv_save_0>
    5a8a:	b47ff0ef          	jal	ra,55d0 <Servo_IsPosition>
    5a8e:	c511                	beqz	a0,5a9a <A_Servo_HoldHere+0x14>
    5a90:	b3d1c783          	lbu	a5,-1219(gp) # 200003cd <s_servo+0x2d>
    5a94:	e399                	bnez	a5,5a9a <A_Servo_HoldHere+0x14>
    5a96:	fafff0ef          	jal	ra,5a44 <A_Servo_Stop>
    5a9a:	e18fa06f          	j	b2 <__riscv_restore_0>

00005a9e <Servo_Calibrate>:
    5a9e:	e0afa2ef          	jal	t0,a8 <__riscv_save_0>
    5aa2:	1131                	addi	sp,sp,-20
    5aa4:	84aa                	mv	s1,a0
    5aa6:	a3bff0ef          	jal	ra,54e0 <A_Encoder_Read>
    5aaa:	c02a                	sw	a0,0(sp)
    5aac:	b25ff0ef          	jal	ra,55d0 <Servo_IsPosition>
    5ab0:	c519                	beqz	a0,5abe <Servo_Calibrate+0x20>
    5ab2:	4582                	lw	a1,0(sp)
    5ab4:	679d                	lui	a5,0x7
    5ab6:	97878793          	addi	a5,a5,-1672 # 6978 <A_Uart_Process+0x280>
    5aba:	00b7f663          	bgeu	a5,a1,5ac6 <Servo_Calibrate+0x28>
    5abe:	4501                	li	a0,0
    5ac0:	0151                	addi	sp,sp,20
    5ac2:	df0fa06f          	j	b2 <__riscv_restore_0>
    5ac6:	c42e                	sw	a1,8(sp)
    5ac8:	b1dff0ef          	jal	ra,55e4 <Servo_NominalSpan>
    5acc:	862a                	mv	a2,a0
    5ace:	d965                	beqz	a0,5abe <Servo_Calibrate+0x20>
    5ad0:	ae818413          	addi	s0,gp,-1304 # 20000378 <g_config>
    5ad4:	01444303          	lbu	t1,20(s0)
    5ad8:	283e                	lhu	a5,18(s0)
    5ada:	45a2                	lw	a1,8(sp)
    5adc:	0818                	addi	a4,sp,16
    5ade:	00e10693          	addi	a3,sp,14
    5ae2:	8526                	mv	a0,s1
    5ae4:	c21a                	sw	t1,4(sp)
    5ae6:	c03e                	sw	a5,0(sp)
    5ae8:	a844                	sb	s1,20(s0)
    5aea:	a82e                	sh	a1,18(s0)
    5aec:	b49ff0ef          	jal	ra,5634 <Servo_DeriveCal>
    5af0:	8734                	lhu	a3,14(sp)
    5af2:	06300713          	li	a4,99
    5af6:	00d76863          	bltu	a4,a3,5b06 <Servo_Calibrate+0x68>
    5afa:	4312                	lw	t1,4(sp)
    5afc:	4782                	lw	a5,0(sp)
    5afe:	00640a23          	sb	t1,20(s0)
    5b02:	a83e                	sh	a5,18(s0)
    5b04:	bf6d                	j	5abe <Servo_Calibrate+0x20>
    5b06:	f3fff0ef          	jal	ra,5a44 <A_Servo_Stop>
    5b0a:	d88ff0ef          	jal	ra,5092 <A_Config_MarkDirty>
    5b0e:	b101a503          	lw	a0,-1264(gp) # 200003a0 <s_servo>
    5b12:	b85ff0ef          	jal	ra,5696 <Servo_SetModeFields>
    5b16:	cfdff0ef          	jal	ra,5812 <Servo_ReadPosition>
    5b1a:	cb3ff0ef          	jal	ra,57cc <Servo_SetTrajRange>
    5b1e:	4505                	li	a0,1
    5b20:	c6dff0ef          	jal	ra,578c <Servo_ResyncLoops>
    5b24:	4505                	li	a0,1
    5b26:	bf69                	j	5ac0 <Servo_Calibrate+0x22>

00005b28 <A_Servo_Release>:
    5b28:	00a03533          	snez	a0,a0
    5b2c:	0505                	addi	a0,a0,1
    5b2e:	b2a18ea3          	sb	a0,-1219(gp) # 200003cd <s_servo+0x2d>
    5b32:	f13ff06f          	j	5a44 <A_Servo_Stop>

00005b36 <A_Servo_RestoreTorque>:
    5b36:	d72fa2ef          	jal	t0,a8 <__riscv_save_0>
    5b3a:	facff0ef          	jal	ra,52e6 <A_Protect_Fault>
    5b3e:	e51d                	bnez	a0,5b6c <A_Servo_RestoreTorque+0x36>
    5b40:	b1018793          	addi	a5,gp,-1264 # 200003a0 <s_servo>
    5b44:	02d7c783          	lbu	a5,45(a5)
    5b48:	b1018413          	addi	s0,gp,-1264 # 200003a0 <s_servo>
    5b4c:	c385                	beqz	a5,5b6c <A_Servo_RestoreTorque+0x36>
    5b4e:	020406a3          	sb	zero,45(s0)
    5b52:	cc1ff0ef          	jal	ra,5812 <Servo_ReadPosition>
    5b56:	a7bff0ef          	jal	ra,55d0 <Servo_IsPosition>
    5b5a:	c501                	beqz	a0,5b62 <A_Servo_RestoreTorque+0x2c>
    5b5c:	4505                	li	a0,1
    5b5e:	c2fff0ef          	jal	ra,578c <Servo_ResyncLoops>
    5b62:	4501                	li	a0,0
    5b64:	8f2fd0ef          	jal	ra,2c56 <D_Motor_Set>
    5b68:	04a41823          	sh	a0,80(s0)
    5b6c:	d46fa06f          	j	b2 <__riscv_restore_0>

00005b70 <Servo_SubmitQ3>:
    5b70:	d38fa2ef          	jal	t0,a8 <__riscv_save_0>
    5b74:	b1018713          	addi	a4,gp,-1264 # 200003a0 <s_servo>
    5b78:	02974703          	lbu	a4,41(a4)
    5b7c:	1141                	addi	sp,sp,-16
    5b7e:	c23a                	sw	a4,4(sp)
    5b80:	ae818713          	addi	a4,gp,-1304 # 20000378 <g_config>
    5b84:	277a                	lhu	a4,14(a4)
    5b86:	c02e                	sw	a1,0(sp)
    5b88:	6585                	lui	a1,0x1
    5b8a:	070e                	slli	a4,a4,0x3
    5b8c:	863a                	mv	a2,a4
    5b8e:	0742                	slli	a4,a4,0x10
    5b90:	8341                	srli	a4,a4,0x10
    5b92:	fa058593          	addi	a1,a1,-96 # fa0 <GPIO_Init+0x44>
    5b96:	84aa                	mv	s1,a0
    5b98:	b1018413          	addi	s0,gp,-1264 # 200003a0 <s_servo>
    5b9c:	ae818693          	addi	a3,gp,-1304 # 20000378 <g_config>
    5ba0:	00b77363          	bgeu	a4,a1,5ba6 <Servo_SubmitQ3+0x36>
    5ba4:	862e                	mv	a2,a1
    5ba6:	2a9a                	lhu	a4,16(a3)
    5ba8:	6595                	lui	a1,0x5
    5baa:	0642                	slli	a2,a2,0x10
    5bac:	070e                	slli	a4,a4,0x3
    5bae:	86ba                	mv	a3,a4
    5bb0:	0742                	slli	a4,a4,0x10
    5bb2:	8341                	srli	a4,a4,0x10
    5bb4:	e2058593          	addi	a1,a1,-480 # 4e20 <C_Traj_Plan+0x758>
    5bb8:	8241                	srli	a2,a2,0x10
    5bba:	00e5f363          	bgeu	a1,a4,5bc0 <Servo_SubmitQ3+0x50>
    5bbe:	86ae                	mv	a3,a1
    5bc0:	01069713          	slli	a4,a3,0x10
    5bc4:	8341                	srli	a4,a4,0x10
    5bc6:	04c76963          	bltu	a4,a2,5c18 <Servo_SubmitQ3+0xa8>
    5bca:	04c4e763          	bltu	s1,a2,5c18 <Servo_SubmitQ3+0xa8>
    5bce:	04976563          	bltu	a4,s1,5c18 <Servo_SubmitQ3+0xa8>
    5bd2:	02e44683          	lbu	a3,46(s0)
    5bd6:	4709                	li	a4,2
    5bd8:	04e68063          	beq	a3,a4,5c18 <Servo_SubmitQ3+0xa8>
    5bdc:	f0aff0ef          	jal	ra,52e6 <A_Protect_Fault>
    5be0:	ed05                	bnez	a0,5c18 <Servo_SubmitQ3+0xa8>
    5be2:	9efff0ef          	jal	ra,55d0 <Servo_IsPosition>
    5be6:	c501                	beqz	a0,5bee <Servo_SubmitQ3+0x7e>
    5be8:	02544703          	lbu	a4,37(s0)
    5bec:	c715                	beqz	a4,5c18 <Servo_SubmitQ3+0xa8>
    5bee:	02d44703          	lbu	a4,45(s0)
    5bf2:	c319                	beqz	a4,5bf8 <Servo_SubmitQ3+0x88>
    5bf4:	f43ff0ef          	jal	ra,5b36 <A_Servo_RestoreTorque>
    5bf8:	02e44703          	lbu	a4,46(s0)
    5bfc:	4685                	li	a3,1
    5bfe:	02d71063          	bne	a4,a3,5c1e <Servo_SubmitQ3+0xae>
    5c02:	4782                	lw	a5,0(sp)
    5c04:	04941223          	sh	s1,68(s0)
    5c08:	02e408a3          	sb	a4,49(s0)
    5c0c:	04f41323          	sh	a5,70(s0)
    5c10:	020404a3          	sb	zero,41(s0)
    5c14:	02e40523          	sb	a4,42(s0)
    5c18:	0141                	addi	sp,sp,16
    5c1a:	c98fa06f          	j	b2 <__riscv_restore_0>
    5c1e:	4792                	lw	a5,4(sp)
    5c20:	cb91                	beqz	a5,5c34 <Servo_SubmitQ3+0xc4>
    5c22:	9afff0ef          	jal	ra,55d0 <Servo_IsPosition>
    5c26:	c519                	beqz	a0,5c34 <Servo_SubmitQ3+0xc4>
    5c28:	bebff0ef          	jal	ra,5812 <Servo_ReadPosition>
    5c2c:	d575                	beqz	a0,5c18 <Servo_SubmitQ3+0xa8>
    5c2e:	4505                	li	a0,1
    5c30:	b5dff0ef          	jal	ra,578c <Servo_ResyncLoops>
    5c34:	4705                	li	a4,1
    5c36:	020404a3          	sb	zero,41(s0)
    5c3a:	02e40523          	sb	a4,42(s0)
    5c3e:	993ff0ef          	jal	ra,55d0 <Servo_IsPosition>
    5c42:	02644783          	lbu	a5,38(s0)
    5c46:	c43e                	sw	a5,8(sp)
    5c48:	cd61                	beqz	a0,5d20 <Servo_SubmitQ3+0x1b0>
    5c4a:	281a                	lhu	a4,16(s0)
    5c4c:	76fd                	lui	a3,0xfffff
    5c4e:	06068693          	addi	a3,a3,96 # fffff060 <_eusrstack+0xdfffd060>
    5c52:	96a6                	add	a3,a3,s1
    5c54:	02e686b3          	mul	a3,a3,a4
    5c58:	6509                	lui	a0,0x2
    5c5a:	6591                	lui	a1,0x4
    5c5c:	f4050513          	addi	a0,a0,-192 # 1f40 <TIM_ICInit+0x40>
    5c60:	e8058593          	addi	a1,a1,-384 # 3e80 <C_Ring_Buf_Get+0x24>
    5c64:	c63a                	sw	a4,12(sp)
    5c66:	9536                	add	a0,a0,a3
    5c68:	c5cfa0ef          	jal	ra,c4 <__hidden___udivsi3>
    5c6c:	47a2                	lw	a5,8(sp)
    5c6e:	4732                	lw	a4,12(sp)
    5c70:	c399                	beqz	a5,5c76 <Servo_SubmitQ3+0x106>
    5c72:	40a70533          	sub	a0,a4,a0
    5c76:	2c36                	lhu	a3,26(s0)
    5c78:	01051613          	slli	a2,a0,0x10
    5c7c:	8241                	srli	a2,a2,0x10
    5c7e:	84b6                	mv	s1,a3
    5c80:	00c6f363          	bgeu	a3,a2,5c86 <Servo_SubmitQ3+0x116>
    5c84:	84aa                	mv	s1,a0
    5c86:	2c56                	lhu	a3,28(s0)
    5c88:	01049613          	slli	a2,s1,0x10
    5c8c:	8241                	srli	a2,a2,0x10
    5c8e:	00c6f363          	bgeu	a3,a2,5c94 <Servo_SubmitQ3+0x124>
    5c92:	84b6                	mv	s1,a3
    5c94:	02844503          	lbu	a0,40(s0)
    5c98:	04c2                	slli	s1,s1,0x10
    5c9a:	4585                	li	a1,1
    5c9c:	2c12                	lhu	a2,24(s0)
    5c9e:	80c1                	srli	s1,s1,0x10
    5ca0:	02000693          	li	a3,32
    5ca4:	02b51163          	bne	a0,a1,5cc6 <Servo_SubmitQ3+0x156>
    5ca8:	0706                	slli	a4,a4,0x1
    5caa:	7cf70513          	addi	a0,a4,1999
    5cae:	6741                	lui	a4,0x10
    5cb0:	1cf70713          	addi	a4,a4,463 # 101cf <_data_lma+0x8bd3>
    5cb4:	00a77963          	bgeu	a4,a0,5cc6 <Servo_SubmitQ3+0x156>
    5cb8:	7d000593          	li	a1,2000
    5cbc:	c432                	sw	a2,8(sp)
    5cbe:	c06fa0ef          	jal	ra,c4 <__hidden___udivsi3>
    5cc2:	4622                	lw	a2,8(sp)
    5cc4:	86aa                	mv	a3,a0
    5cc6:	4792                	lw	a5,4(sp)
    5cc8:	e3a1                	bnez	a5,5d08 <Servo_SubmitQ3+0x198>
    5cca:	4782                	lw	a5,0(sp)
    5ccc:	e39d                	bnez	a5,5cf2 <Servo_SubmitQ3+0x182>
    5cce:	40c48733          	sub	a4,s1,a2
    5cd2:	00e6c663          	blt	a3,a4,5cde <Servo_SubmitQ3+0x16e>
    5cd6:	40d006b3          	neg	a3,a3
    5cda:	f2d75fe3          	bge	a4,a3,5c18 <Servo_SubmitQ3+0xa8>
    5cde:	4581                	li	a1,0
    5ce0:	8526                	mv	a0,s1
    5ce2:	ac06                	sh	s1,24(s0)
    5ce4:	9e5fe0ef          	jal	ra,46c8 <C_Traj_Plan>
    5ce8:	020405a3          	sb	zero,43(s0)
    5cec:	4501                	li	a0,0
    5cee:	c428                	sw	a0,72(s0)
    5cf0:	b725                	j	5c18 <Servo_SubmitQ3+0xa8>
    5cf2:	4582                	lw	a1,0(sp)
    5cf4:	8526                	mv	a0,s1
    5cf6:	ac06                	sh	s1,24(s0)
    5cf8:	9d1fe0ef          	jal	ra,46c8 <C_Traj_Plan>
    5cfc:	4705                	li	a4,1
    5cfe:	02e405a3          	sb	a4,43(s0)
    5d02:	b7cff0ef          	jal	ra,507e <C_Traj_Get_Ticks>
    5d06:	b7e5                	j	5cee <Servo_SubmitQ3+0x17e>
    5d08:	4582                	lw	a1,0(sp)
    5d0a:	8526                	mv	a0,s1
    5d0c:	ac06                	sh	s1,24(s0)
    5d0e:	9bbfe0ef          	jal	ra,46c8 <C_Traj_Plan>
    5d12:	4782                	lw	a5,0(sp)
    5d14:	00f03733          	snez	a4,a5
    5d18:	02e405a3          	sb	a4,43(s0)
    5d1c:	dbe1                	beqz	a5,5cec <Servo_SubmitQ3+0x17c>
    5d1e:	b7d5                	j	5d02 <Servo_SubmitQ3+0x192>
    5d20:	650d                	lui	a0,0x3
    5d22:	edf50713          	addi	a4,a0,-289 # 2edf <D_SPI1_Send_Buf+0x33>
    5d26:	04977b63          	bgeu	a4,s1,5d7c <Servo_SubmitQ3+0x20c>
    5d2a:	7775                	lui	a4,0xffffd
    5d2c:	12070713          	addi	a4,a4,288 # ffffd120 <_eusrstack+0xdfffb120>
    5d30:	6505                	lui	a0,0x1
    5d32:	9726                	add	a4,a4,s1
    5d34:	96050513          	addi	a0,a0,-1696 # 960 <ADC_SoftwareStartInjectedConvCmd+0x16>
    5d38:	02a70533          	mul	a0,a4,a0
    5d3c:	6589                	lui	a1,0x2
    5d3e:	f4058593          	addi	a1,a1,-192 # 1f40 <TIM_ICInit+0x40>
    5d42:	b82fa0ef          	jal	ra,c4 <__hidden___udivsi3>
    5d46:	47a2                	lw	a5,8(sp)
    5d48:	0542                	slli	a0,a0,0x10
    5d4a:	8541                	srai	a0,a0,0x10
    5d4c:	c789                	beqz	a5,5d56 <Servo_SubmitQ3+0x1e6>
    5d4e:	40a00533          	neg	a0,a0
    5d52:	0542                	slli	a0,a0,0x10
    5d54:	8541                	srai	a0,a0,0x10
    5d56:	4782                	lw	a5,0(sp)
    5d58:	04a41623          	sh	a0,76(s0)
    5d5c:	577d                	li	a4,-1
    5d5e:	cb99                	beqz	a5,5d74 <Servo_SubmitQ3+0x204>
    5d60:	4018                	lw	a4,0(s0)
    5d62:	4685                	li	a3,1
    5d64:	1765                	addi	a4,a4,-7
    5d66:	02e6fb63          	bgeu	a3,a4,5d9c <Servo_SubmitQ3+0x22c>
    5d6a:	4782                	lw	a5,0(sp)
    5d6c:	3e800713          	li	a4,1000
    5d70:	02e78733          	mul	a4,a5,a4
    5d74:	c438                	sw	a4,72(s0)
    5d76:	020403a3          	sb	zero,39(s0)
    5d7a:	bd79                	j	5c18 <Servo_SubmitQ3+0xa8>
    5d7c:	ee050513          	addi	a0,a0,-288
    5d80:	6705                	lui	a4,0x1
    5d82:	96070713          	addi	a4,a4,-1696 # 960 <ADC_SoftwareStartInjectedConvCmd+0x16>
    5d86:	8d05                	sub	a0,a0,s1
    5d88:	02e50533          	mul	a0,a0,a4
    5d8c:	6589                	lui	a1,0x2
    5d8e:	f4058593          	addi	a1,a1,-192 # 1f40 <TIM_ICInit+0x40>
    5d92:	b32fa0ef          	jal	ra,c4 <__hidden___udivsi3>
    5d96:	40a00533          	neg	a0,a0
    5d9a:	b775                	j	5d46 <Servo_SubmitQ3+0x1d6>
    5d9c:	4782                	lw	a5,0(sp)
    5d9e:	6725                	lui	a4,0x9
    5da0:	ca070713          	addi	a4,a4,-864 # 8ca0 <_data_lma+0x16a4>
    5da4:	02e787b3          	mul	a5,a5,a4
    5da8:	020403a3          	sb	zero,39(s0)
    5dac:	c43c                	sw	a5,72(s0)
    5dae:	f32ff0ef          	jal	ra,54e0 <A_Encoder_Read>
    5db2:	7741                	lui	a4,0xffff0
    5db4:	0705                	addi	a4,a4,1 # ffff0001 <_eusrstack+0xdffee001>
    5db6:	972a                	add	a4,a4,a0
    5db8:	00e03733          	snez	a4,a4
    5dbc:	02e40623          	sb	a4,44(s0)
    5dc0:	6741                	lui	a4,0x10
    5dc2:	177d                	addi	a4,a4,-1 # ffff <_data_lma+0x8a03>
    5dc4:	e4e50ae3          	beq	a0,a4,5c18 <Servo_SubmitQ3+0xa8>
    5dc8:	c448                	sw	a0,12(s0)
    5dca:	b5b9                	j	5c18 <Servo_SubmitQ3+0xa8>

00005dcc <A_Servo_Submit>:
    5dcc:	e0c50793          	addi	a5,a0,-500
    5dd0:	07c2                	slli	a5,a5,0x10
    5dd2:	83c1                	srli	a5,a5,0x10
    5dd4:	7d000713          	li	a4,2000
    5dd8:	00f76763          	bltu	a4,a5,5de6 <A_Servo_Submit+0x1a>
    5ddc:	050e                	slli	a0,a0,0x3
    5dde:	0542                	slli	a0,a0,0x10
    5de0:	8141                	srli	a0,a0,0x10
    5de2:	d8fff06f          	j	5b70 <Servo_SubmitQ3>
    5de6:	8082                	ret

00005de8 <Servo_ApplyBootAction>:
    5de8:	ac0fa2ef          	jal	t0,a8 <__riscv_save_0>
    5dec:	b1018413          	addi	s0,gp,-1264 # 200003a0 <s_servo>
    5df0:	04445503          	lhu	a0,68(s0)
    5df4:	c519                	beqz	a0,5e02 <Servo_ApplyBootAction+0x1a>
    5df6:	04645583          	lhu	a1,70(s0)
    5dfa:	d77ff0ef          	jal	ra,5b70 <Servo_SubmitQ3>
    5dfe:	ab4fa06f          	j	b2 <__riscv_restore_0>
    5e02:	ae818713          	addi	a4,gp,-1304 # 20000378 <g_config>
    5e06:	3734                	lbu	a3,11(a4)
    5e08:	4705                	li	a4,1
    5e0a:	ae818793          	addi	a5,gp,-1304 # 20000378 <g_config>
    5e0e:	02e69563          	bne	a3,a4,5e38 <Servo_ApplyBootAction+0x50>
    5e12:	2396                	lhu	a3,0(a5)
    5e14:	27fa                	lhu	a4,14(a5)
    5e16:	8536                	mv	a0,a3
    5e18:	00e6f363          	bgeu	a3,a4,5e1e <Servo_ApplyBootAction+0x36>
    5e1c:	853a                	mv	a0,a4
    5e1e:	2b9e                	lhu	a5,16(a5)
    5e20:	01051713          	slli	a4,a0,0x10
    5e24:	8341                	srli	a4,a4,0x10
    5e26:	00e7f363          	bgeu	a5,a4,5e2c <Servo_ApplyBootAction+0x44>
    5e2a:	853e                	mv	a0,a5
    5e2c:	0542                	slli	a0,a0,0x10
    5e2e:	4581                	li	a1,0
    5e30:	8141                	srli	a0,a0,0x10
    5e32:	f9bff0ef          	jal	ra,5dcc <A_Servo_Submit>
    5e36:	b7e1                	j	5dfe <Servo_ApplyBootAction+0x16>
    5e38:	478d                	li	a5,3
    5e3a:	00f69763          	bne	a3,a5,5e48 <Servo_ApplyBootAction+0x60>
    5e3e:	02e406a3          	sb	a4,45(s0)
    5e42:	c03ff0ef          	jal	ra,5a44 <A_Servo_Stop>
    5e46:	bf65                	j	5dfe <Servo_ApplyBootAction+0x16>
    5e48:	f88ff0ef          	jal	ra,55d0 <Servo_IsPosition>
    5e4c:	d94d                	beqz	a0,5dfe <Servo_ApplyBootAction+0x16>
    5e4e:	204a                	lhu	a0,4(s0)
    5e50:	829fe0ef          	jal	ra,4678 <C_Traj_Hold>
    5e54:	b76d                	j	5dfe <Servo_ApplyBootAction+0x16>

00005e56 <A_Servo_Init>:
    5e56:	a52fa2ef          	jal	t0,a8 <__riscv_save_0>
    5e5a:	1171                	addi	sp,sp,-4
    5e5c:	09800613          	li	a2,152
    5e60:	4581                	li	a1,0
    5e62:	b1018513          	addi	a0,gp,-1264 # 200003a0 <s_servo>
    5e66:	aeafa0ef          	jal	ra,150 <memset>
    5e6a:	6785                	lui	a5,0x1
    5e6c:	96078793          	addi	a5,a5,-1696 # 960 <ADC_SoftwareStartInjectedConvCmd+0x16>
    5e70:	b1018493          	addi	s1,gp,-1264 # 200003a0 <s_servo>
    5e74:	4501                	li	a0,0
    5e76:	04f49723          	sh	a5,78(s1) # 804e <_data_lma+0xa52>
    5e7a:	f02fd0ef          	jal	ra,357c <D_UART_Enable>
    5e7e:	4505                	li	a0,1
    5e80:	b66fd0ef          	jal	ra,31e6 <D_PWM_Input_Enable>
    5e84:	03c00793          	li	a5,60
    5e88:	b1018413          	addi	s0,gp,-1264 # 200003a0 <s_servo>
    5e8c:	c03e                	sw	a5,0(sp)
    5e8e:	b2efd0ef          	jal	ra,31bc <D_PWM_Read>
    5e92:	4782                	lw	a5,0(sp)
    5e94:	84aa                	mv	s1,a0
    5e96:	c54d                	beqz	a0,5f40 <A_Servo_Init+0xea>
    5e98:	4785                	li	a5,1
    5e9a:	6705                	lui	a4,0x1
    5e9c:	02f40423          	sb	a5,40(s0)
    5ea0:	9c470713          	addi	a4,a4,-1596 # 9c4 <ADC_GetInjectedConversionValue>
    5ea4:	87aa                	mv	a5,a0
    5ea6:	00a77363          	bgeu	a4,a0,5eac <A_Servo_Init+0x56>
    5eaa:	87ba                	mv	a5,a4
    5eac:	01079713          	slli	a4,a5,0x10
    5eb0:	8341                	srli	a4,a4,0x10
    5eb2:	1f400693          	li	a3,500
    5eb6:	00d77463          	bgeu	a4,a3,5ebe <A_Servo_Init+0x68>
    5eba:	1f400793          	li	a5,500
    5ebe:	078e                	slli	a5,a5,0x3
    5ec0:	01079493          	slli	s1,a5,0x10
    5ec4:	80c1                	srli	s1,s1,0x10
    5ec6:	4785                	li	a5,1
    5ec8:	b006                	sh	s1,32(s0)
    5eca:	ac66                	sh	s1,30(s0)
    5ecc:	b026                	sh	s1,34(s0)
    5ece:	02f40223          	sb	a5,36(s0)
    5ed2:	af11c503          	lbu	a0,-1295(gp) # 20000381 <g_config+0x9>
    5ed6:	04941223          	sh	s1,68(s0)
    5eda:	fbcff0ef          	jal	ra,5696 <Servo_SetModeFields>
    5ede:	935ff0ef          	jal	ra,5812 <Servo_ReadPosition>
    5ee2:	84aa                	mv	s1,a0
    5ee4:	e519                	bnez	a0,5ef2 <A_Servo_Init+0x9c>
    5ee6:	00042623          	sw	zero,12(s0)
    5eea:	00042423          	sw	zero,8(s0)
    5eee:	00041223          	sh	zero,4(s0)
    5ef2:	205e                	lhu	a5,4(s0)
    5ef4:	4408                	lw	a0,8(s0)
    5ef6:	ac1e                	sh	a5,24(s0)
    5ef8:	fcbfd0ef          	jal	ra,3ec2 <C_SpeedObs_Init>
    5efc:	204a                	lhu	a0,4(s0)
    5efe:	03c00613          	li	a2,60
    5f02:	4581                	li	a1,0
    5f04:	deefe0ef          	jal	ra,44f2 <C_Traj_Init>
    5f08:	ec8ff0ef          	jal	ra,55d0 <Servo_IsPosition>
    5f0c:	c119                	beqz	a0,5f12 <A_Servo_Init+0xbc>
    5f0e:	8bfff0ef          	jal	ra,57cc <Servo_SetTrajRange>
    5f12:	95ffd0ef          	jal	ra,3870 <C_PosCtrl_Init>
    5f16:	4501                	li	a0,0
    5f18:	020406a3          	sb	zero,45(s0)
    5f1c:	d3bfc0ef          	jal	ra,2c56 <D_Motor_Set>
    5f20:	04a41823          	sh	a0,80(s0)
    5f24:	4581                	li	a1,0
    5f26:	b7018513          	addi	a0,gp,-1168 # 20000400 <s_servo+0x60>
    5f2a:	fc1fe0ef          	jal	ra,4eea <C_Traj_Step>
    5f2e:	e89d                	bnez	s1,5f64 <A_Servo_Init+0x10e>
    5f30:	4785                	li	a5,1
    5f32:	02f408a3          	sb	a5,49(s0)
    5f36:	ff8ff0ef          	jal	ra,572e <Servo_EscapeStart>
    5f3a:	0111                	addi	sp,sp,4
    5f3c:	976fa06f          	j	b2 <__riscv_restore_0>
    5f40:	4505                	li	a0,1
    5f42:	c03e                	sw	a5,0(sp)
    5f44:	adafc0ef          	jal	ra,221e <Delay_Ms>
    5f48:	4782                	lw	a5,0(sp)
    5f4a:	17fd                	addi	a5,a5,-1
    5f4c:	0ff7f793          	zext.b	a5,a5
    5f50:	ff95                	bnez	a5,5e8c <A_Servo_Init+0x36>
    5f52:	4501                	li	a0,0
    5f54:	a92fd0ef          	jal	ra,31e6 <D_PWM_Input_Enable>
    5f58:	4505                	li	a0,1
    5f5a:	e22fd0ef          	jal	ra,357c <D_UART_Enable>
    5f5e:	02040423          	sb	zero,40(s0)
    5f62:	bf85                	j	5ed2 <A_Servo_Init+0x7c>
    5f64:	e85ff0ef          	jal	ra,5de8 <Servo_ApplyBootAction>
    5f68:	bfc9                	j	5f3a <A_Servo_Init+0xe4>

00005f6a <A_Servo_SetMode>:
    5f6a:	fff50793          	addi	a5,a0,-1
    5f6e:	0ff7f793          	zext.b	a5,a5
    5f72:	4729                	li	a4,10
    5f74:	02f76b63          	bltu	a4,a5,5faa <A_Servo_SetMode+0x40>
    5f78:	930fa2ef          	jal	t0,a8 <__riscv_save_0>
    5f7c:	ffb50793          	addi	a5,a0,-5
    5f80:	0ff7f793          	zext.b	a5,a5
    5f84:	4705                	li	a4,1
    5f86:	842a                	mv	s0,a0
    5f88:	4501                	li	a0,0
    5f8a:	00f77e63          	bgeu	a4,a5,5fa6 <A_Servo_SetMode+0x3c>
    5f8e:	47ad                	li	a5,11
    5f90:	00f40b63          	beq	s0,a5,5fa6 <A_Servo_SetMode+0x3c>
    5f94:	ab1ff0ef          	jal	ra,5a44 <A_Servo_Stop>
    5f98:	ae8188a3          	sb	s0,-1295(gp) # 20000381 <g_config+0x9>
    5f9c:	8f6ff0ef          	jal	ra,5092 <A_Config_MarkDirty>
    5fa0:	983ff0ef          	jal	ra,5922 <A_Servo_ApplyConfig>
    5fa4:	4505                	li	a0,1
    5fa6:	90cfa06f          	j	b2 <__riscv_restore_0>
    5faa:	4501                	li	a0,0
    5fac:	8082                	ret

00005fae <A_Servo_GetPositionPwm>:
    5fae:	8fafa2ef          	jal	t0,a8 <__riscv_save_0>
    5fb2:	e1eff0ef          	jal	ra,55d0 <Servo_IsPosition>
    5fb6:	c119                	beqz	a0,5fbc <A_Servo_GetPositionPwm+0xe>
    5fb8:	85bff0ef          	jal	ra,5812 <Servo_ReadPosition>
    5fbc:	f8eff0ef          	jal	ra,574a <Servo_PositionToPwm>
    5fc0:	8f2fa06f          	j	b2 <__riscv_restore_0>

00005fc4 <A_Servo_CalibrateMid>:
    5fc4:	4505                	li	a0,1
    5fc6:	ad9ff06f          	j	5a9e <Servo_Calibrate>

00005fca <A_Servo_CalibrateZero>:
    5fca:	4509                	li	a0,2
    5fcc:	ad3ff06f          	j	5a9e <Servo_Calibrate>

00005fd0 <A_Servo_SetTravelEnd>:
    5fd0:	8d8fa2ef          	jal	t0,a8 <__riscv_save_0>
    5fd4:	842a                	mv	s0,a0
    5fd6:	dfaff0ef          	jal	ra,55d0 <Servo_IsPosition>
    5fda:	e501                	bnez	a0,5fe2 <A_Servo_SetTravelEnd+0x12>
    5fdc:	4501                	li	a0,0
    5fde:	8d4fa06f          	j	b2 <__riscv_restore_0>
    5fe2:	cfeff0ef          	jal	ra,54e0 <A_Encoder_Read>
    5fe6:	67c1                	lui	a5,0x10
    5fe8:	17fd                	addi	a5,a5,-1 # ffff <_data_lma+0x8a03>
    5fea:	fef509e3          	beq	a0,a5,5fdc <A_Servo_SetTravelEnd+0xc>
    5fee:	b1018793          	addi	a5,gp,-1264 # 200003a0 <s_servo>
    5ff2:	4bd8                	lw	a4,20(a5)
    5ff4:	b1018693          	addi	a3,gp,-1264 # 200003a0 <s_servo>
    5ff8:	4481                	li	s1,0
    5ffa:	8d19                	sub	a0,a0,a4
    5ffc:	00054863          	bltz	a0,600c <A_Servo_SetTravelEnd+0x3c>
    6000:	2a86                	lhu	s1,16(a3)
    6002:	00a4c563          	blt	s1,a0,600c <A_Servo_SetTravelEnd+0x3c>
    6006:	01051493          	slli	s1,a0,0x10
    600a:	80c1                	srli	s1,s1,0x10
    600c:	0266c783          	lbu	a5,38(a3)
    6010:	6625                	lui	a2,0x9
    6012:	ca060593          	addi	a1,a2,-864 # 8ca0 <_data_lma+0x16a4>
    6016:	06878663          	beq	a5,s0,6082 <A_Servo_SetTravelEnd+0xb2>
    601a:	9726                	add	a4,a4,s1
    601c:	00b707b3          	add	a5,a4,a1
    6020:	0407d763          	bgez	a5,606e <A_Servo_SetTravelEnd+0x9e>
    6024:	67c9                	lui	a5,0x12
    6026:	94078793          	addi	a5,a5,-1728 # 11940 <_data_lma+0xa344>
    602a:	97ba                	add	a5,a5,a4
    602c:	01079413          	slli	s0,a5,0x10
    6030:	2a9e                	lhu	a5,16(a3)
    6032:	8041                	srli	s0,s0,0x10
    6034:	8f85                	sub	a5,a5,s1
    6036:	01079493          	slli	s1,a5,0x10
    603a:	80c1                	srli	s1,s1,0x10
    603c:	06300793          	li	a5,99
    6040:	f897fee3          	bgeu	a5,s1,5fdc <A_Servo_SetTravelEnd+0xc>
    6044:	a01ff0ef          	jal	ra,5a44 <A_Servo_Stop>
    6048:	b1018693          	addi	a3,gp,-1264 # 200003a0 <s_servo>
    604c:	0266c703          	lbu	a4,38(a3)
    6050:	ae818793          	addi	a5,gp,-1304 # 20000378 <g_config>
    6054:	b7d8                	sb	a4,13(a5)
    6056:	472d                	li	a4,11
    6058:	a3c2                	sh	s0,4(a5)
    605a:	a3e6                	sh	s1,6(a5)
    605c:	b798                	sb	a4,9(a5)
    605e:	00078a23          	sb	zero,20(a5)
    6062:	830ff0ef          	jal	ra,5092 <A_Config_MarkDirty>
    6066:	8bdff0ef          	jal	ra,5922 <A_Servo_ApplyConfig>
    606a:	4505                	li	a0,1
    606c:	bf8d                	j	5fde <A_Servo_SetTravelEnd+0xe>
    606e:	c9f60613          	addi	a2,a2,-865
    6072:	faf65de3          	bge	a2,a5,602c <A_Servo_SetTravelEnd+0x5c>
    6076:	87ba                	mv	a5,a4
    6078:	fae65ae3          	bge	a2,a4,602c <A_Servo_SetTravelEnd+0x5c>
    607c:	40b707b3          	sub	a5,a4,a1
    6080:	b775                	j	602c <A_Servo_SetTravelEnd+0x5c>
    6082:	00b707b3          	add	a5,a4,a1
    6086:	0007da63          	bgez	a5,609a <A_Servo_SetTravelEnd+0xca>
    608a:	67c9                	lui	a5,0x12
    608c:	94078793          	addi	a5,a5,-1728 # 11940 <_data_lma+0xa344>
    6090:	97ba                	add	a5,a5,a4
    6092:	01079413          	slli	s0,a5,0x10
    6096:	8041                	srli	s0,s0,0x10
    6098:	b755                	j	603c <A_Servo_SetTravelEnd+0x6c>
    609a:	c9f60613          	addi	a2,a2,-865
    609e:	fef65ae3          	bge	a2,a5,6092 <A_Servo_SetTravelEnd+0xc2>
    60a2:	87ba                	mv	a5,a4
    60a4:	fee657e3          	bge	a2,a4,6092 <A_Servo_SetTravelEnd+0xc2>
    60a8:	40b707b3          	sub	a5,a4,a1
    60ac:	b7dd                	j	6092 <A_Servo_SetTravelEnd+0xc2>

000060ae <A_Servo_SetPulseLimit>:
    60ae:	ffbf92ef          	jal	t0,a8 <__riscv_save_0>
    60b2:	842a                	mv	s0,a0
    60b4:	d1cff0ef          	jal	ra,55d0 <Servo_IsPosition>
    60b8:	e501                	bnez	a0,60c0 <A_Servo_SetPulseLimit+0x12>
    60ba:	4501                	li	a0,0
    60bc:	ff7f906f          	j	b2 <__riscv_restore_0>
    60c0:	b201d783          	lhu	a5,-1248(gp) # 200003b0 <s_servo+0x10>
    60c4:	dbfd                	beqz	a5,60ba <A_Servo_SetPulseLimit+0xc>
    60c6:	f4cff0ef          	jal	ra,5812 <Servo_ReadPosition>
    60ca:	d965                	beqz	a0,60ba <A_Servo_SetPulseLimit+0xc>
    60cc:	e7eff0ef          	jal	ra,574a <Servo_PositionToPwm>
    60d0:	ae818793          	addi	a5,gp,-1304 # 20000378 <g_config>
    60d4:	c809                	beqz	s0,60e6 <A_Servo_SetPulseLimit+0x38>
    60d6:	2b9a                	lhu	a4,16(a5)
    60d8:	fee571e3          	bgeu	a0,a4,60ba <A_Servo_SetPulseLimit+0xc>
    60dc:	a7ea                	sh	a0,14(a5)
    60de:	fb5fe0ef          	jal	ra,5092 <A_Config_MarkDirty>
    60e2:	4505                	li	a0,1
    60e4:	bfe1                	j	60bc <A_Servo_SetPulseLimit+0xe>
    60e6:	27fa                	lhu	a4,14(a5)
    60e8:	fca779e3          	bgeu	a4,a0,60ba <A_Servo_SetPulseLimit+0xc>
    60ec:	ab8a                	sh	a0,16(a5)
    60ee:	bfc5                	j	60de <A_Servo_SetPulseLimit+0x30>

000060f0 <A_Servo_SaveStartup>:
    60f0:	fb9f92ef          	jal	t0,a8 <__riscv_save_0>
    60f4:	cdcff0ef          	jal	ra,55d0 <Servo_IsPosition>
    60f8:	e501                	bnez	a0,6100 <A_Servo_SaveStartup+0x10>
    60fa:	4501                	li	a0,0
    60fc:	fb7f906f          	j	b2 <__riscv_restore_0>
    6100:	f12ff0ef          	jal	ra,5812 <Servo_ReadPosition>
    6104:	d97d                	beqz	a0,60fa <A_Servo_SaveStartup+0xa>
    6106:	e44ff0ef          	jal	ra,574a <Servo_PositionToPwm>
    610a:	aea19423          	sh	a0,-1304(gp) # 20000378 <g_config>
    610e:	f85fe0ef          	jal	ra,5092 <A_Config_MarkDirty>
    6112:	4505                	li	a0,1
    6114:	b7e5                	j	60fc <A_Servo_SaveStartup+0xc>

00006116 <A_Servo_Control>:
    6116:	f93f92ef          	jal	t0,a8 <__riscv_save_0>
    611a:	b1018793          	addi	a5,gp,-1264 # 200003a0 <s_servo>
    611e:	0287c703          	lbu	a4,40(a5)
    6122:	4785                	li	a5,1
    6124:	b1018413          	addi	s0,gp,-1264 # 200003a0 <s_servo>
    6128:	08f71c63          	bne	a4,a5,61c0 <A_Servo_Control+0xaa>
    612c:	890fd0ef          	jal	ra,31bc <D_PWM_Read>
    6130:	c941                	beqz	a0,61c0 <A_Servo_Control+0xaa>
    6132:	6705                	lui	a4,0x1
    6134:	9c470713          	addi	a4,a4,-1596 # 9c4 <ADC_GetInjectedConversionValue>
    6138:	87aa                	mv	a5,a0
    613a:	00a77363          	bgeu	a4,a0,6140 <A_Servo_Control+0x2a>
    613e:	87ba                	mv	a5,a4
    6140:	01079713          	slli	a4,a5,0x10
    6144:	8341                	srli	a4,a4,0x10
    6146:	1f400693          	li	a3,500
    614a:	00d77463          	bgeu	a4,a3,6152 <A_Servo_Control+0x3c>
    614e:	1f400793          	li	a5,500
    6152:	02444703          	lbu	a4,36(s0)
    6156:	078e                	slli	a5,a5,0x3
    6158:	07c2                	slli	a5,a5,0x10
    615a:	83c1                	srli	a5,a5,0x10
    615c:	e719                	bnez	a4,616a <A_Servo_Control+0x54>
    615e:	4705                	li	a4,1
    6160:	b01e                	sh	a5,32(s0)
    6162:	ac7e                	sh	a5,30(s0)
    6164:	b03e                	sh	a5,34(s0)
    6166:	02e40223          	sb	a4,36(s0)
    616a:	301a                	lhu	a4,32(s0)
    616c:	2c76                	lhu	a3,30(s0)
    616e:	b01e                	sh	a5,32(s0)
    6170:	ac7a                	sh	a4,30(s0)
    6172:	00d77563          	bgeu	a4,a3,617c <A_Servo_Control+0x66>
    6176:	8636                	mv	a2,a3
    6178:	86ba                	mv	a3,a4
    617a:	8732                	mv	a4,a2
    617c:	853e                	mv	a0,a5
    617e:	00f77363          	bgeu	a4,a5,6184 <A_Servo_Control+0x6e>
    6182:	853a                	mv	a0,a4
    6184:	01051793          	slli	a5,a0,0x10
    6188:	83c1                	srli	a5,a5,0x10
    618a:	00d7f363          	bgeu	a5,a3,6190 <A_Servo_Control+0x7a>
    618e:	8536                	mv	a0,a3
    6190:	303a                	lhu	a4,34(s0)
    6192:	0542                	slli	a0,a0,0x10
    6194:	8141                	srli	a0,a0,0x10
    6196:	40e506b3          	sub	a3,a0,a4
    619a:	03768613          	addi	a2,a3,55
    619e:	06e00793          	li	a5,110
    61a2:	00c7eb63          	bltu	a5,a2,61b8 <A_Servo_Control+0xa2>
    61a6:	41f6d793          	srai	a5,a3,0x1f
    61aa:	8b9d                	andi	a5,a5,7
    61ac:	97b6                	add	a5,a5,a3
    61ae:	878d                	srai	a5,a5,0x3
    61b0:	973e                	add	a4,a4,a5
    61b2:	01071513          	slli	a0,a4,0x10
    61b6:	8141                	srli	a0,a0,0x10
    61b8:	4581                	li	a1,0
    61ba:	b02a                	sh	a0,34(s0)
    61bc:	9b5ff0ef          	jal	ra,5b70 <Servo_SubmitQ3>
    61c0:	02e44483          	lbu	s1,46(s0)
    61c4:	4789                	li	a5,2
    61c6:	00f49e63          	bne	s1,a5,61e2 <A_Servo_Control+0xcc>
    61ca:	e48ff0ef          	jal	ra,5812 <Servo_ReadPosition>
    61ce:	c901                	beqz	a0,61de <A_Servo_Control+0xc8>
    61d0:	4505                	li	a0,1
    61d2:	02040723          	sb	zero,46(s0)
    61d6:	020403a3          	sb	zero,39(s0)
    61da:	db2ff0ef          	jal	ra,578c <Servo_ResyncLoops>
    61de:	ed5f906f          	j	b2 <__riscv_restore_0>
    61e2:	02d44783          	lbu	a5,45(s0)
    61e6:	ffe5                	bnez	a5,61de <A_Servo_Control+0xc8>
    61e8:	02944783          	lbu	a5,41(s0)
    61ec:	e799                	bnez	a5,61fa <A_Servo_Control+0xe4>
    61ee:	be2ff0ef          	jal	ra,55d0 <Servo_IsPosition>
    61f2:	c549                	beqz	a0,627c <A_Servo_Control+0x166>
    61f4:	02544783          	lbu	a5,37(s0)
    61f8:	e399                	bnez	a5,61fe <A_Servo_Control+0xe8>
    61fa:	4501                	li	a0,0
    61fc:	a89d                	j	6272 <A_Servo_Control+0x15c>
    61fe:	4785                	li	a5,1
    6200:	1cf49c63          	bne	s1,a5,63d8 <A_Servo_Control+0x2c2>
    6204:	383e                	lhu	a5,50(s0)
    6206:	03044703          	lbu	a4,48(s0)
    620a:	0785                	addi	a5,a5,1
    620c:	07c2                	slli	a5,a5,0x10
    620e:	83c1                	srli	a5,a5,0x10
    6210:	b83e                	sh	a5,50(s0)
    6212:	c36d                	beqz	a4,62f4 <A_Servo_Control+0x1de>
    6214:	6705                	lui	a4,0x1
    6216:	bb770713          	addi	a4,a4,-1097 # bb7 <ROM_ERASE+0x8b>
    621a:	0ef76f63          	bltu	a4,a5,6318 <A_Servo_Control+0x202>
    621e:	df4ff0ef          	jal	ra,5812 <Servo_ReadPosition>
    6222:	c105                	beqz	a0,6242 <A_Servo_Control+0x12c>
    6224:	4458                	lw	a4,12(s0)
    6226:	678d                	lui	a5,0x3
    6228:	4bc78793          	addi	a5,a5,1212 # 34bc <Uart_TxDone>
    622c:	00f727b3          	slt	a5,a4,a5
    6230:	02f407a3          	sb	a5,47(s0)
    6234:	679d                	lui	a5,0x7
    6236:	32070713          	addi	a4,a4,800
    623a:	fb878793          	addi	a5,a5,-72 # 6fb8 <__divdi3+0x1a4>
    623e:	0ee7f863          	bgeu	a5,a4,632e <A_Servo_Control+0x218>
    6242:	02041a23          	sh	zero,52(s0)
    6246:	02f44783          	lbu	a5,47(s0)
    624a:	da800713          	li	a4,-600
    624e:	c399                	beqz	a5,6254 <A_Servo_Control+0x13e>
    6250:	25800713          	li	a4,600
    6254:	04e41783          	lh	a5,78(s0)
    6258:	853e                	mv	a0,a5
    625a:	00f75363          	bge	a4,a5,6260 <A_Servo_Control+0x14a>
    625e:	853a                	mv	a0,a4
    6260:	0542                	slli	a0,a0,0x10
    6262:	8541                	srai	a0,a0,0x10
    6264:	40f007b3          	neg	a5,a5
    6268:	00f55563          	bge	a0,a5,6272 <A_Servo_Control+0x15c>
    626c:	01079513          	slli	a0,a5,0x10
    6270:	8541                	srai	a0,a0,0x10
    6272:	9e5fc0ef          	jal	ra,2c56 <D_Motor_Set>
    6276:	04a41823          	sh	a0,80(s0)
    627a:	b795                	j	61de <A_Servo_Control+0xc8>
    627c:	4685                	li	a3,1
    627e:	f8d483e3          	beq	s1,a3,6204 <A_Servo_Control+0xee>
    6282:	4438                	lw	a4,72(s0)
    6284:	db3d                	beqz	a4,61fa <A_Servo_Control+0xe4>
    6286:	04c41783          	lh	a5,76(s0)
    628a:	dba5                	beqz	a5,61fa <A_Servo_Control+0xe4>
    628c:	401c                	lw	a5,0(s0)
    628e:	17e5                	addi	a5,a5,-7
    6290:	00f6ef63          	bltu	a3,a5,62ae <A_Servo_Control+0x198>
    6294:	57fd                	li	a5,-1
    6296:	00f70c63          	beq	a4,a5,62ae <A_Servo_Control+0x198>
    629a:	a46ff0ef          	jal	ra,54e0 <A_Encoder_Read>
    629e:	67c1                	lui	a5,0x10
    62a0:	17fd                	addi	a5,a5,-1 # ffff <_data_lma+0x8a03>
    62a2:	0ef51e63          	bne	a0,a5,639e <A_Servo_Control+0x288>
    62a6:	02040623          	sb	zero,44(s0)
    62aa:	443c                	lw	a5,72(s0)
    62ac:	d7b9                	beqz	a5,61fa <A_Servo_Control+0xe4>
    62ae:	04c45703          	lhu	a4,76(s0)
    62b2:	04e41783          	lh	a5,78(s0)
    62b6:	853a                	mv	a0,a4
    62b8:	0742                	slli	a4,a4,0x10
    62ba:	8741                	srai	a4,a4,0x10
    62bc:	00e7d363          	bge	a5,a4,62c2 <A_Servo_Control+0x1ac>
    62c0:	853e                	mv	a0,a5
    62c2:	0542                	slli	a0,a0,0x10
    62c4:	8541                	srai	a0,a0,0x10
    62c6:	40f007b3          	neg	a5,a5
    62ca:	00f55563          	bge	a0,a5,62d4 <A_Servo_Control+0x1be>
    62ce:	01079513          	slli	a0,a5,0x10
    62d2:	8541                	srai	a0,a0,0x10
    62d4:	983fc0ef          	jal	ra,2c56 <D_Motor_Set>
    62d8:	401c                	lw	a5,0(s0)
    62da:	04a41823          	sh	a0,80(s0)
    62de:	4705                	li	a4,1
    62e0:	17e5                	addi	a5,a5,-7
    62e2:	eef77ee3          	bgeu	a4,a5,61de <A_Servo_Control+0xc8>
    62e6:	443c                	lw	a5,72(s0)
    62e8:	577d                	li	a4,-1
    62ea:	eee78ae3          	beq	a5,a4,61de <A_Servo_Control+0xc8>
    62ee:	17fd                	addi	a5,a5,-1
    62f0:	c43c                	sw	a5,72(s0)
    62f2:	b5f5                	j	61de <A_Servo_Control+0xc8>
    62f4:	5db00713          	li	a4,1499
    62f8:	f2f773e3          	bgeu	a4,a5,621e <A_Servo_Control+0x108>
    62fc:	4785                	li	a5,1
    62fe:	02f40823          	sb	a5,48(s0)
    6302:	02f44783          	lbu	a5,47(s0)
    6306:	02041923          	sh	zero,50(s0)
    630a:	02041a23          	sh	zero,52(s0)
    630e:	0017b793          	seqz	a5,a5
    6312:	02f407a3          	sb	a5,47(s0)
    6316:	b721                	j	621e <A_Servo_Control+0x108>
    6318:	4789                	li	a5,2
    631a:	02f40723          	sb	a5,46(s0)
    631e:	4785                	li	a5,1
    6320:	020408a3          	sb	zero,49(s0)
    6324:	02f406a3          	sb	a5,45(s0)
    6328:	f1cff0ef          	jal	ra,5a44 <A_Servo_Stop>
    632c:	bd4d                	j	61de <A_Servo_Control+0xc8>
    632e:	385e                	lhu	a5,52(s0)
    6330:	07700713          	li	a4,119
    6334:	0785                	addi	a5,a5,1
    6336:	07c2                	slli	a5,a5,0x10
    6338:	83c1                	srli	a5,a5,0x10
    633a:	b85e                	sh	a5,52(s0)
    633c:	f0f775e3          	bgeu	a4,a5,6246 <A_Servo_Control+0x130>
    6340:	4501                	li	a0,0
    6342:	2c06                	lhu	s1,24(s0)
    6344:	913fc0ef          	jal	ra,2c56 <D_Motor_Set>
    6348:	04a41823          	sh	a0,80(s0)
    634c:	4505                	li	a0,1
    634e:	02040723          	sb	zero,46(s0)
    6352:	020403a3          	sb	zero,39(s0)
    6356:	c36ff0ef          	jal	ra,578c <Servo_ResyncLoops>
    635a:	03144783          	lbu	a5,49(s0)
    635e:	c791                	beqz	a5,636a <A_Servo_Control+0x254>
    6360:	020408a3          	sb	zero,49(s0)
    6364:	a85ff0ef          	jal	ra,5de8 <Servo_ApplyBootAction>
    6368:	bd9d                	j	61de <A_Servo_Control+0xc8>
    636a:	02a44783          	lbu	a5,42(s0)
    636e:	e60788e3          	beqz	a5,61de <A_Servo_Control+0xc8>
    6372:	a5eff0ef          	jal	ra,55d0 <Servo_IsPosition>
    6376:	e60504e3          	beqz	a0,61de <A_Servo_Control+0xc8>
    637a:	02b44703          	lbu	a4,43(s0)
    637e:	ac06                	sh	s1,24(s0)
    6380:	443c                	lw	a5,72(s0)
    6382:	4581                	li	a1,0
    6384:	c719                	beqz	a4,6392 <A_Servo_Control+0x27c>
    6386:	85be                	mv	a1,a5
    6388:	67c1                	lui	a5,0x10
    638a:	00f5e463          	bltu	a1,a5,6392 <A_Servo_Control+0x27c>
    638e:	fff78593          	addi	a1,a5,-1 # ffff <_data_lma+0x8a03>
    6392:	05c2                	slli	a1,a1,0x10
    6394:	81c1                	srli	a1,a1,0x10
    6396:	8526                	mv	a0,s1
    6398:	b30fe0ef          	jal	ra,46c8 <C_Traj_Plan>
    639c:	b589                	j	61de <A_Servo_Control+0xc8>
    639e:	02c44783          	lbu	a5,44(s0)
    63a2:	c785                	beqz	a5,63ca <A_Servo_Control+0x2b4>
    63a4:	4458                	lw	a4,12(s0)
    63a6:	04c41683          	lh	a3,76(s0)
    63aa:	40a707b3          	sub	a5,a4,a0
    63ae:	0006c463          	bltz	a3,63b6 <A_Servo_Control+0x2a0>
    63b2:	40e507b3          	sub	a5,a0,a4
    63b6:	0007d363          	bgez	a5,63bc <A_Servo_Control+0x2a6>
    63ba:	4781                	li	a5,0
    63bc:	4434                	lw	a3,72(s0)
    63be:	4701                	li	a4,0
    63c0:	00d7f463          	bgeu	a5,a3,63c8 <A_Servo_Control+0x2b2>
    63c4:	40f68733          	sub	a4,a3,a5
    63c8:	c438                	sw	a4,72(s0)
    63ca:	4785                	li	a5,1
    63cc:	c448                	sw	a0,12(s0)
    63ce:	02f40623          	sb	a5,44(s0)
    63d2:	020403a3          	sb	zero,39(s0)
    63d6:	bdd1                	j	62aa <A_Servo_Control+0x194>
    63d8:	c3aff0ef          	jal	ra,5812 <Servo_ReadPosition>
    63dc:	e905                	bnez	a0,640c <A_Servo_Control+0x2f6>
    63de:	02744783          	lbu	a5,39(s0)
    63e2:	4711                	li	a4,4
    63e4:	00f76563          	bltu	a4,a5,63ee <A_Servo_Control+0x2d8>
    63e8:	0785                	addi	a5,a5,1
    63ea:	02f403a3          	sb	a5,39(s0)
    63ee:	02744703          	lbu	a4,39(s0)
    63f2:	4795                	li	a5,5
    63f4:	00f71c63          	bne	a4,a5,640c <A_Servo_Control+0x2f6>
    63f8:	4501                	li	a0,0
    63fa:	85dfc0ef          	jal	ra,2c56 <D_Motor_Set>
    63fe:	04a41823          	sh	a0,80(s0)
    6402:	c50fd0ef          	jal	ra,3852 <C_PosCtrl_Reset>
    6406:	b28ff0ef          	jal	ra,572e <Servo_EscapeStart>
    640a:	bbd1                	j	61de <A_Servo_Control+0xc8>
    640c:	05041583          	lh	a1,80(s0)
    6410:	4408                	lw	a0,8(s0)
    6412:	b7c18613          	addi	a2,gp,-1156 # 2000040c <s_servo+0x6c>
    6416:	aebfd0ef          	jal	ra,3f00 <C_SpeedObs_Update>
    641a:	09544583          	lbu	a1,149(s0)
    641e:	c18d                	beqz	a1,6440 <A_Servo_Control+0x32a>
    6420:	5c3c                	lw	a5,120(s0)
    6422:	5078                	lw	a4,100(s0)
    6424:	02e786b3          	mul	a3,a5,a4
    6428:	02e797b3          	mulh	a5,a5,a4
    642c:	00f04463          	bgtz	a5,6434 <A_Servo_Control+0x31e>
    6430:	e7b1                	bnez	a5,647c <A_Servo_Control+0x366>
    6432:	c6a9                	beqz	a3,647c <A_Servo_Control+0x366>
    6434:	387e                	lhu	a5,54(s0)
    6436:	6741                	lui	a4,0x10
    6438:	177d                	addi	a4,a4,-1 # ffff <_data_lma+0x8a03>
    643a:	02e79e63          	bne	a5,a4,6476 <A_Servo_Control+0x360>
    643e:	4585                	li	a1,1
    6440:	b7018513          	addi	a0,gp,-1168 # 20000400 <s_servo+0x60>
    6444:	aa7fe0ef          	jal	ra,4eea <C_Traj_Step>
    6448:	c21fe0ef          	jal	ra,5068 <C_Traj_Is_Done>
    644c:	862a                	mv	a2,a0
    644e:	b8818693          	addi	a3,gp,-1144 # 20000418 <s_servo+0x78>
    6452:	b7018513          	addi	a0,gp,-1168 # 20000400 <s_servo+0x60>
    6456:	b7c18593          	addi	a1,gp,-1156 # 2000040c <s_servo+0x6c>
    645a:	c48fd0ef          	jal	ra,38a2 <C_PosCtrl_Update>
    645e:	ff8fc0ef          	jal	ra,2c56 <D_Motor_Set>
    6462:	02b44783          	lbu	a5,43(s0)
    6466:	04a41823          	sh	a0,80(s0)
    646a:	d6078ae3          	beqz	a5,61de <A_Servo_Control+0xc8>
    646e:	443c                	lw	a5,72(s0)
    6470:	d60787e3          	beqz	a5,61de <A_Servo_Control+0xc8>
    6474:	bdad                	j	62ee <A_Servo_Control+0x1d8>
    6476:	0785                	addi	a5,a5,1
    6478:	b87e                	sh	a5,54(s0)
    647a:	b7d1                	j	643e <A_Servo_Control+0x328>
    647c:	4581                	li	a1,0
    647e:	b7c9                	j	6440 <A_Servo_Control+0x32a>

00006480 <Task_State>:
    6480:	c29f92ef          	jal	t0,a8 <__riscv_save_0>
    6484:	ba81c783          	lbu	a5,-1112(gp) # 20000438 <led_on.0>
    6488:	c39d                	beqz	a5,64ae <Task_State+0x2e>
    648a:	0ff00613          	li	a2,255
    648e:	0ff00593          	li	a1,255
    6492:	0ff00513          	li	a0,255
    6496:	b6efd0ef          	jal	ra,3804 <D_WS2812_Send>
    649a:	ba81c783          	lbu	a5,-1112(gp) # 20000438 <led_on.0>
    649e:	0017b793          	seqz	a5,a5
    64a2:	baf18423          	sb	a5,-1112(gp) # 20000438 <led_on.0>
    64a6:	facfc0ef          	jal	ra,2c52 <D_IWDG_Feed>
    64aa:	c09f906f          	j	b2 <__riscv_restore_0>
    64ae:	b96fd0ef          	jal	ra,3844 <D_WS2812_Off>
    64b2:	b7e5                	j	649a <Task_State+0x1a>

000064b4 <Task_Protect>:
    64b4:	e57fe06f          	j	530a <A_Protect_Task>

000064b8 <Task_Uart>:
    64b8:	bf1f92ef          	jal	t0,a8 <__riscv_save_0>
    64bc:	94efa0ef          	jal	ra,60a <IAP_Check>
    64c0:	2c25                	jal	66f8 <A_Uart_Process>
    64c2:	bf1f906f          	j	b2 <__riscv_restore_0>

000064c6 <Task_ServoControl>:
    64c6:	c51ff06f          	j	6116 <A_Servo_Control>

000064ca <A_Tasks_Init>:
    64ca:	bdff92ef          	jal	t0,a8 <__riscv_save_0>
    64ce:	20000537          	lui	a0,0x20000
    64d2:	4595                	li	a1,5
    64d4:	03c50513          	addi	a0,a0,60 # 2000003c <s_tasks>
    64d8:	bc1fd0ef          	jal	ra,4098 <C_Task_Init>
    64dc:	6515                	lui	a0,0x5
    64de:	0f450513          	addi	a0,a0,244 # 50f4 <A_Config_SaveTask>
    64e2:	cc3fd0ef          	jal	ra,41a4 <C_Task_EventFlag>
    64e6:	bfdfe0ef          	jal	ra,50e2 <A_Config_BindSaveEvent>
    64ea:	bc9f906f          	j	b2 <__riscv_restore_0>

000064ee <Reply_Begin>:
    64ee:	bbbf92ef          	jal	t0,a8 <__riscv_save_0>
    64f2:	af01c483          	lbu	s1,-1296(gp) # 20000380 <g_config+0x8>
    64f6:	bac18413          	addi	s0,gp,-1108 # 2000043c <s_reply>
    64fa:	02300793          	li	a5,35
    64fe:	06400593          	li	a1,100
    6502:	8526                	mv	a0,s1
    6504:	a01c                	sb	a5,0(s0)
    6506:	bbff90ef          	jal	ra,c4 <__hidden___udivsi3>
    650a:	03050513          	addi	a0,a0,48
    650e:	b008                	sb	a0,1(s0)
    6510:	45a9                	li	a1,10
    6512:	8526                	mv	a0,s1
    6514:	bb1f90ef          	jal	ra,c4 <__hidden___udivsi3>
    6518:	45a9                	li	a1,10
    651a:	0ff57513          	zext.b	a0,a0
    651e:	bd3f90ef          	jal	ra,f0 <__umodsi3>
    6522:	03050513          	addi	a0,a0,48
    6526:	a028                	sb	a0,2(s0)
    6528:	45a9                	li	a1,10
    652a:	8526                	mv	a0,s1
    652c:	bc5f90ef          	jal	ra,f0 <__umodsi3>
    6530:	4795                	li	a5,5
    6532:	02f40823          	sb	a5,48(s0)
    6536:	03050513          	addi	a0,a0,48
    653a:	05000793          	li	a5,80
    653e:	b028                	sb	a0,3(s0)
    6540:	a05c                	sb	a5,4(s0)
    6542:	b71f906f          	j	b2 <__riscv_restore_0>

00006546 <Reply_Char>:
    6546:	bac18793          	addi	a5,gp,-1108 # 2000043c <s_reply>
    654a:	0307c703          	lbu	a4,48(a5)
    654e:	02f00693          	li	a3,47
    6552:	00e6e863          	bltu	a3,a4,6562 <Reply_Char+0x1c>
    6556:	00170693          	addi	a3,a4,1
    655a:	02d78823          	sb	a3,48(a5)
    655e:	97ba                	add	a5,a5,a4
    6560:	a388                	sb	a0,0(a5)
    6562:	8082                	ret

00006564 <Reply_Text>:
    6564:	bac18713          	addi	a4,gp,-1108 # 2000043c <s_reply>
    6568:	02f00613          	li	a2,47
    656c:	00050683          	lb	a3,0(a0)
    6570:	c689                	beqz	a3,657a <Reply_Text+0x16>
    6572:	03074783          	lbu	a5,48(a4)
    6576:	00f67363          	bgeu	a2,a5,657c <Reply_Text+0x18>
    657a:	8082                	ret
    657c:	00178593          	addi	a1,a5,1
    6580:	97ba                	add	a5,a5,a4
    6582:	0505                	addi	a0,a0,1
    6584:	02b70823          	sb	a1,48(a4)
    6588:	a394                	sb	a3,0(a5)
    658a:	b7cd                	j	656c <Reply_Text+0x8>

0000658c <Reply_UInt>:
    658c:	b1df92ef          	jal	t0,a8 <__riscv_save_0>
    6590:	1121                	addi	sp,sp,-24
    6592:	0064                	addi	s1,sp,12
    6594:	87aa                	mv	a5,a0
    6596:	872e                	mv	a4,a1
    6598:	86a6                	mv	a3,s1
    659a:	4401                	li	s0,0
    659c:	45a9                	li	a1,10
    659e:	853e                	mv	a0,a5
    65a0:	c43a                	sw	a4,8(sp)
    65a2:	c236                	sw	a3,4(sp)
    65a4:	c03e                	sw	a5,0(sp)
    65a6:	b4bf90ef          	jal	ra,f0 <__umodsi3>
    65aa:	4692                	lw	a3,4(sp)
    65ac:	4782                	lw	a5,0(sp)
    65ae:	03050513          	addi	a0,a0,48
    65b2:	a288                	sb	a0,0(a3)
    65b4:	45a9                	li	a1,10
    65b6:	853e                	mv	a0,a5
    65b8:	b0df90ef          	jal	ra,c4 <__hidden___udivsi3>
    65bc:	4602                	lw	a2,0(sp)
    65be:	0405                	addi	s0,s0,1
    65c0:	4325                	li	t1,9
    65c2:	4692                	lw	a3,4(sp)
    65c4:	4722                	lw	a4,8(sp)
    65c6:	0ff47413          	zext.b	s0,s0
    65ca:	87aa                	mv	a5,a0
    65cc:	04c36763          	bltu	t1,a2,661a <Reply_UInt+0x8e>
    65d0:	408707b3          	sub	a5,a4,s0
    65d4:	0ff7f793          	zext.b	a5,a5
    65d8:	4601                	li	a2,0
    65da:	00876363          	bltu	a4,s0,65e0 <Reply_UInt+0x54>
    65de:	863e                	mv	a2,a5
    65e0:	03000593          	li	a1,48
    65e4:	00848533          	add	a0,s1,s0
    65e8:	c23a                	sw	a4,4(sp)
    65ea:	c03e                	sw	a5,0(sp)
    65ec:	b65f90ef          	jal	ra,150 <memset>
    65f0:	4712                	lw	a4,4(sp)
    65f2:	4681                	li	a3,0
    65f4:	00876463          	bltu	a4,s0,65fc <Reply_UInt+0x70>
    65f8:	4782                	lw	a5,0(sp)
    65fa:	86be                	mv	a3,a5
    65fc:	147d                	addi	s0,s0,-1
    65fe:	9436                	add	s0,s0,a3
    6600:	0ff47413          	zext.b	s0,s0
    6604:	9426                	add	s0,s0,s1
    6606:	2008                	lbu	a0,0(s0)
    6608:	f3fff0ef          	jal	ra,6546 <Reply_Char>
    660c:	87a2                	mv	a5,s0
    660e:	147d                	addi	s0,s0,-1
    6610:	fe979be3          	bne	a5,s1,6606 <Reply_UInt+0x7a>
    6614:	0161                	addi	sp,sp,24
    6616:	a9df906f          	j	b2 <__riscv_restore_0>
    661a:	4629                	li	a2,10
    661c:	0685                	addi	a3,a3,1
    661e:	f6c41fe3          	bne	s0,a2,659c <Reply_UInt+0x10>
    6622:	b77d                	j	65d0 <Reply_UInt+0x44>

00006624 <Uart_BodyIs>:
    6624:	a85f92ef          	jal	t0,a8 <__riscv_save_0>
    6628:	1171                	addi	sp,sp,-4
    662a:	84aa                	mv	s1,a0
    662c:	8532                	mv	a0,a2
    662e:	c02e                	sw	a1,0(sp)
    6630:	8432                	mv	s0,a2
    6632:	4d3000ef          	jal	ra,7304 <strlen>
    6636:	4582                	lw	a1,0(sp)
    6638:	0ff57793          	zext.b	a5,a0
    663c:	4501                	li	a0,0
    663e:	00b79963          	bne	a5,a1,6650 <Uart_BodyIs+0x2c>
    6642:	863e                	mv	a2,a5
    6644:	85a2                	mv	a1,s0
    6646:	8526                	mv	a0,s1
    6648:	499000ef          	jal	ra,72e0 <memcmp>
    664c:	00153513          	seqz	a0,a0
    6650:	0111                	addi	sp,sp,4
    6652:	a61f906f          	j	b2 <__riscv_restore_0>

00006656 <Reply_Send>:
    6656:	a53f92ef          	jal	t0,a8 <__riscv_save_0>
    665a:	02100513          	li	a0,33
    665e:	ee9ff0ef          	jal	ra,6546 <Reply_Char>
    6662:	bac18793          	addi	a5,gp,-1108 # 2000043c <s_reply>
    6666:	0307c583          	lbu	a1,48(a5)
    666a:	bac18513          	addi	a0,gp,-1108 # 2000043c <s_reply>
    666e:	fd3fc0ef          	jal	ra,3640 <D_UART1_Tx_Write>
    6672:	a41f906f          	j	b2 <__riscv_restore_0>

00006676 <Reply_Value>:
    6676:	a33f92ef          	jal	t0,a8 <__riscv_save_0>
    667a:	1161                	addi	sp,sp,-8
    667c:	842e                	mv	s0,a1
    667e:	c032                	sw	a2,0(sp)
    6680:	c22a                	sw	a0,4(sp)
    6682:	e6dff0ef          	jal	ra,64ee <Reply_Begin>
    6686:	4512                	lw	a0,4(sp)
    6688:	eddff0ef          	jal	ra,6564 <Reply_Text>
    668c:	4582                	lw	a1,0(sp)
    668e:	8522                	mv	a0,s0
    6690:	efdff0ef          	jal	ra,658c <Reply_UInt>
    6694:	fc3ff0ef          	jal	ra,6656 <Reply_Send>
    6698:	0121                	addi	sp,sp,8
    669a:	a19f906f          	j	b2 <__riscv_restore_0>

0000669e <Reply_OK>:
    669e:	a0bf92ef          	jal	t0,a8 <__riscv_save_0>
    66a2:	e4dff0ef          	jal	ra,64ee <Reply_Begin>
    66a6:	651d                	lui	a0,0x7
    66a8:	3f450513          	addi	a0,a0,1012 # 73f4 <span.0+0x8>
    66ac:	eb9ff0ef          	jal	ra,6564 <Reply_Text>
    66b0:	fa7ff0ef          	jal	ra,6656 <Reply_Send>
    66b4:	9fff906f          	j	b2 <__riscv_restore_0>

000066b8 <Uart_ParseDigits.part.0>:
    66b8:	4701                	li	a4,0
    66ba:	4781                	li	a5,0
    66bc:	4325                	li	t1,9
    66be:	42a9                	li	t0,10
    66c0:	0ff77693          	zext.b	a3,a4
    66c4:	00b6e563          	bltu	a3,a1,66ce <Uart_ParseDigits.part.0+0x16>
    66c8:	a21e                	sh	a5,0(a2)
    66ca:	4505                	li	a0,1
    66cc:	8082                	ret
    66ce:	00e506b3          	add	a3,a0,a4
    66d2:	0006c383          	lbu	t2,0(a3)
    66d6:	0705                	addi	a4,a4,1
    66d8:	fd038693          	addi	a3,t2,-48
    66dc:	0ff6f693          	zext.b	a3,a3
    66e0:	00d36a63          	bltu	t1,a3,66f4 <Uart_ParseDigits.part.0+0x3c>
    66e4:	025787b3          	mul	a5,a5,t0
    66e8:	fd078793          	addi	a5,a5,-48
    66ec:	979e                	add	a5,a5,t2
    66ee:	07c2                	slli	a5,a5,0x10
    66f0:	83c1                	srli	a5,a5,0x10
    66f2:	b7f9                	j	66c0 <Uart_ParseDigits.part.0+0x8>
    66f4:	4501                	li	a0,0
    66f6:	8082                	ret

000066f8 <A_Uart_Process>:
    66f8:	9b1f92ef          	jal	t0,a8 <__riscv_save_0>
    66fc:	1111                	addi	sp,sp,-28
    66fe:	00b10513          	addi	a0,sp,11
    6702:	f35fc0ef          	jal	ra,3636 <D_UART1_Rx_Get>
    6706:	e511                	bnez	a0,6712 <A_Uart_Process+0x1a>
    6708:	ff9fc0ef          	jal	ra,3700 <D_UART_Service>
    670c:	0171                	addi	sp,sp,28
    670e:	9a5f906f          	j	b2 <__riscv_restore_0>
    6712:	8598                	lbu	a4,11(sp)
    6714:	02300593          	li	a1,35
    6718:	00b71d63          	bne	a4,a1,6732 <A_Uart_Process+0x3a>
    671c:	4785                	li	a5,1
    671e:	bcf18ea3          	sb	a5,-1059(gp) # 2000046d <s_framing>
    6722:	bcf18f23          	sb	a5,-1058(gp) # 2000046e <s_frame_idx>
    6726:	bee18023          	sb	a4,-1056(gp) # 20000470 <s_frame>
    672a:	8588                	lbu	a0,11(sp)
    672c:	d33f90ef          	jal	ra,45e <IAP_Rx_Deal>
    6730:	b7f9                	j	66fe <A_Uart_Process+0x6>
    6732:	bdd1c783          	lbu	a5,-1059(gp) # 2000046d <s_framing>
    6736:	dbf5                	beqz	a5,672a <A_Uart_Process+0x32>
    6738:	bde1c783          	lbu	a5,-1058(gp) # 2000046e <s_frame_idx>
    673c:	c03e                	sw	a5,0(sp)
    673e:	4602                	lw	a2,0(sp)
    6740:	47fd                	li	a5,31
    6742:	00c7f563          	bgeu	a5,a2,674c <A_Uart_Process+0x54>
    6746:	bc018ea3          	sb	zero,-1059(gp) # 2000046d <s_framing>
    674a:	b7c5                	j	672a <A_Uart_Process+0x32>
    674c:	4782                	lw	a5,0(sp)
    674e:	4502                	lw	a0,0(sp)
    6750:	0785                	addi	a5,a5,1
    6752:	0ff7f793          	zext.b	a5,a5
    6756:	bcf18f23          	sb	a5,-1058(gp) # 2000046e <s_frame_idx>
    675a:	be018693          	addi	a3,gp,-1056 # 20000470 <s_frame>
    675e:	96aa                	add	a3,a3,a0
    6760:	a298                	sb	a4,0(a3)
    6762:	02100513          	li	a0,33
    6766:	be018693          	addi	a3,gp,-1056 # 20000470 <s_frame>
    676a:	fca710e3          	bne	a4,a0,672a <A_Uart_Process+0x32>
    676e:	4519                	li	a0,6
    6770:	fcf57be3          	bgeu	a0,a5,6746 <A_Uart_Process+0x4e>
    6774:	be01c603          	lbu	a2,-1056(gp) # 20000470 <s_frame>
    6778:	fcb617e3          	bne	a2,a1,6746 <A_Uart_Process+0x4e>
    677c:	22cc                	lbu	a1,4(a3)
    677e:	05000613          	li	a2,80
    6782:	fcc592e3          	bne	a1,a2,6746 <A_Uart_Process+0x4e>
    6786:	bdf18613          	addi	a2,gp,-1057 # 2000046f <s_frame_idx+0x1>
    678a:	97b2                	add	a5,a5,a2
    678c:	239c                	lbu	a5,0(a5)
    678e:	fae79ce3          	bne	a5,a4,6746 <A_Uart_Process+0x4e>
    6792:	0070                	addi	a2,sp,12
    6794:	458d                	li	a1,3
    6796:	be118513          	addi	a0,gp,-1055 # 20000471 <s_frame+0x1>
    679a:	f1fff0ef          	jal	ra,66b8 <Uart_ParseDigits.part.0>
    679e:	d545                	beqz	a0,6746 <A_Uart_Process+0x4e>
    67a0:	ae818613          	addi	a2,gp,-1304 # 20000378 <g_config>
    67a4:	863c                	lhu	a5,12(sp)
    67a6:	2610                	lbu	a2,8(a2)
    67a8:	ae818713          	addi	a4,gp,-1304 # 20000378 <g_config>
    67ac:	c23a                	sw	a4,4(sp)
    67ae:	be018693          	addi	a3,gp,-1056 # 20000470 <s_frame>
    67b2:	00f60663          	beq	a2,a5,67be <A_Uart_Process+0xc6>
    67b6:	0ff00713          	li	a4,255
    67ba:	f8e796e3          	bne	a5,a4,6746 <A_Uart_Process+0x4e>
    67be:	4782                	lw	a5,0(sp)
    67c0:	c802                	sw	zero,16(sp)
    67c2:	ca02                	sw	zero,20(sp)
    67c4:	ffb78493          	addi	s1,a5,-5
    67c8:	0ff4f493          	zext.b	s1,s1
    67cc:	cc02                	sw	zero,24(sp)
    67ce:	47ad                	li	a5,11
    67d0:	06f49e63          	bne	s1,a5,684c <A_Uart_Process+0x154>
    67d4:	3698                	lbu	a4,9(a3)
    67d6:	04e00793          	li	a5,78
    67da:	0af71b63          	bne	a4,a5,6890 <A_Uart_Process+0x198>
    67de:	36b8                	lbu	a4,11(a3)
    67e0:	05400793          	li	a5,84
    67e4:	0af71663          	bne	a4,a5,6890 <A_Uart_Process+0x198>
    67e8:	0850                	addi	a2,sp,20
    67ea:	4591                	li	a1,4
    67ec:	be518513          	addi	a0,gp,-1051 # 20000475 <s_frame+0x5>
    67f0:	ec9ff0ef          	jal	ra,66b8 <Uart_ParseDigits.part.0>
    67f4:	cd51                	beqz	a0,6890 <A_Uart_Process+0x198>
    67f6:	00e10613          	addi	a2,sp,14
    67fa:	4585                	li	a1,1
    67fc:	bea18513          	addi	a0,gp,-1046 # 2000047a <s_frame+0xa>
    6800:	eb9ff0ef          	jal	ra,66b8 <Uart_ParseDigits.part.0>
    6804:	c551                	beqz	a0,6890 <A_Uart_Process+0x198>
    6806:	01610613          	addi	a2,sp,22
    680a:	4591                	li	a1,4
    680c:	bec18513          	addi	a0,gp,-1044 # 2000047c <s_frame+0xc>
    6810:	ea9ff0ef          	jal	ra,66b8 <Uart_ParseDigits.part.0>
    6814:	cd35                	beqz	a0,6890 <A_Uart_Process+0x198>
    6816:	82bc                	lhu	a5,20(sp)
    6818:	7d000713          	li	a4,2000
    681c:	e0c78793          	addi	a5,a5,-500
    6820:	07c2                	slli	a5,a5,0x10
    6822:	83c1                	srli	a5,a5,0x10
    6824:	f2f761e3          	bltu	a4,a5,6746 <A_Uart_Process+0x4e>
    6828:	873c                	lhu	a5,14(sp)
    682a:	00f10c23          	sb	a5,24(sp)
    682e:	4789                	li	a5,2
    6830:	c83e                	sw	a5,16(sp)
    6832:	4542                	lw	a0,16(sp)
    6834:	4779                	li	a4,30
    6836:	fff50793          	addi	a5,a0,-1
    683a:	f0f766e3          	bltu	a4,a5,6746 <A_Uart_Process+0x4e>
    683e:	671d                	lui	a4,0x7
    6840:	078a                	slli	a5,a5,0x2
    6842:	48070713          	addi	a4,a4,1152 # 7480 <span.0+0x94>
    6846:	97ba                	add	a5,a5,a4
    6848:	439c                	lw	a5,0(a5)
    684a:	8782                	jr	a5
    684c:	47a5                	li	a5,9
    684e:	04f49163          	bne	s1,a5,6890 <A_Uart_Process+0x198>
    6852:	3698                	lbu	a4,9(a3)
    6854:	05400793          	li	a5,84
    6858:	02f71c63          	bne	a4,a5,6890 <A_Uart_Process+0x198>
    685c:	0850                	addi	a2,sp,20
    685e:	4591                	li	a1,4
    6860:	be518513          	addi	a0,gp,-1051 # 20000475 <s_frame+0x5>
    6864:	e55ff0ef          	jal	ra,66b8 <Uart_ParseDigits.part.0>
    6868:	c505                	beqz	a0,6890 <A_Uart_Process+0x198>
    686a:	01610613          	addi	a2,sp,22
    686e:	4591                	li	a1,4
    6870:	bea18513          	addi	a0,gp,-1046 # 2000047a <s_frame+0xa>
    6874:	e45ff0ef          	jal	ra,66b8 <Uart_ParseDigits.part.0>
    6878:	cd01                	beqz	a0,6890 <A_Uart_Process+0x198>
    687a:	82bc                	lhu	a5,20(sp)
    687c:	7d000713          	li	a4,2000
    6880:	e0c78793          	addi	a5,a5,-500
    6884:	07c2                	slli	a5,a5,0x10
    6886:	83c1                	srli	a5,a5,0x10
    6888:	eaf76fe3          	bltu	a4,a5,6746 <A_Uart_Process+0x4e>
    688c:	4785                	li	a5,1
    688e:	b74d                	j	6830 <A_Uart_Process+0x138>
    6890:	661d                	lui	a2,0x7
    6892:	3f860613          	addi	a2,a2,1016 # 73f8 <span.0+0xc>
    6896:	85a6                	mv	a1,s1
    6898:	be518513          	addi	a0,gp,-1051 # 20000475 <s_frame+0x5>
    689c:	d89ff0ef          	jal	ra,6624 <Uart_BodyIs>
    68a0:	478d                	li	a5,3
    68a2:	ed01                	bnez	a0,68ba <A_Uart_Process+0x1c2>
    68a4:	679d                	lui	a5,0x7
    68a6:	3fc78613          	addi	a2,a5,1020 # 73fc <span.0+0x10>
    68aa:	85a6                	mv	a1,s1
    68ac:	be518513          	addi	a0,gp,-1051 # 20000475 <s_frame+0x5>
    68b0:	d75ff0ef          	jal	ra,6624 <Uart_BodyIs>
    68b4:	679d                	lui	a5,0x7
    68b6:	c501                	beqz	a0,68be <A_Uart_Process+0x1c6>
    68b8:	4791                	li	a5,4
    68ba:	c83e                	sw	a5,16(sp)
    68bc:	a81d                	j	68f2 <A_Uart_Process+0x1fa>
    68be:	4715                	li	a4,5
    68c0:	02e49d63          	bne	s1,a4,68fa <A_Uart_Process+0x202>
    68c4:	4609                	li	a2,2
    68c6:	3fc78593          	addi	a1,a5,1020 # 73fc <span.0+0x10>
    68ca:	be518513          	addi	a0,gp,-1051 # 20000475 <s_frame+0x5>
    68ce:	213000ef          	jal	ra,72e0 <memcmp>
    68d2:	e505                	bnez	a0,68fa <A_Uart_Process+0x202>
    68d4:	00e10613          	addi	a2,sp,14
    68d8:	458d                	li	a1,3
    68da:	be718513          	addi	a0,gp,-1049 # 20000477 <s_frame+0x7>
    68de:	ddbff0ef          	jal	ra,66b8 <Uart_ParseDigits.part.0>
    68e2:	cd01                	beqz	a0,68fa <A_Uart_Process+0x202>
    68e4:	873c                	lhu	a5,14(sp)
    68e6:	0fe00713          	li	a4,254
    68ea:	00f76863          	bltu	a4,a5,68fa <A_Uart_Process+0x202>
    68ee:	c826                	sw	s1,16(sp)
    68f0:	83fc                	sh	a5,22(sp)
    68f2:	47c2                	lw	a5,16(sp)
    68f4:	e40789e3          	beqz	a5,6746 <A_Uart_Process+0x4e>
    68f8:	bf2d                	j	6832 <A_Uart_Process+0x13a>
    68fa:	661d                	lui	a2,0x7
    68fc:	40060613          	addi	a2,a2,1024 # 7400 <span.0+0x14>
    6900:	85a6                	mv	a1,s1
    6902:	be518513          	addi	a0,gp,-1051 # 20000475 <s_frame+0x5>
    6906:	d1fff0ef          	jal	ra,6624 <Uart_BodyIs>
    690a:	4799                	li	a5,6
    690c:	f55d                	bnez	a0,68ba <A_Uart_Process+0x1c2>
    690e:	661d                	lui	a2,0x7
    6910:	40460613          	addi	a2,a2,1028 # 7404 <span.0+0x18>
    6914:	85a6                	mv	a1,s1
    6916:	be518513          	addi	a0,gp,-1051 # 20000475 <s_frame+0x5>
    691a:	d0bff0ef          	jal	ra,6624 <Uart_BodyIs>
    691e:	479d                	li	a5,7
    6920:	fd49                	bnez	a0,68ba <A_Uart_Process+0x1c2>
    6922:	661d                	lui	a2,0x7
    6924:	40860613          	addi	a2,a2,1032 # 7408 <span.0+0x1c>
    6928:	85a6                	mv	a1,s1
    692a:	be518513          	addi	a0,gp,-1051 # 20000475 <s_frame+0x5>
    692e:	cf7ff0ef          	jal	ra,6624 <Uart_BodyIs>
    6932:	47a1                	li	a5,8
    6934:	f159                	bnez	a0,68ba <A_Uart_Process+0x1c2>
    6936:	671d                	lui	a4,0x7
    6938:	40c70613          	addi	a2,a4,1036 # 740c <span.0+0x20>
    693c:	85a6                	mv	a1,s1
    693e:	be518513          	addi	a0,gp,-1051 # 20000475 <s_frame+0x5>
    6942:	ce3ff0ef          	jal	ra,6624 <Uart_BodyIs>
    6946:	671d                	lui	a4,0x7
    6948:	47a5                	li	a5,9
    694a:	f925                	bnez	a0,68ba <A_Uart_Process+0x1c2>
    694c:	4782                	lw	a5,0(sp)
    694e:	4685                	li	a3,1
    6950:	17dd                	addi	a5,a5,-9
    6952:	0ff7f793          	zext.b	a5,a5
    6956:	04f6e463          	bltu	a3,a5,699e <A_Uart_Process+0x2a6>
    695a:	460d                	li	a2,3
    695c:	40c70593          	addi	a1,a4,1036 # 740c <span.0+0x20>
    6960:	be518513          	addi	a0,gp,-1051 # 20000475 <s_frame+0x5>
    6964:	17d000ef          	jal	ra,72e0 <memcmp>
    6968:	e91d                	bnez	a0,699e <A_Uart_Process+0x2a6>
    696a:	4782                	lw	a5,0(sp)
    696c:	00e10613          	addi	a2,sp,14
    6970:	ff878593          	addi	a1,a5,-8
    6974:	0ff5f593          	zext.b	a1,a1
    6978:	be818513          	addi	a0,gp,-1048 # 20000478 <s_frame+0x8>
    697c:	d3dff0ef          	jal	ra,66b8 <Uart_ParseDigits.part.0>
    6980:	cd19                	beqz	a0,699e <A_Uart_Process+0x2a6>
    6982:	873c                	lhu	a5,14(sp)
    6984:	46a9                	li	a3,10
    6986:	fff78713          	addi	a4,a5,-1
    698a:	0742                	slli	a4,a4,0x10
    698c:	8341                	srli	a4,a4,0x10
    698e:	00e6e863          	bltu	a3,a4,699e <A_Uart_Process+0x2a6>
    6992:	4719                	li	a4,6
    6994:	06f76d63          	bltu	a4,a5,6a0e <A_Uart_Process+0x316>
    6998:	4711                	li	a4,4
    699a:	06f77d63          	bgeu	a4,a5,6a14 <A_Uart_Process+0x31c>
    699e:	661d                	lui	a2,0x7
    69a0:	41060613          	addi	a2,a2,1040 # 7410 <span.0+0x24>
    69a4:	85a6                	mv	a1,s1
    69a6:	be518513          	addi	a0,gp,-1051 # 20000475 <s_frame+0x5>
    69aa:	c7bff0ef          	jal	ra,6624 <Uart_BodyIs>
    69ae:	47ad                	li	a5,11
    69b0:	f00515e3          	bnez	a0,68ba <A_Uart_Process+0x1c2>
    69b4:	661d                	lui	a2,0x7
    69b6:	41460613          	addi	a2,a2,1044 # 7414 <span.0+0x28>
    69ba:	85a6                	mv	a1,s1
    69bc:	be518513          	addi	a0,gp,-1051 # 20000475 <s_frame+0x5>
    69c0:	c65ff0ef          	jal	ra,6624 <Uart_BodyIs>
    69c4:	47b1                	li	a5,12
    69c6:	ee051ae3          	bnez	a0,68ba <A_Uart_Process+0x1c2>
    69ca:	661d                	lui	a2,0x7
    69cc:	41860613          	addi	a2,a2,1048 # 7418 <span.0+0x2c>
    69d0:	85a6                	mv	a1,s1
    69d2:	be518513          	addi	a0,gp,-1051 # 20000475 <s_frame+0x5>
    69d6:	c4fff0ef          	jal	ra,6624 <Uart_BodyIs>
    69da:	47b5                	li	a5,13
    69dc:	ec051fe3          	bnez	a0,68ba <A_Uart_Process+0x1c2>
    69e0:	661d                	lui	a2,0x7
    69e2:	41c60613          	addi	a2,a2,1052 # 741c <span.0+0x30>
    69e6:	85a6                	mv	a1,s1
    69e8:	be518513          	addi	a0,gp,-1051 # 20000475 <s_frame+0x5>
    69ec:	c39ff0ef          	jal	ra,6624 <Uart_BodyIs>
    69f0:	47b9                	li	a5,14
    69f2:	ec0514e3          	bnez	a0,68ba <A_Uart_Process+0x1c2>
    69f6:	679d                	lui	a5,0x7
    69f8:	42078613          	addi	a2,a5,1056 # 7420 <span.0+0x34>
    69fc:	85a6                	mv	a1,s1
    69fe:	be518513          	addi	a0,gp,-1051 # 20000475 <s_frame+0x5>
    6a02:	c23ff0ef          	jal	ra,6624 <Uart_BodyIs>
    6a06:	679d                	lui	a5,0x7
    6a08:	c909                	beqz	a0,6a1a <A_Uart_Process+0x322>
    6a0a:	47bd                	li	a5,15
    6a0c:	b57d                	j	68ba <A_Uart_Process+0x1c2>
    6a0e:	472d                	li	a4,11
    6a10:	f8e787e3          	beq	a5,a4,699e <A_Uart_Process+0x2a6>
    6a14:	4729                	li	a4,10
    6a16:	c83a                	sw	a4,16(sp)
    6a18:	bde1                	j	68f0 <A_Uart_Process+0x1f8>
    6a1a:	470d                	li	a4,3
    6a1c:	04e49963          	bne	s1,a4,6a6e <A_Uart_Process+0x376>
    6a20:	4609                	li	a2,2
    6a22:	42078593          	addi	a1,a5,1056 # 7420 <span.0+0x34>
    6a26:	be518513          	addi	a0,gp,-1051 # 20000475 <s_frame+0x5>
    6a2a:	0b7000ef          	jal	ra,72e0 <memcmp>
    6a2e:	e50d                	bnez	a0,6a58 <A_Uart_Process+0x360>
    6a30:	00e10613          	addi	a2,sp,14
    6a34:	4585                	li	a1,1
    6a36:	be718513          	addi	a0,gp,-1049 # 20000477 <s_frame+0x7>
    6a3a:	c7fff0ef          	jal	ra,66b8 <Uart_ParseDigits.part.0>
    6a3e:	cd09                	beqz	a0,6a58 <A_Uart_Process+0x360>
    6a40:	8738                	lhu	a4,14(sp)
    6a42:	469d                	li	a3,7
    6a44:	fff70793          	addi	a5,a4,-1
    6a48:	07c2                	slli	a5,a5,0x10
    6a4a:	83c1                	srli	a5,a5,0x10
    6a4c:	00f6e663          	bltu	a3,a5,6a58 <A_Uart_Process+0x360>
    6a50:	47c1                	li	a5,16
    6a52:	c83e                	sw	a5,16(sp)
    6a54:	83f8                	sh	a4,22(sp)
    6a56:	bd71                	j	68f2 <A_Uart_Process+0x1fa>
    6a58:	661d                	lui	a2,0x7
    6a5a:	42460613          	addi	a2,a2,1060 # 7424 <span.0+0x38>
    6a5e:	458d                	li	a1,3
    6a60:	be518513          	addi	a0,gp,-1051 # 20000475 <s_frame+0x5>
    6a64:	bc1ff0ef          	jal	ra,6624 <Uart_BodyIs>
    6a68:	c539                	beqz	a0,6ab6 <A_Uart_Process+0x3be>
    6a6a:	47e5                	li	a5,25
    6a6c:	b5b9                	j	68ba <A_Uart_Process+0x1c2>
    6a6e:	679d                	lui	a5,0x7
    6a70:	42478613          	addi	a2,a5,1060 # 7424 <span.0+0x38>
    6a74:	85a6                	mv	a1,s1
    6a76:	be518513          	addi	a0,gp,-1051 # 20000475 <s_frame+0x5>
    6a7a:	babff0ef          	jal	ra,6624 <Uart_BodyIs>
    6a7e:	f575                	bnez	a0,6a6a <A_Uart_Process+0x372>
    6a80:	4715                	li	a4,5
    6a82:	02e49a63          	bne	s1,a4,6ab6 <A_Uart_Process+0x3be>
    6a86:	679d                	lui	a5,0x7
    6a88:	4609                	li	a2,2
    6a8a:	42478593          	addi	a1,a5,1060 # 7424 <span.0+0x38>
    6a8e:	be518513          	addi	a0,gp,-1051 # 20000475 <s_frame+0x5>
    6a92:	04f000ef          	jal	ra,72e0 <memcmp>
    6a96:	e105                	bnez	a0,6ab6 <A_Uart_Process+0x3be>
    6a98:	00e10613          	addi	a2,sp,14
    6a9c:	458d                	li	a1,3
    6a9e:	be718513          	addi	a0,gp,-1049 # 20000477 <s_frame+0x7>
    6aa2:	c17ff0ef          	jal	ra,66b8 <Uart_ParseDigits.part.0>
    6aa6:	c901                	beqz	a0,6ab6 <A_Uart_Process+0x3be>
    6aa8:	873c                	lhu	a5,14(sp)
    6aaa:	06400713          	li	a4,100
    6aae:	00f76463          	bltu	a4,a5,6ab6 <A_Uart_Process+0x3be>
    6ab2:	4769                	li	a4,26
    6ab4:	b78d                	j	6a16 <A_Uart_Process+0x31e>
    6ab6:	661d                	lui	a2,0x7
    6ab8:	42860613          	addi	a2,a2,1064 # 7428 <span.0+0x3c>
    6abc:	85a6                	mv	a1,s1
    6abe:	be518513          	addi	a0,gp,-1051 # 20000475 <s_frame+0x5>
    6ac2:	b63ff0ef          	jal	ra,6624 <Uart_BodyIs>
    6ac6:	47ed                	li	a5,27
    6ac8:	de0519e3          	bnez	a0,68ba <A_Uart_Process+0x1c2>
    6acc:	661d                	lui	a2,0x7
    6ace:	42c60613          	addi	a2,a2,1068 # 742c <span.0+0x40>
    6ad2:	85a6                	mv	a1,s1
    6ad4:	be518513          	addi	a0,gp,-1051 # 20000475 <s_frame+0x5>
    6ad8:	b4dff0ef          	jal	ra,6624 <Uart_BodyIs>
    6adc:	47f1                	li	a5,28
    6ade:	dc051ee3          	bnez	a0,68ba <A_Uart_Process+0x1c2>
    6ae2:	661d                	lui	a2,0x7
    6ae4:	43060613          	addi	a2,a2,1072 # 7430 <span.0+0x44>
    6ae8:	85a6                	mv	a1,s1
    6aea:	be518513          	addi	a0,gp,-1051 # 20000475 <s_frame+0x5>
    6aee:	b37ff0ef          	jal	ra,6624 <Uart_BodyIs>
    6af2:	47f5                	li	a5,29
    6af4:	dc0513e3          	bnez	a0,68ba <A_Uart_Process+0x1c2>
    6af8:	661d                	lui	a2,0x7
    6afa:	43460613          	addi	a2,a2,1076 # 7434 <span.0+0x48>
    6afe:	85a6                	mv	a1,s1
    6b00:	be518513          	addi	a0,gp,-1051 # 20000475 <s_frame+0x5>
    6b04:	b21ff0ef          	jal	ra,6624 <Uart_BodyIs>
    6b08:	47f9                	li	a5,30
    6b0a:	da0518e3          	bnez	a0,68ba <A_Uart_Process+0x1c2>
    6b0e:	661d                	lui	a2,0x7
    6b10:	43860613          	addi	a2,a2,1080 # 7438 <span.0+0x4c>
    6b14:	85a6                	mv	a1,s1
    6b16:	be518513          	addi	a0,gp,-1051 # 20000475 <s_frame+0x5>
    6b1a:	b0bff0ef          	jal	ra,6624 <Uart_BodyIs>
    6b1e:	47c5                	li	a5,17
    6b20:	d8051de3          	bnez	a0,68ba <A_Uart_Process+0x1c2>
    6b24:	661d                	lui	a2,0x7
    6b26:	43c60613          	addi	a2,a2,1084 # 743c <span.0+0x50>
    6b2a:	85a6                	mv	a1,s1
    6b2c:	be518513          	addi	a0,gp,-1051 # 20000475 <s_frame+0x5>
    6b30:	af5ff0ef          	jal	ra,6624 <Uart_BodyIs>
    6b34:	47c9                	li	a5,18
    6b36:	d80512e3          	bnez	a0,68ba <A_Uart_Process+0x1c2>
    6b3a:	661d                	lui	a2,0x7
    6b3c:	44060613          	addi	a2,a2,1088 # 7440 <span.0+0x54>
    6b40:	85a6                	mv	a1,s1
    6b42:	be518513          	addi	a0,gp,-1051 # 20000475 <s_frame+0x5>
    6b46:	adfff0ef          	jal	ra,6624 <Uart_BodyIs>
    6b4a:	47fd                	li	a5,31
    6b4c:	d60517e3          	bnez	a0,68ba <A_Uart_Process+0x1c2>
    6b50:	661d                	lui	a2,0x7
    6b52:	44460613          	addi	a2,a2,1092 # 7444 <span.0+0x58>
    6b56:	85a6                	mv	a1,s1
    6b58:	be518513          	addi	a0,gp,-1051 # 20000475 <s_frame+0x5>
    6b5c:	ac9ff0ef          	jal	ra,6624 <Uart_BodyIs>
    6b60:	47cd                	li	a5,19
    6b62:	d4051ce3          	bnez	a0,68ba <A_Uart_Process+0x1c2>
    6b66:	679d                	lui	a5,0x7
    6b68:	44878613          	addi	a2,a5,1096 # 7448 <span.0+0x5c>
    6b6c:	85a6                	mv	a1,s1
    6b6e:	be518513          	addi	a0,gp,-1051 # 20000475 <s_frame+0x5>
    6b72:	ab3ff0ef          	jal	ra,6624 <Uart_BodyIs>
    6b76:	679d                	lui	a5,0x7
    6b78:	c119                	beqz	a0,6b7e <A_Uart_Process+0x486>
    6b7a:	47d1                	li	a5,20
    6b7c:	bb3d                	j	68ba <A_Uart_Process+0x1c2>
    6b7e:	4711                	li	a4,4
    6b80:	02e49c63          	bne	s1,a4,6bb8 <A_Uart_Process+0x4c0>
    6b84:	460d                	li	a2,3
    6b86:	44878593          	addi	a1,a5,1096 # 7448 <span.0+0x5c>
    6b8a:	be518513          	addi	a0,gp,-1051 # 20000475 <s_frame+0x5>
    6b8e:	752000ef          	jal	ra,72e0 <memcmp>
    6b92:	e11d                	bnez	a0,6bb8 <A_Uart_Process+0x4c0>
    6b94:	00e10613          	addi	a2,sp,14
    6b98:	4585                	li	a1,1
    6b9a:	be818513          	addi	a0,gp,-1048 # 20000478 <s_frame+0x8>
    6b9e:	b1bff0ef          	jal	ra,66b8 <Uart_ParseDigits.part.0>
    6ba2:	c919                	beqz	a0,6bb8 <A_Uart_Process+0x4c0>
    6ba4:	8738                	lhu	a4,14(sp)
    6ba6:	4689                	li	a3,2
    6ba8:	fff70793          	addi	a5,a4,-1
    6bac:	07c2                	slli	a5,a5,0x10
    6bae:	83c1                	srli	a5,a5,0x10
    6bb0:	00f6e463          	bltu	a3,a5,6bb8 <A_Uart_Process+0x4c0>
    6bb4:	47d5                	li	a5,21
    6bb6:	bd71                	j	6a52 <A_Uart_Process+0x35a>
    6bb8:	661d                	lui	a2,0x7
    6bba:	44c60613          	addi	a2,a2,1100 # 744c <span.0+0x60>
    6bbe:	85a6                	mv	a1,s1
    6bc0:	be518513          	addi	a0,gp,-1051 # 20000475 <s_frame+0x5>
    6bc4:	a61ff0ef          	jal	ra,6624 <Uart_BodyIs>
    6bc8:	47d9                	li	a5,22
    6bca:	ce0518e3          	bnez	a0,68ba <A_Uart_Process+0x1c2>
    6bce:	661d                	lui	a2,0x7
    6bd0:	45460613          	addi	a2,a2,1108 # 7454 <span.0+0x68>
    6bd4:	85a6                	mv	a1,s1
    6bd6:	be518513          	addi	a0,gp,-1051 # 20000475 <s_frame+0x5>
    6bda:	a4bff0ef          	jal	ra,6624 <Uart_BodyIs>
    6bde:	47dd                	li	a5,23
    6be0:	cc051de3          	bnez	a0,68ba <A_Uart_Process+0x1c2>
    6be4:	661d                	lui	a2,0x7
    6be6:	45860613          	addi	a2,a2,1112 # 7458 <span.0+0x6c>
    6bea:	85a6                	mv	a1,s1
    6bec:	be518513          	addi	a0,gp,-1051 # 20000475 <s_frame+0x5>
    6bf0:	a35ff0ef          	jal	ra,6624 <Uart_BodyIs>
    6bf4:	ce050fe3          	beqz	a0,68f2 <A_Uart_Process+0x1fa>
    6bf8:	47e1                	li	a5,24
    6bfa:	b1c1                	j	68ba <A_Uart_Process+0x1c2>
    6bfc:	83ac                	lhu	a1,22(sp)
    6bfe:	82a8                	lhu	a0,20(sp)
    6c00:	9ccff0ef          	jal	ra,5dcc <A_Servo_Submit>
    6c04:	b689                	j	6746 <A_Uart_Process+0x4e>
    6c06:	83b0                	lhu	a2,22(sp)
    6c08:	01814583          	lbu	a1,24(sp)
    6c0c:	82a8                	lhu	a0,20(sp)
    6c0e:	d75fe0ef          	jal	ra,5982 <A_Servo_SubmitTurns>
    6c12:	be15                	j	6746 <A_Uart_Process+0x4e>
    6c14:	8dbff0ef          	jal	ra,64ee <Reply_Begin>
    6c18:	651d                	lui	a0,0x7
    6c1a:	45c50513          	addi	a0,a0,1116 # 745c <span.0+0x70>
    6c1e:	947ff0ef          	jal	ra,6564 <Reply_Text>
    6c22:	a35ff0ef          	jal	ra,6656 <Reply_Send>
    6c26:	b605                	j	6746 <A_Uart_Process+0x4e>
    6c28:	8c7ff0ef          	jal	ra,64ee <Reply_Begin>
    6c2c:	bfdd                	j	6c22 <A_Uart_Process+0x52a>
    6c2e:	83bc                	lhu	a5,22(sp)
    6c30:	4712                	lw	a4,4(sp)
    6c32:	a71c                	sb	a5,8(a4)
    6c34:	c5efe0ef          	jal	ra,5092 <A_Config_MarkDirty>
    6c38:	a021                	j	6c40 <A_Uart_Process+0x548>
    6c3a:	4501                	li	a0,0
    6c3c:	eedfe0ef          	jal	ra,5b28 <A_Servo_Release>
    6c40:	a5fff0ef          	jal	ra,669e <Reply_OK>
    6c44:	b609                	j	6746 <A_Uart_Process+0x4e>
    6c46:	4505                	li	a0,1
    6c48:	bfd5                	j	6c3c <A_Uart_Process+0x544>
    6c4a:	eedfe0ef          	jal	ra,5b36 <A_Servo_RestoreTorque>
    6c4e:	bfcd                	j	6c40 <A_Uart_Process+0x548>
    6c50:	d35fe0ef          	jal	ra,5984 <A_Servo_Pause>
    6c54:	b7f5                	j	6c40 <A_Uart_Process+0x548>
    6c56:	d7ffe0ef          	jal	ra,59d4 <A_Servo_Resume>
    6c5a:	b7dd                	j	6c40 <A_Uart_Process+0x548>
    6c5c:	de9fe0ef          	jal	ra,5a44 <A_Servo_Stop>
    6c60:	b4dd                	j	6746 <A_Uart_Process+0x4e>
    6c62:	4792                	lw	a5,4(sp)
    6c64:	651d                	lui	a0,0x7
    6c66:	4601                	li	a2,0
    6c68:	378c                	lbu	a1,9(a5)
    6c6a:	40c50513          	addi	a0,a0,1036 # 740c <span.0+0x20>
    6c6e:	a09ff0ef          	jal	ra,6676 <Reply_Value>
    6c72:	bcd1                	j	6746 <A_Uart_Process+0x4e>
    6c74:	4792                	lw	a5,4(sp)
    6c76:	651d                	lui	a0,0x7
    6c78:	4601                	li	a2,0
    6c7a:	37ac                	lbu	a1,11(a5)
    6c7c:	44850513          	addi	a0,a0,1096 # 7448 <span.0+0x5c>
    6c80:	b7fd                	j	6c6e <A_Uart_Process+0x576>
    6c82:	db4fe0ef          	jal	ra,5236 <A_Config_Baudrate>
    6c86:	85aa                	mv	a1,a0
    6c88:	651d                	lui	a0,0x7
    6c8a:	4601                	li	a2,0
    6c8c:	47450513          	addi	a0,a0,1140 # 7474 <span.0+0x88>
    6c90:	bff9                	j	6c6e <A_Uart_Process+0x576>
    6c92:	b1cff0ef          	jal	ra,5fae <A_Servo_GetPositionPwm>
    6c96:	85aa                	mv	a1,a0
    6c98:	651d                	lui	a0,0x7
    6c9a:	4611                	li	a2,4
    6c9c:	47050513          	addi	a0,a0,1136 # 7470 <span.0+0x84>
    6ca0:	b7f9                	j	6c6e <A_Uart_Process+0x576>
    6ca2:	e3efe0ef          	jal	ra,52e0 <A_Protect_GetTorque>
    6ca6:	85aa                	mv	a1,a0
    6ca8:	651d                	lui	a0,0x7
    6caa:	460d                	li	a2,3
    6cac:	42450513          	addi	a0,a0,1060 # 7424 <span.0+0x38>
    6cb0:	bf7d                	j	6c6e <A_Uart_Process+0x576>
    6cb2:	01614503          	lbu	a0,22(sp)
    6cb6:	ab4ff0ef          	jal	ra,5f6a <A_Servo_SetMode>
    6cba:	a80506e3          	beqz	a0,6746 <A_Uart_Process+0x4e>
    6cbe:	b749                	j	6c40 <A_Uart_Process+0x548>
    6cc0:	01614503          	lbu	a0,22(sp)
    6cc4:	dfafe0ef          	jal	ra,52be <A_Protect_SetTorque>
    6cc8:	bfcd                	j	6cba <A_Uart_Process+0x5c2>
    6cca:	afaff0ef          	jal	ra,5fc4 <A_Servo_CalibrateMid>
    6cce:	b7f5                	j	6cba <A_Uart_Process+0x5c2>
    6cd0:	afaff0ef          	jal	ra,5fca <A_Servo_CalibrateZero>
    6cd4:	b7dd                	j	6cba <A_Uart_Process+0x5c2>
    6cd6:	4505                	li	a0,1
    6cd8:	af8ff0ef          	jal	ra,5fd0 <A_Servo_SetTravelEnd>
    6cdc:	bff9                	j	6cba <A_Uart_Process+0x5c2>
    6cde:	4501                	li	a0,0
    6ce0:	bfe5                	j	6cd8 <A_Uart_Process+0x5e0>
    6ce2:	4505                	li	a0,1
    6ce4:	bcaff0ef          	jal	ra,60ae <A_Servo_SetPulseLimit>
    6ce8:	bfc9                	j	6cba <A_Uart_Process+0x5c2>
    6cea:	4501                	li	a0,0
    6cec:	bfe5                	j	6ce4 <A_Uart_Process+0x5ec>
    6cee:	c02ff0ef          	jal	ra,60f0 <A_Servo_SaveStartup>
    6cf2:	b7e1                	j	6cba <A_Uart_Process+0x5c2>
    6cf4:	83bc                	lhu	a5,22(sp)
    6cf6:	4712                	lw	a4,4(sp)
    6cf8:	b73c                	sb	a5,11(a4)
    6cfa:	bf2d                	j	6c34 <A_Uart_Process+0x53c>
    6cfc:	83bc                	lhu	a5,22(sp)
    6cfe:	4712                	lw	a4,4(sp)
    6d00:	a73c                	sb	a5,10(a4)
    6d02:	b90fe0ef          	jal	ra,5092 <A_Config_MarkDirty>
    6d06:	999ff0ef          	jal	ra,669e <Reply_OK>
    6d0a:	d2cfe0ef          	jal	ra,5236 <A_Config_Baudrate>
    6d0e:	9edfc0ef          	jal	ra,36fa <D_UART_SetBaud_Deferred>
    6d12:	bc15                	j	6746 <A_Uart_Process+0x4e>
    6d14:	1529                	addi	a0,a0,-22
    6d16:	00153513          	seqz	a0,a0
    6d1a:	b88fe0ef          	jal	ra,50a2 <A_Config_Default>
    6d1e:	c05fe0ef          	jal	ra,5922 <A_Servo_ApplyConfig>
    6d22:	b7d5                	j	6d06 <A_Uart_Process+0x60e>
    6d24:	847fe0ef          	jal	ra,556a <A_Voltage_Read>
    6d28:	45a9                	li	a1,10
    6d2a:	0515                	addi	a0,a0,5
    6d2c:	b98f90ef          	jal	ra,c4 <__hidden___udivsi3>
    6d30:	01051413          	slli	s0,a0,0x10
    6d34:	fbaff0ef          	jal	ra,64ee <Reply_Begin>
    6d38:	04900513          	li	a0,73
    6d3c:	80bff0ef          	jal	ra,6546 <Reply_Char>
    6d40:	dacfe0ef          	jal	ra,52ec <A_Protect_GetCurrent>
    6d44:	4591                	li	a1,4
    6d46:	847ff0ef          	jal	ra,658c <Reply_UInt>
    6d4a:	05600513          	li	a0,86
    6d4e:	ff8ff0ef          	jal	ra,6546 <Reply_Char>
    6d52:	8041                	srli	s0,s0,0x10
    6d54:	45a9                	li	a1,10
    6d56:	8522                	mv	a0,s0
    6d58:	b6cf90ef          	jal	ra,c4 <__hidden___udivsi3>
    6d5c:	0542                	slli	a0,a0,0x10
    6d5e:	4581                	li	a1,0
    6d60:	8141                	srli	a0,a0,0x10
    6d62:	82bff0ef          	jal	ra,658c <Reply_UInt>
    6d66:	02e00513          	li	a0,46
    6d6a:	fdcff0ef          	jal	ra,6546 <Reply_Char>
    6d6e:	45a9                	li	a1,10
    6d70:	8522                	mv	a0,s0
    6d72:	b7ef90ef          	jal	ra,f0 <__umodsi3>
    6d76:	0542                	slli	a0,a0,0x10
    6d78:	4585                	li	a1,1
    6d7a:	8141                	srli	a0,a0,0x10
    6d7c:	811ff0ef          	jal	ra,658c <Reply_UInt>
    6d80:	b54d                	j	6c22 <A_Uart_Process+0x52a>
    6d82:	80dfe0ef          	jal	ra,558e <A_Temperature_Read>
    6d86:	84aa                	mv	s1,a0
    6d88:	fe2fe0ef          	jal	ra,556a <A_Voltage_Read>
    6d8c:	45a9                	li	a1,10
    6d8e:	0515                	addi	a0,a0,5
    6d90:	b34f90ef          	jal	ra,c4 <__hidden___udivsi3>
    6d94:	01051793          	slli	a5,a0,0x10
    6d98:	83c1                	srli	a5,a5,0x10
    6d9a:	c03e                	sw	a5,0(sp)
    6d9c:	f52ff0ef          	jal	ra,64ee <Reply_Begin>
    6da0:	651d                	lui	a0,0x7
    6da2:	47c50513          	addi	a0,a0,1148 # 747c <span.0+0x90>
    6da6:	fbeff0ef          	jal	ra,6564 <Reply_Text>
    6daa:	a04ff0ef          	jal	ra,5fae <A_Servo_GetPositionPwm>
    6dae:	4591                	li	a1,4
    6db0:	fdcff0ef          	jal	ra,658c <Reply_UInt>
    6db4:	05400513          	li	a0,84
    6db8:	f8eff0ef          	jal	ra,6546 <Reply_Char>
    6dbc:	7761                	lui	a4,0xffff8
    6dbe:	4401                	li	s0,0
    6dc0:	02e48263          	beq	s1,a4,6de4 <A_Uart_Process+0x6ec>
    6dc4:	45a9                	li	a1,10
    6dc6:	8526                	mv	a0,s1
    6dc8:	af4f90ef          	jal	ra,bc <__divsi3>
    6dcc:	01051413          	slli	s0,a0,0x10
    6dd0:	575d                	li	a4,-9
    6dd2:	8441                	srai	s0,s0,0x10
    6dd4:	00e4d863          	bge	s1,a4,6de4 <A_Uart_Process+0x6ec>
    6dd8:	02d00513          	li	a0,45
    6ddc:	f6aff0ef          	jal	ra,6546 <Reply_Char>
    6de0:	40800433          	neg	s0,s0
    6de4:	4581                	li	a1,0
    6de6:	8522                	mv	a0,s0
    6de8:	fa4ff0ef          	jal	ra,658c <Reply_UInt>
    6dec:	05600513          	li	a0,86
    6df0:	f56ff0ef          	jal	ra,6546 <Reply_Char>
    6df4:	4502                	lw	a0,0(sp)
    6df6:	45a9                	li	a1,10
    6df8:	accf90ef          	jal	ra,c4 <__hidden___udivsi3>
    6dfc:	0542                	slli	a0,a0,0x10
    6dfe:	4581                	li	a1,0
    6e00:	8141                	srli	a0,a0,0x10
    6e02:	f8aff0ef          	jal	ra,658c <Reply_UInt>
    6e06:	02e00513          	li	a0,46
    6e0a:	f3cff0ef          	jal	ra,6546 <Reply_Char>
    6e0e:	4502                	lw	a0,0(sp)
    6e10:	45a9                	li	a1,10
    6e12:	b785                	j	6d72 <A_Uart_Process+0x67a>

00006e14 <__divdi3>:
    6e14:	7179                	addi	sp,sp,-48
    6e16:	d606                	sw	ra,44(sp)
    6e18:	d422                	sw	s0,40(sp)
    6e1a:	d226                	sw	s1,36(sp)
    6e1c:	c002                	sw	zero,0(sp)
    6e1e:	87aa                	mv	a5,a0
    6e20:	1205c963          	bltz	a1,6f52 <__divdi3+0x13e>
    6e24:	0006dd63          	bgez	a3,6e3e <__divdi3+0x2a>
    6e28:	4702                	lw	a4,0(sp)
    6e2a:	00c03533          	snez	a0,a2
    6e2e:	40d006b3          	neg	a3,a3
    6e32:	fff74713          	not	a4,a4
    6e36:	c03a                	sw	a4,0(sp)
    6e38:	8e89                	sub	a3,a3,a0
    6e3a:	40c00633          	neg	a2,a2
    6e3e:	84b2                	mv	s1,a2
    6e40:	843e                	mv	s0,a5
    6e42:	82ae                	mv	t0,a1
    6e44:	e6e5                	bnez	a3,6f2c <__divdi3+0x118>
    6e46:	16c5f463          	bgeu	a1,a2,6fae <__divdi3+0x19a>
    6e4a:	66c1                	lui	a3,0x10
    6e4c:	22d66e63          	bltu	a2,a3,7088 <__divdi3+0x274>
    6e50:	010006b7          	lui	a3,0x1000
    6e54:	00d636b3          	sltu	a3,a2,a3
    6e58:	40d006b3          	neg	a3,a3
    6e5c:	9ae1                	andi	a3,a3,-8
    6e5e:	06e1                	addi	a3,a3,24 # 1000018 <_data_lma+0xff8a1c>
    6e60:	00d653b3          	srl	t2,a2,a3
    6e64:	00000517          	auipc	a0,0x0
    6e68:	69850513          	addi	a0,a0,1688 # 74fc <__clz_tab>
    6e6c:	951e                	add	a0,a0,t2
    6e6e:	2108                	lbu	a0,0(a0)
    6e70:	02000393          	li	t2,32
    6e74:	96aa                	add	a3,a3,a0
    6e76:	40d38533          	sub	a0,t2,a3
    6e7a:	00d38c63          	beq	t2,a3,6e92 <__divdi3+0x7e>
    6e7e:	00a592b3          	sll	t0,a1,a0
    6e82:	00d7d6b3          	srl	a3,a5,a3
    6e86:	00a614b3          	sll	s1,a2,a0
    6e8a:	0056e2b3          	or	t0,a3,t0
    6e8e:	00a79433          	sll	s0,a5,a0
    6e92:	0104d793          	srli	a5,s1,0x10
    6e96:	85be                	mv	a1,a5
    6e98:	8516                	mv	a0,t0
    6e9a:	c23e                	sw	a5,4(sp)
    6e9c:	ca16                	sw	t0,20(sp)
    6e9e:	a26f90ef          	jal	ra,c4 <__hidden___udivsi3>
    6ea2:	01049713          	slli	a4,s1,0x10
    6ea6:	8341                	srli	a4,a4,0x10
    6ea8:	02a706b3          	mul	a3,a4,a0
    6eac:	42d2                	lw	t0,20(sp)
    6eae:	4592                	lw	a1,4(sp)
    6eb0:	c82a                	sw	a0,16(sp)
    6eb2:	8516                	mv	a0,t0
    6eb4:	c43a                	sw	a4,8(sp)
    6eb6:	c636                	sw	a3,12(sp)
    6eb8:	a38f90ef          	jal	ra,f0 <__umodsi3>
    6ebc:	46b2                	lw	a3,12(sp)
    6ebe:	0542                	slli	a0,a0,0x10
    6ec0:	01045793          	srli	a5,s0,0x10
    6ec4:	8fc9                	or	a5,a5,a0
    6ec6:	4642                	lw	a2,16(sp)
    6ec8:	00d7fa63          	bgeu	a5,a3,6edc <__divdi3+0xc8>
    6ecc:	97a6                	add	a5,a5,s1
    6ece:	fff60593          	addi	a1,a2,-1
    6ed2:	0097e463          	bltu	a5,s1,6eda <__divdi3+0xc6>
    6ed6:	3ed7ee63          	bltu	a5,a3,72d2 <__divdi3+0x4be>
    6eda:	862e                	mv	a2,a1
    6edc:	4592                	lw	a1,4(sp)
    6ede:	8f95                	sub	a5,a5,a3
    6ee0:	853e                	mv	a0,a5
    6ee2:	ca32                	sw	a2,20(sp)
    6ee4:	c83e                	sw	a5,16(sp)
    6ee6:	9def90ef          	jal	ra,c4 <__hidden___udivsi3>
    6eea:	47a2                	lw	a5,8(sp)
    6eec:	4592                	lw	a1,4(sp)
    6eee:	c62a                	sw	a0,12(sp)
    6ef0:	02a782b3          	mul	t0,a5,a0
    6ef4:	47c2                	lw	a5,16(sp)
    6ef6:	0442                	slli	s0,s0,0x10
    6ef8:	8041                	srli	s0,s0,0x10
    6efa:	853e                	mv	a0,a5
    6efc:	c416                	sw	t0,8(sp)
    6efe:	9f2f90ef          	jal	ra,f0 <__umodsi3>
    6f02:	42a2                	lw	t0,8(sp)
    6f04:	0542                	slli	a0,a0,0x10
    6f06:	8c49                	or	s0,s0,a0
    6f08:	46b2                	lw	a3,12(sp)
    6f0a:	4652                	lw	a2,20(sp)
    6f0c:	00547b63          	bgeu	s0,t0,6f22 <__divdi3+0x10e>
    6f10:	9426                	add	s0,s0,s1
    6f12:	fff68793          	addi	a5,a3,-1
    6f16:	00946563          	bltu	s0,s1,6f20 <__divdi3+0x10c>
    6f1a:	16f9                	addi	a3,a3,-2
    6f1c:	00546363          	bltu	s0,t0,6f22 <__divdi3+0x10e>
    6f20:	86be                	mv	a3,a5
    6f22:	0642                	slli	a2,a2,0x10
    6f24:	00d66533          	or	a0,a2,a3
    6f28:	4781                	li	a5,0
    6f2a:	a029                	j	6f34 <__divdi3+0x120>
    6f2c:	02d5fd63          	bgeu	a1,a3,6f66 <__divdi3+0x152>
    6f30:	4781                	li	a5,0
    6f32:	4501                	li	a0,0
    6f34:	85be                	mv	a1,a5
    6f36:	4782                	lw	a5,0(sp)
    6f38:	cb81                	beqz	a5,6f48 <__divdi3+0x134>
    6f3a:	00a037b3          	snez	a5,a0
    6f3e:	40b005b3          	neg	a1,a1
    6f42:	8d9d                	sub	a1,a1,a5
    6f44:	40a00533          	neg	a0,a0
    6f48:	50b2                	lw	ra,44(sp)
    6f4a:	5422                	lw	s0,40(sp)
    6f4c:	5492                	lw	s1,36(sp)
    6f4e:	6145                	addi	sp,sp,48
    6f50:	8082                	ret
    6f52:	00a03733          	snez	a4,a0
    6f56:	40b005b3          	neg	a1,a1
    6f5a:	8d99                	sub	a1,a1,a4
    6f5c:	577d                	li	a4,-1
    6f5e:	40a007b3          	neg	a5,a0
    6f62:	c03a                	sw	a4,0(sp)
    6f64:	b5c1                	j	6e24 <__divdi3+0x10>
    6f66:	6541                	lui	a0,0x10
    6f68:	20a6e063          	bltu	a3,a0,7168 <__divdi3+0x354>
    6f6c:	01000337          	lui	t1,0x1000
    6f70:	0066b333          	sltu	t1,a3,t1
    6f74:	40600333          	neg	t1,t1
    6f78:	ff837313          	andi	t1,t1,-8
    6f7c:	0361                	addi	t1,t1,24 # 1000018 <_data_lma+0xff8a1c>
    6f7e:	0066d2b3          	srl	t0,a3,t1
    6f82:	00000517          	auipc	a0,0x0
    6f86:	57a50513          	addi	a0,a0,1402 # 74fc <__clz_tab>
    6f8a:	9516                	add	a0,a0,t0
    6f8c:	2108                	lbu	a0,0(a0)
    6f8e:	02000293          	li	t0,32
    6f92:	951a                	add	a0,a0,t1
    6f94:	40a28733          	sub	a4,t0,a0
    6f98:	c23a                	sw	a4,4(sp)
    6f9a:	1ca29d63          	bne	t0,a0,7174 <__divdi3+0x360>
    6f9e:	30b6ec63          	bltu	a3,a1,72b6 <__divdi3+0x4a2>
    6fa2:	00c7b633          	sltu	a2,a5,a2
    6fa6:	00164513          	xori	a0,a2,1
    6faa:	4781                	li	a5,0
    6fac:	b761                	j	6f34 <__divdi3+0x120>
    6fae:	c27d                	beqz	a2,7094 <__divdi3+0x280>
    6fb0:	66c1                	lui	a3,0x10
    6fb2:	2ed67a63          	bgeu	a2,a3,72a6 <__divdi3+0x492>
    6fb6:	10063513          	sltiu	a0,a2,256
    6fba:	00154513          	xori	a0,a0,1
    6fbe:	050e                	slli	a0,a0,0x3
    6fc0:	00a652b3          	srl	t0,a2,a0
    6fc4:	00000697          	auipc	a3,0x0
    6fc8:	53868693          	addi	a3,a3,1336 # 74fc <__clz_tab>
    6fcc:	9696                	add	a3,a3,t0
    6fce:	2294                	lbu	a3,0(a3)
    6fd0:	02000393          	li	t2,32
    6fd4:	96aa                	add	a3,a3,a0
    6fd6:	40d382b3          	sub	t0,t2,a3
    6fda:	0cd39c63          	bne	t2,a3,70b2 <__divdi3+0x29e>
    6fde:	01065793          	srli	a5,a2,0x10
    6fe2:	c23e                	sw	a5,4(sp)
    6fe4:	01061793          	slli	a5,a2,0x10
    6fe8:	83c1                	srli	a5,a5,0x10
    6fea:	c43e                	sw	a5,8(sp)
    6fec:	40c586b3          	sub	a3,a1,a2
    6ff0:	4785                	li	a5,1
    6ff2:	4592                	lw	a1,4(sp)
    6ff4:	8536                	mv	a0,a3
    6ff6:	cc3e                	sw	a5,24(sp)
    6ff8:	ca36                	sw	a3,20(sp)
    6ffa:	8caf90ef          	jal	ra,c4 <__hidden___udivsi3>
    6ffe:	47a2                	lw	a5,8(sp)
    7000:	46d2                	lw	a3,20(sp)
    7002:	4592                	lw	a1,4(sp)
    7004:	02f503b3          	mul	t2,a0,a5
    7008:	c82a                	sw	a0,16(sp)
    700a:	8536                	mv	a0,a3
    700c:	c61e                	sw	t2,12(sp)
    700e:	8e2f90ef          	jal	ra,f0 <__umodsi3>
    7012:	43b2                	lw	t2,12(sp)
    7014:	0542                	slli	a0,a0,0x10
    7016:	01045693          	srli	a3,s0,0x10
    701a:	8ec9                	or	a3,a3,a0
    701c:	4642                	lw	a2,16(sp)
    701e:	47e2                	lw	a5,24(sp)
    7020:	0076fa63          	bgeu	a3,t2,7034 <__divdi3+0x220>
    7024:	96a6                	add	a3,a3,s1
    7026:	fff60593          	addi	a1,a2,-1
    702a:	0096e463          	bltu	a3,s1,7032 <__divdi3+0x21e>
    702e:	2876ef63          	bltu	a3,t2,72cc <__divdi3+0x4b8>
    7032:	862e                	mv	a2,a1
    7034:	4592                	lw	a1,4(sp)
    7036:	407683b3          	sub	t2,a3,t2
    703a:	851e                	mv	a0,t2
    703c:	ca32                	sw	a2,20(sp)
    703e:	cc3e                	sw	a5,24(sp)
    7040:	c81e                	sw	t2,16(sp)
    7042:	882f90ef          	jal	ra,c4 <__hidden___udivsi3>
    7046:	47a2                	lw	a5,8(sp)
    7048:	43c2                	lw	t2,16(sp)
    704a:	4592                	lw	a1,4(sp)
    704c:	02f502b3          	mul	t0,a0,a5
    7050:	c62a                	sw	a0,12(sp)
    7052:	851e                	mv	a0,t2
    7054:	0442                	slli	s0,s0,0x10
    7056:	8041                	srli	s0,s0,0x10
    7058:	c416                	sw	t0,8(sp)
    705a:	896f90ef          	jal	ra,f0 <__umodsi3>
    705e:	42a2                	lw	t0,8(sp)
    7060:	0542                	slli	a0,a0,0x10
    7062:	8c49                	or	s0,s0,a0
    7064:	46b2                	lw	a3,12(sp)
    7066:	4652                	lw	a2,20(sp)
    7068:	47e2                	lw	a5,24(sp)
    706a:	00547b63          	bgeu	s0,t0,7080 <__divdi3+0x26c>
    706e:	9426                	add	s0,s0,s1
    7070:	fff68593          	addi	a1,a3,-1
    7074:	00946563          	bltu	s0,s1,707e <__divdi3+0x26a>
    7078:	16f9                	addi	a3,a3,-2
    707a:	00546363          	bltu	s0,t0,7080 <__divdi3+0x26c>
    707e:	86ae                	mv	a3,a1
    7080:	0642                	slli	a2,a2,0x10
    7082:	00d66533          	or	a0,a2,a3
    7086:	b57d                	j	6f34 <__divdi3+0x120>
    7088:	10063693          	sltiu	a3,a2,256
    708c:	0016c693          	xori	a3,a3,1
    7090:	068e                	slli	a3,a3,0x3
    7092:	b3f9                	j	6e60 <__divdi3+0x4c>
    7094:	4281                	li	t0,0
    7096:	00000697          	auipc	a3,0x0
    709a:	46668693          	addi	a3,a3,1126 # 74fc <__clz_tab>
    709e:	9696                	add	a3,a3,t0
    70a0:	2294                	lbu	a3,0(a3)
    70a2:	4501                	li	a0,0
    70a4:	02000393          	li	t2,32
    70a8:	96aa                	add	a3,a3,a0
    70aa:	40d382b3          	sub	t0,t2,a3
    70ae:	f2d388e3          	beq	t2,a3,6fde <__divdi3+0x1ca>
    70b2:	005614b3          	sll	s1,a2,t0
    70b6:	005593b3          	sll	t2,a1,t0
    70ba:	00d5d633          	srl	a2,a1,a3
    70be:	0104d713          	srli	a4,s1,0x10
    70c2:	00d7d6b3          	srl	a3,a5,a3
    70c6:	0076e6b3          	or	a3,a3,t2
    70ca:	85ba                	mv	a1,a4
    70cc:	8532                	mv	a0,a2
    70ce:	00579433          	sll	s0,a5,t0
    70d2:	c636                	sw	a3,12(sp)
    70d4:	c23a                	sw	a4,4(sp)
    70d6:	cc32                	sw	a2,24(sp)
    70d8:	fedf80ef          	jal	ra,c4 <__hidden___udivsi3>
    70dc:	01049613          	slli	a2,s1,0x10
    70e0:	8241                	srli	a2,a2,0x10
    70e2:	02a602b3          	mul	t0,a2,a0
    70e6:	c432                	sw	a2,8(sp)
    70e8:	4662                	lw	a2,24(sp)
    70ea:	4592                	lw	a1,4(sp)
    70ec:	ca2a                	sw	a0,20(sp)
    70ee:	8532                	mv	a0,a2
    70f0:	c816                	sw	t0,16(sp)
    70f2:	ffff80ef          	jal	ra,f0 <__umodsi3>
    70f6:	46b2                	lw	a3,12(sp)
    70f8:	42c2                	lw	t0,16(sp)
    70fa:	0542                	slli	a0,a0,0x10
    70fc:	82c1                	srli	a3,a3,0x10
    70fe:	8ec9                	or	a3,a3,a0
    7100:	47d2                	lw	a5,20(sp)
    7102:	0056fb63          	bgeu	a3,t0,7118 <__divdi3+0x304>
    7106:	96a6                	add	a3,a3,s1
    7108:	fff78613          	addi	a2,a5,-1
    710c:	1a96ec63          	bltu	a3,s1,72c4 <__divdi3+0x4b0>
    7110:	1a56fa63          	bgeu	a3,t0,72c4 <__divdi3+0x4b0>
    7114:	17f9                	addi	a5,a5,-2
    7116:	96a6                	add	a3,a3,s1
    7118:	4592                	lw	a1,4(sp)
    711a:	405686b3          	sub	a3,a3,t0
    711e:	8536                	mv	a0,a3
    7120:	ce3e                	sw	a5,28(sp)
    7122:	cc36                	sw	a3,24(sp)
    7124:	fa1f80ef          	jal	ra,c4 <__hidden___udivsi3>
    7128:	47a2                	lw	a5,8(sp)
    712a:	46e2                	lw	a3,24(sp)
    712c:	4592                	lw	a1,4(sp)
    712e:	02a782b3          	mul	t0,a5,a0
    7132:	ca2a                	sw	a0,20(sp)
    7134:	8536                	mv	a0,a3
    7136:	c816                	sw	t0,16(sp)
    7138:	fb9f80ef          	jal	ra,f0 <__umodsi3>
    713c:	8634                	lhu	a3,12(sp)
    713e:	42c2                	lw	t0,16(sp)
    7140:	0542                	slli	a0,a0,0x10
    7142:	8ec9                	or	a3,a3,a0
    7144:	4652                	lw	a2,20(sp)
    7146:	47f2                	lw	a5,28(sp)
    7148:	0056fb63          	bgeu	a3,t0,715e <__divdi3+0x34a>
    714c:	96a6                	add	a3,a3,s1
    714e:	fff60593          	addi	a1,a2,-1
    7152:	1696e563          	bltu	a3,s1,72bc <__divdi3+0x4a8>
    7156:	1656f363          	bgeu	a3,t0,72bc <__divdi3+0x4a8>
    715a:	1679                	addi	a2,a2,-2
    715c:	96a6                	add	a3,a3,s1
    715e:	07c2                	slli	a5,a5,0x10
    7160:	405686b3          	sub	a3,a3,t0
    7164:	8fd1                	or	a5,a5,a2
    7166:	b571                	j	6ff2 <__divdi3+0x1de>
    7168:	1006b313          	sltiu	t1,a3,256
    716c:	00134313          	xori	t1,t1,1
    7170:	030e                	slli	t1,t1,0x3
    7172:	b531                	j	6f7e <__divdi3+0x16a>
    7174:	4712                	lw	a4,4(sp)
    7176:	00a65433          	srl	s0,a2,a0
    717a:	00a7d3b3          	srl	t2,a5,a0
    717e:	00e696b3          	sll	a3,a3,a4
    7182:	8c55                	or	s0,s0,a3
    7184:	00e592b3          	sll	t0,a1,a4
    7188:	00a5d6b3          	srl	a3,a1,a0
    718c:	01045493          	srli	s1,s0,0x10
    7190:	00e61733          	sll	a4,a2,a4
    7194:	d03e                	sw	a5,32(sp)
    7196:	85a6                	mv	a1,s1
    7198:	0053e7b3          	or	a5,t2,t0
    719c:	8536                	mv	a0,a3
    719e:	c43e                	sw	a5,8(sp)
    71a0:	ce36                	sw	a3,28(sp)
    71a2:	c63a                	sw	a4,12(sp)
    71a4:	f21f80ef          	jal	ra,c4 <__hidden___udivsi3>
    71a8:	01041713          	slli	a4,s0,0x10
    71ac:	8341                	srli	a4,a4,0x10
    71ae:	02a702b3          	mul	t0,a4,a0
    71b2:	46f2                	lw	a3,28(sp)
    71b4:	cc2a                	sw	a0,24(sp)
    71b6:	85a6                	mv	a1,s1
    71b8:	8536                	mv	a0,a3
    71ba:	c83a                	sw	a4,16(sp)
    71bc:	ca16                	sw	t0,20(sp)
    71be:	f33f80ef          	jal	ra,f0 <__umodsi3>
    71c2:	47a2                	lw	a5,8(sp)
    71c4:	42d2                	lw	t0,20(sp)
    71c6:	0542                	slli	a0,a0,0x10
    71c8:	0107d693          	srli	a3,a5,0x10
    71cc:	8ec9                	or	a3,a3,a0
    71ce:	4662                	lw	a2,24(sp)
    71d0:	5782                	lw	a5,32(sp)
    71d2:	0056fb63          	bgeu	a3,t0,71e8 <__divdi3+0x3d4>
    71d6:	96a2                	add	a3,a3,s0
    71d8:	fff60593          	addi	a1,a2,-1
    71dc:	0e86e663          	bltu	a3,s0,72c8 <__divdi3+0x4b4>
    71e0:	0e56f463          	bgeu	a3,t0,72c8 <__divdi3+0x4b4>
    71e4:	1679                	addi	a2,a2,-2
    71e6:	96a2                	add	a3,a3,s0
    71e8:	405686b3          	sub	a3,a3,t0
    71ec:	85a6                	mv	a1,s1
    71ee:	8536                	mv	a0,a3
    71f0:	ce32                	sw	a2,28(sp)
    71f2:	d03e                	sw	a5,32(sp)
    71f4:	cc36                	sw	a3,24(sp)
    71f6:	ecff80ef          	jal	ra,c4 <__hidden___udivsi3>
    71fa:	47c2                	lw	a5,16(sp)
    71fc:	46e2                	lw	a3,24(sp)
    71fe:	ca2a                	sw	a0,20(sp)
    7200:	02a782b3          	mul	t0,a5,a0
    7204:	85a6                	mv	a1,s1
    7206:	8536                	mv	a0,a3
    7208:	c816                	sw	t0,16(sp)
    720a:	ee7f80ef          	jal	ra,f0 <__umodsi3>
    720e:	8434                	lhu	a3,8(sp)
    7210:	42c2                	lw	t0,16(sp)
    7212:	0542                	slli	a0,a0,0x10
    7214:	8ec9                	or	a3,a3,a0
    7216:	43d2                	lw	t2,20(sp)
    7218:	4672                	lw	a2,28(sp)
    721a:	5782                	lw	a5,32(sp)
    721c:	0056fb63          	bgeu	a3,t0,7232 <__divdi3+0x41e>
    7220:	96a2                	add	a3,a3,s0
    7222:	fff38593          	addi	a1,t2,-1
    7226:	0886ed63          	bltu	a3,s0,72c0 <__divdi3+0x4ac>
    722a:	0856fb63          	bgeu	a3,t0,72c0 <__divdi3+0x4ac>
    722e:	13f9                	addi	t2,t2,-2
    7230:	96a2                	add	a3,a3,s0
    7232:	4732                	lw	a4,12(sp)
    7234:	0642                	slli	a2,a2,0x10
    7236:	6441                	lui	s0,0x10
    7238:	00766633          	or	a2,a2,t2
    723c:	fff40513          	addi	a0,s0,-1 # ffff <_data_lma+0x8a03>
    7240:	00a675b3          	and	a1,a2,a0
    7244:	01075313          	srli	t1,a4,0x10
    7248:	01065393          	srli	t2,a2,0x10
    724c:	8d79                	and	a0,a0,a4
    724e:	02a58733          	mul	a4,a1,a0
    7252:	405686b3          	sub	a3,a3,t0
    7256:	02a38533          	mul	a0,t2,a0
    725a:	01075293          	srli	t0,a4,0x10
    725e:	026585b3          	mul	a1,a1,t1
    7262:	95aa                	add	a1,a1,a0
    7264:	9596                	add	a1,a1,t0
    7266:	026383b3          	mul	t2,t2,t1
    726a:	00a5f363          	bgeu	a1,a0,7270 <__divdi3+0x45c>
    726e:	93a2                	add	t2,t2,s0
    7270:	0105d513          	srli	a0,a1,0x10
    7274:	951e                	add	a0,a0,t2
    7276:	02a6e463          	bltu	a3,a0,729e <__divdi3+0x48a>
    727a:	00a68563          	beq	a3,a0,7284 <__divdi3+0x470>
    727e:	8532                	mv	a0,a2
    7280:	4781                	li	a5,0
    7282:	b94d                	j	6f34 <__divdi3+0x120>
    7284:	6541                	lui	a0,0x10
    7286:	157d                	addi	a0,a0,-1 # ffff <_data_lma+0x8a03>
    7288:	8de9                	and	a1,a1,a0
    728a:	01059693          	slli	a3,a1,0x10
    728e:	00a775b3          	and	a1,a4,a0
    7292:	4712                	lw	a4,4(sp)
    7294:	96ae                	add	a3,a3,a1
    7296:	00e797b3          	sll	a5,a5,a4
    729a:	fed7f2e3          	bgeu	a5,a3,727e <__divdi3+0x46a>
    729e:	fff60513          	addi	a0,a2,-1
    72a2:	4781                	li	a5,0
    72a4:	b941                	j	6f34 <__divdi3+0x120>
    72a6:	010006b7          	lui	a3,0x1000
    72aa:	02d67763          	bgeu	a2,a3,72d8 <__divdi3+0x4c4>
    72ae:	01065293          	srli	t0,a2,0x10
    72b2:	4541                	li	a0,16
    72b4:	bb01                	j	6fc4 <__divdi3+0x1b0>
    72b6:	4781                	li	a5,0
    72b8:	4505                	li	a0,1
    72ba:	b9ad                	j	6f34 <__divdi3+0x120>
    72bc:	862e                	mv	a2,a1
    72be:	b545                	j	715e <__divdi3+0x34a>
    72c0:	83ae                	mv	t2,a1
    72c2:	bf85                	j	7232 <__divdi3+0x41e>
    72c4:	87b2                	mv	a5,a2
    72c6:	bd89                	j	7118 <__divdi3+0x304>
    72c8:	862e                	mv	a2,a1
    72ca:	bf39                	j	71e8 <__divdi3+0x3d4>
    72cc:	1679                	addi	a2,a2,-2
    72ce:	96a6                	add	a3,a3,s1
    72d0:	b395                	j	7034 <__divdi3+0x220>
    72d2:	1679                	addi	a2,a2,-2
    72d4:	97a6                	add	a5,a5,s1
    72d6:	b119                	j	6edc <__divdi3+0xc8>
    72d8:	01865293          	srli	t0,a2,0x18
    72dc:	4561                	li	a0,24
    72de:	b1dd                	j	6fc4 <__divdi3+0x1b0>

000072e0 <memcmp>:
    72e0:	4701                	li	a4,0
    72e2:	00e61463          	bne	a2,a4,72ea <memcmp+0xa>
    72e6:	4501                	li	a0,0
    72e8:	8082                	ret
    72ea:	00e507b3          	add	a5,a0,a4
    72ee:	0705                	addi	a4,a4,1 # ffff8001 <_eusrstack+0xdfff6001>
    72f0:	00e586b3          	add	a3,a1,a4
    72f4:	239c                	lbu	a5,0(a5)
    72f6:	fff6c683          	lbu	a3,-1(a3) # ffffff <_data_lma+0xff8a03>
    72fa:	fed784e3          	beq	a5,a3,72e2 <memcmp+0x2>
    72fe:	40d78533          	sub	a0,a5,a3
    7302:	8082                	ret

00007304 <strlen>:
    7304:	87aa                	mv	a5,a0
    7306:	2398                	lbu	a4,0(a5)
    7308:	0785                	addi	a5,a5,1
    730a:	ff75                	bnez	a4,7306 <strlen+0x2>
    730c:	40a78533          	sub	a0,a5,a0
    7310:	157d                	addi	a0,a0,-1
    7312:	8082                	ret
    7314:	0480                	addi	s0,sp,576
    7316:	0000                	unimp
    7318:	0490                	addi	a2,sp,576
    731a:	0000                	unimp
    731c:	04aa                	slli	s1,s1,0xa
    731e:	0000                	unimp
    7320:	04c4                	addi	s1,sp,580
    7322:	0000                	unimp
    7324:	050a                	slli	a0,a0,0x2
    7326:	0000                	unimp
    7328:	0550                	addi	a2,sp,644
    732a:	0000                	unimp
    732c:	0586                	slli	a1,a1,0x1
    732e:	0000                	unimp
    7330:	0596                	slli	a1,a1,0x5
    7332:	0000                	unimp
    7334:	05a8                	addi	a0,sp,712
    7336:	0000                	unimp
    7338:	05b4                	addi	a3,sp,712
	...

0000733c <TRAJ_G_Q15>:
    733c:	7ccd 0000 799a 0000 7333 0000 6ccd 0000     .|...y..3s...l..
    734c:	6666 0000 6000 0000 599a 0000 5333 0000     ff...`...Y..3S..
    735c:	4ccd 0000 4666 0000 4333 0000 4148 0000     .L..fF..3C..HA..

0000736c <TRAJ_H_Q12>:
    736c:	000b 0000 002b 0000 00b6 0000 01b2 0000     ....+...........
    737c:	0333 0000 0555 0000 083b 0000 0c10 0000     3...U...;.......
    738c:	1111 0000 1790 0000 1b81 0000 1e21 0000     ............!...

0000739c <TRAJ_F_Q15>:
    739c:	0666 0000 0ccd 0000 199a 0000 2666 0000     f...........f&..
    73ac:	3333 0000 4000 0000 4ccd 0000 599a 0000     33...@...L...Y..
    73bc:	6666 0000 7333 0000 799a 0000 7d70 0000     ff..3s...y..p}..

000073cc <baud.0>:
    73cc:	2580 0000 4b00 0000 9600 0000 e100 0000     .%...K..........
    73dc:	c200 0001 f400 0001 e800 0003 4240 000f     ............@B..

000073ec <span.0>:
    73ec:	6978 4650 0000 0000 4b4f 0000 4556 0052     xiPF....OK..VER.
    73fc:	4449 0000 4c55 004b 4c55 004d 4c55 0052     ID..ULK.ULM.ULR.
    740c:	4f4d 0044 4152 0044 5044 0054 4344 0054     MOD.RAD.DPT.DCT.
    741c:	5344 0054 4442 0000 5053 0000 4d41 0049     DST.BD..SP..AMI.
    742c:	4d41 0058 4d53 0049 4d53 0058 4353 004b     AMX.SMI.SMX.SCK.
    743c:	4353 005a 4952 0056 5343 0044 5343 004d     SCZ.RIV.CSD.CSM.
    744c:	4c43 3045 0000 0000 4c43 0045 5452 0056     CLE0....CLE.RTV.
    745c:	6553 7672 2d6f 3156 3228 3230 2d36 3930     Servo-V1(2026-09
    746c:	312d 2930 0000 0000 4142 4455 0000 0000     -10)....BAUD....
    747c:	5044 0000 6bfc 0000 6c06 0000 6c14 0000     DP...k...l...l..
    748c:	6c28 0000 6c2e 0000 6c3a 0000 6c46 0000     (l...l..:l..Fl..
    749c:	6c4a 0000 6c62 0000 6cb2 0000 6c92 0000     Jl..bl...l...l..
    74ac:	6c50 0000 6c56 0000 6c5c 0000 6c82 0000     Pl..Vl..\l...l..
    74bc:	6cfc 0000 6cca 0000 6cd0 0000 6cee 0000     .l...l...l...l..
    74cc:	6c74 0000 6cf4 0000 6d14 0000 6d14 0000     tl...l...m...m..
    74dc:	6d82 0000 6ca2 0000 6cc0 0000 6cd6 0000     .m...l...l...l..
    74ec:	6cde 0000 6ce2 0000 6cea 0000 6d24 0000     .l...l...l..$m..

000074fc <__clz_tab>:
    74fc:	0100 0202 0303 0303 0404 0404 0404 0404     ................
    750c:	0505 0505 0505 0505 0505 0505 0505 0505     ................
    751c:	0606 0606 0606 0606 0606 0606 0606 0606     ................
    752c:	0606 0606 0606 0606 0606 0606 0606 0606     ................
    753c:	0707 0707 0707 0707 0707 0707 0707 0707     ................
    754c:	0707 0707 0707 0707 0707 0707 0707 0707     ................
    755c:	0707 0707 0707 0707 0707 0707 0707 0707     ................
    756c:	0707 0707 0707 0707 0707 0707 0707 0707     ................
    757c:	0808 0808 0808 0808 0808 0808 0808 0808     ................
    758c:	0808 0808 0808 0808 0808 0808 0808 0808     ................
    759c:	0808 0808 0808 0808 0808 0808 0808 0808     ................
    75ac:	0808 0808 0808 0808 0808 0808 0808 0808     ................
    75bc:	0808 0808 0808 0808 0808 0808 0808 0808     ................
    75cc:	0808 0808 0808 0808 0808 0808 0808 0808     ................
    75dc:	0808 0808 0808 0808 0808 0808 0808 0808     ................
    75ec:	0808 0808 0808 0808 0808 0808 0808 0808     ................
